SERIE,GENERO,RANGO_EDAD,RANGO_SALARIAL,CATEGORIA,SEGMENTO_GRUPO_FAMILIAR,SEGMENTO_POBLACIONAL,PIRAMIDE_NUEVA,EMPRESA_FOCO,CIUDAD_AFILIADO,HOTELES,PISCILAGO,DROGUERIA,AGENCIAS,VIVIENDA
3,M,20 a 35 años,Entre 1 y 1.5 SMLV,SIGMA,CHI,PI,XI,EMP_000001,,NO,NO,SI,NO,NO
53,M,20 a 35 años,Entre 1 y 1.5 SMLV,SIGMA,RHO,PI,UPSILON,EMP_000001,,NO,NO,SI,NO,NO
103,M,20 a 35 años,Entre 3 y 4 SMLV,PI,LAMBDA,ETA,UPSILON,EMP_000001,,NO,NO,SI,NO,NO
153,F,36 a 45 años,Entre 1.5 y 2 SMLV,SIGMA,RHO,PI,OMEGA,EMP_000001,BOGOTA D.C.,NO,NO,SI,NO,NO
203,M,20 a 35 años,Entre 3 y 4 SMLV,PI,LAMBDA,ETA,XI,EMP_000002,BOGOTA D.C.,NO,NO,SI,NO,NO
253,M,20 a 35 años,Entre 1.5 y 2 SMLV,SIGMA,LAMBDA,ETA,XI,EMP_000002,,NO,NO,SI,NO,NO
303,M,36 a 45 años,Entre 1 y 1.5 SMLV,SIGMA,LAMBDA,TAU,ETA,EMP_000001,BOGOTA D.C.,NO,NO,SI,NO,NO
353,F,36 a 45 años,Entre 6 y 8 SMLV,ZETA,LAMBDA,ETA,XI,EMP_000002,BOGOTA D.C.,NO,NO,SI,NO,NO
403,M,20 a 35 años,Menor al SMLV,SIGMA,LAMBDA,TAU,ETA,EMP_000001,,NO,NO,SI,NO,NO
453,M,36 a 45 años,Entre 1 y 1.5 SMLV,PI,LAMBDA,TAU,LAMBDA,EMP_000001,,NO,NO,SI,NO,NO
503,F,20 a 35 años,Entre 1 y 1.5 SMLV,PI,LAMBDA,TAU,LAMBDA,EMP_000001,BOGOTA D.C.,NO,NO,SI,NO,NO
553,F,20 a 35 años,Entre 1 y 1.5 SMLV,SIGMA,LAMBDA,TAU,ETA,EMP_000001,,NO,NO,SI,NO,NO
603,F,20 a 35 años,Entre 4 y 6 SMLV,ZETA,LAMBDA,ETA,XI,EMP_000002,,NO,NO,SI,NO,NO
653,M,20 a 35 años,Entre 2 y 2.5 SMLV,PI,LAMBDA,ETA,PSI,EMP_000001,BOGOTA D.C.,NO,NO,SI,NO,NO
703,M,20 a 35 años,Entre 1 y 1.5 SMLV,SIGMA,LAMBDA,TAU,XI,EMP_000001,,NO,NO,SI,NO,NO
753,M,20 a 35 años,Entre 2 y 2.5 SMLV,PI,LAMBDA,ETA,XI,EMP_000002,,NO,NO,SI,NO,NO
803,F,20 a 35 años,Entre 3 y 4 SMLV,PI,LAMBDA,ETA,XI,EMP_000001,BOGOTA D.C.,NO,NO,SI,NO,NO
853,F,20 a 35 años,Entre 2 y 2.5 SMLV,PI,RHO,PI,UPSILON,EMP_000001,BOGOTA D.C.,NO,NO,SI,NO,NO
903,F,20 a 35 años,Entre 1 y 1.5 SMLV,SIGMA,LAMBDA,ETA,ETA,EMP_000001,,NO,NO,SI,NO,NO
953,M,20 a 35 años,Entre 2.5 y 3 SMLV,PI,LAMBDA,ETA,ETA,EMP_000001,PUERTO SALGAR,NO,NO,SI,NO,NO
1003,M,20 a 35 años,Entre 1 y 1.5 SMLV,SIGMA,RHO,PI,ETA,EMP_000001,BOGOTA D.C.,NO,NO,SI,NO,NO
1053,M,36 a 45 años,Entre 1.5 y 2 SMLV,SIGMA,CHI,PI,ETA,EMP_000001,BOGOTA D.C.,NO,NO,SI,NO,NO
1103,M,20 a 35 años,Entre 1.5 y 2 SMLV,SIGMA,LAMBDA,ETA,UPSILON,EMP_000001,,NO,NO,SI,NO,NO
1153,F,20 a 35 años,Entre 1.5 y 2 SMLV,PI,LAMBDA,ETA,UPSILON,EMP_000001,,NO,NO,SI,NO,NO
1203,M,36 a 45 años,Entre 3 y 4 SMLV,PI,RHO,PI,UPSILON,EMP_000001,ZIPAQUIRA,NO,NO,SI,NO,NO
1253,F,36 a 45 años,Entre 1.5 y 2 SMLV,SIGMA,CHI,PI,XI,EMP_000001,,NO,NO,SI,NO,NO
1303,M,36 a 45 años,Entre 4 y 6 SMLV,ZETA,CHI,PI,XI,EMP_000002,BOGOTA D.C.,NO,NO,SI,NO,NO
1353,F,36 a 45 años,Entre 2 y 2.5 SMLV,PI,EPSILON,PI,UPSILON,EMP_000001,,NO,NO,SI,NO,NO
1403,F,20 a 35 años,Entre 2 y 2.5 SMLV,PI,LAMBDA,ETA,ETA,EMP_000001,BOGOTA D.C.,NO,NO,SI,NO,NO
1453,F,20 a 35 años,Entre 6 y 8 SMLV,ZETA,LAMBDA,ETA,XI,EMP_000002,,NO,NO,SI,NO,NO
1503,F,20 a 35 años,Entre 1 y 1.5 SMLV,SIGMA,RHO,TAU,ETA,EMP_000001,,NO,NO,SI,NO,NO
1553,F,20 a 35 años,Entre 6 y 8 SMLV,ZETA,LAMBDA,ETA,XI,EMP_000002,,NO,NO,SI,NO,NO
1603,F,20 a 35 años,Entre 2.5 y 3 SMLV,PI,LAMBDA,ETA,DELTA,EMP_000001,,NO,NO,SI,NO,NO
1653,F,36 a 45 años,Entre 1 y 1.5 SMLV,SIGMA,LAMBDA,TAU,ETA,EMP_000001,,NO,NO,SI,NO,NO
1703,F,20 a 35 años,Menor al SMLV,PI,LAMBDA,ETA,DELTA,EMP_000001,,NO,NO,SI,NO,NO
1753,M,36 a 45 años,Entre 1 y 1.5 SMLV,SIGMA,EPSILON,PI,ETA,EMP_000001,,NO,NO,SI,NO,NO
1803,F,20 a 35 años,Entre 1 y 1.5 SMLV,SIGMA,IOTA,TAU,XI,EMP_000001,BOGOTA D.C.,NO,NO,SI,NO,NO
1853,F,20 a 35 años,Menor al SMLV,SIGMA,EPSILON,TAU,ETA,EMP_000001,FUSAGASUGA,NO,NO,SI,NO,NO
1903,F,36 a 45 años,Entre 1 y 1.5 SMLV,SIGMA,LAMBDA,TAU,XI,EMP_000002,,NO,NO,SI,NO,NO
1953,F,20 a 35 años,Entre 1 y 1.5 SMLV,SIGMA,LAMBDA,ETA,DELTA,EMP_000001,,NO,NO,SI,NO,NO
2003,F,20 a 35 años,Entre 1 y 1.5 SMLV,SIGMA,RHO,PI,ETA,EMP_000001,,NO,NO,SI,NO,NO
2053,M,20 a 35 años,Entre 1 y 1.5 SMLV,SIGMA,LAMBDA,ETA,ETA,EMP_000001,,NO,NO,SI,NO,NO
2103,M,20 a 35 años,Entre 2 y 2.5 SMLV,PI,LAMBDA,ETA,ETA,EMP_000001,BOGOTA D.C.,NO,NO,SI,NO,NO
2153,M,36 a 45 años,Entre 10 y 20 SMLV,ZETA,LAMBDA,ETA,XI,EMP_000002,BOGOTA D.C.,NO,NO,SI,NO,NO
2203,M,20 a 35 años,Entre 2.5 y 3 SMLV,ZETA,LAMBDA,ETA,XI,EMP_000001,,NO,NO,SI,NO,NO
2253,M,36 a 45 años,Entre 1 y 1.5 SMLV,SIGMA,RHO,TAU,ETA,EMP_000001,BOGOTA D.C.,NO,NO,SI,NO,NO
2303,F,20 a 35 años,Entre 2 y 2.5 SMLV,PI,LAMBDA,ETA,XI,EMP_000002,,NO,NO,SI,NO,NO
2353,M,20 a 35 años,Entre 1.5 y 2 SMLV,SIGMA,LAMBDA,ETA,UPSILON,EMP_000001,,NO,NO,SI,NO,NO
2403,F,20 a 35 años,Entre 1 y 1.5 SMLV,SIGMA,LAMBDA,TAU,ETA,EMP_000001,,NO,NO,SI,NO,NO
2453,M,36 a 45 años,Entre 1 y 1.5 SMLV,SIGMA,LAMBDA,ETA,UPSILON,EMP_000001,,NO,NO,SI,NO,NO
2503,M,20 a 35 años,Entre 1.5 y 2 SMLV,SIGMA,LAMBDA,ETA,XI,EMP_000002,BOGOTA D.C.,NO,NO,SI,NO,NO
2553,M,36 a 45 años,Entre 2 y 2.5 SMLV,PI,LAMBDA,ETA,UPSILON,EMP_000001,,NO,NO,SI,NO,NO
2603,F,20 a 35 años,Entre 1 y 1.5 SMLV,SIGMA,RHO,PI,ETA,EMP_000001,,NO,NO,SI,NO,NO
2653,F,20 a 35 años,Entre 1 y 1.5 SMLV,SIGMA,LAMBDA,ETA,ETA,EMP_000001,,NO,NO,SI,NO,NO
2703,F,20 a 35 años,Entre 2.5 y 3 SMLV,PI,RHO,PI,UPSILON,EMP_000002,BOGOTA D.C.,NO,NO,SI,NO,NO
2753,M,20 a 35 años,Entre 1.5 y 2 SMLV,SIGMA,LAMBDA,ETA,XI,EMP_000001,BOGOTA D.C.,NO,NO,SI,NO,NO
2803,M,36 a 45 años,Entre 2.5 y 3 SMLV,PI,RHO,PI,OMEGA,EMP_000001,MOSQUERA,NO,NO,SI,NO,NO
2853,M,20 a 35 años,Entre 2 y 2.5 SMLV,PI,RHO,PI,XI,EMP_000002,,NO,NO,SI,NO,NO
2903,F,20 a 35 años,Entre 1 y 1.5 SMLV,SIGMA,CHI,TAU,ETA,EMP_000001,BOGOTA D.C.,NO,NO,SI,NO,NO
2953,M,20 a 35 años,Entre 4 y 6 SMLV,ZETA,CHI,PI,XI,EMP_000002,,NO,NO,SI,NO,NO
3003,F,36 a 45 años,Entre 1 y 1.5 SMLV,SIGMA,RHO,TAU,ETA,EMP_000001,CAJICA,NO,NO,SI,NO,NO
3053,F,20 a 35 años,Entre 3 y 4 SMLV,PI,LAMBDA,ETA,UPSILON,EMP_000001,,NO,NO,SI,NO,NO
3103,M,36 a 45 años,Entre 1 y 1.5 SMLV,SIGMA,IOTA,PI,XI,EMP_000002,,NO,NO,SI,NO,NO
3153,F,20 a 35 años,Entre 3 y 4 SMLV,PI,LAMBDA,ETA,XI,EMP_000002,BOGOTA D.C.,NO,NO,SI,NO,NO
3203,M,20 a 35 años,Entre 1 y 1.5 SMLV,SIGMA,RHO,PI,ETA,EMP_000001,BOGOTA D.C.,NO,NO,SI,NO,NO
3253,F,36 a 45 años,Entre 2 y 2.5 SMLV,PI,RHO,PI,XI,EMP_000002,,NO,NO,SI,NO,NO
3303,F,36 a 45 años,Entre 1 y 1.5 SMLV,SIGMA,EPSILON,TAU,ETA,EMP_000001,,NO,NO,SI,NO,NO
3353,F,20 a 35 años,Entre 3 y 4 SMLV,PI,EPSILON,PI,UPSILON,EMP_000001,BOGOTA D.C.,NO,NO,SI,NO,NO
3403,M,36 a 45 años,Entre 1.5 y 2 SMLV,ZETA,RHO,PI,ETA,EMP_000001,FUSAGASUGA,NO,NO,SI,NO,NO
3453,M,20 a 35 años,Entre 4 y 6 SMLV,ZETA,LAMBDA,ETA,ETA,EMP_000001,,NO,NO,SI,NO,NO
3503,M,Mayor de 55 años,Entre 1.5 y 2 SMLV,SIGMA,LAMBDA,PI,ETA,EMP_000001,,NO,NO,SI,NO,NO
3553,M,20 a 35 años,Entre 1 y 1.5 SMLV,SIGMA,RHO,TAU,ETA,EMP_000001,,NO,NO,SI,NO,NO
3603,M,20 a 35 años,Entre 2 y 2.5 SMLV,PI,LAMBDA,ETA,XI,EMP_000001,,NO,NO,SI,NO,NO
3653,F,36 a 45 años,Entre 3 y 4 SMLV,PI,RHO,PI,XI,EMP_000002,,NO,NO,SI,NO,NO
3703,M,20 a 35 años,Entre 1 y 1.5 SMLV,SIGMA,RHO,TAU,XI,EMP_000002,BOGOTA D.C.,NO,NO,SI,NO,NO
3753,F,20 a 35 años,Entre 1 y 1.5 SMLV,SIGMA,LAMBDA,TAU,UPSILON,EMP_000001,BOGOTA D.C.,NO,NO,SI,NO,NO
3803,M,20 a 35 años,Entre 4 y 6 SMLV,ZETA,EPSILON,PI,UPSILON,EMP_000001,,NO,NO,SI,NO,NO
3853,F,36 a 45 años,Entre 1 y 1.5 SMLV,SIGMA,RHO,PI,ETA,EMP_000001,BOGOTA D.C.,NO,NO,SI,NO,NO
3903,F,36 a 45 años,Entre 1.5 y 2 SMLV,SIGMA,RHO,PI,UPSILON,EMP_000001,,NO,NO,SI,NO,NO
3953,F,20 a 35 años,Entre 1 y 1.5 SMLV,SIGMA,LAMBDA,ETA,ETA,EMP_000001,SOACHA,NO,NO,SI,NO,NO
4003,F,20 a 35 años,Entre 2 y 2.5 SMLV,PI,LAMBDA,ETA,UPSILON,EMP_000001,,NO,NO,SI,NO,NO
4053,F,20 a 35 años,Entre 1 y 1.5 SMLV,SIGMA,LAMBDA,ETA,UPSILON,EMP_000001,BOGOTA D.C.,NO,NO,SI,NO,NO
4103,F,20 a 35 años,Entre 1 y 1.5 SMLV,SIGMA,LAMBDA,ETA,XI,EMP_000001,,NO,NO,SI,NO,NO
4153,M,20 a 35 años,Entre 1 y 1.5 SMLV,SIGMA,RHO,TAU,DELTA,EMP_000001,BOGOTA D.C.,NO,NO,SI,NO,NO
4203,F,20 a 35 años,Entre 1 y 1.5 SMLV,SIGMA,RHO,PI,ETA,EMP_000001,BOGOTA D.C.,NO,NO,SI,NO,NO
4253,M,36 a 45 años,Entre 1.5 y 2 SMLV,SIGMA,LAMBDA,ETA,XI,EMP_000002,BOGOTA D.C.,NO,NO,SI,NO,NO
4303,M,20 a 35 años,Entre 2.5 y 3 SMLV,PI,LAMBDA,ETA,XI,EMP_000002,,NO,NO,SI,NO,NO
4353,F,20 a 35 años,Entre 1.5 y 2 SMLV,PI,RHO,PI,DELTA,EMP_000001,,NO,NO,SI,NO,NO
4403,M,Mayor de 55 años,Entre 1.5 y 2 SMLV,PI,LAMBDA,PI,LAMBDA,EMP_000001,BOGOTA D.C.,NO,NO,SI,NO,NO
4453,F,36 a 45 años,Entre 10 y 20 SMLV,ZETA,LAMBDA,ETA,XI,EMP_000002,BOGOTA D.C.,NO,NO,SI,NO,NO
4503,M,20 a 35 años,Menor al SMLV,SIGMA,RHO,PI,UPSILON,EMP_000001,,NO,NO,SI,NO,NO
4553,F,20 a 35 años,Entre 4 y 6 SMLV,ZETA,LAMBDA,ETA,XI,EMP_000002,,NO,NO,SI,NO,NO
4603,M,20 a 35 años,Entre 3 y 4 SMLV,PI,LAMBDA,ETA,XI,EMP_000002,,NO,NO,SI,NO,NO
4653,F,20 a 35 años,Entre 1 y 1.5 SMLV,SIGMA,EPSILON,TAU,ETA,EMP_000001,BOGOTA D.C.,NO,NO,SI,NO,NO
4703,F,36 a 45 años,Entre 1.5 y 2 SMLV,PI,RHO,PI,ETA,EMP_000001,BOGOTA D.C.,NO,NO,SI,NO,NO
4753,F,20 a 35 años,Entre 1 y 1.5 SMLV,SIGMA,LAMBDA,ETA,DELTA,EMP_000001,,NO,NO,SI,NO,NO
4803,F,36 a 45 años,Entre 1 y 1.5 SMLV,SIGMA,RHO,TAU,ETA,EMP_000001,,NO,NO,SI,NO,NO
4853,F,36 a 45 años,Entre 1 y 1.5 SMLV,SIGMA,LAMBDA,TAU,OMEGA,EMP_000001,,NO,NO,SI,NO,NO
4903,F,20 a 35 años,Entre 6 y 8 SMLV,ZETA,RHO,PI,OMEGA,EMP_000001,BOGOTA D.C.,NO,NO,SI,NO,NO
4953,M,20 a 35 años,Entre 1 y 1.5 SMLV,PI,LAMBDA,ETA,UPSILON,EMP_000001,,NO,NO,SI,NO,NO
5003,M,20 a 35 años,Entre 3 y 4 SMLV,PI,LAMBDA,ETA,ETA,EMP_000001,,NO,NO,SI,NO,NO
5053,F,36 a 45 años,Entre 1 y 1.5 SMLV,SIGMA,RHO,TAU,XI,EMP_000002,,NO,NO,SI,NO,NO
5103,M,20 a 35 años,Entre 10 y 20 SMLV,ZETA,LAMBDA,ETA,UPSILON,EMP_000001,,NO,NO,SI,NO,NO
5153,F,20 a 35 años,Entre 2.5 y 3 SMLV,PI,RHO,PI,DELTA,EMP_000001,BOGOTA D.C.,NO,NO,SI,NO,NO
5203,F,36 a 45 años,Entre 1 y 1.5 SMLV,SIGMA,RHO,PI,DELTA,EMP_000001,BOGOTA D.C.,NO,NO,SI,NO,NO
5253,M,20 a 35 años,Menor al SMLV,SIGMA,RHO,PI,ETA,EMP_000001,,NO,NO,SI,NO,NO
5303,F,20 a 35 años,Entre 1 y 1.5 SMLV,SIGMA,RHO,TAU,ETA,EMP_000001,,NO,NO,SI,NO,NO
5353,F,20 a 35 años,Entre 2.5 y 3 SMLV,PI,RHO,PI,UPSILON,EMP_000001,,NO,NO,SI,NO,NO
5403,M,20 a 35 años,Entre 1 y 1.5 SMLV,SIGMA,EPSILON,TAU,UPSILON,EMP_000001,BOGOTA D.C.,NO,NO,SI,NO,NO
5453,M,36 a 45 años,Entre 3 y 4 SMLV,PI,LAMBDA,ETA,XI,EMP_000002,,NO,NO,SI,NO,NO
5503,M,20 a 35 años,Entre 1 y 1.5 SMLV,PI,LAMBDA,TAU,LAMBDA,EMP_000001,,NO,NO,SI,NO,NO
5553,F,20 a 35 años,Entre 2.5 y 3 SMLV,PI,LAMBDA,ETA,UPSILON,EMP_000001,,NO,NO,SI,NO,NO
5603,F,36 a 45 años,Entre 1 y 1.5 SMLV,SIGMA,RHO,TAU,ETA,EMP_000001,BOGOTA D.C.,NO,NO,SI,NO,NO
5653,M,20 a 35 años,Entre 1 y 1.5 SMLV,SIGMA,EPSILON,TAU,ETA,EMP_000001,,NO,NO,SI,NO,NO
5703,M,20 a 35 años,Entre 1.5 y 2 SMLV,ZETA,LAMBDA,ETA,UPSILON,EMP_000001,,NO,NO,SI,NO,NO
5753,M,36 a 45 años,Entre 1 y 1.5 SMLV,SIGMA,LAMBDA,TAU,XI,EMP_000002,SOACHA,NO,NO,SI,NO,NO
5803,F,36 a 45 años,Entre 1.5 y 2 SMLV,SIGMA,RHO,PI,UPSILON,EMP_000001,BOGOTA D.C.,NO,NO,SI,NO,NO
5853,F,20 a 35 años,Entre 2.5 y 3 SMLV,PI,LAMBDA,ETA,XI,EMP_000002,,NO,NO,SI,NO,NO
5903,M,36 a 45 años,Entre 2 y 2.5 SMLV,PI,LAMBDA,ETA,DELTA,EMP_000001,BOGOTA D.C.,NO,NO,SI,NO,NO
5953,F,20 a 35 años,Entre 2.5 y 3 SMLV,PI,LAMBDA,ETA,XI,EMP_000002,,NO,NO,SI,NO,NO
6003,M,36 a 45 años,Entre 20 y 30 SMLV,ZETA,LAMBDA,XI,XI,EMP_000002,,NO,NO,SI,NO,NO
6053,F,20 a 35 años,Entre 1 y 1.5 SMLV,SIGMA,LAMBDA,ETA,XI,EMP_000002,,NO,NO,SI,NO,NO
6103,M,Mayor de 55 años,Entre 1.5 y 2 SMLV,SIGMA,LAMBDA,PI,XI,EMP_000001,,NO,NO,SI,NO,NO
6153,F,36 a 45 años,Entre 1 y 1.5 SMLV,PI,LAMBDA,ETA,LAMBDA,EMP_000001,,NO,NO,SI,NO,NO
6203,M,20 a 35 años,Entre 1.5 y 2 SMLV,SIGMA,RHO,PI,XI,EMP_000002,BOGOTA D.C.,NO,NO,SI,NO,NO
6253,F,Mayor de 55 años,Entre 1 y 1.5 SMLV,SIGMA,LAMBDA,TAU,ETA,EMP_000001,BOGOTA D.C.,NO,NO,SI,NO,NO
6303,F,36 a 45 años,Entre 1 y 1.5 SMLV,SIGMA,LAMBDA,ETA,DELTA,EMP_000001,,NO,NO,SI,NO,NO
6353,M,36 a 45 años,Entre 1.5 y 2 SMLV,SIGMA,EPSILON,PI,UPSILON,EMP_000001,BOGOTA D.C.,NO,NO,SI,NO,NO
6403,F,36 a 45 años,Entre 1 y 1.5 SMLV,SIGMA,EPSILON,PI,DELTA,EMP_000001,BOGOTA D.C.,NO,NO,SI,NO,NO
6453,M,36 a 45 años,Entre 1 y 1.5 SMLV,SIGMA,RHO,PI,XI,EMP_000002,BOGOTA D.C.,NO,NO,SI,NO,NO
6503,M,20 a 35 años,Entre 4 y 6 SMLV,ZETA,LAMBDA,ETA,XI,EMP_000002,,NO,NO,SI,NO,NO
6553,M,20 a 35 años,Entre 1 y 1.5 SMLV,SIGMA,LAMBDA,ETA,XI,EMP_000002,,NO,NO,SI,NO,NO
6603,F,20 a 35 años,Entre 1 y 1.5 SMLV,SIGMA,RHO,TAU,ETA,EMP_000001,BOGOTA D.C.,NO,NO,SI,NO,NO
6653,F,20 a 35 años,Entre 2.5 y 3 SMLV,PI,LAMBDA,ETA,PSI,EMP_000001,BOGOTA D.C.,NO,NO,SI,NO,NO
6703,F,20 a 35 años,Entre 2 y 2.5 SMLV,PI,IOTA,PI,UPSILON,EMP_000001,,NO,NO,SI,NO,NO
6753,M,20 a 35 años,Entre 2 y 2.5 SMLV,PI,LAMBDA,ETA,UPSILON,EMP_000001,,NO,NO,SI,NO,NO
6803,M,36 a 45 años,Entre 2 y 2.5 SMLV,PI,RHO,PI,UPSILON,EMP_000001,,NO,NO,SI,NO,NO
6853,M,20 a 35 años,Entre 1.5 y 2 SMLV,SIGMA,LAMBDA,ETA,UPSILON,EMP_000001,,NO,NO,SI,NO,NO
6903,F,36 a 45 años,Entre 2.5 y 3 SMLV,PI,RHO,PI,XI,EMP_000002,,NO,NO,SI,NO,NO
6953,F,36 a 45 años,Entre 2.5 y 3 SMLV,PI,RHO,PI,DELTA,EMP_000001,,NO,NO,SI,NO,NO
7003,M,20 a 35 años,Entre 2.5 y 3 SMLV,PI,LAMBDA,ETA,DELTA,EMP_000001,,NO,NO,SI,NO,NO
7053,F,36 a 45 años,Entre 1.5 y 2 SMLV,SIGMA,CHI,PI,UPSILON,EMP_000002,BOGOTA D.C.,NO,NO,SI,NO,NO
7103,F,20 a 35 años,Entre 1 y 1.5 SMLV,SIGMA,RHO,PI,DELTA,EMP_000001,,NO,NO,SI,NO,NO
7153,M,20 a 35 años,Entre 1 y 1.5 SMLV,SIGMA,EPSILON,TAU,ETA,EMP_000001,BOGOTA D.C.,NO,NO,SI,NO,NO
7203,F,20 a 35 años,Entre 4 y 6 SMLV,ZETA,LAMBDA,ETA,XI,EMP_000002,,NO,NO,SI,NO,NO
7253,M,20 a 35 años,Entre 1 y 1.5 SMLV,SIGMA,LAMBDA,ETA,XI,EMP_000002,,NO,NO,SI,NO,NO
7303,M,Mayor de 55 años,Entre 1.5 y 2 SMLV,SIGMA,RHO,PI,XI,EMP_000002,BOGOTA D.C.,NO,NO,SI,NO,NO
7353,F,20 a 35 años,Entre 1.5 y 2 SMLV,SIGMA,CHI,PI,UPSILON,EMP_000001,BOGOTA D.C.,NO,NO,SI,NO,NO
7403,F,36 a 45 años,Entre 1 y 1.5 SMLV,SIGMA,THETA,TAU,OMICRON,EMP_000001,,NO,NO,SI,NO,NO
7453,F,36 a 45 años,Entre 1 y 1.5 SMLV,SIGMA,RHO,TAU,DELTA,EMP_000001,BOGOTA D.C.,NO,NO,SI,NO,NO
7503,F,20 a 35 años,Menor al SMLV,SIGMA,LAMBDA,TAU,PSI,EMP_000001,,NO,NO,SI,NO,NO
7553,M,20 a 35 años,Entre 4 y 6 SMLV,ZETA,EPSILON,PI,UPSILON,EMP_000001,BOGOTA D.C.,NO,NO,SI,NO,NO
7603,F,20 a 35 años,Entre 1 y 1.5 SMLV,SIGMA,RHO,PI,UPSILON,EMP_000001,SOACHA,NO,NO,SI,NO,NO
7653,M,20 a 35 años,Entre 4 y 6 SMLV,ZETA,IOTA,PI,UPSILON,EMP_000001,BOGOTA D.C.,NO,NO,SI,NO,NO
7703,M,20 a 35 años,Menor al SMLV,SIGMA,LAMBDA,TAU,XI,EMP_000002,,NO,NO,SI,NO,NO
7753,F,20 a 35 años,Entre 1 y 1.5 SMLV,PI,LAMBDA,ETA,ETA,EMP_000001,BOGOTA D.C.,NO,NO,SI,NO,NO
7803,M,36 a 45 años,Entre 1 y 1.5 SMLV,SIGMA,RHO,PI,XI,EMP_000001,SOACHA,NO,NO,SI,NO,NO
7853,M,20 a 35 años,Menor al SMLV,ZETA,LAMBDA,ETA,XI,EMP_000002,BOGOTA D.C.,NO,NO,SI,NO,NO
7903,F,36 a 45 años,Entre 2 y 2.5 SMLV,PI,RHO,PI,UPSILON,EMP_000001,BOGOTA D.C.,NO,NO,SI,NO,NO
7953,F,20 a 35 años,Menor al SMLV,SIGMA,LAMBDA,TAU,XI,EMP_000002,BOGOTA D.C.,NO,NO,SI,NO,NO
8003,F,36 a 45 años,Entre 1.5 y 2 SMLV,SIGMA,RHO,PI,UPSILON,EMP_000001,,NO,NO,SI,NO,NO
8053,F,20 a 35 años,Entre 2 y 2.5 SMLV,PI,LAMBDA,ETA,DELTA,EMP_000001,,NO,NO,SI,NO,NO
8103,F,20 a 35 años,Entre 4 y 6 SMLV,ZETA,RHO,PI,XI,EMP_000002,BOGOTA D.C.,NO,NO,SI,NO,NO
8153,F,20 a 35 años,Entre 1.5 y 2 SMLV,PI,LAMBDA,ETA,XI,EMP_000002,,NO,NO,SI,NO,NO
8203,M,20 a 35 años,Entre 4 y 6 SMLV,ZETA,LAMBDA,ETA,XI,EMP_000002,BOGOTA D.C.,NO,NO,SI,NO,NO
8253,M,20 a 35 años,Entre 1.5 y 2 SMLV,SIGMA,LAMBDA,ETA,DELTA,EMP_000001,,NO,NO,SI,NO,NO
8303,M,36 a 45 años,Entre 1.5 y 2 SMLV,SIGMA,RHO,PI,OMEGA,EMP_000001,BOGOTA D.C.,NO,NO,SI,NO,NO
8353,F,20 a 35 años,Entre 1 y 1.5 SMLV,SIGMA,LAMBDA,ETA,UPSILON,EMP_000001,BOGOTA D.C.,NO,NO,SI,NO,NO
8403,M,20 a 35 años,Entre 1.5 y 2 SMLV,SIGMA,LAMBDA,ETA,XI,EMP_000002,BOGOTA D.C.,NO,NO,SI,NO,NO
8453,F,20 a 35 años,Entre 2 y 2.5 SMLV,PI,LAMBDA,ETA,XI,EMP_000002,BOGOTA D.C.,NO,NO,SI,NO,NO
8503,F,20 a 35 años,Entre 1.5 y 2 SMLV,SIGMA,LAMBDA,ETA,ETA,EMP_000001,,NO,NO,SI,NO,NO
8553,F,20 a 35 años,Entre 1 y 1.5 SMLV,SIGMA,LAMBDA,ETA,ETA,EMP_000001,BOGOTA D.C.,NO,NO,SI,NO,NO
8603,F,20 a 35 años,Entre 1.5 y 2 SMLV,SIGMA,LAMBDA,ETA,UPSILON,EMP_000001,BOGOTA D.C.,NO,NO,SI,NO,NO
8653,F,Mayor de 55 años,Entre 1 y 1.5 SMLV,SIGMA,LAMBDA,TAU,ETA,EMP_000001,,NO,NO,SI,NO,NO
8703,F,20 a 35 años,Entre 1.5 y 2 SMLV,SIGMA,RHO,PI,XI,EMP_000001,BOGOTA D.C.,NO,NO,SI,NO,NO
8753,F,36 a 45 años,Entre 1 y 1.5 SMLV,SIGMA,EPSILON,TAU,ETA,EMP_000001,,NO,NO,SI,NO,NO
8803,F,20 a 35 años,Entre 1 y 1.5 SMLV,SIGMA,RHO,PI,DELTA,EMP_000001,,NO,NO,SI,NO,NO
8853,F,20 a 35 años,Entre 2.5 y 3 SMLV,PI,RHO,PI,XI,EMP_000002,BOGOTA D.C.,NO,NO,SI,NO,NO
8903,F,36 a 45 años,Entre 2.5 y 3 SMLV,PI,RHO,PI,XI,EMP_000001,,NO,NO,SI,NO,NO
8953,M,36 a 45 años,Entre 1 y 1.5 SMLV,SIGMA,EPSILON,TAU,ETA,EMP_000001,,NO,NO,SI,NO,NO
9003,F,20 a 35 años,Entre 2.5 y 3 SMLV,PI,RHO,PI,XI,EMP_000002,LA CALERA,NO,NO,SI,NO,NO
9053,M,36 a 45 años,Entre 2 y 2.5 SMLV,PI,CHI,PI,DELTA,EMP_000001,BOGOTA D.C.,NO,NO,SI,NO,NO
9103,F,36 a 45 años,Menor al SMLV,SIGMA,IOTA,TAU,PSI,EMP_000001,,NO,NO,SI,NO,NO
9153,F,36 a 45 años,Entre 1 y 1.5 SMLV,SIGMA,EPSILON,TAU,PSI,EMP_000001,BOGOTA D.C.,NO,NO,SI,NO,NO
9203,M,36 a 45 años,Entre 1.5 y 2 SMLV,SIGMA,RHO,PI,OMEGA,EMP_000001,,NO,NO,SI,NO,NO
9253,F,20 a 35 años,Entre 1 y 1.5 SMLV,SIGMA,RHO,TAU,UPSILON,EMP_000001,,NO,NO,SI,NO,NO
9303,M,20 a 35 años,Entre 4 y 6 SMLV,ZETA,LAMBDA,ETA,XI,EMP_000002,,NO,NO,SI,NO,NO
9353,F,20 a 35 años,Entre 4 y 6 SMLV,ZETA,LAMBDA,ETA,XI,EMP_000002,,NO,NO,SI,NO,NO
9403,M,20 a 35 años,Entre 1 y 1.5 SMLV,PI,LAMBDA,TAU,LAMBDA,EMP_000001,BOGOTA D.C.,NO,NO,SI,NO,NO
9453,F,20 a 35 años,Entre 2 y 2.5 SMLV,PI,LAMBDA,ETA,OMEGA,EMP_000001,,NO,NO,SI,NO,NO
9503,M,20 a 35 años,Menor al SMLV,SIGMA,LAMBDA,TAU,PSI,EMP_000001,,NO,NO,SI,NO,NO
9553,F,36 a 45 años,Entre 2.5 y 3 SMLV,PI,RHO,PI,UPSILON,EMP_000002,BOGOTA D.C.,NO,NO,SI,NO,NO
9603,M,20 a 35 años,Entre 1 y 1.5 SMLV,SIGMA,LAMBDA,TAU,DELTA,EMP_000001,BOGOTA D.C.,NO,NO,SI,NO,NO
9653,F,20 a 35 años,Entre 1 y 1.5 SMLV,SIGMA,RHO,PI,XI,EMP_000002,,NO,NO,SI,NO,NO
9703,M,20 a 35 años,Entre 4 y 6 SMLV,ZETA,LAMBDA,ETA,XI,EMP_000002,BOGOTA D.C.,NO,NO,SI,NO,NO
9753,M,20 a 35 años,Entre 1 y 1.5 SMLV,SIGMA,LAMBDA,ETA,UPSILON,EMP_000001,BOGOTA D.C.,NO,NO,SI,NO,NO
9803,M,20 a 35 años,Entre 3 y 4 SMLV,PI,RHO,PI,UPSILON,EMP_000001,MOSQUERA,NO,NO,SI,NO,NO
9853,F,36 a 45 años,Entre 1.5 y 2 SMLV,SIGMA,RHO,PI,XI,EMP_000002,BOGOTA D.C.,NO,NO,SI,NO,NO
9903,M,20 a 35 años,Entre 1 y 1.5 SMLV,SIGMA,RHO,PI,XI,EMP_000002,,NO,NO,SI,NO,NO
9953,M,20 a 35 años,Entre 2.5 y 3 SMLV,PI,IOTA,PI,UPSILON,EMP_000001,,NO,NO,SI,NO,NO
10003,F,36 a 45 años,Entre 10 y 20 SMLV,ZETA,RHO,PI,XI,EMP_000002,,NO,NO,SI,NO,NO
10053,M,20 a 35 años,Entre 1 y 1.5 SMLV,SIGMA,RHO,PI,ETA,EMP_000001,BOGOTA D.C.,NO,NO,SI,NO,NO
10103,F,36 a 45 años,Entre 6 y 8 SMLV,ZETA,LAMBDA,ETA,XI,EMP_000002,,NO,NO,SI,NO,NO
10153,M,36 a 45 años,Entre 1 y 1.5 SMLV,SIGMA,LAMBDA,ETA,BETA,EMP_000001,,NO,NO,SI,NO,NO
10203,F,20 a 35 años,Entre 1 y 1.5 SMLV,SIGMA,LAMBDA,ETA,UPSILON,EMP_000001,BOGOTA D.C.,NO,NO,SI,NO,NO
10253,F,20 a 35 años,Entre 3 y 4 SMLV,PI,LAMBDA,ETA,UPSILON,EMP_000001,,NO,NO,SI,NO,NO
10303,M,20 a 35 años,Entre 1 y 1.5 SMLV,SIGMA,CHI,PI,XI,EMP_000001,BOGOTA D.C.,NO,NO,SI,NO,NO
10353,F,20 a 35 años,Menor al SMLV,SIGMA,RHO,TAU,XI,EMP_000002,BOGOTA D.C.,NO,NO,SI,NO,NO
10403,M,20 a 35 años,Entre 1.5 y 2 SMLV,SIGMA,LAMBDA,ETA,PSI,EMP_000001,,NO,NO,SI,NO,NO
10453,M,20 a 35 años,Menor al SMLV,SIGMA,RHO,TAU,UPSILON,EMP_000001,,NO,NO,SI,NO,NO
10503,F,36 a 45 años,Entre 6 y 8 SMLV,ZETA,LAMBDA,ETA,XI,EMP_000002,BOGOTA D.C.,NO,NO,SI,NO,NO
10553,F,20 a 35 años,Entre 1 y 1.5 SMLV,SIGMA,LAMBDA,TAU,UPSILON,EMP_000002,,NO,NO,SI,NO,NO
10603,F,36 a 45 años,Entre 4 y 6 SMLV,ZETA,LAMBDA,ETA,DELTA,EMP_000001,,NO,NO,SI,NO,NO
10653,F,36 a 45 años,Entre 3 y 4 SMLV,ZETA,LAMBDA,PI,UPSILON,EMP_000001,BOGOTA D.C.,NO,NO,SI,NO,NO
10703,F,20 a 35 años,Entre 1 y 1.5 SMLV,SIGMA,RHO,TAU,DELTA,EMP_000001,BOGOTA D.C.,NO,NO,SI,NO,NO
10753,M,20 a 35 años,Entre 2 y 2.5 SMLV,PI,LAMBDA,ETA,XI,EMP_000002,,NO,NO,SI,NO,NO
10803,M,36 a 45 años,Entre 4 y 6 SMLV,ZETA,LAMBDA,ETA,XI,EMP_000002,,NO,NO,SI,NO,NO
10853,F,36 a 45 años,Entre 2 y 2.5 SMLV,PI,LAMBDA,PI,UPSILON,EMP_000001,,NO,NO,SI,NO,NO
10903,F,20 a 35 años,Entre 6 y 8 SMLV,ZETA,LAMBDA,ETA,XI,EMP_000001,,NO,NO,SI,NO,NO
10953,M,20 a 35 años,Entre 3 y 4 SMLV,PI,LAMBDA,ETA,ETA,EMP_000001,,NO,NO,SI,NO,NO
11003,F,20 a 35 años,Entre 1 y 1.5 SMLV,SIGMA,RHO,TAU,UPSILON,EMP_000001,BOGOTA D.C.,NO,NO,SI,NO,NO
11053,M,20 a 35 años,Entre 1 y 1.5 SMLV,SIGMA,EPSILON,TAU,ETA,EMP_000001,BOGOTA D.C.,NO,NO,SI,NO,NO
11103,M,20 a 35 años,Entre 3 y 4 SMLV,PI,RHO,PI,OMEGA,EMP_000001,,NO,NO,SI,NO,NO
11153,M,20 a 35 años,Entre 2.5 y 3 SMLV,PI,LAMBDA,ETA,UPSILON,EMP_000001,,NO,NO,SI,NO,NO
11203,F,20 a 35 años,Entre 1 y 1.5 SMLV,SIGMA,LAMBDA,ETA,UPSILON,EMP_000001,,NO,NO,SI,NO,NO
11253,F,36 a 45 años,Entre 1 y 1.5 SMLV,SIGMA,RHO,TAU,UPSILON,EMP_000001,,NO,NO,SI,NO,NO
11303,F,36 a 45 años,Entre 1.5 y 2 SMLV,SIGMA,EPSILON,PI,XI,EMP_000002,,NO,NO,SI,NO,NO
11353,M,20 a 35 años,Entre 2.5 y 3 SMLV,PI,LAMBDA,ETA,XI,EMP_000002,,NO,NO,SI,NO,NO
11403,F,20 a 35 años,Entre 2.5 y 3 SMLV,PI,LAMBDA,ETA,XI,EMP_000001,,NO,NO,SI,NO,NO
11453,F,20 a 35 años,Entre 3 y 4 SMLV,PI,LAMBDA,ETA,XI,EMP_000002,,NO,NO,SI,NO,NO
11503,F,20 a 35 años,Entre 1 y 1.5 SMLV,SIGMA,RHO,TAU,DELTA,EMP_000001,,NO,NO,SI,NO,NO
11553,M,20 a 35 años,Entre 1 y 1.5 SMLV,SIGMA,RHO,PI,ETA,EMP_000001,,NO,NO,SI,NO,NO
11603,F,36 a 45 años,Entre 1 y 1.5 SMLV,SIGMA,RHO,TAU,PSI,EMP_000001,BOGOTA D.C.,NO,NO,SI,NO,NO
11653,M,36 a 45 años,Entre 3 y 4 SMLV,PI,LAMBDA,ETA,XI,EMP_000001,BOGOTA D.C.,NO,NO,SI,NO,NO
11703,F,36 a 45 años,Menor al SMLV,SIGMA,RHO,TAU,ETA,EMP_000001,,NO,NO,SI,NO,NO
11753,F,20 a 35 años,Entre 4 y 6 SMLV,ZETA,LAMBDA,ETA,XI,EMP_000002,,NO,NO,SI,NO,NO
11803,M,36 a 45 años,Entre 4 y 6 SMLV,ZETA,LAMBDA,ETA,XI,EMP_000002,,NO,NO,SI,NO,NO
11853,M,20 a 35 años,Entre 1 y 1.5 SMLV,SIGMA,LAMBDA,ETA,ETA,EMP_000001,,NO,NO,SI,NO,NO
11903,M,36 a 45 años,Entre 6 y 8 SMLV,ZETA,LAMBDA,ETA,DELTA,EMP_000001,,NO,NO,SI,NO,NO
11953,F,36 a 45 años,Entre 1 y 1.5 SMLV,SIGMA,RHO,TAU,ETA,EMP_000001,,NO,NO,SI,NO,NO
12003,F,20 a 35 años,Entre 1 y 1.5 SMLV,SIGMA,LAMBDA,ETA,XI,EMP_000002,BOGOTA D.C.,NO,NO,SI,NO,NO
12053,F,20 a 35 años,Entre 2 y 2.5 SMLV,PI,RHO,PI,ETA,EMP_000001,,NO,NO,SI,NO,NO
12103,F,20 a 35 años,Entre 1 y 1.5 SMLV,PI,LAMBDA,TAU,LAMBDA,EMP_000001,,NO,NO,SI,NO,NO
12153,F,20 a 35 años,Entre 1 y 1.5 SMLV,SIGMA,RHO,TAU,UPSILON,EMP_000001,BOGOTA D.C.,NO,NO,SI,NO,NO
12203,F,20 a 35 años,Entre 1 y 1.5 SMLV,SIGMA,RHO,TAU,UPSILON,EMP_000001,,NO,NO,SI,NO,NO
12253,M,36 a 45 años,Entre 4 y 6 SMLV,ZETA,LAMBDA,ETA,XI,EMP_000002,,NO,NO,SI,NO,NO
12303,F,20 a 35 años,Entre 2 y 2.5 SMLV,PI,LAMBDA,ETA,XI,EMP_000002,,NO,NO,SI,NO,NO
12353,F,36 a 45 años,Entre 1 y 1.5 SMLV,SIGMA,CHI,TAU,ETA,EMP_000001,BOGOTA D.C.,NO,NO,SI,NO,NO
12403,M,36 a 45 años,Entre 1 y 1.5 SMLV,SIGMA,RHO,PI,ETA,EMP_000001,BOGOTA D.C.,NO,NO,SI,NO,NO
12453,F,20 a 35 años,Entre 2 y 2.5 SMLV,PI,LAMBDA,ETA,UPSILON,EMP_000001,BOGOTA D.C.,NO,NO,SI,NO,NO
12503,M,20 a 35 años,Entre 3 y 4 SMLV,PI,EPSILON,PI,UPSILON,EMP_000001,,NO,NO,SI,NO,NO
12553,M,20 a 35 años,Entre 1 y 1.5 SMLV,SIGMA,LAMBDA,ETA,XI,EMP_000002,BOGOTA D.C.,NO,NO,SI,NO,NO
12603,M,20 a 35 años,Entre 1 y 1.5 SMLV,PI,CHI,TAU,LAMBDA,EMP_000001,BOGOTA D.C.,NO,NO,SI,NO,NO
12653,F,20 a 35 años,Entre 1 y 1.5 SMLV,SIGMA,LAMBDA,ETA,UPSILON,EMP_000001,,NO,NO,SI,NO,NO
12703,F,20 a 35 años,Entre 1 y 1.5 SMLV,SIGMA,RHO,TAU,DELTA,EMP_000001,,NO,NO,SI,NO,NO
12753,F,20 a 35 años,Entre 1 y 1.5 SMLV,SIGMA,LAMBDA,ETA,DELTA,EMP_000001,,NO,NO,SI,NO,NO
12803,F,20 a 35 años,Entre 1 y 1.5 SMLV,SIGMA,LAMBDA,TAU,XI,EMP_000001,,NO,NO,SI,NO,NO
12853,M,36 a 45 años,Entre 1.5 y 2 SMLV,SIGMA,EPSILON,PI,ETA,EMP_000001,BOGOTA D.C.,NO,NO,SI,NO,NO
12903,F,20 a 35 años,Entre 1.5 y 2 SMLV,SIGMA,LAMBDA,ETA,UPSILON,EMP_000001,,NO,NO,SI,NO,NO
12953,F,20 a 35 años,Entre 1.5 y 2 SMLV,SIGMA,LAMBDA,ETA,ETA,EMP_000001,,NO,NO,SI,NO,NO
13003,M,20 a 35 años,Entre 3 y 4 SMLV,PI,LAMBDA,ETA,XI,EMP_000002,,NO,NO,SI,NO,NO
13053,M,36 a 45 años,Entre 2 y 2.5 SMLV,PI,RHO,PI,ETA,EMP_000001,BOGOTA D.C.,NO,NO,SI,NO,NO
13103,F,20 a 35 años,Entre 3 y 4 SMLV,PI,LAMBDA,ETA,UPSILON,EMP_000001,,NO,NO,SI,NO,NO
13153,M,20 a 35 años,Entre 1 y 1.5 SMLV,SIGMA,LAMBDA,TAU,ETA,EMP_000001,,NO,NO,SI,NO,NO
13203,F,20 a 35 años,Entre 1 y 1.5 SMLV,SIGMA,LAMBDA,TAU,DELTA,EMP_000001,IBAGUE,NO,NO,SI,NO,NO
13253,M,20 a 35 años,Entre 3 y 4 SMLV,PI,IOTA,PI,ETA,EMP_000001,BOGOTA D.C.,NO,NO,SI,NO,NO
13303,M,20 a 35 años,Entre 2.5 y 3 SMLV,PI,LAMBDA,ETA,PSI,EMP_000001,,NO,NO,SI,NO,NO
13353,F,20 a 35 años,Entre 1.5 y 2 SMLV,PI,LAMBDA,ETA,LAMBDA,EMP_000001,,NO,NO,SI,NO,NO
13403,F,20 a 35 años,Entre 2 y 2.5 SMLV,PI,LAMBDA,ETA,XI,EMP_000001,,NO,NO,SI,NO,NO
13453,M,20 a 35 años,Entre 1 y 1.5 SMLV,SIGMA,LAMBDA,ETA,BETA,EMP_000001,,NO,NO,SI,NO,NO
13503,F,36 a 45 años,Entre 3 y 4 SMLV,PI,RHO,PI,XI,EMP_000002,BOGOTA D.C.,NO,NO,SI,NO,NO
13553,F,36 a 45 años,Entre 1.5 y 2 SMLV,SIGMA,LAMBDA,ETA,XI,EMP_000002,,NO,NO,SI,NO,NO
13603,F,36 a 45 años,Entre 3 y 4 SMLV,PI,EPSILON,PI,XI,EMP_000001,BOGOTA D.C.,NO,NO,SI,NO,NO
13653,F,20 a 35 años,Entre 1 y 1.5 SMLV,SIGMA,EPSILON,TAU,PSI,EMP_000001,BOGOTA D.C.,NO,NO,SI,NO,NO
13703,F,20 a 35 años,Entre 2.5 y 3 SMLV,PI,LAMBDA,ETA,UPSILON,EMP_000001,,NO,NO,SI,NO,NO
13753,M,20 a 35 años,Entre 2.5 y 3 SMLV,PI,LAMBDA,ETA,PSI,EMP_000001,BOGOTA D.C.,NO,NO,SI,NO,NO
13803,M,20 a 35 años,Entre 2.5 y 3 SMLV,PI,LAMBDA,ETA,XI,EMP_000002,,NO,NO,SI,NO,NO
13853,F,20 a 35 años,Entre 1 y 1.5 SMLV,PI,LAMBDA,TAU,LAMBDA,EMP_000001,,NO,NO,SI,NO,NO
13903,F,20 a 35 años,Entre 1 y 1.5 SMLV,SIGMA,RHO,TAU,ETA,EMP_000001,MOSQUERA,NO,NO,SI,NO,NO
13953,M,20 a 35 años,Entre 4 y 6 SMLV,ZETA,LAMBDA,ETA,DELTA,EMP_000001,,NO,NO,SI,NO,NO
14003,M,20 a 35 años,Entre 1 y 1.5 SMLV,SIGMA,EPSILON,TAU,UPSILON,EMP_000001,BOGOTA D.C.,NO,NO,SI,NO,NO
14053,M,20 a 35 años,Entre 20 y 30 SMLV,ZETA,LAMBDA,XI,XI,EMP_000002,,NO,NO,SI,NO,NO
14103,F,20 a 35 años,Entre 4 y 6 SMLV,ZETA,LAMBDA,ETA,XI,EMP_000002,,NO,NO,SI,NO,NO
14153,M,20 a 35 años,Entre 1 y 1.5 SMLV,SIGMA,RHO,PI,ETA,EMP_000001,,NO,NO,SI,NO,NO
14203,M,20 a 35 años,Entre 6 y 8 SMLV,ZETA,RHO,PI,UPSILON,EMP_000001,BOGOTA D.C.,NO,NO,SI,NO,NO
14253,M,20 a 35 años,Entre 10 y 20 SMLV,ZETA,IOTA,PI,DELTA,EMP_000001,,NO,NO,SI,NO,NO
14303,F,20 a 35 años,Entre 2.5 y 3 SMLV,PI,LAMBDA,ETA,XI,EMP_000002,,NO,NO,SI,NO,NO
14353,F,20 a 35 años,Entre 2.5 y 3 SMLV,PI,LAMBDA,ETA,XI,EMP_000002,,NO,NO,SI,NO,NO
14403,F,36 a 45 años,Entre 1.5 y 2 SMLV,SIGMA,RHO,PI,XI,EMP_000002,BOGOTA D.C.,NO,NO,SI,NO,NO
14453,F,36 a 45 años,Entre 1.5 y 2 SMLV,SIGMA,RHO,PI,XI,EMP_000002,BOGOTA D.C.,NO,NO,SI,NO,NO
14503,F,20 a 35 años,Entre 1.5 y 2 SMLV,SIGMA,RHO,PI,XI,EMP_000002,FUNZA,NO,NO,SI,NO,NO
14553,M,20 a 35 años,Entre 1 y 1.5 SMLV,SIGMA,LAMBDA,ETA,DELTA,EMP_000001,,NO,NO,SI,NO,NO
14603,F,36 a 45 años,Entre 1 y 1.5 SMLV,SIGMA,EPSILON,TAU,ETA,EMP_000001,BOGOTA D.C.,NO,NO,SI,NO,NO
14653,F,36 a 45 años,Entre 1 y 1.5 SMLV,SIGMA,RHO,TAU,PSI,EMP_000001,BOGOTA D.C.,NO,NO,SI,NO,NO
14703,M,20 a 35 años,Entre 1 y 1.5 SMLV,SIGMA,LAMBDA,ETA,XI,EMP_000002,BOGOTA D.C.,NO,NO,SI,NO,NO
14753,F,36 a 45 años,Entre 2.5 y 3 SMLV,PI,IOTA,PI,XI,EMP_000002,BOGOTA D.C.,NO,NO,SI,NO,NO
14803,M,36 a 45 años,Entre 1 y 1.5 SMLV,SIGMA,LAMBDA,ETA,ETA,EMP_000001,BOGOTA D.C.,NO,NO,SI,NO,NO
14853,F,20 a 35 años,Entre 1 y 1.5 SMLV,SIGMA,RHO,TAU,XI,EMP_000002,,NO,NO,SI,NO,NO
14903,F,20 a 35 años,Entre 1 y 1.5 SMLV,SIGMA,RHO,PI,PSI,EMP_000001,BOGOTA D.C.,NO,NO,SI,NO,NO
14953,M,20 a 35 años,Entre 6 y 8 SMLV,ZETA,LAMBDA,ETA,UPSILON,EMP_000001,,NO,NO,SI,NO,NO
15003,F,20 a 35 años,Entre 1 y 1.5 SMLV,SIGMA,RHO,PI,DELTA,EMP_000001,BOGOTA D.C.,NO,NO,SI,NO,NO
15053,F,20 a 35 años,Entre 3 y 4 SMLV,ZETA,LAMBDA,ETA,XI,EMP_000001,BOGOTA D.C.,NO,NO,SI,NO,NO
15103,F,36 a 45 años,Entre 1 y 1.5 SMLV,SIGMA,RHO,TAU,UPSILON,EMP_000001,,NO,NO,SI,NO,NO
15153,F,20 a 35 años,Entre 1 y 1.5 SMLV,SIGMA,LAMBDA,ETA,XI,EMP_000002,BOGOTA D.C.,NO,NO,SI,NO,NO
15203,M,20 a 35 años,Entre 1 y 1.5 SMLV,SIGMA,LAMBDA,TAU,ETA,EMP_000001,,NO,NO,SI,NO,NO
15253,F,36 a 45 años,Entre 3 y 4 SMLV,PI,IOTA,PI,UPSILON,EMP_000001,BOGOTA D.C.,NO,NO,SI,NO,NO
15303,M,36 a 45 años,Entre 1 y 1.5 SMLV,SIGMA,EPSILON,TAU,XI,EMP_000002,BOGOTA D.C.,NO,NO,SI,NO,NO
15353,F,20 a 35 años,Entre 1 y 1.5 SMLV,PI,EPSILON,TAU,LAMBDA,EMP_000001,BOGOTA D.C.,NO,NO,SI,NO,NO
15403,M,36 a 45 años,Entre 4 y 6 SMLV,ZETA,LAMBDA,ETA,XI,EMP_000002,,NO,NO,SI,NO,NO
15453,F,20 a 35 años,Entre 3 y 4 SMLV,PI,RHO,PI,XI,EMP_000002,BOGOTA D.C.,NO,NO,SI,NO,NO
15503,F,20 a 35 años,Entre 1 y 1.5 SMLV,SIGMA,RHO,PI,UPSILON,EMP_000001,BOGOTA D.C.,NO,NO,SI,NO,NO
15553,F,36 a 45 años,Entre 1.5 y 2 SMLV,SIGMA,EPSILON,PI,UPSILON,EMP_000001,BOGOTA D.C.,NO,NO,SI,NO,NO
15603,F,20 a 35 años,Entre 4 y 6 SMLV,ZETA,LAMBDA,ETA,XI,EMP_000002,,NO,NO,SI,NO,NO
15653,M,36 a 45 años,Entre 1.5 y 2 SMLV,SIGMA,RHO,PI,PSI,EMP_000001,,NO,NO,SI,NO,NO
15703,F,20 a 35 años,Entre 1 y 1.5 SMLV,SIGMA,RHO,TAU,ETA,EMP_000001,,NO,NO,SI,NO,NO
15753,F,36 a 45 años,Entre 1 y 1.5 SMLV,SIGMA,EPSILON,PI,ETA,EMP_000001,,NO,NO,SI,NO,NO
15803,M,20 a 35 años,Entre 1 y 1.5 SMLV,SIGMA,RHO,TAU,ETA,EMP_000001,BOGOTA D.C.,NO,NO,SI,NO,NO
15853,M,20 a 35 años,Entre 1 y 1.5 SMLV,SIGMA,LAMBDA,TAU,XI,EMP_000001,,NO,NO,SI,NO,NO
15903,M,36 a 45 años,Entre 1.5 y 2 SMLV,SIGMA,RHO,PI,UPSILON,EMP_000001,,NO,NO,SI,NO,NO
15953,F,20 a 35 años,Entre 4 y 6 SMLV,ZETA,LAMBDA,ETA,XI,EMP_000002,BOGOTA D.C.,NO,NO,SI,NO,NO
16003,F,36 a 45 años,Entre 4 y 6 SMLV,ZETA,LAMBDA,ETA,XI,EMP_000001,BOGOTA D.C.,NO,NO,SI,NO,NO
16053,M,20 a 35 años,Entre 8 y 10 SMLV,ZETA,LAMBDA,ETA,XI,EMP_000002,,NO,NO,SI,NO,NO
16103,M,20 a 35 años,Entre 4 y 6 SMLV,ZETA,LAMBDA,ETA,DELTA,EMP_000001,,NO,NO,SI,NO,NO
16153,F,20 a 35 años,Entre 6 y 8 SMLV,ZETA,LAMBDA,ETA,UPSILON,EMP_000001,,NO,NO,SI,NO,NO
16203,F,36 a 45 años,Entre 2 y 2.5 SMLV,PI,EPSILON,PI,XI,EMP_000002,BOGOTA D.C.,NO,NO,SI,NO,NO
16253,F,36 a 45 años,Entre 1 y 1.5 SMLV,SIGMA,RHO,PI,UPSILON,EMP_000001,BOGOTA D.C.,NO,NO,SI,NO,NO
16303,F,20 a 35 años,Entre 1 y 1.5 SMLV,SIGMA,CHI,TAU,PSI,EMP_000001,,NO,NO,SI,NO,NO
16353,F,20 a 35 años,Entre 1 y 1.5 SMLV,SIGMA,LAMBDA,ETA,ETA,EMP_000001,AGUA DE DIOS,NO,NO,SI,NO,NO
16403,F,36 a 45 años,Entre 2 y 2.5 SMLV,PI,RHO,PI,UPSILON,EMP_000001,,NO,NO,SI,NO,NO
16453,F,20 a 35 años,Entre 1 y 1.5 SMLV,SIGMA,LAMBDA,ETA,DELTA,EMP_000001,,NO,NO,SI,NO,NO
16503,F,20 a 35 años,Entre 1.5 y 2 SMLV,SIGMA,RHO,PI,XI,EMP_000002,,NO,NO,SI,NO,NO
16553,M,36 a 45 años,Entre 2 y 2.5 SMLV,PI,IOTA,PI,XI,EMP_000001,,NO,NO,SI,NO,NO
16603,M,36 a 45 años,Entre 4 y 6 SMLV,ZETA,LAMBDA,ETA,ETA,EMP_000001,,NO,NO,SI,NO,NO
16653,F,20 a 35 años,Entre 1 y 1.5 SMLV,SIGMA,RHO,TAU,UPSILON,EMP_000001,,NO,NO,SI,NO,NO
16703,M,20 a 35 años,Entre 1 y 1.5 SMLV,SIGMA,LAMBDA,ETA,UPSILON,EMP_000001,,NO,NO,SI,NO,NO
16753,M,20 a 35 años,Entre 4 y 6 SMLV,ZETA,LAMBDA,ETA,XI,EMP_000002,BOGOTA D.C.,NO,NO,SI,NO,NO
16803,F,20 a 35 años,Entre 4 y 6 SMLV,ZETA,LAMBDA,ETA,XI,EMP_000002,,NO,NO,SI,NO,NO
16853,M,36 a 45 años,Entre 6 y 8 SMLV,ZETA,LAMBDA,ETA,XI,EMP_000001,,NO,NO,SI,NO,NO
16903,F,20 a 35 años,Entre 3 y 4 SMLV,PI,LAMBDA,ETA,DELTA,EMP_000001,,NO,NO,SI,NO,NO
16953,M,20 a 35 años,Entre 1 y 1.5 SMLV,SIGMA,RHO,PI,UPSILON,EMP_000001,BOGOTA D.C.,NO,NO,SI,NO,NO
17003,M,20 a 35 años,Entre 1 y 1.5 SMLV,SIGMA,LAMBDA,ETA,UPSILON,EMP_000001,,NO,NO,SI,NO,NO
17053,M,36 a 45 años,Entre 10 y 20 SMLV,ZETA,EPSILON,PI,XI,EMP_000002,BOGOTA D.C.,NO,NO,SI,NO,NO
17103,F,36 a 45 años,Entre 3 y 4 SMLV,PI,LAMBDA,ETA,DELTA,EMP_000001,BOGOTA D.C.,NO,NO,SI,NO,NO
17153,F,36 a 45 años,Entre 2.5 y 3 SMLV,PI,IOTA,PI,DELTA,EMP_000001,BOGOTA D.C.,NO,NO,SI,NO,NO
17203,F,20 a 35 años,Entre 1.5 y 2 SMLV,SIGMA,LAMBDA,ETA,UPSILON,EMP_000001,,NO,NO,SI,NO,NO
17253,F,20 a 35 años,Entre 1 y 1.5 SMLV,SIGMA,LAMBDA,TAU,ETA,EMP_000001,,NO,NO,SI,NO,NO
17303,F,20 a 35 años,Entre 1 y 1.5 SMLV,SIGMA,LAMBDA,TAU,ETA,EMP_000001,BOGOTA D.C.,NO,NO,SI,NO,NO
17353,F,20 a 35 años,Entre 1 y 1.5 SMLV,SIGMA,RHO,PI,PSI,EMP_000001,BOGOTA D.C.,NO,NO,SI,NO,NO
17403,F,20 a 35 años,Entre 1 y 1.5 SMLV,SIGMA,LAMBDA,TAU,UPSILON,EMP_000001,,NO,NO,SI,NO,NO
17453,F,20 a 35 años,Entre 1.5 y 2 SMLV,SIGMA,RHO,PI,XI,EMP_000002,BOGOTA D.C.,NO,NO,SI,NO,NO
17503,F,20 a 35 años,Entre 1 y 1.5 SMLV,SIGMA,LAMBDA,ETA,XI,EMP_000002,,NO,NO,SI,NO,NO
17553,M,20 a 35 años,Entre 1 y 1.5 SMLV,SIGMA,RHO,TAU,XI,EMP_000002,,NO,NO,SI,NO,NO
17603,F,20 a 35 años,Entre 2.5 y 3 SMLV,PI,LAMBDA,ETA,DELTA,EMP_000001,,NO,NO,SI,NO,NO
17653,F,20 a 35 años,Entre 4 y 6 SMLV,ZETA,RHO,PI,ETA,EMP_000001,,NO,NO,SI,NO,NO
17703,M,36 a 45 años,Entre 6 y 8 SMLV,ZETA,LAMBDA,ETA,UPSILON,EMP_000001,BOGOTA D.C.,NO,NO,SI,NO,NO
17753,M,36 a 45 años,Entre 1 y 1.5 SMLV,SIGMA,LAMBDA,TAU,ETA,EMP_000001,BOGOTA D.C.,NO,NO,SI,NO,NO
17803,M,36 a 45 años,Entre 2.5 y 3 SMLV,PI,LAMBDA,ETA,XI,EMP_000002,BOGOTA D.C.,NO,NO,SI,NO,NO
17853,F,36 a 45 años,Entre 1.5 y 2 SMLV,SIGMA,RHO,PI,XI,EMP_000002,BOGOTA D.C.,NO,NO,SI,NO,NO
17903,F,20 a 35 años,Entre 2.5 y 3 SMLV,PI,LAMBDA,ETA,XI,EMP_000002,,NO,NO,SI,NO,NO
17953,M,20 a 35 años,Entre 3 y 4 SMLV,PI,RHO,PI,DELTA,EMP_000001,,NO,NO,SI,NO,NO
18003,M,36 a 45 años,Entre 1 y 1.5 SMLV,SIGMA,EPSILON,PI,BETA,EMP_000001,SOACHA,NO,NO,SI,NO,NO
18053,F,36 a 45 años,Entre 2.5 y 3 SMLV,PI,LAMBDA,ETA,DELTA,EMP_000001,,NO,NO,SI,NO,NO
18103,M,36 a 45 años,Entre 1 y 1.5 SMLV,SIGMA,RHO,PI,UPSILON,EMP_000001,,NO,NO,SI,NO,NO
18153,F,36 a 45 años,Entre 1 y 1.5 SMLV,PI,RHO,PI,LAMBDA,EMP_000001,BOGOTA D.C.,NO,NO,SI,NO,NO
18203,M,20 a 35 años,Entre 1.5 y 2 SMLV,PI,LAMBDA,ETA,XI,EMP_000001,,NO,NO,SI,NO,NO
18253,M,20 a 35 años,Entre 2 y 2.5 SMLV,PI,EPSILON,PI,PSI,EMP_000001,,NO,NO,SI,NO,NO
18303,M,20 a 35 años,Entre 2 y 2.5 SMLV,PI,LAMBDA,ETA,UPSILON,EMP_000001,BOGOTA D.C.,NO,NO,SI,NO,NO
18353,M,20 a 35 años,Entre 1 y 1.5 SMLV,SIGMA,RHO,TAU,ETA,EMP_000001,BOGOTA D.C.,NO,NO,SI,NO,NO
18403,F,36 a 45 años,Entre 1.5 y 2 SMLV,SIGMA,RHO,PI,ETA,EMP_000001,,NO,NO,SI,NO,NO
18453,F,36 a 45 años,Entre 1 y 1.5 SMLV,SIGMA,RHO,PI,PSI,EMP_000001,BOGOTA D.C.,NO,NO,SI,NO,NO
18503,M,20 a 35 años,Entre 1 y 1.5 SMLV,SIGMA,LAMBDA,TAU,DELTA,EMP_000001,,NO,NO,SI,NO,NO
18553,M,20 a 35 años,Entre 2.5 y 3 SMLV,PI,EPSILON,PI,OMEGA,EMP_000001,BOGOTA D.C.,NO,NO,SI,NO,NO
18603,M,36 a 45 años,Entre 4 y 6 SMLV,ZETA,LAMBDA,ETA,XI,EMP_000002,,NO,NO,SI,NO,NO
18653,F,20 a 35 años,Entre 6 y 8 SMLV,ZETA,LAMBDA,ETA,XI,EMP_000002,,NO,NO,SI,NO,NO
18703,M,20 a 35 años,Entre 1 y 1.5 SMLV,SIGMA,LAMBDA,ETA,PSI,EMP_000001,,NO,NO,SI,NO,NO
18753,M,20 a 35 años,Entre 3 y 4 SMLV,ZETA,LAMBDA,ETA,ETA,EMP_000001,BOGOTA D.C.,NO,NO,SI,NO,NO
18803,F,36 a 45 años,Entre 1 y 1.5 SMLV,SIGMA,LAMBDA,TAU,ETA,EMP_000001,FUSAGASUGA,NO,NO,SI,NO,NO
18853,F,36 a 45 años,Entre 1 y 1.5 SMLV,SIGMA,RHO,PI,PSI,EMP_000001,,NO,NO,SI,NO,NO
18903,F,20 a 35 años,Entre 2 y 2.5 SMLV,ZETA,LAMBDA,ETA,XI,EMP_000001,BOGOTA D.C.,NO,NO,SI,NO,NO
18953,F,20 a 35 años,Entre 1.5 y 2 SMLV,SIGMA,LAMBDA,ETA,XI,EMP_000002,,NO,NO,SI,NO,NO
19003,M,20 a 35 años,Entre 1.5 y 2 SMLV,SIGMA,LAMBDA,ETA,UPSILON,EMP_000001,,NO,NO,SI,NO,NO
19053,M,20 a 35 años,Entre 4 y 6 SMLV,ZETA,LAMBDA,ETA,UPSILON,EMP_000001,BOGOTA D.C.,NO,NO,SI,NO,NO
19103,M,20 a 35 años,Entre 2.5 y 3 SMLV,PI,LAMBDA,ETA,DELTA,EMP_000001,,NO,NO,SI,NO,NO
19153,M,36 a 45 años,Entre 2.5 y 3 SMLV,PI,CHI,PI,XI,EMP_000002,,NO,NO,SI,NO,NO
19203,M,20 a 35 años,Entre 1 y 1.5 SMLV,SIGMA,LAMBDA,ETA,XI,EMP_000002,,NO,NO,SI,NO,NO
19253,M,36 a 45 años,Entre 4 y 6 SMLV,ZETA,LAMBDA,ETA,PSI,EMP_000001,,NO,NO,SI,NO,NO
19303,M,20 a 35 años,Entre 1.5 y 2 SMLV,SIGMA,LAMBDA,ETA,DELTA,EMP_000001,SOACHA,NO,NO,SI,NO,NO
19353,F,20 a 35 años,Entre 1.5 y 2 SMLV,PI,RHO,PI,ETA,EMP_000001,BOGOTA D.C.,NO,NO,SI,NO,NO
19403,F,20 a 35 años,Entre 1 y 1.5 SMLV,SIGMA,RHO,PI,UPSILON,EMP_000001,,NO,NO,SI,NO,NO
19453,F,20 a 35 años,Entre 1 y 1.5 SMLV,SIGMA,LAMBDA,ETA,XI,EMP_000001,BOGOTA D.C.,NO,NO,SI,NO,NO
19503,M,36 a 45 años,Entre 10 y 20 SMLV,ZETA,EPSILON,PI,XI,EMP_000001,BOGOTA D.C.,NO,NO,SI,NO,NO
19553,M,36 a 45 años,Entre 1 y 1.5 SMLV,SIGMA,RHO,PI,UPSILON,EMP_000001,,NO,NO,SI,NO,NO
19603,F,20 a 35 años,Entre 1 y 1.5 SMLV,SIGMA,RHO,TAU,XI,EMP_000002,BOGOTA D.C.,NO,NO,SI,NO,NO
19653,F,36 a 45 años,Entre 3 y 4 SMLV,ZETA,LAMBDA,ETA,ETA,EMP_000001,,NO,NO,SI,NO,NO
19703,F,20 a 35 años,Entre 1.5 y 2 SMLV,SIGMA,LAMBDA,ETA,DELTA,EMP_000001,,NO,NO,SI,NO,NO
19753,F,36 a 45 años,Menor al SMLV,SIGMA,EPSILON,TAU,PSI,EMP_000001,BOGOTA D.C.,NO,NO,SI,NO,NO
19803,F,36 a 45 años,Entre 1 y 1.5 SMLV,SIGMA,RHO,TAU,ETA,EMP_000001,BOGOTA D.C.,NO,NO,SI,NO,NO
19853,M,20 a 35 años,Entre 1 y 1.5 SMLV,SIGMA,LAMBDA,ETA,PSI,EMP_000001,,NO,NO,SI,NO,NO
19903,F,20 a 35 años,Entre 2 y 2.5 SMLV,PI,LAMBDA,ETA,DELTA,EMP_000001,BOGOTA D.C.,NO,NO,SI,NO,NO
19953,F,20 a 35 años,Entre 2.5 y 3 SMLV,PI,CHI,PI,XI,EMP_000001,,NO,NO,SI,NO,NO
20003,F,20 a 35 años,Entre 1 y 1.5 SMLV,SIGMA,LAMBDA,ETA,UPSILON,EMP_000001,,NO,NO,SI,NO,NO
20053,M,20 a 35 años,Entre 2.5 y 3 SMLV,PI,LAMBDA,ETA,ETA,EMP_000001,BOGOTA D.C.,NO,NO,SI,NO,NO
20103,F,36 a 45 años,Entre 1 y 1.5 SMLV,SIGMA,RHO,TAU,XI,EMP_000002,BOGOTA D.C.,NO,NO,SI,NO,NO
20153,M,36 a 45 años,Entre 3 y 4 SMLV,PI,LAMBDA,ETA,UPSILON,EMP_000001,,NO,NO,SI,NO,NO
20203,F,20 a 35 años,Entre 2 y 2.5 SMLV,PI,RHO,PI,XI,EMP_000002,BOGOTA D.C.,NO,NO,SI,NO,NO
20253,F,20 a 35 años,Entre 2 y 2.5 SMLV,PI,LAMBDA,ETA,DELTA,EMP_000001,,NO,NO,SI,NO,NO
20303,M,20 a 35 años,Entre 2.5 y 3 SMLV,PI,LAMBDA,ETA,XI,EMP_000002,,NO,NO,SI,NO,NO
20353,F,20 a 35 años,Entre 4 y 6 SMLV,ZETA,CHI,PI,XI,EMP_000002,,NO,NO,SI,NO,NO
20403,M,20 a 35 años,Entre 6 y 8 SMLV,ZETA,IOTA,PI,XI,EMP_000002,,NO,NO,SI,NO,NO
20453,F,20 a 35 años,Entre 1 y 1.5 SMLV,SIGMA,RHO,PI,DELTA,EMP_000001,SOACHA,NO,NO,SI,NO,NO
20503,F,20 a 35 años,Entre 2 y 2.5 SMLV,PI,LAMBDA,ETA,XI,EMP_000002,,NO,NO,SI,NO,NO
20553,F,20 a 35 años,Entre 1.5 y 2 SMLV,SIGMA,LAMBDA,ETA,XI,EMP_000002,,NO,NO,SI,NO,NO
20603,F,20 a 35 años,Entre 2.5 y 3 SMLV,PI,LAMBDA,ETA,XI,EMP_000002,BOGOTA D.C.,NO,NO,SI,NO,NO
20653,F,36 a 45 años,Entre 2.5 y 3 SMLV,PI,RHO,PI,UPSILON,EMP_000001,,NO,NO,SI,NO,NO
20703,F,36 a 45 años,Entre 4 y 6 SMLV,ZETA,CHI,PI,XI,EMP_000002,BOGOTA D.C.,NO,NO,SI,NO,NO
20753,F,36 a 45 años,Entre 1 y 1.5 SMLV,SIGMA,RHO,TAU,ETA,EMP_000001,BOGOTA D.C.,NO,NO,SI,NO,NO
20803,F,36 a 45 años,Entre 1 y 1.5 SMLV,SIGMA,LAMBDA,TAU,UPSILON,EMP_000001,BOGOTA D.C.,NO,NO,SI,NO,NO
20853,M,36 a 45 años,Entre 1 y 1.5 SMLV,SIGMA,LAMBDA,ETA,ETA,EMP_000001,,NO,NO,SI,NO,NO
20903,M,20 a 35 años,Entre 2 y 2.5 SMLV,PI,LAMBDA,ETA,DELTA,EMP_000001,BOGOTA D.C.,NO,NO,SI,NO,NO
20953,M,36 a 45 años,Entre 1 y 1.5 SMLV,SIGMA,EPSILON,TAU,PSI,EMP_000001,BOGOTA D.C.,NO,NO,SI,NO,NO
21003,F,20 a 35 años,Entre 1.5 y 2 SMLV,SIGMA,EPSILON,PI,XI,EMP_000002,,NO,NO,SI,NO,NO
21053,F,36 a 45 años,Entre 1 y 1.5 SMLV,SIGMA,LAMBDA,TAU,ETA,EMP_000001,BOGOTA D.C.,NO,NO,SI,NO,NO
21103,F,36 a 45 años,Entre 10 y 20 SMLV,ZETA,LAMBDA,PI,UPSILON,EMP_000001,BOGOTA D.C.,NO,NO,SI,NO,NO
21153,M,36 a 45 años,Entre 1.5 y 2 SMLV,SIGMA,LAMBDA,ETA,UPSILON,EMP_000001,BOGOTA D.C.,NO,NO,SI,NO,NO
21203,M,20 a 35 años,Entre 2.5 y 3 SMLV,PI,RHO,PI,UPSILON,EMP_000001,BOGOTA D.C.,NO,NO,SI,NO,NO
21253,F,20 a 35 años,Entre 1 y 1.5 SMLV,SIGMA,LAMBDA,ETA,ETA,EMP_000001,BOGOTA D.C.,NO,NO,SI,NO,NO
21303,F,20 a 35 años,Entre 1 y 1.5 SMLV,SIGMA,RHO,TAU,UPSILON,EMP_000001,,NO,NO,SI,NO,NO
21353,M,20 a 35 años,Entre 4 y 6 SMLV,ZETA,LAMBDA,ETA,XI,EMP_000002,BOGOTA D.C.,NO,NO,SI,NO,NO
21403,M,20 a 35 años,Entre 2.5 y 3 SMLV,PI,LAMBDA,ETA,XI,EMP_000002,BOGOTA D.C.,NO,NO,SI,NO,NO
21453,F,20 a 35 años,Entre 2.5 y 3 SMLV,PI,LAMBDA,ETA,DELTA,EMP_000001,,NO,NO,SI,NO,NO
21503,F,20 a 35 años,Entre 2 y 2.5 SMLV,PI,RHO,PI,UPSILON,EMP_000001,BOGOTA D.C.,NO,NO,SI,NO,NO
21553,F,20 a 35 años,Entre 3 y 4 SMLV,PI,RHO,PI,ETA,EMP_000001,BOGOTA D.C.,NO,NO,SI,NO,NO
21603,F,20 a 35 años,Entre 2 y 2.5 SMLV,PI,LAMBDA,ETA,UPSILON,EMP_000001,BOGOTA D.C.,NO,NO,SI,NO,NO
21653,F,36 a 45 años,Entre 2 y 2.5 SMLV,PI,RHO,PI,ETA,EMP_000001,BOGOTA D.C.,NO,NO,SI,NO,NO
21703,F,36 a 45 años,Entre 1 y 1.5 SMLV,SIGMA,RHO,TAU,ETA,EMP_000001,BOGOTA D.C.,NO,NO,SI,NO,NO
21753,M,36 a 45 años,Entre 6 y 8 SMLV,ZETA,RHO,PI,XI,EMP_000002,BOGOTA D.C.,NO,NO,SI,NO,NO
21803,F,36 a 45 años,Entre 10 y 20 SMLV,ZETA,CHI,PI,UPSILON,EMP_000001,,NO,NO,SI,NO,NO
21853,F,20 a 35 años,Entre 2 y 2.5 SMLV,PI,CHI,PI,XI,EMP_000002,,NO,NO,SI,NO,NO
21903,M,36 a 45 años,Entre 2 y 2.5 SMLV,PI,RHO,PI,ETA,EMP_000001,,NO,NO,SI,NO,NO
21953,M,36 a 45 años,Entre 6 y 8 SMLV,ZETA,IOTA,PI,XI,EMP_000002,BOGOTA D.C.,NO,NO,SI,NO,NO
22003,F,20 a 35 años,Entre 1.5 y 2 SMLV,SIGMA,LAMBDA,ETA,UPSILON,EMP_000001,,NO,NO,SI,NO,NO
22053,F,36 a 45 años,Entre 3 y 4 SMLV,PI,LAMBDA,ETA,DELTA,EMP_000001,SOACHA,NO,NO,SI,NO,NO
22103,F,20 a 35 años,Entre 1 y 1.5 SMLV,SIGMA,LAMBDA,TAU,XI,EMP_000001,,NO,NO,SI,NO,NO
22153,F,20 a 35 años,Entre 2 y 2.5 SMLV,PI,RHO,PI,UPSILON,EMP_000001,FACATATIVA,NO,NO,SI,NO,NO
22203,M,20 a 35 años,Entre 10 y 20 SMLV,ZETA,LAMBDA,ETA,XI,EMP_000002,BOGOTA D.C.,NO,NO,SI,NO,NO
22253,M,36 a 45 años,Entre 2 y 2.5 SMLV,PI,RHO,PI,XI,EMP_000002,BOGOTA D.C.,NO,NO,SI,NO,NO
22303,F,20 a 35 años,Entre 1.5 y 2 SMLV,PI,LAMBDA,ETA,XI,EMP_000002,BOGOTA D.C.,NO,NO,SI,NO,NO
22353,M,20 a 35 años,Entre 4 y 6 SMLV,ZETA,LAMBDA,ETA,DELTA,EMP_000001,BOGOTA D.C.,NO,NO,SI,NO,NO
22403,M,20 a 35 años,Entre 1 y 1.5 SMLV,SIGMA,RHO,PI,DELTA,EMP_000001,,NO,NO,SI,NO,NO
22453,F,36 a 45 años,Entre 3 y 4 SMLV,PI,RHO,PI,ETA,EMP_000001,,NO,NO,SI,NO,NO
22503,M,20 a 35 años,Entre 1 y 1.5 SMLV,SIGMA,RHO,PI,UPSILON,EMP_000001,BOGOTA D.C.,NO,NO,SI,NO,NO
22553,F,20 a 35 años,Entre 1 y 1.5 SMLV,SIGMA,LAMBDA,ETA,UPSILON,EMP_000001,,NO,NO,SI,NO,NO
22603,M,20 a 35 años,Entre 2.5 y 3 SMLV,PI,LAMBDA,ETA,LAMBDA,EMP_000001,,NO,NO,SI,NO,NO
22653,M,20 a 35 años,Entre 2.5 y 3 SMLV,PI,LAMBDA,ETA,XI,EMP_000002,BOGOTA D.C.,NO,NO,SI,NO,NO
22703,F,36 a 45 años,Entre 1 y 1.5 SMLV,SIGMA,RHO,TAU,UPSILON,EMP_000001,BOGOTA D.C.,NO,NO,SI,NO,NO
22753,M,36 a 45 años,Entre 4 y 6 SMLV,ZETA,LAMBDA,ETA,UPSILON,EMP_000001,BOGOTA D.C.,NO,NO,SI,NO,NO
22803,M,36 a 45 años,Menor al SMLV,SIGMA,EPSILON,TAU,ETA,EMP_000001,BOGOTA D.C.,NO,NO,SI,NO,NO
22853,M,36 a 45 años,Menor al SMLV,SIGMA,CHI,TAU,PSI,EMP_000001,BOGOTA D.C.,NO,NO,SI,NO,NO
22903,F,36 a 45 años,Entre 10 y 20 SMLV,ZETA,LAMBDA,ETA,UPSILON,EMP_000001,BOGOTA D.C.,NO,NO,SI,NO,NO
22953,F,20 a 35 años,Entre 1 y 1.5 SMLV,SIGMA,RHO,TAU,ETA,EMP_000001,BOGOTA D.C.,NO,NO,SI,NO,NO
23003,F,20 a 35 años,Entre 4 y 6 SMLV,ZETA,LAMBDA,ETA,XI,EMP_000002,BOGOTA D.C.,NO,NO,SI,NO,NO
23053,M,36 a 45 años,Entre 10 y 20 SMLV,ZETA,IOTA,PI,XI,EMP_000002,BOGOTA D.C.,NO,NO,SI,NO,NO
23103,M,36 a 45 años,Entre 1 y 1.5 SMLV,SIGMA,LAMBDA,ETA,XI,EMP_000001,BOGOTA D.C.,NO,NO,SI,NO,NO
23153,F,20 a 35 años,Entre 1 y 1.5 SMLV,SIGMA,LAMBDA,ETA,XI,EMP_000002,,NO,NO,SI,NO,NO
23203,F,36 a 45 años,Entre 2.5 y 3 SMLV,PI,LAMBDA,ETA,UPSILON,EMP_000001,ZIPAQUIRA,NO,NO,SI,NO,NO
23253,M,20 a 35 años,Entre 1 y 1.5 SMLV,SIGMA,LAMBDA,TAU,XI,EMP_000001,BOGOTA D.C.,NO,NO,SI,NO,NO
23303,F,20 a 35 años,Entre 2.5 y 3 SMLV,PI,LAMBDA,ETA,XI,EMP_000002,,NO,NO,SI,NO,NO
23353,M,20 a 35 años,Entre 4 y 6 SMLV,ZETA,LAMBDA,ETA,UPSILON,EMP_000001,,NO,NO,SI,NO,NO
23403,F,20 a 35 años,Entre 1.5 y 2 SMLV,SIGMA,RHO,PI,UPSILON,EMP_000001,BOGOTA D.C.,NO,NO,SI,NO,NO
23453,M,20 a 35 años,Entre 3 y 4 SMLV,ZETA,LAMBDA,ETA,ETA,EMP_000001,,NO,NO,SI,NO,NO
23503,F,36 a 45 años,Entre 2 y 2.5 SMLV,PI,LAMBDA,ETA,PSI,EMP_000001,SOACHA,NO,NO,SI,NO,NO
23553,M,20 a 35 años,Entre 4 y 6 SMLV,ZETA,LAMBDA,ETA,UPSILON,EMP_000001,,NO,NO,SI,NO,NO
23603,M,36 a 45 años,Entre 1 y 1.5 SMLV,SIGMA,LAMBDA,TAU,ETA,EMP_000001,BOGOTA D.C.,NO,NO,SI,NO,NO
23653,M,20 a 35 años,Entre 1 y 1.5 SMLV,SIGMA,LAMBDA,TAU,ETA,EMP_000001,,NO,NO,SI,NO,NO
23703,F,20 a 35 años,Entre 2.5 y 3 SMLV,PI,RHO,PI,XI,EMP_000002,BOGOTA D.C.,NO,NO,SI,NO,NO
23753,F,20 a 35 años,Entre 2.5 y 3 SMLV,PI,CHI,PI,XI,EMP_000002,,NO,NO,SI,NO,NO
23803,F,20 a 35 años,Entre 1 y 1.5 SMLV,SIGMA,LAMBDA,ETA,ETA,EMP_000001,,NO,NO,SI,NO,NO
23853,M,36 a 45 años,Entre 1 y 1.5 SMLV,SIGMA,EPSILON,TAU,UPSILON,EMP_000001,FACATATIVA,NO,NO,SI,NO,NO
23903,F,20 a 35 años,Entre 2 y 2.5 SMLV,PI,LAMBDA,ETA,UPSILON,EMP_000001,BOGOTA D.C.,NO,NO,SI,NO,NO
23953,M,20 a 35 años,Entre 1.5 y 2 SMLV,SIGMA,EPSILON,PI,UPSILON,EMP_000001,,NO,NO,SI,NO,NO
24003,M,36 a 45 años,Entre 2 y 2.5 SMLV,PI,EPSILON,PI,XI,EMP_000002,,NO,NO,SI,NO,NO
24053,F,36 a 45 años,Entre 2 y 2.5 SMLV,PI,CHI,PI,XI,EMP_000002,SOACHA,NO,NO,SI,NO,NO
24103,F,20 a 35 años,Entre 3 y 4 SMLV,PI,LAMBDA,ETA,XI,EMP_000002,,NO,NO,SI,NO,NO
24153,F,Mayor de 55 años,Entre 10 y 20 SMLV,ZETA,LAMBDA,PI,XI,EMP_000002,,NO,NO,SI,NO,NO
24203,F,36 a 45 años,Entre 3 y 4 SMLV,PI,RHO,PI,XI,EMP_000001,BOGOTA D.C.,NO,NO,SI,NO,NO
24253,M,20 a 35 años,Entre 1 y 1.5 SMLV,SIGMA,EPSILON,TAU,ETA,EMP_000001,BOGOTA D.C.,NO,NO,SI,NO,NO
24303,F,20 a 35 años,Entre 4 y 6 SMLV,ZETA,LAMBDA,ETA,XI,EMP_000002,,NO,NO,SI,NO,NO
24353,M,20 a 35 años,Entre 2 y 2.5 SMLV,PI,LAMBDA,ETA,UPSILON,EMP_000001,,NO,NO,SI,NO,NO
24403,F,20 a 35 años,Entre 1 y 1.5 SMLV,SIGMA,LAMBDA,TAU,UPSILON,EMP_000001,,NO,NO,SI,NO,NO
24453,F,20 a 35 años,Entre 3 y 4 SMLV,PI,LAMBDA,ETA,UPSILON,EMP_000001,,NO,NO,SI,NO,NO
24503,F,20 a 35 años,Entre 1 y 1.5 SMLV,SIGMA,CHI,PI,ETA,EMP_000001,BOGOTA D.C.,NO,NO,SI,NO,NO
24553,F,36 a 45 años,Entre 8 y 10 SMLV,ZETA,LAMBDA,ETA,UPSILON,EMP_000001,BOGOTA D.C.,NO,NO,SI,NO,NO
24603,F,20 a 35 años,Entre 8 y 10 SMLV,ZETA,LAMBDA,ETA,UPSILON,EMP_000001,BOGOTA D.C.,NO,NO,SI,NO,NO
24653,F,20 a 35 años,Entre 2 y 2.5 SMLV,PI,LAMBDA,ETA,UPSILON,EMP_000001,,NO,NO,SI,NO,NO
24703,F,36 a 45 años,Entre 1 y 1.5 SMLV,SIGMA,RHO,PI,ETA,EMP_000001,BOGOTA D.C.,NO,NO,SI,NO,NO
24753,M,20 a 35 años,Entre 1 y 1.5 SMLV,SIGMA,LAMBDA,ETA,UPSILON,EMP_000001,,NO,NO,SI,NO,NO
24803,F,20 a 35 años,Entre 1 y 1.5 SMLV,SIGMA,LAMBDA,TAU,OMEGA,EMP_000001,,NO,NO,SI,NO,NO
24853,F,20 a 35 años,Entre 10 y 20 SMLV,ZETA,LAMBDA,ETA,UPSILON,EMP_000001,BOGOTA D.C.,NO,NO,SI,NO,NO
24903,F,20 a 35 años,Entre 2 y 2.5 SMLV,PI,RHO,PI,PSI,EMP_000001,,NO,NO,SI,NO,NO
24953,M,36 a 45 años,Entre 4 y 6 SMLV,ZETA,RHO,PI,PSI,EMP_000001,BOGOTA D.C.,NO,NO,SI,NO,NO
25003,F,20 a 35 años,Entre 1.5 y 2 SMLV,SIGMA,LAMBDA,ETA,XI,EMP_000002,BOGOTA D.C.,NO,NO,SI,NO,NO
25053,M,36 a 45 años,Entre 4 y 6 SMLV,ZETA,LAMBDA,ETA,XI,EMP_000002,BOGOTA D.C.,NO,NO,SI,NO,NO
25103,F,20 a 35 años,Entre 1 y 1.5 SMLV,SIGMA,RHO,TAU,XI,EMP_000002,,NO,NO,SI,NO,NO
25153,F,20 a 35 años,Entre 4 y 6 SMLV,ZETA,LAMBDA,ETA,DELTA,EMP_000001,,NO,NO,SI,NO,NO
25203,M,36 a 45 años,Entre 4 y 6 SMLV,ZETA,LAMBDA,PI,DELTA,EMP_000001,,NO,NO,SI,NO,NO
25253,F,36 a 45 años,Entre 1 y 1.5 SMLV,SIGMA,IOTA,TAU,ETA,EMP_000001,BOGOTA D.C.,NO,NO,SI,NO,NO
25303,M,36 a 45 años,Entre 10 y 20 SMLV,ZETA,CHI,PI,UPSILON,EMP_000001,BOGOTA D.C.,NO,NO,SI,NO,NO
25353,F,20 a 35 años,Entre 1 y 1.5 SMLV,PI,LAMBDA,TAU,LAMBDA,EMP_000001,,NO,NO,SI,NO,NO
25403,M,20 a 35 años,Entre 1 y 1.5 SMLV,SIGMA,LAMBDA,TAU,PSI,EMP_000001,,NO,NO,SI,NO,NO
25453,F,20 a 35 años,Entre 1.5 y 2 SMLV,SIGMA,LAMBDA,ETA,UPSILON,EMP_000001,,NO,NO,SI,NO,NO
25503,F,36 a 45 años,Entre 2.5 y 3 SMLV,PI,LAMBDA,PI,XI,EMP_000002,BOGOTA D.C.,NO,NO,SI,NO,NO
25553,M,36 a 45 años,Entre 10 y 20 SMLV,ZETA,LAMBDA,ETA,UPSILON,EMP_000001,BOGOTA D.C.,NO,NO,SI,NO,NO
25603,M,36 a 45 años,Entre 1 y 1.5 SMLV,SIGMA,LAMBDA,ETA,ETA,EMP_000001,BOGOTA D.C.,NO,NO,SI,NO,NO
25653,F,36 a 45 años,Entre 4 y 6 SMLV,ZETA,LAMBDA,ETA,UPSILON,EMP_000001,BOGOTA D.C.,NO,NO,SI,NO,NO
25703,F,36 a 45 años,Entre 1.5 y 2 SMLV,SIGMA,RHO,PI,ETA,EMP_000001,BOGOTA D.C.,NO,NO,SI,NO,NO
25753,M,20 a 35 años,Entre 1.5 y 2 SMLV,PI,LAMBDA,ETA,XI,EMP_000002,,NO,NO,SI,NO,NO
25803,M,36 a 45 años,Entre 4 y 6 SMLV,ZETA,LAMBDA,ETA,XI,EMP_000002,,NO,NO,SI,NO,NO
25853,M,20 a 35 años,Entre 1.5 y 2 SMLV,SIGMA,RHO,PI,DELTA,EMP_000001,BOGOTA D.C.,NO,NO,SI,NO,NO
25903,F,20 a 35 años,Entre 3 y 4 SMLV,PI,RHO,PI,XI,EMP_000001,BOGOTA D.C.,NO,NO,SI,NO,NO
25953,F,36 a 45 años,Entre 1 y 1.5 SMLV,SIGMA,LAMBDA,TAU,ETA,EMP_000001,,NO,NO,SI,NO,NO
26003,F,20 a 35 años,Entre 1 y 1.5 SMLV,SIGMA,LAMBDA,ETA,XI,EMP_000002,,NO,NO,SI,NO,NO
26053,F,20 a 35 años,Entre 1 y 1.5 SMLV,SIGMA,LAMBDA,ETA,XI,EMP_000002,,NO,NO,SI,NO,NO
26103,F,36 a 45 años,Entre 1 y 1.5 SMLV,SIGMA,RHO,PI,UPSILON,EMP_000001,,NO,NO,SI,NO,NO
26153,F,36 a 45 años,Entre 2.5 y 3 SMLV,PI,RHO,PI,XI,EMP_000001,,NO,NO,SI,NO,NO
26203,F,20 a 35 años,Entre 3 y 4 SMLV,PI,LAMBDA,ETA,XI,EMP_000002,,NO,NO,SI,NO,NO
26253,M,36 a 45 años,Entre 4 y 6 SMLV,ZETA,LAMBDA,ETA,XI,EMP_000001,BOGOTA D.C.,NO,NO,SI,NO,NO
26303,M,20 a 35 años,Entre 6 y 8 SMLV,ZETA,LAMBDA,ETA,XI,EMP_000002,,NO,NO,SI,NO,NO
26353,F,20 a 35 años,Entre 1.5 y 2 SMLV,PI,LAMBDA,ETA,ETA,EMP_000001,,NO,NO,SI,NO,NO
26403,M,20 a 35 años,Entre 1 y 1.5 SMLV,PI,LAMBDA,TAU,LAMBDA,EMP_000001,BOGOTA D.C.,NO,NO,SI,NO,NO
26453,F,20 a 35 años,Entre 1.5 y 2 SMLV,SIGMA,LAMBDA,ETA,PSI,EMP_000001,,NO,NO,SI,NO,NO
26503,F,20 a 35 años,Entre 1 y 1.5 SMLV,SIGMA,CHI,PI,XI,EMP_000002,,NO,NO,SI,NO,NO
26553,F,20 a 35 años,Entre 1 y 1.5 SMLV,SIGMA,LAMBDA,ETA,DELTA,EMP_000001,,NO,NO,SI,NO,NO
26603,F,20 a 35 años,Entre 1 y 1.5 SMLV,SIGMA,LAMBDA,ETA,XI,EMP_000001,,NO,NO,SI,NO,NO
26653,F,36 a 45 años,Entre 4 y 6 SMLV,ZETA,RHO,PI,XI,EMP_000002,BOGOTA D.C.,NO,NO,SI,NO,NO
26703,F,20 a 35 años,Entre 1.5 y 2 SMLV,PI,LAMBDA,ETA,XI,EMP_000002,,NO,NO,SI,NO,NO
26753,F,36 a 45 años,Entre 10 y 20 SMLV,ZETA,CHI,PI,PSI,EMP_000001,,NO,NO,SI,NO,NO
26803,F,20 a 35 años,Entre 1 y 1.5 SMLV,SIGMA,LAMBDA,TAU,XI,EMP_000002,,NO,NO,SI,NO,NO
26853,F,20 a 35 años,Entre 2.5 y 3 SMLV,PI,LAMBDA,ETA,UPSILON,EMP_000001,BOGOTA D.C.,NO,NO,SI,NO,NO
26903,F,20 a 35 años,Entre 2.5 y 3 SMLV,PI,LAMBDA,ETA,XI,EMP_000002,,NO,NO,SI,NO,NO
26953,M,20 a 35 años,Entre 6 y 8 SMLV,ZETA,LAMBDA,ETA,UPSILON,EMP_000001,,NO,NO,SI,NO,NO
27003,F,20 a 35 años,Menor al SMLV,SIGMA,RHO,TAU,OMEGA,EMP_000001,,NO,NO,SI,NO,NO
27053,F,20 a 35 años,Entre 1 y 1.5 SMLV,SIGMA,EPSILON,TAU,ETA,EMP_000001,BOGOTA D.C.,NO,NO,SI,NO,NO
27103,M,36 a 45 años,Entre 1 y 1.5 SMLV,SIGMA,EPSILON,TAU,ETA,EMP_000001,,NO,NO,SI,NO,NO
27153,F,36 a 45 años,Entre 4 y 6 SMLV,ZETA,LAMBDA,ETA,DELTA,EMP_000001,BOGOTA D.C.,NO,NO,SI,NO,NO
27203,M,20 a 35 años,Entre 3 y 4 SMLV,PI,LAMBDA,ETA,XI,EMP_000002,,NO,NO,SI,NO,NO
27253,F,20 a 35 años,Entre 4 y 6 SMLV,ZETA,LAMBDA,ETA,UPSILON,EMP_000001,,NO,NO,SI,NO,NO
27303,F,20 a 35 años,Entre 6 y 8 SMLV,ZETA,LAMBDA,ETA,UPSILON,EMP_000002,,NO,NO,SI,NO,NO
27353,M,20 a 35 años,Entre 2 y 2.5 SMLV,PI,RHO,PI,ETA,EMP_000001,,NO,NO,SI,NO,NO
27403,F,20 a 35 años,Entre 3 y 4 SMLV,PI,LAMBDA,ETA,XI,EMP_000002,,NO,NO,SI,NO,NO
27453,F,20 a 35 años,Entre 1 y 1.5 SMLV,SIGMA,LAMBDA,ETA,PSI,EMP_000001,,NO,NO,SI,NO,NO
27503,F,20 a 35 años,Entre 1.5 y 2 SMLV,SIGMA,CHI,PI,UPSILON,EMP_000001,BOGOTA D.C.,NO,NO,SI,NO,NO
27553,F,20 a 35 años,Entre 1 y 1.5 SMLV,SIGMA,LAMBDA,ETA,UPSILON,EMP_000001,,NO,NO,SI,NO,NO
27603,M,36 a 45 años,Entre 1 y 1.5 SMLV,SIGMA,RHO,TAU,UPSILON,EMP_000002,BOGOTA D.C.,NO,NO,SI,NO,NO
27653,F,36 a 45 años,Entre 2 y 2.5 SMLV,PI,EPSILON,PI,ETA,EMP_000001,BOGOTA D.C.,NO,NO,SI,NO,NO
27703,F,20 a 35 años,Entre 2.5 y 3 SMLV,PI,LAMBDA,ETA,ETA,EMP_000001,,NO,NO,SI,NO,NO
27753,F,20 a 35 años,Entre 2 y 2.5 SMLV,PI,LAMBDA,ETA,XI,EMP_000002,,NO,NO,SI,NO,NO
27803,F,20 a 35 años,Entre 1 y 1.5 SMLV,SIGMA,LAMBDA,TAU,XI,EMP_000002,,NO,NO,SI,NO,NO
27853,F,20 a 35 años,Entre 2 y 2.5 SMLV,PI,LAMBDA,ETA,DELTA,EMP_000001,BOGOTA D.C.,NO,NO,SI,NO,NO
27903,F,36 a 45 años,Entre 4 y 6 SMLV,PI,IOTA,PI,LAMBDA,EMP_000001,,NO,NO,SI,NO,NO
27953,F,36 a 45 años,Menor al SMLV,SIGMA,RHO,TAU,ETA,EMP_000001,BOGOTA D.C.,NO,NO,SI,NO,NO
28003,F,20 a 35 años,Entre 4 y 6 SMLV,ZETA,RHO,PI,XI,EMP_000002,BOGOTA D.C.,NO,NO,SI,NO,NO
28053,F,20 a 35 años,Entre 1 y 1.5 SMLV,SIGMA,LAMBDA,TAU,XI,EMP_000002,BOGOTA D.C.,NO,NO,SI,NO,NO
28103,F,36 a 45 años,Entre 4 y 6 SMLV,ZETA,IOTA,PI,UPSILON,EMP_000001,,NO,NO,SI,NO,NO
28153,F,20 a 35 años,Entre 1.5 y 2 SMLV,SIGMA,LAMBDA,ETA,ETA,EMP_000001,,NO,NO,SI,NO,NO
28203,F,20 a 35 años,Entre 1 y 1.5 SMLV,SIGMA,RHO,PI,PSI,EMP_000001,BOGOTA D.C.,NO,NO,SI,NO,NO
28253,M,20 a 35 años,Entre 1 y 1.5 SMLV,SIGMA,RHO,TAU,UPSILON,EMP_000001,,NO,NO,SI,NO,NO
28303,F,20 a 35 años,Entre 3 y 4 SMLV,PI,LAMBDA,ETA,XI,EMP_000001,BOGOTA D.C.,NO,NO,SI,NO,NO
28353,M,36 a 45 años,Entre 2 y 2.5 SMLV,PI,RHO,PI,UPSILON,EMP_000001,BOGOTA D.C.,NO,NO,SI,NO,NO
28403,M,20 a 35 años,Entre 1 y 1.5 SMLV,SIGMA,LAMBDA,TAU,DELTA,EMP_000001,,NO,NO,SI,NO,NO
28453,M,20 a 35 años,Entre 1 y 1.5 SMLV,SIGMA,LAMBDA,ETA,XI,EMP_000002,BOGOTA D.C.,NO,NO,SI,NO,NO
28503,F,20 a 35 años,Entre 2 y 2.5 SMLV,PI,RHO,PI,DELTA,EMP_000001,BOGOTA D.C.,NO,NO,SI,NO,NO
28553,F,20 a 35 años,Entre 4 y 6 SMLV,ZETA,LAMBDA,ETA,XI,EMP_000001,TENJO,NO,NO,SI,NO,NO
28603,F,36 a 45 años,Entre 1 y 1.5 SMLV,SIGMA,RHO,TAU,XI,EMP_000002,BOGOTA D.C.,NO,NO,SI,NO,NO
28653,M,20 a 35 años,Entre 6 y 8 SMLV,ZETA,LAMBDA,ETA,XI,EMP_000002,,NO,NO,SI,NO,NO
28703,F,20 a 35 años,Entre 2 y 2.5 SMLV,PI,LAMBDA,ETA,UPSILON,EMP_000001,,NO,NO,SI,NO,NO
28753,M,20 a 35 años,Entre 1 y 1.5 SMLV,SIGMA,RHO,PI,XI,EMP_000002,BOGOTA D.C.,NO,NO,SI,NO,NO
28803,F,20 a 35 años,Entre 1 y 1.5 SMLV,SIGMA,RHO,TAU,UPSILON,EMP_000001,BOGOTA D.C.,NO,NO,SI,NO,NO
28853,F,20 a 35 años,Entre 1 y 1.5 SMLV,SIGMA,LAMBDA,TAU,DELTA,EMP_000001,,NO,NO,SI,NO,NO
28903,F,20 a 35 años,Entre 3 y 4 SMLV,ZETA,CHI,PI,XI,EMP_000002,,NO,NO,SI,NO,NO
28953,M,20 a 35 años,Entre 1 y 1.5 SMLV,PI,LAMBDA,ETA,LAMBDA,EMP_000001,,NO,NO,SI,NO,NO
29003,M,36 a 45 años,Entre 6 y 8 SMLV,ZETA,IOTA,PI,XI,EMP_000001,BOGOTA D.C.,NO,NO,SI,NO,NO
29053,F,20 a 35 años,Entre 1 y 1.5 SMLV,SIGMA,RHO,TAU,UPSILON,EMP_000001,,NO,NO,SI,NO,NO
29103,F,36 a 45 años,Entre 4 y 6 SMLV,ZETA,RHO,PI,XI,EMP_000002,,NO,NO,SI,NO,NO
29153,F,20 a 35 años,Entre 2 y 2.5 SMLV,PI,LAMBDA,ETA,ETA,EMP_000001,,NO,NO,SI,NO,NO
29203,F,20 a 35 años,Entre 1 y 1.5 SMLV,SIGMA,LAMBDA,ETA,UPSILON,EMP_000001,,NO,NO,SI,NO,NO
29253,F,20 a 35 años,Entre 4 y 6 SMLV,ZETA,LAMBDA,ETA,XI,EMP_000002,BOGOTA D.C.,NO,NO,SI,NO,NO
29303,F,20 a 35 años,Entre 6 y 8 SMLV,ZETA,LAMBDA,ETA,UPSILON,EMP_000001,,NO,NO,SI,NO,NO
29353,F,20 a 35 años,Entre 2 y 2.5 SMLV,PI,CHI,PI,UPSILON,EMP_000001,BOGOTA D.C.,NO,NO,SI,NO,NO
29403,F,36 a 45 años,Entre 10 y 20 SMLV,ZETA,LAMBDA,ETA,XI,EMP_000001,BOGOTA D.C.,NO,NO,SI,NO,NO
29453,F,20 a 35 años,Entre 2.5 y 3 SMLV,PI,LAMBDA,ETA,UPSILON,EMP_000001,BOGOTA D.C.,NO,NO,SI,NO,NO
29503,F,20 a 35 años,Entre 1 y 1.5 SMLV,SIGMA,LAMBDA,TAU,ETA,EMP_000001,,NO,NO,SI,NO,NO
29553,F,20 a 35 años,Entre 1 y 1.5 SMLV,SIGMA,RHO,PI,ETA,EMP_000001,BOGOTA D.C.,NO,NO,SI,NO,NO
29603,M,36 a 45 años,Entre 2 y 2.5 SMLV,PI,LAMBDA,ETA,ETA,EMP_000001,,NO,NO,SI,NO,NO
29653,F,20 a 35 años,Entre 1 y 1.5 SMLV,SIGMA,LAMBDA,TAU,XI,EMP_000002,,NO,NO,SI,NO,NO
29703,F,36 a 45 años,Entre 8 y 10 SMLV,ZETA,EPSILON,PI,UPSILON,EMP_000001,,NO,NO,SI,NO,NO
29753,M,20 a 35 años,Entre 8 y 10 SMLV,ZETA,EPSILON,PI,XI,EMP_000002,,NO,NO,SI,NO,NO
29803,F,20 a 35 años,Entre 1 y 1.5 SMLV,SIGMA,RHO,TAU,ETA,EMP_000001,,NO,NO,SI,NO,NO
29853,M,20 a 35 años,Entre 1 y 1.5 SMLV,SIGMA,RHO,PI,DELTA,EMP_000001,,NO,NO,SI,NO,NO
29903,M,20 a 35 años,Entre 1 y 1.5 SMLV,SIGMA,LAMBDA,TAU,UPSILON,EMP_000001,BOGOTA D.C.,NO,NO,SI,NO,NO
29953,F,20 a 35 años,Entre 3 y 4 SMLV,PI,RHO,PI,UPSILON,EMP_000001,BOGOTA D.C.,NO,NO,SI,NO,NO
30003,F,36 a 45 años,Entre 1 y 1.5 SMLV,SIGMA,CHI,PI,UPSILON,EMP_000002,,NO,NO,SI,NO,NO
30053,F,20 a 35 años,Entre 6 y 8 SMLV,ZETA,RHO,PI,UPSILON,EMP_000002,BOGOTA D.C.,NO,NO,SI,NO,NO
30103,M,36 a 45 años,Entre 3 y 4 SMLV,PI,LAMBDA,ETA,XI,EMP_000002,,NO,NO,SI,NO,NO
30153,F,20 a 35 años,Entre 1 y 1.5 SMLV,SIGMA,RHO,TAU,UPSILON,EMP_000001,BOGOTA D.C.,NO,NO,SI,NO,NO
30203,M,20 a 35 años,Entre 6 y 8 SMLV,ZETA,LAMBDA,ETA,XI,EMP_000002,BOGOTA D.C.,NO,NO,SI,NO,NO
30253,M,36 a 45 años,Entre 1 y 1.5 SMLV,SIGMA,CHI,TAU,XI,EMP_000001,,NO,NO,SI,NO,NO
30303,F,20 a 35 años,Entre 1.5 y 2 SMLV,SIGMA,RHO,PI,XI,EMP_000002,,NO,NO,SI,NO,NO
30353,F,20 a 35 años,Entre 1.5 y 2 SMLV,SIGMA,LAMBDA,ETA,DELTA,EMP_000001,BOGOTA D.C.,NO,NO,SI,NO,NO
30403,F,36 a 45 años,Entre 2 y 2.5 SMLV,PI,RHO,PI,XI,EMP_000002,BOGOTA D.C.,NO,NO,SI,NO,NO
30453,M,20 a 35 años,Entre 1 y 1.5 SMLV,SIGMA,LAMBDA,ETA,UPSILON,EMP_000001,,NO,NO,SI,NO,NO
30503,F,20 a 35 años,Entre 1 y 1.5 SMLV,SIGMA,RHO,TAU,UPSILON,EMP_000001,BOGOTA D.C.,NO,NO,SI,NO,NO
30553,M,20 a 35 años,Entre 1 y 1.5 SMLV,SIGMA,LAMBDA,ETA,UPSILON,EMP_000001,BOGOTA D.C.,NO,NO,SI,NO,NO
30603,M,20 a 35 años,Entre 10 y 20 SMLV,ZETA,LAMBDA,ETA,XI,EMP_000002,,NO,NO,SI,NO,NO
30653,F,20 a 35 años,Entre 10 y 20 SMLV,ZETA,LAMBDA,ETA,XI,EMP_000002,BOGOTA D.C.,NO,NO,SI,NO,NO
30703,F,20 a 35 años,Entre 1.5 y 2 SMLV,SIGMA,RHO,PI,XI,EMP_000001,BOGOTA D.C.,NO,NO,SI,NO,NO
30753,F,20 a 35 años,Entre 3 y 4 SMLV,ZETA,RHO,PI,ETA,EMP_000001,BOGOTA D.C.,NO,NO,SI,NO,NO
30803,M,20 a 35 años,Entre 1.5 y 2 SMLV,SIGMA,LAMBDA,ETA,XI,EMP_000002,,NO,NO,SI,NO,NO
30853,F,20 a 35 años,Entre 1.5 y 2 SMLV,SIGMA,IOTA,PI,UPSILON,EMP_000002,BOGOTA D.C.,NO,NO,SI,NO,NO
30903,M,20 a 35 años,Entre 3 y 4 SMLV,PI,EPSILON,PI,UPSILON,EMP_000001,FUSAGASUGA,NO,NO,SI,NO,NO
30953,M,20 a 35 años,Entre 3 y 4 SMLV,ZETA,RHO,PI,XI,EMP_000002,,NO,NO,SI,NO,NO
31003,M,20 a 35 años,Entre 1 y 1.5 SMLV,SIGMA,RHO,TAU,ETA,EMP_000001,,NO,NO,SI,NO,NO
31053,F,36 a 45 años,Entre 6 y 8 SMLV,ZETA,RHO,PI,ETA,EMP_000001,BOGOTA D.C.,NO,NO,SI,NO,NO
31103,F,20 a 35 años,Entre 2.5 y 3 SMLV,PI,LAMBDA,ETA,XI,EMP_000001,,NO,NO,SI,NO,NO
31153,M,36 a 45 años,Entre 4 y 6 SMLV,ZETA,EPSILON,PI,XI,EMP_000002,BOGOTA D.C.,NO,NO,SI,NO,NO
31203,F,20 a 35 años,Entre 2.5 y 3 SMLV,PI,LAMBDA,ETA,DELTA,EMP_000001,,NO,NO,SI,NO,NO
31253,F,20 a 35 años,Entre 4 y 6 SMLV,ZETA,CHI,PI,UPSILON,EMP_000001,,NO,NO,SI,NO,NO
31303,F,20 a 35 años,Entre 3 y 4 SMLV,PI,LAMBDA,ETA,PSI,EMP_000001,,NO,NO,SI,NO,NO
31353,F,36 a 45 años,Entre 2.5 y 3 SMLV,PI,RHO,PI,UPSILON,EMP_000001,,NO,NO,SI,NO,NO
31403,M,20 a 35 años,Entre 20 y 30 SMLV,ZETA,LAMBDA,XI,DELTA,EMP_000001,BOGOTA D.C.,NO,NO,SI,NO,NO
31453,M,36 a 45 años,Entre 6 y 8 SMLV,ZETA,EPSILON,PI,XI,EMP_000002,,NO,NO,SI,NO,NO
31503,F,36 a 45 años,Entre 1 y 1.5 SMLV,SIGMA,RHO,PI,ETA,EMP_000001,BOGOTA D.C.,NO,NO,SI,NO,NO
31553,F,20 a 35 años,Entre 1 y 1.5 SMLV,SIGMA,LAMBDA,ETA,XI,EMP_000001,BOGOTA D.C.,NO,NO,SI,NO,NO
31603,F,36 a 45 años,Entre 3 y 4 SMLV,PI,RHO,PI,UPSILON,EMP_000001,BOGOTA D.C.,NO,NO,SI,NO,NO
31653,F,36 a 45 años,Entre 1 y 1.5 SMLV,SIGMA,LAMBDA,TAU,ETA,EMP_000001,BOGOTA D.C.,NO,NO,SI,NO,NO
31703,M,20 a 35 años,Entre 2 y 2.5 SMLV,PI,LAMBDA,ETA,UPSILON,EMP_000001,,NO,NO,SI,NO,NO
31753,M,20 a 35 años,Entre 4 y 6 SMLV,ZETA,LAMBDA,ETA,XI,EMP_000002,BOGOTA D.C.,NO,NO,SI,NO,NO
31803,M,20 a 35 años,Entre 1.5 y 2 SMLV,SIGMA,LAMBDA,ETA,ETA,EMP_000001,,NO,NO,SI,NO,NO
31853,F,20 a 35 años,Entre 1 y 1.5 SMLV,SIGMA,RHO,TAU,UPSILON,EMP_000001,BOGOTA D.C.,NO,NO,SI,NO,NO
31903,M,20 a 35 años,Entre 4 y 6 SMLV,ZETA,LAMBDA,ETA,XI,EMP_000002,,NO,NO,SI,NO,NO
31953,F,20 a 35 años,Entre 1 y 1.5 SMLV,SIGMA,LAMBDA,TAU,XI,EMP_000002,,NO,NO,SI,NO,NO
32003,M,20 a 35 años,Entre 1 y 1.5 SMLV,SIGMA,RHO,TAU,XI,EMP_000002,BOGOTA D.C.,NO,NO,SI,NO,NO
32053,F,36 a 45 años,Entre 2 y 2.5 SMLV,PI,IOTA,PI,XI,EMP_000001,BOGOTA D.C.,NO,NO,SI,NO,NO
32103,M,20 a 35 años,Entre 1 y 1.5 SMLV,SIGMA,LAMBDA,TAU,OMEGA,EMP_000001,,NO,NO,SI,NO,NO
32153,F,20 a 35 años,Entre 1 y 1.5 SMLV,SIGMA,LAMBDA,TAU,ETA,EMP_000001,,NO,NO,SI,NO,NO
32203,F,20 a 35 años,Entre 3 y 4 SMLV,PI,LAMBDA,ETA,UPSILON,EMP_000001,BOGOTA D.C.,NO,NO,SI,NO,NO
32253,M,36 a 45 años,Entre 4 y 6 SMLV,ZETA,LAMBDA,ETA,DELTA,EMP_000001,BOGOTA D.C.,NO,NO,SI,NO,NO
32303,M,36 a 45 años,Entre 2.5 y 3 SMLV,PI,RHO,PI,XI,EMP_000002,BOGOTA D.C.,NO,NO,SI,NO,NO
32353,F,20 a 35 años,Entre 1 y 1.5 SMLV,SIGMA,LAMBDA,TAU,ETA,EMP_000001,,NO,NO,SI,NO,NO
32403,F,20 a 35 años,Entre 3 y 4 SMLV,PI,LAMBDA,ETA,XI,EMP_000002,,NO,NO,SI,NO,NO
32453,M,36 a 45 años,Entre 2 y 2.5 SMLV,PI,EPSILON,PI,UPSILON,EMP_000001,BOGOTA D.C.,NO,NO,SI,NO,NO
32503,M,20 a 35 años,Entre 1 y 1.5 SMLV,SIGMA,LAMBDA,TAU,UPSILON,EMP_000001,,NO,NO,SI,NO,NO
32553,M,20 a 35 años,Entre 1 y 1.5 SMLV,SIGMA,LAMBDA,TAU,DELTA,EMP_000001,BOGOTA D.C.,NO,NO,SI,NO,NO
32603,F,20 a 35 años,Entre 1 y 1.5 SMLV,SIGMA,RHO,TAU,UPSILON,EMP_000001,EL ROSAL,NO,NO,SI,NO,NO
32653,F,20 a 35 años,Entre 1 y 1.5 SMLV,SIGMA,EPSILON,TAU,ETA,EMP_000001,BOGOTA D.C.,NO,NO,SI,NO,NO
32703,F,20 a 35 años,Entre 1 y 1.5 SMLV,SIGMA,RHO,PI,XI,EMP_000002,BOGOTA D.C.,NO,NO,SI,NO,NO
32753,F,20 a 35 años,Entre 2 y 2.5 SMLV,PI,RHO,PI,ETA,EMP_000001,,NO,NO,SI,NO,NO
32803,M,36 a 45 años,Entre 4 y 6 SMLV,ZETA,EPSILON,PI,ETA,EMP_000001,,NO,NO,SI,NO,NO
32853,F,20 a 35 años,Entre 1 y 1.5 SMLV,SIGMA,LAMBDA,TAU,ETA,EMP_000001,,NO,NO,SI,NO,NO
32903,F,20 a 35 años,Entre 3 y 4 SMLV,PI,LAMBDA,ETA,XI,EMP_000002,BOGOTA D.C.,NO,NO,SI,NO,NO
32953,F,20 a 35 años,Entre 4 y 6 SMLV,ZETA,LAMBDA,ETA,XI,EMP_000002,BOGOTA D.C.,NO,NO,SI,NO,NO
33003,F,20 a 35 años,Entre 3 y 4 SMLV,PI,LAMBDA,ETA,XI,EMP_000002,,NO,NO,SI,NO,NO
33053,F,20 a 35 años,Entre 2.5 y 3 SMLV,PI,LAMBDA,ETA,DELTA,EMP_000001,,NO,NO,SI,NO,NO
33103,F,20 a 35 años,Entre 3 y 4 SMLV,PI,LAMBDA,ETA,OMEGA,EMP_000001,BOGOTA D.C.,NO,NO,SI,NO,NO
33153,F,20 a 35 años,Entre 3 y 4 SMLV,PI,RHO,PI,XI,EMP_000001,BOGOTA D.C.,NO,NO,SI,NO,NO
33203,F,20 a 35 años,Menor al SMLV,SIGMA,EPSILON,TAU,ETA,EMP_000001,BOGOTA D.C.,NO,NO,SI,NO,NO
33253,M,20 a 35 años,Entre 3 y 4 SMLV,PI,LAMBDA,ETA,XI,EMP_000002,,NO,NO,SI,NO,NO
33303,F,36 a 45 años,Entre 3 y 4 SMLV,PI,RHO,PI,DELTA,EMP_000001,BOGOTA D.C.,NO,NO,SI,NO,NO
33353,F,20 a 35 años,Entre 1 y 1.5 SMLV,SIGMA,RHO,TAU,ETA,EMP_000001,,NO,NO,SI,NO,NO
33403,F,36 a 45 años,Entre 2 y 2.5 SMLV,PI,LAMBDA,PI,UPSILON,EMP_000001,BOGOTA D.C.,NO,NO,SI,NO,NO
33453,F,20 a 35 años,Entre 1 y 1.5 SMLV,SIGMA,RHO,TAU,UPSILON,EMP_000001,,NO,NO,SI,NO,NO
33503,M,20 a 35 años,Entre 2 y 2.5 SMLV,PI,LAMBDA,ETA,XI,EMP_000002,BOGOTA D.C.,NO,NO,SI,NO,NO
33553,M,36 a 45 años,Entre 1 y 1.5 SMLV,SIGMA,LAMBDA,ETA,XI,EMP_000002,BOGOTA D.C.,NO,NO,SI,NO,NO
33603,F,36 a 45 años,Entre 1 y 1.5 SMLV,SIGMA,LAMBDA,ETA,UPSILON,EMP_000001,BOGOTA D.C.,NO,NO,SI,NO,NO
33653,M,36 a 45 años,Entre 4 y 6 SMLV,ZETA,LAMBDA,ETA,ETA,EMP_000001,BOGOTA D.C.,NO,NO,SI,NO,NO
33703,F,36 a 45 años,Entre 3 y 4 SMLV,PI,EPSILON,PI,XI,EMP_000002,BOGOTA D.C.,NO,NO,SI,NO,NO
33753,F,36 a 45 años,Entre 6 y 8 SMLV,ZETA,LAMBDA,ETA,XI,EMP_000002,BOGOTA D.C.,NO,NO,SI,NO,NO
33803,F,36 a 45 años,Entre 3 y 4 SMLV,PI,LAMBDA,ETA,XI,EMP_000002,BOGOTA D.C.,NO,NO,SI,NO,NO
33853,F,36 a 45 años,Entre 3 y 4 SMLV,PI,EPSILON,PI,UPSILON,EMP_000001,BOGOTA D.C.,NO,NO,SI,NO,NO
33903,M,36 a 45 años,Entre 1.5 y 2 SMLV,SIGMA,RHO,PI,DELTA,EMP_000001,BOGOTA D.C.,NO,NO,SI,NO,NO
33953,F,20 a 35 años,Entre 1 y 1.5 SMLV,SIGMA,RHO,PI,PSI,EMP_000001,,NO,NO,SI,NO,NO
34003,F,36 a 45 años,Entre 1 y 1.5 SMLV,SIGMA,RHO,PI,DELTA,EMP_000001,BOGOTA D.C.,NO,NO,SI,NO,NO
34053,M,36 a 45 años,Entre 1.5 y 2 SMLV,SIGMA,LAMBDA,ETA,XI,EMP_000002,BOGOTA D.C.,NO,NO,SI,NO,NO
34103,F,36 a 45 años,Entre 10 y 20 SMLV,ZETA,CHI,PI,XI,EMP_000002,,NO,NO,SI,NO,NO
34153,M,20 a 35 años,Entre 1.5 y 2 SMLV,SIGMA,RHO,PI,XI,EMP_000002,MOSQUERA,NO,NO,SI,NO,NO
34203,F,20 a 35 años,Entre 1.5 y 2 SMLV,SIGMA,LAMBDA,ETA,XI,EMP_000002,,NO,NO,SI,NO,NO
34253,M,36 a 45 años,Entre 6 y 8 SMLV,ZETA,LAMBDA,PI,XI,EMP_000002,,NO,NO,SI,NO,NO
34303,F,20 a 35 años,Entre 1 y 1.5 SMLV,SIGMA,RHO,TAU,OMEGA,EMP_000001,,NO,NO,SI,NO,NO
34353,M,20 a 35 años,Entre 1 y 1.5 SMLV,SIGMA,LAMBDA,TAU,ETA,EMP_000001,,NO,NO,SI,NO,NO
34403,F,20 a 35 años,Entre 6 y 8 SMLV,ZETA,LAMBDA,ETA,UPSILON,EMP_000001,,NO,NO,SI,NO,NO
34453,F,20 a 35 años,Entre 1 y 1.5 SMLV,SIGMA,RHO,TAU,ETA,EMP_000001,BOGOTA D.C.,NO,NO,SI,NO,NO
34503,M,20 a 35 años,Entre 1 y 1.5 SMLV,SIGMA,EPSILON,TAU,ETA,EMP_000001,BOGOTA D.C.,NO,NO,SI,NO,NO
34553,M,20 a 35 años,Entre 2.5 y 3 SMLV,PI,LAMBDA,ETA,XI,EMP_000002,,NO,NO,SI,NO,NO
34603,F,20 a 35 años,Entre 1.5 y 2 SMLV,SIGMA,RHO,PI,UPSILON,EMP_000001,BOGOTA D.C.,NO,NO,SI,NO,NO
34653,M,20 a 35 años,Entre 2 y 2.5 SMLV,PI,LAMBDA,ETA,XI,EMP_000002,BOGOTA D.C.,NO,NO,SI,NO,NO
34703,M,20 a 35 años,Entre 2 y 2.5 SMLV,PI,LAMBDA,ETA,UPSILON,EMP_000001,,NO,NO,SI,NO,NO
34753,F,20 a 35 años,Entre 1 y 1.5 SMLV,SIGMA,RHO,PI,UPSILON,EMP_000001,,NO,NO,SI,NO,NO
34803,F,20 a 35 años,Entre 2 y 2.5 SMLV,PI,CHI,PI,XI,EMP_000002,BOGOTA D.C.,NO,NO,SI,NO,NO
34853,F,20 a 35 años,Entre 3 y 4 SMLV,PI,LAMBDA,ETA,DELTA,EMP_000001,,NO,NO,SI,NO,NO
34903,M,20 a 35 años,Entre 1.5 y 2 SMLV,PI,LAMBDA,ETA,ETA,EMP_000001,BOGOTA D.C.,NO,NO,SI,NO,NO
34953,M,36 a 45 años,Entre 1.5 y 2 SMLV,PI,LAMBDA,ETA,LAMBDA,EMP_000001,,NO,NO,SI,NO,NO
35003,F,20 a 35 años,Entre 6 y 8 SMLV,ZETA,LAMBDA,ETA,XI,EMP_000002,,NO,NO,SI,NO,NO
35053,F,36 a 45 años,Entre 10 y 20 SMLV,ZETA,RHO,PI,DELTA,EMP_000001,,NO,NO,SI,NO,NO
35103,M,20 a 35 años,Entre 1 y 1.5 SMLV,SIGMA,RHO,TAU,UPSILON,EMP_000001,,NO,NO,SI,NO,NO
35153,F,36 a 45 años,Entre 1 y 1.5 SMLV,SIGMA,EPSILON,PI,ETA,EMP_000001,BOGOTA D.C.,NO,NO,SI,NO,NO
35203,M,36 a 45 años,Entre 1 y 1.5 SMLV,SIGMA,EPSILON,TAU,UPSILON,EMP_000001,,NO,NO,SI,NO,NO
35253,F,20 a 35 años,Entre 1 y 1.5 SMLV,SIGMA,RHO,TAU,XI,EMP_000002,,NO,NO,SI,NO,NO
35303,F,36 a 45 años,Entre 4 y 6 SMLV,ZETA,LAMBDA,ETA,XI,EMP_000002,BOGOTA D.C.,NO,NO,SI,NO,NO
35353,F,20 a 35 años,Entre 4 y 6 SMLV,ZETA,RHO,PI,UPSILON,EMP_000001,LA MESA,NO,NO,SI,NO,NO
35403,F,36 a 45 años,Entre 1 y 1.5 SMLV,SIGMA,EPSILON,TAU,ETA,EMP_000001,,NO,NO,SI,NO,NO
35453,M,36 a 45 años,Entre 1 y 1.5 SMLV,SIGMA,LAMBDA,ETA,BETA,EMP_000001,,NO,NO,SI,NO,NO
35503,F,20 a 35 años,Entre 1 y 1.5 SMLV,PI,LAMBDA,ETA,LAMBDA,EMP_000001,,NO,NO,SI,NO,NO
35553,F,20 a 35 años,Entre 3 y 4 SMLV,PI,IOTA,PI,XI,EMP_000002,,NO,NO,SI,NO,NO
35603,F,20 a 35 años,Entre 2.5 y 3 SMLV,PI,LAMBDA,ETA,PSI,EMP_000001,,NO,NO,SI,NO,NO
35653,F,20 a 35 años,Entre 1 y 1.5 SMLV,PI,LAMBDA,TAU,LAMBDA,EMP_000001,BOGOTA D.C.,NO,NO,SI,NO,NO
35703,F,20 a 35 años,Entre 1 y 1.5 SMLV,SIGMA,RHO,TAU,XI,EMP_000002,,NO,NO,SI,NO,NO
35753,F,20 a 35 años,Entre 2.5 y 3 SMLV,PI,LAMBDA,ETA,UPSILON,EMP_000001,BOGOTA D.C.,NO,NO,SI,NO,NO
35803,M,20 a 35 años,Entre 1 y 1.5 SMLV,SIGMA,EPSILON,TAU,ETA,EMP_000001,BOGOTA D.C.,NO,NO,SI,NO,NO
35853,F,36 a 45 años,Entre 2 y 2.5 SMLV,PI,RHO,PI,DELTA,EMP_000001,,NO,NO,SI,NO,NO
35903,F,20 a 35 años,Entre 1 y 1.5 SMLV,PI,LAMBDA,ETA,LAMBDA,EMP_000001,,NO,NO,SI,NO,NO
35953,F,36 a 45 años,Entre 1 y 1.5 SMLV,SIGMA,EPSILON,TAU,UPSILON,EMP_000002,,NO,NO,SI,NO,NO
36003,F,36 a 45 años,Entre 1 y 1.5 SMLV,PI,LAMBDA,TAU,LAMBDA,EMP_000001,BOGOTA D.C.,NO,NO,SI,NO,NO
36053,F,20 a 35 años,Entre 1 y 1.5 SMLV,SIGMA,RHO,TAU,PSI,EMP_000001,BOGOTA D.C.,NO,NO,SI,NO,NO
36103,F,20 a 35 años,Entre 2 y 2.5 SMLV,PI,LAMBDA,ETA,ETA,EMP_000001,,NO,NO,SI,NO,NO
36153,F,20 a 35 años,Menor al SMLV,SIGMA,LAMBDA,TAU,PSI,EMP_000001,,NO,NO,SI,NO,NO
36203,F,20 a 35 años,Entre 1 y 1.5 SMLV,SIGMA,RHO,PI,XI,EMP_000002,,NO,NO,SI,NO,NO
36253,F,20 a 35 años,Entre 1 y 1.5 SMLV,SIGMA,RHO,TAU,UPSILON,EMP_000001,,NO,NO,SI,NO,NO
36303,F,20 a 35 años,Entre 1 y 1.5 SMLV,SIGMA,LAMBDA,TAU,XI,EMP_000002,,NO,NO,SI,NO,NO
36353,M,20 a 35 años,Entre 1 y 1.5 SMLV,SIGMA,RHO,TAU,UPSILON,EMP_000001,,NO,NO,SI,NO,NO
36403,M,20 a 35 años,Entre 1 y 1.5 SMLV,PI,LAMBDA,ETA,XI,EMP_000002,,NO,NO,SI,NO,NO
36453,M,36 a 45 años,Entre 1.5 y 2 SMLV,SIGMA,LAMBDA,ETA,XI,EMP_000002,,NO,NO,SI,NO,NO
36503,M,20 a 35 años,Entre 4 y 6 SMLV,ZETA,LAMBDA,ETA,XI,EMP_000002,,NO,NO,SI,NO,NO
36553,F,20 a 35 años,Entre 3 y 4 SMLV,PI,CHI,PI,DELTA,EMP_000001,BOGOTA D.C.,NO,NO,SI,NO,NO
36603,M,20 a 35 años,Entre 4 y 6 SMLV,ZETA,LAMBDA,ETA,XI,EMP_000002,BOGOTA D.C.,NO,NO,SI,NO,NO
36653,F,20 a 35 años,Entre 2.5 y 3 SMLV,PI,LAMBDA,ETA,UPSILON,EMP_000001,BOGOTA D.C.,NO,NO,SI,NO,NO
36703,M,36 a 45 años,Entre 4 y 6 SMLV,ZETA,RHO,PI,UPSILON,EMP_000001,BOGOTA D.C.,NO,NO,SI,NO,NO
36753,M,36 a 45 años,Entre 1.5 y 2 SMLV,PI,LAMBDA,ETA,XI,EMP_000002,,NO,NO,SI,NO,NO
36803,F,20 a 35 años,Entre 2 y 2.5 SMLV,PI,CHI,PI,OMEGA,EMP_000001,,NO,NO,SI,NO,NO
36853,M,36 a 45 años,Entre 1 y 1.5 SMLV,SIGMA,RHO,TAU,ETA,EMP_000001,,NO,NO,SI,NO,NO
36903,F,36 a 45 años,Entre 2 y 2.5 SMLV,PI,EPSILON,PI,UPSILON,EMP_000001,BOGOTA D.C.,NO,NO,SI,NO,NO
36953,F,36 a 45 años,Entre 2.5 y 3 SMLV,PI,CHI,PI,UPSILON,EMP_000002,BOGOTA D.C.,NO,NO,SI,NO,NO
37003,M,20 a 35 años,Entre 1 y 1.5 SMLV,SIGMA,EPSILON,TAU,OMEGA,EMP_000001,BOGOTA D.C.,NO,NO,SI,NO,NO
37053,F,20 a 35 años,Entre 1 y 1.5 SMLV,SIGMA,IOTA,PI,UPSILON,EMP_000001,BOGOTA D.C.,NO,NO,SI,NO,NO
37103,F,20 a 35 años,Entre 1 y 1.5 SMLV,SIGMA,RHO,TAU,ETA,EMP_000001,MOSQUERA,NO,NO,SI,NO,NO
37153,M,20 a 35 años,Entre 1.5 y 2 SMLV,SIGMA,LAMBDA,ETA,ETA,EMP_000001,,NO,NO,SI,NO,NO
37203,F,Menor de 19 años,Entre 1.5 y 2 SMLV,SIGMA,LAMBDA,ETA,UPSILON,EMP_000001,BOGOTA D.C.,NO,NO,SI,NO,NO
37253,F,20 a 35 años,Entre 1 y 1.5 SMLV,SIGMA,RHO,PI,XI,EMP_000002,SOACHA,NO,NO,SI,NO,NO
37303,F,20 a 35 años,Entre 1.5 y 2 SMLV,PI,LAMBDA,ETA,LAMBDA,EMP_000001,,NO,NO,SI,NO,NO
37353,F,20 a 35 años,Entre 3 y 4 SMLV,PI,RHO,PI,ETA,EMP_000001,BOGOTA D.C.,NO,NO,SI,NO,NO
37403,M,36 a 45 años,Entre 1 y 1.5 SMLV,SIGMA,EPSILON,TAU,DELTA,EMP_000001,VILLETA,NO,NO,SI,NO,NO
37453,M,20 a 35 años,Entre 2.5 y 3 SMLV,PI,EPSILON,PI,DELTA,EMP_000001,BOGOTA D.C.,NO,NO,SI,NO,NO
37503,M,20 a 35 años,Entre 2 y 2.5 SMLV,PI,LAMBDA,ETA,DELTA,EMP_000001,BOGOTA D.C.,NO,NO,SI,NO,NO
37553,F,20 a 35 años,Entre 1 y 1.5 SMLV,SIGMA,EPSILON,TAU,XI,EMP_000002,,NO,NO,SI,NO,NO
37603,F,20 a 35 años,Entre 1 y 1.5 SMLV,SIGMA,RHO,TAU,UPSILON,EMP_000001,BOGOTA D.C.,NO,NO,SI,NO,NO
37653,F,36 a 45 años,Entre 1 y 1.5 SMLV,SIGMA,RHO,PI,ETA,EMP_000001,SOACHA,NO,NO,SI,NO,NO
37703,F,20 a 35 años,Entre 1 y 1.5 SMLV,SIGMA,LAMBDA,ETA,DELTA,EMP_000001,,NO,NO,SI,NO,NO
37753,M,36 a 45 años,Entre 1.5 y 2 SMLV,SIGMA,EPSILON,PI,ETA,EMP_000001,,NO,NO,SI,NO,NO
37803,F,20 a 35 años,Entre 3 y 4 SMLV,PI,LAMBDA,ETA,PSI,EMP_000001,,NO,NO,SI,NO,NO
37853,F,20 a 35 años,Entre 1 y 1.5 SMLV,SIGMA,LAMBDA,ETA,XI,EMP_000002,,NO,NO,SI,NO,NO
37903,M,36 a 45 años,Entre 2.5 y 3 SMLV,PI,LAMBDA,ETA,UPSILON,EMP_000001,,NO,NO,SI,NO,NO
37953,F,20 a 35 años,Entre 4 y 6 SMLV,ZETA,LAMBDA,ETA,ETA,EMP_000001,BOGOTA D.C.,NO,NO,SI,NO,NO
38003,F,20 a 35 años,Entre 3 y 4 SMLV,PI,LAMBDA,ETA,XI,EMP_000002,BOGOTA D.C.,NO,NO,SI,NO,NO
38053,F,20 a 35 años,Entre 1 y 1.5 SMLV,SIGMA,LAMBDA,TAU,XI,EMP_000001,,NO,NO,SI,NO,NO
38103,M,36 a 45 años,Entre 4 y 6 SMLV,ZETA,LAMBDA,ETA,XI,EMP_000002,,NO,NO,SI,NO,NO
38153,F,36 a 45 años,Entre 1.5 y 2 SMLV,SIGMA,RHO,PI,XI,EMP_000002,,NO,NO,SI,NO,NO
38203,F,20 a 35 años,Entre 1 y 1.5 SMLV,SIGMA,RHO,TAU,DELTA,EMP_000001,SOACHA,NO,NO,SI,NO,NO
38253,M,20 a 35 años,Entre 1 y 1.5 SMLV,SIGMA,RHO,TAU,UPSILON,EMP_000001,HONDA,NO,NO,SI,NO,NO
38303,M,20 a 35 años,Entre 1 y 1.5 SMLV,SIGMA,LAMBDA,TAU,XI,EMP_000001,,NO,NO,SI,NO,NO
38353,F,20 a 35 años,Entre 1 y 1.5 SMLV,SIGMA,LAMBDA,TAU,UPSILON,EMP_000001,BOGOTA D.C.,NO,NO,SI,NO,NO
38403,F,20 a 35 años,Entre 1 y 1.5 SMLV,SIGMA,LAMBDA,ETA,XI,EMP_000002,,NO,NO,SI,NO,NO
38453,M,36 a 45 años,Entre 1 y 1.5 SMLV,SIGMA,LAMBDA,ETA,OMEGA,EMP_000001,BOGOTA D.C.,NO,NO,SI,NO,NO
38503,M,36 a 45 años,Entre 1 y 1.5 SMLV,SIGMA,EPSILON,TAU,XI,EMP_000002,BOGOTA D.C.,NO,NO,SI,NO,NO
38553,M,20 a 35 años,Entre 1 y 1.5 SMLV,SIGMA,LAMBDA,TAU,UPSILON,EMP_000001,,NO,NO,SI,NO,NO
38603,M,36 a 45 años,Entre 6 y 8 SMLV,ZETA,LAMBDA,PI,DELTA,EMP_000001,,NO,NO,SI,NO,NO
38653,M,20 a 35 años,Entre 10 y 20 SMLV,ZETA,LAMBDA,ETA,XI,EMP_000002,BOGOTA D.C.,NO,NO,SI,NO,NO
38703,F,20 a 35 años,Entre 1 y 1.5 SMLV,SIGMA,LAMBDA,TAU,ETA,EMP_000001,,NO,NO,SI,NO,NO
38753,F,20 a 35 años,Entre 2 y 2.5 SMLV,PI,EPSILON,PI,ETA,EMP_000001,BOGOTA D.C.,NO,NO,SI,NO,NO
38803,F,36 a 45 años,Entre 10 y 20 SMLV,ZETA,LAMBDA,ETA,UPSILON,EMP_000001,BOGOTA D.C.,NO,NO,SI,NO,NO
38853,F,20 a 35 años,Entre 2.5 y 3 SMLV,PI,LAMBDA,ETA,UPSILON,EMP_000001,BOGOTA D.C.,NO,NO,SI,NO,NO
38903,F,36 a 45 años,Entre 2.5 y 3 SMLV,PI,LAMBDA,ETA,UPSILON,EMP_000001,BOGOTA D.C.,NO,NO,SI,NO,NO
38953,F,20 a 35 años,Entre 2 y 2.5 SMLV,PI,RHO,PI,DELTA,EMP_000001,,NO,NO,SI,NO,NO
39003,M,20 a 35 años,Entre 1.5 y 2 SMLV,SIGMA,RHO,PI,UPSILON,EMP_000001,PAIPA,NO,NO,SI,NO,NO
39053,F,20 a 35 años,Entre 1.5 y 2 SMLV,PI,RHO,PI,ETA,EMP_000001,,NO,NO,SI,NO,NO
39103,F,20 a 35 años,Entre 2.5 y 3 SMLV,PI,RHO,PI,XI,EMP_000002,,NO,NO,SI,NO,NO
39153,M,20 a 35 años,Entre 1 y 1.5 SMLV,SIGMA,EPSILON,TAU,DELTA,EMP_000001,,NO,NO,SI,NO,NO
39203,F,20 a 35 años,Entre 1 y 1.5 SMLV,SIGMA,LAMBDA,ETA,ETA,EMP_000001,BOGOTA D.C.,NO,NO,SI,NO,NO
39253,F,20 a 35 años,Entre 2.5 y 3 SMLV,PI,LAMBDA,ETA,XI,EMP_000002,,NO,NO,SI,NO,NO
39303,M,36 a 45 años,Entre 4 y 6 SMLV,ZETA,LAMBDA,ETA,DELTA,EMP_000001,,NO,NO,SI,NO,NO
39353,F,20 a 35 años,Entre 1 y 1.5 SMLV,SIGMA,RHO,TAU,UPSILON,EMP_000001,,NO,NO,SI,NO,NO
39403,F,20 a 35 años,Entre 3 y 4 SMLV,PI,LAMBDA,ETA,XI,EMP_000002,,NO,NO,SI,NO,NO
39453,F,20 a 35 años,Entre 2.5 y 3 SMLV,PI,LAMBDA,ETA,DELTA,EMP_000001,RIOHACHA,NO,NO,SI,NO,NO
39503,F,36 a 45 años,Entre 1 y 1.5 SMLV,SIGMA,RHO,TAU,UPSILON,EMP_000001,BOGOTA D.C.,NO,NO,SI,NO,NO
39553,F,36 a 45 años,Entre 6 y 8 SMLV,ZETA,RHO,PI,ETA,EMP_000001,BOGOTA D.C.,NO,NO,SI,NO,NO
39603,M,36 a 45 años,Entre 6 y 8 SMLV,ZETA,EPSILON,PI,XI,EMP_000002,BOGOTA D.C.,NO,NO,SI,NO,NO
39653,M,36 a 45 años,Entre 2 y 2.5 SMLV,PI,EPSILON,PI,DELTA,EMP_000001,BOGOTA D.C.,NO,NO,SI,NO,NO
39703,F,20 a 35 años,Entre 6 y 8 SMLV,ZETA,LAMBDA,ETA,XI,EMP_000002,,NO,NO,SI,NO,NO
39753,F,20 a 35 años,Entre 1 y 1.5 SMLV,SIGMA,LAMBDA,ETA,ETA,EMP_000001,,NO,NO,SI,NO,NO
39803,F,20 a 35 años,Entre 2.5 y 3 SMLV,PI,LAMBDA,ETA,XI,EMP_000002,BOGOTA D.C.,NO,NO,SI,NO,NO
39853,F,20 a 35 años,Entre 2 y 2.5 SMLV,PI,LAMBDA,ETA,XI,EMP_000002,,NO,NO,SI,NO,NO
39903,F,20 a 35 años,Entre 1.5 y 2 SMLV,SIGMA,RHO,PI,DELTA,EMP_000001,FUNZA,NO,NO,SI,NO,NO
39953,F,20 a 35 años,Entre 1.5 y 2 SMLV,SIGMA,CHI,PI,XI,EMP_000002,,NO,NO,SI,NO,NO
40003,F,20 a 35 años,Entre 1 y 1.5 SMLV,SIGMA,LAMBDA,ETA,XI,EMP_000002,BOGOTA D.C.,NO,NO,SI,NO,NO
40053,F,20 a 35 años,Entre 2 y 2.5 SMLV,PI,RHO,PI,XI,EMP_000002,BOGOTA D.C.,NO,NO,SI,NO,NO
40103,M,20 a 35 años,Entre 1.5 y 2 SMLV,SIGMA,LAMBDA,ETA,XI,EMP_000002,,NO,NO,SI,NO,NO
40153,M,36 a 45 años,Entre 4 y 6 SMLV,ZETA,LAMBDA,ETA,DELTA,EMP_000001,BOGOTA D.C.,NO,NO,SI,NO,NO
40203,F,Menor de 19 años,Entre 1 y 1.5 SMLV,SIGMA,LAMBDA,TAU,PSI,EMP_000001,,NO,NO,SI,NO,NO
40253,M,20 a 35 años,Entre 2.5 y 3 SMLV,PI,EPSILON,PI,XI,EMP_000002,,NO,NO,SI,NO,NO
40303,M,36 a 45 años,Entre 3 y 4 SMLV,PI,LAMBDA,ETA,DELTA,EMP_000001,,NO,NO,SI,NO,NO
40353,F,36 a 45 años,Entre 10 y 20 SMLV,ZETA,LAMBDA,PI,XI,EMP_000002,,NO,NO,SI,NO,NO
40403,F,36 a 45 años,Entre 1 y 1.5 SMLV,SIGMA,EPSILON,TAU,ETA,EMP_000001,BOGOTA D.C.,NO,NO,SI,NO,NO
40453,M,36 a 45 años,Entre 3 y 4 SMLV,PI,RHO,PI,PSI,EMP_000001,BOGOTA D.C.,NO,NO,SI,NO,NO
40503,F,36 a 45 años,Entre 3 y 4 SMLV,PI,LAMBDA,ETA,XI,EMP_000001,BOGOTA D.C.,NO,NO,SI,NO,NO
40553,F,20 a 35 años,Menor al SMLV,SIGMA,LAMBDA,TAU,ETA,EMP_000001,BOGOTA D.C.,NO,NO,SI,NO,NO
40603,M,20 a 35 años,Entre 1 y 1.5 SMLV,SIGMA,LAMBDA,ETA,UPSILON,EMP_000001,BOGOTA D.C.,NO,NO,SI,NO,NO
40653,M,36 a 45 años,Entre 2.5 y 3 SMLV,PI,LAMBDA,ETA,XI,EMP_000002,BOGOTA D.C.,NO,NO,SI,NO,NO
40703,M,36 a 45 años,Entre 1 y 1.5 SMLV,SIGMA,RHO,TAU,ETA,EMP_000001,,NO,NO,SI,NO,NO
40753,F,36 a 45 años,Entre 4 y 6 SMLV,ZETA,LAMBDA,ETA,XI,EMP_000001,FUSAGASUGA,NO,NO,SI,NO,NO
40803,M,20 a 35 años,Entre 1 y 1.5 SMLV,SIGMA,RHO,TAU,UPSILON,EMP_000001,BOGOTA D.C.,NO,NO,SI,NO,NO
40853,F,20 a 35 años,Entre 1 y 1.5 SMLV,SIGMA,RHO,PI,ETA,EMP_000001,,NO,NO,SI,NO,NO
40903,F,20 a 35 años,,MU,THETA,OMEGA,OMICRON,EMP_000001,,NO,NO,SI,NO,NO
40953,F,20 a 35 años,Menor al SMLV,SIGMA,CHI,TAU,ETA,EMP_000001,,NO,NO,SI,NO,NO
41003,M,20 a 35 años,Entre 4 y 6 SMLV,ZETA,LAMBDA,ETA,XI,EMP_000002,BOGOTA D.C.,NO,NO,SI,NO,NO
41053,F,36 a 45 años,Entre 1 y 1.5 SMLV,SIGMA,RHO,TAU,UPSILON,EMP_000001,,NO,NO,SI,NO,NO
41103,M,36 a 45 años,Entre 1.5 y 2 SMLV,SIGMA,LAMBDA,ETA,ETA,EMP_000001,,NO,NO,SI,NO,NO
41153,M,20 a 35 años,Entre 1 y 1.5 SMLV,SIGMA,LAMBDA,TAU,ETA,EMP_000001,,NO,NO,SI,NO,NO
41203,F,20 a 35 años,Menor al SMLV,SIGMA,LAMBDA,ETA,OMEGA,EMP_000001,BOGOTA D.C.,NO,NO,SI,NO,NO
41253,F,20 a 35 años,Entre 2.5 y 3 SMLV,PI,LAMBDA,ETA,UPSILON,EMP_000001,,NO,NO,SI,NO,NO
41303,M,20 a 35 años,Entre 1 y 1.5 SMLV,SIGMA,LAMBDA,TAU,DELTA,EMP_000001,,NO,NO,SI,NO,NO
41353,F,20 a 35 años,Entre 1.5 y 2 SMLV,PI,LAMBDA,ETA,ETA,EMP_000001,BOGOTA D.C.,NO,NO,SI,NO,NO
41403,F,20 a 35 años,Entre 1 y 1.5 SMLV,SIGMA,LAMBDA,ETA,XI,EMP_000001,BOGOTA D.C.,NO,NO,SI,NO,NO
41453,M,36 a 45 años,Entre 3 y 4 SMLV,PI,LAMBDA,ETA,PSI,EMP_000001,BOGOTA D.C.,NO,NO,SI,NO,NO
41503,F,20 a 35 años,Entre 2.5 y 3 SMLV,PI,RHO,PI,DELTA,EMP_000001,BOGOTA D.C.,NO,NO,SI,NO,NO
41553,F,20 a 35 años,Entre 4 y 6 SMLV,ZETA,LAMBDA,ETA,XI,EMP_000001,BOGOTA D.C.,NO,NO,SI,NO,NO
41603,F,36 a 45 años,Entre 1 y 1.5 SMLV,SIGMA,RHO,TAU,UPSILON,EMP_000001,SOACHA,NO,NO,SI,NO,NO
41653,F,20 a 35 años,Entre 1 y 1.5 SMLV,SIGMA,RHO,PI,XI,EMP_000002,,NO,NO,SI,NO,NO
41703,M,20 a 35 años,Entre 1 y 1.5 SMLV,SIGMA,RHO,PI,XI,EMP_000002,,NO,NO,SI,NO,NO
41753,F,36 a 45 años,Entre 1 y 1.5 SMLV,SIGMA,RHO,TAU,OMEGA,EMP_000001,,NO,NO,SI,NO,NO
41803,F,20 a 35 años,Entre 4 y 6 SMLV,ZETA,LAMBDA,ETA,DELTA,EMP_000001,BOGOTA D.C.,NO,NO,SI,NO,NO
41853,F,20 a 35 años,Menor al SMLV,SIGMA,LAMBDA,TAU,PSI,EMP_000001,BOGOTA D.C.,NO,NO,SI,NO,NO
41903,F,20 a 35 años,Entre 2.5 y 3 SMLV,PI,LAMBDA,ETA,DELTA,EMP_000001,,NO,NO,SI,NO,NO
41953,M,20 a 35 años,Entre 1 y 1.5 SMLV,SIGMA,LAMBDA,ETA,ETA,EMP_000001,,NO,NO,SI,NO,NO
42003,F,20 a 35 años,Entre 1 y 1.5 SMLV,SIGMA,RHO,PI,ETA,EMP_000001,,NO,NO,SI,NO,NO
42053,M,20 a 35 años,Entre 1 y 1.5 SMLV,SIGMA,RHO,PI,ETA,EMP_000001,BOGOTA D.C.,NO,NO,SI,NO,NO
42103,F,36 a 45 años,Entre 2 y 2.5 SMLV,PI,LAMBDA,ETA,UPSILON,EMP_000001,,NO,NO,SI,NO,NO
42153,F,20 a 35 años,Entre 1 y 1.5 SMLV,SIGMA,LAMBDA,ETA,ETA,EMP_000001,BOGOTA D.C.,NO,NO,SI,NO,NO
42203,F,20 a 35 años,Entre 1.5 y 2 SMLV,SIGMA,LAMBDA,ETA,XI,EMP_000002,,NO,NO,SI,NO,NO
42253,M,20 a 35 años,Entre 2 y 2.5 SMLV,PI,LAMBDA,ETA,DELTA,EMP_000001,,NO,NO,SI,NO,NO
42303,F,36 a 45 años,Entre 4 y 6 SMLV,ZETA,LAMBDA,ETA,UPSILON,EMP_000001,BOGOTA D.C.,NO,NO,SI,NO,NO
42353,F,20 a 35 años,Entre 3 y 4 SMLV,PI,LAMBDA,ETA,XI,EMP_000002,,NO,NO,SI,NO,NO
42403,F,20 a 35 años,Entre 1 y 1.5 SMLV,SIGMA,LAMBDA,TAU,UPSILON,EMP_000001,BOGOTA D.C.,NO,NO,SI,NO,NO
42453,F,20 a 35 años,Entre 1 y 1.5 SMLV,SIGMA,RHO,TAU,ETA,EMP_000001,BOGOTA D.C.,NO,NO,SI,NO,NO
42503,M,20 a 35 años,Entre 1 y 1.5 SMLV,SIGMA,RHO,TAU,UPSILON,EMP_000001,BOGOTA D.C.,NO,NO,SI,NO,NO
42553,F,36 a 45 años,Entre 2.5 y 3 SMLV,PI,EPSILON,PI,UPSILON,EMP_000001,GIRARDOT,NO,NO,SI,NO,NO
42603,F,20 a 35 años,Entre 1.5 y 2 SMLV,SIGMA,LAMBDA,ETA,XI,EMP_000002,BOGOTA D.C.,NO,NO,SI,NO,NO
42653,F,20 a 35 años,Entre 1 y 1.5 SMLV,SIGMA,LAMBDA,ETA,XI,EMP_000002,,NO,NO,SI,NO,NO
42703,M,20 a 35 años,Entre 1 y 1.5 SMLV,SIGMA,LAMBDA,TAU,XI,EMP_000002,,NO,NO,SI,NO,NO
42753,M,20 a 35 años,Entre 4 y 6 SMLV,ZETA,LAMBDA,ETA,XI,EMP_000001,,NO,NO,SI,NO,NO
42803,M,20 a 35 años,Entre 2.5 y 3 SMLV,PI,IOTA,PI,XI,EMP_000001,,NO,NO,SI,NO,NO
42853,M,36 a 45 años,Entre 1 y 1.5 SMLV,SIGMA,RHO,PI,UPSILON,EMP_000001,BOGOTA D.C.,NO,NO,SI,NO,NO
42903,F,20 a 35 años,Entre 10 y 20 SMLV,ZETA,LAMBDA,ETA,UPSILON,EMP_000001,,NO,NO,SI,NO,NO
42953,M,20 a 35 años,Entre 1 y 1.5 SMLV,SIGMA,LAMBDA,ETA,UPSILON,EMP_000002,BOGOTA D.C.,NO,NO,SI,NO,NO
43003,M,20 a 35 años,Entre 4 y 6 SMLV,ZETA,LAMBDA,ETA,DELTA,EMP_000001,,NO,NO,SI,NO,NO
43053,M,36 a 45 años,Entre 1 y 1.5 SMLV,PI,LAMBDA,PI,LAMBDA,EMP_000001,,NO,NO,SI,NO,NO
43103,F,20 a 35 años,Entre 3 y 4 SMLV,PI,LAMBDA,ETA,UPSILON,EMP_000001,BOGOTA D.C.,NO,NO,SI,NO,NO
43153,M,36 a 45 años,Entre 1 y 1.5 SMLV,SIGMA,LAMBDA,TAU,XI,EMP_000002,,NO,NO,SI,NO,NO
43203,M,20 a 35 años,Entre 2.5 y 3 SMLV,PI,LAMBDA,ETA,XI,EMP_000002,BOGOTA D.C.,NO,NO,SI,NO,NO
43253,F,20 a 35 años,Menor al SMLV,SIGMA,RHO,TAU,ETA,EMP_000001,,NO,NO,SI,NO,NO
43303,M,20 a 35 años,Entre 1 y 1.5 SMLV,SIGMA,LAMBDA,ETA,UPSILON,EMP_000001,,NO,NO,SI,NO,NO
43353,F,20 a 35 años,Entre 2.5 y 3 SMLV,PI,CHI,PI,ETA,EMP_000001,,NO,NO,SI,NO,NO
43403,M,36 a 45 años,Entre 10 y 20 SMLV,ZETA,LAMBDA,ETA,ETA,EMP_000001,BOGOTA D.C.,NO,NO,SI,NO,NO
43453,F,20 a 35 años,Entre 1 y 1.5 SMLV,SIGMA,LAMBDA,TAU,DELTA,EMP_000001,,NO,NO,SI,NO,NO
43503,M,20 a 35 años,Entre 2 y 2.5 SMLV,PI,IOTA,PI,XI,EMP_000002,,NO,NO,SI,NO,NO
43553,F,20 a 35 años,Entre 1 y 1.5 SMLV,SIGMA,LAMBDA,TAU,UPSILON,EMP_000001,,NO,NO,SI,NO,NO
43603,M,20 a 35 años,Entre 2.5 y 3 SMLV,PI,LAMBDA,ETA,UPSILON,EMP_000001,,NO,NO,SI,NO,NO
43653,M,20 a 35 años,Entre 1.5 y 2 SMLV,SIGMA,LAMBDA,ETA,UPSILON,EMP_000001,CAJICA,NO,NO,SI,NO,NO
43703,M,20 a 35 años,Entre 10 y 20 SMLV,ZETA,IOTA,PI,XI,EMP_000002,BOGOTA D.C.,NO,NO,SI,NO,NO
43753,F,36 a 45 años,Entre 3 y 4 SMLV,PI,LAMBDA,ETA,ETA,EMP_000001,MADRID,NO,NO,SI,NO,NO
43803,M,36 a 45 años,Entre 1 y 1.5 SMLV,SIGMA,EPSILON,TAU,ETA,EMP_000001,,NO,NO,SI,NO,NO
43853,F,20 a 35 años,Entre 1.5 y 2 SMLV,SIGMA,LAMBDA,ETA,OMEGA,EMP_000001,BOGOTA D.C.,NO,NO,SI,NO,NO
43903,F,20 a 35 años,Entre 2 y 2.5 SMLV,PI,RHO,PI,UPSILON,EMP_000001,,NO,NO,SI,NO,NO
43953,M,36 a 45 años,Entre 1 y 1.5 SMLV,SIGMA,RHO,TAU,XI,EMP_000002,BOGOTA D.C.,NO,NO,SI,NO,NO
44003,M,20 a 35 años,Entre 1 y 1.5 SMLV,SIGMA,RHO,PI,XI,EMP_000002,,NO,NO,SI,NO,NO
44053,F,20 a 35 años,Entre 3 y 4 SMLV,PI,LAMBDA,ETA,XI,EMP_000001,,NO,NO,SI,NO,NO
44103,F,20 a 35 años,Entre 1 y 1.5 SMLV,SIGMA,LAMBDA,ETA,ETA,EMP_000001,,NO,NO,SI,NO,NO
44153,M,36 a 45 años,Entre 2 y 2.5 SMLV,PI,EPSILON,PI,UPSILON,EMP_000001,BOGOTA D.C.,NO,NO,SI,NO,NO
44203,F,36 a 45 años,Entre 3 y 4 SMLV,ZETA,CHI,PI,UPSILON,EMP_000001,,NO,NO,SI,NO,NO
44253,F,36 a 45 años,Entre 1 y 1.5 SMLV,SIGMA,RHO,PI,PSI,EMP_000001,BOGOTA D.C.,NO,NO,SI,NO,NO
44303,F,20 a 35 años,Entre 4 y 6 SMLV,ZETA,LAMBDA,ETA,XI,EMP_000002,,NO,NO,SI,NO,NO
44353,F,36 a 45 años,Entre 2 y 2.5 SMLV,PI,RHO,PI,UPSILON,EMP_000001,BOGOTA D.C.,NO,NO,SI,NO,NO
44403,F,20 a 35 años,Entre 2.5 y 3 SMLV,PI,RHO,PI,ETA,EMP_000001,ZIPAQUIRA,NO,NO,SI,NO,NO
44453,M,20 a 35 años,Entre 1 y 1.5 SMLV,SIGMA,CHI,TAU,XI,EMP_000002,,NO,NO,SI,NO,NO
44503,M,20 a 35 años,Entre 1 y 1.5 SMLV,SIGMA,LAMBDA,TAU,XI,EMP_000002,BOGOTA D.C.,NO,NO,SI,NO,NO
44553,M,20 a 35 años,Entre 1 y 1.5 SMLV,SIGMA,LAMBDA,ETA,XI,EMP_000002,,NO,NO,SI,NO,NO
44603,F,20 a 35 años,Entre 4 y 6 SMLV,ZETA,LAMBDA,ETA,DELTA,EMP_000001,,NO,NO,SI,NO,NO
44653,F,20 a 35 años,Entre 4 y 6 SMLV,ZETA,CHI,PI,UPSILON,EMP_000001,,NO,NO,SI,NO,NO
44703,F,36 a 45 años,Entre 1 y 1.5 SMLV,SIGMA,LAMBDA,TAU,ETA,EMP_000001,BOGOTA D.C.,NO,NO,SI,NO,NO
44753,M,20 a 35 años,Entre 1 y 1.5 SMLV,SIGMA,RHO,TAU,UPSILON,EMP_000001,,NO,NO,SI,NO,NO
44803,M,Mayor de 55 años,Entre 2.5 y 3 SMLV,PI,EPSILON,PI,XI,EMP_000002,,NO,NO,SI,NO,NO
44853,M,36 a 45 años,Entre 1.5 y 2 SMLV,SIGMA,EPSILON,PI,XI,EMP_000002,BOGOTA D.C.,NO,NO,SI,NO,NO
44903,F,20 a 35 años,Entre 4 y 6 SMLV,ZETA,LAMBDA,ETA,XI,EMP_000002,BOGOTA D.C.,NO,NO,SI,NO,NO
44953,M,36 a 45 años,Entre 1.5 y 2 SMLV,SIGMA,EPSILON,PI,ETA,EMP_000001,SOACHA,NO,NO,SI,NO,NO
45003,F,20 a 35 años,Entre 4 y 6 SMLV,ZETA,LAMBDA,ETA,UPSILON,EMP_000001,BOGOTA D.C.,NO,NO,SI,NO,NO
45053,M,20 a 35 años,Entre 2.5 y 3 SMLV,PI,LAMBDA,ETA,XI,EMP_000002,,NO,NO,SI,NO,NO
45103,M,20 a 35 años,Entre 1.5 y 2 SMLV,SIGMA,LAMBDA,ETA,XI,EMP_000002,BOGOTA D.C.,NO,NO,SI,NO,NO
45153,M,36 a 45 años,Entre 1 y 1.5 SMLV,SIGMA,RHO,TAU,OMEGA,EMP_000001,TOCAIMA,NO,NO,SI,NO,NO
45203,M,36 a 45 años,Entre 4 y 6 SMLV,ZETA,LAMBDA,ETA,XI,EMP_000002,,NO,NO,SI,NO,NO
45253,F,20 a 35 años,Entre 3 y 4 SMLV,PI,LAMBDA,ETA,UPSILON,EMP_000001,BOGOTA D.C.,NO,NO,SI,NO,NO
45303,F,20 a 35 años,Entre 2 y 2.5 SMLV,PI,LAMBDA,ETA,XI,EMP_000002,BOGOTA D.C.,NO,NO,SI,NO,NO
45353,F,36 a 45 años,Entre 4 y 6 SMLV,ZETA,RHO,PI,ETA,EMP_000001,BOGOTA D.C.,NO,NO,SI,NO,NO
45403,F,20 a 35 años,Entre 1 y 1.5 SMLV,SIGMA,EPSILON,TAU,DELTA,EMP_000001,BOGOTA D.C.,NO,NO,SI,NO,NO
45453,F,20 a 35 años,Entre 3 y 4 SMLV,PI,RHO,PI,XI,EMP_000002,,NO,NO,SI,NO,NO
45503,M,20 a 35 años,Entre 1 y 1.5 SMLV,SIGMA,LAMBDA,TAU,ETA,EMP_000001,BOGOTA D.C.,NO,NO,SI,NO,NO
45553,M,20 a 35 años,Menor al SMLV,SIGMA,LAMBDA,ETA,ETA,EMP_000001,,NO,NO,SI,NO,NO
45603,M,36 a 45 años,Entre 2.5 y 3 SMLV,PI,RHO,PI,DELTA,EMP_000001,BOGOTA D.C.,NO,NO,SI,NO,NO
45653,F,36 a 45 años,Entre 2.5 y 3 SMLV,PI,RHO,PI,UPSILON,EMP_000001,BOGOTA D.C.,NO,NO,SI,NO,NO
45703,F,20 a 35 años,Entre 1 y 1.5 SMLV,SIGMA,LAMBDA,ETA,XI,EMP_000002,,NO,NO,SI,NO,NO
45753,F,20 a 35 años,Entre 1.5 y 2 SMLV,SIGMA,LAMBDA,ETA,UPSILON,EMP_000001,,NO,NO,SI,NO,NO
45803,F,36 a 45 años,Entre 1 y 1.5 SMLV,SIGMA,EPSILON,TAU,ETA,EMP_000001,,NO,NO,SI,NO,NO
45853,F,20 a 35 años,Entre 3 y 4 SMLV,PI,RHO,PI,UPSILON,EMP_000001,,NO,NO,SI,NO,NO
45903,F,20 a 35 años,Entre 1 y 1.5 SMLV,SIGMA,RHO,PI,UPSILON,EMP_000001,BOGOTA D.C.,NO,NO,SI,NO,NO
45953,M,20 a 35 años,Entre 1.5 y 2 SMLV,SIGMA,RHO,PI,DELTA,EMP_000001,,NO,NO,SI,NO,NO
46003,F,20 a 35 años,Entre 1 y 1.5 SMLV,SIGMA,RHO,TAU,UPSILON,EMP_000001,SOACHA,NO,NO,SI,NO,NO
46053,M,20 a 35 años,,MU,THETA,OMEGA,OMICRON,EMP_000001,,NO,NO,SI,NO,NO
46103,M,20 a 35 años,Entre 1 y 1.5 SMLV,SIGMA,LAMBDA,TAU,ETA,EMP_000001,BOGOTA D.C.,NO,NO,SI,NO,NO
46153,F,20 a 35 años,Entre 1 y 1.5 SMLV,SIGMA,LAMBDA,TAU,XI,EMP_000002,BOGOTA D.C.,NO,NO,SI,NO,NO
46203,M,36 a 45 años,Entre 1 y 1.5 SMLV,SIGMA,LAMBDA,PI,UPSILON,EMP_000001,,NO,NO,SI,NO,NO
46253,F,36 a 45 años,Entre 2.5 y 3 SMLV,PI,RHO,PI,XI,EMP_000002,FACATATIVA,NO,NO,SI,NO,NO
46303,M,36 a 45 años,Entre 2 y 2.5 SMLV,PI,LAMBDA,PI,XI,EMP_000002,BOGOTA D.C.,NO,NO,SI,NO,NO
46353,M,20 a 35 años,Entre 4 y 6 SMLV,ZETA,LAMBDA,ETA,UPSILON,EMP_000001,BOGOTA D.C.,NO,NO,SI,NO,NO
46403,M,36 a 45 años,Entre 6 y 8 SMLV,ZETA,LAMBDA,ETA,ETA,EMP_000001,BOGOTA D.C.,NO,NO,SI,NO,NO
46453,F,36 a 45 años,Entre 1.5 y 2 SMLV,SIGMA,RHO,PI,ETA,EMP_000001,,NO,NO,SI,NO,NO
46503,F,36 a 45 años,Entre 1 y 1.5 SMLV,SIGMA,RHO,TAU,XI,EMP_000002,BOGOTA D.C.,NO,NO,SI,NO,NO
46553,F,20 a 35 años,Entre 1.5 y 2 SMLV,SIGMA,LAMBDA,ETA,XI,EMP_000002,BOGOTA D.C.,NO,NO,SI,NO,NO
46603,F,36 a 45 años,Entre 1 y 1.5 SMLV,SIGMA,RHO,TAU,ETA,EMP_000001,,NO,NO,SI,NO,NO
46653,F,20 a 35 años,Entre 1 y 1.5 SMLV,SIGMA,RHO,TAU,ETA,EMP_000001,,NO,NO,SI,NO,NO
46703,M,36 a 45 años,Menor al SMLV,SIGMA,EPSILON,TAU,ETA,EMP_000001,,NO,NO,SI,NO,NO
46753,F,36 a 45 años,Entre 1 y 1.5 SMLV,SIGMA,EPSILON,TAU,ETA,EMP_000001,BOGOTA D.C.,NO,NO,SI,NO,NO
46803,F,20 a 35 años,Entre 3 y 4 SMLV,PI,LAMBDA,ETA,UPSILON,EMP_000001,FUNZA,NO,NO,SI,NO,NO
46853,F,36 a 45 años,Entre 2.5 y 3 SMLV,PI,EPSILON,PI,ETA,EMP_000001,BOGOTA D.C.,NO,NO,SI,NO,NO
46903,F,20 a 35 años,Entre 1.5 y 2 SMLV,PI,LAMBDA,ETA,XI,EMP_000002,,NO,NO,SI,NO,NO
46953,M,20 a 35 años,Entre 1 y 1.5 SMLV,SIGMA,LAMBDA,ETA,XI,EMP_000001,BOGOTA D.C.,NO,NO,SI,NO,NO
47003,M,20 a 35 años,Entre 2 y 2.5 SMLV,PI,LAMBDA,ETA,UPSILON,EMP_000001,BOGOTA D.C.,NO,NO,SI,NO,NO
47053,F,36 a 45 años,Entre 3 y 4 SMLV,PI,RHO,PI,XI,EMP_000002,BOGOTA D.C.,NO,NO,SI,NO,NO
47103,M,20 a 35 años,Entre 3 y 4 SMLV,PI,RHO,PI,ETA,EMP_000001,,NO,NO,SI,NO,NO
47153,M,36 a 45 años,Entre 1 y 1.5 SMLV,SIGMA,LAMBDA,TAU,ETA,EMP_000001,,NO,NO,SI,NO,NO
47203,F,20 a 35 años,Entre 1 y 1.5 SMLV,SIGMA,RHO,TAU,UPSILON,EMP_000001,,NO,NO,SI,NO,NO
47253,M,20 a 35 años,Entre 10 y 20 SMLV,ZETA,LAMBDA,ETA,XI,EMP_000002,,NO,NO,SI,NO,NO
47303,M,36 a 45 años,Entre 1 y 1.5 SMLV,SIGMA,EPSILON,TAU,UPSILON,EMP_000001,SOACHA,NO,NO,SI,NO,NO
47353,F,20 a 35 años,Entre 1.5 y 2 SMLV,SIGMA,LAMBDA,ETA,OMEGA,EMP_000001,,NO,NO,SI,NO,NO
47403,M,36 a 45 años,Entre 1 y 1.5 SMLV,SIGMA,LAMBDA,PI,XI,EMP_000002,BOGOTA D.C.,NO,NO,SI,NO,NO
47453,F,20 a 35 años,Entre 1 y 1.5 SMLV,PI,LAMBDA,TAU,LAMBDA,EMP_000001,,NO,NO,SI,NO,NO
47503,M,20 a 35 años,Entre 1 y 1.5 SMLV,SIGMA,RHO,PI,XI,EMP_000002,BOGOTA D.C.,NO,NO,SI,NO,NO
47553,F,36 a 45 años,Entre 3 y 4 SMLV,PI,LAMBDA,ETA,XI,EMP_000002,,NO,NO,SI,NO,NO
47603,M,20 a 35 años,Entre 1 y 1.5 SMLV,SIGMA,RHO,TAU,UPSILON,EMP_000001,BOGOTA D.C.,NO,NO,SI,NO,NO
47653,F,20 a 35 años,Entre 4 y 6 SMLV,ZETA,LAMBDA,ETA,DELTA,EMP_000001,BOGOTA D.C.,NO,NO,SI,NO,NO
47703,F,20 a 35 años,Entre 1 y 1.5 SMLV,SIGMA,CHI,TAU,OMEGA,EMP_000001,,NO,NO,SI,NO,NO
47753,M,20 a 35 años,Entre 1.5 y 2 SMLV,SIGMA,RHO,PI,ETA,EMP_000001,,NO,NO,SI,NO,NO
47803,F,20 a 35 años,Entre 2 y 2.5 SMLV,PI,RHO,PI,ETA,EMP_000001,,NO,NO,SI,NO,NO
47853,F,20 a 35 años,Entre 4 y 6 SMLV,ZETA,RHO,PI,XI,EMP_000002,BOGOTA D.C.,NO,NO,SI,NO,NO
47903,F,36 a 45 años,Entre 2 y 2.5 SMLV,PI,RHO,PI,XI,EMP_000002,BOGOTA D.C.,NO,NO,SI,NO,NO
47953,M,36 a 45 años,Entre 2 y 2.5 SMLV,PI,EPSILON,PI,UPSILON,EMP_000001,BOGOTA D.C.,NO,NO,SI,NO,NO
48003,F,36 a 45 años,Entre 1 y 1.5 SMLV,SIGMA,LAMBDA,ETA,ETA,EMP_000001,,NO,NO,SI,NO,NO
48053,F,20 a 35 años,Entre 1 y 1.5 SMLV,PI,RHO,TAU,LAMBDA,EMP_000001,BOGOTA D.C.,NO,NO,SI,NO,NO
48103,F,36 a 45 años,Entre 1 y 1.5 SMLV,SIGMA,LAMBDA,TAU,ETA,EMP_000001,,NO,NO,SI,NO,NO
48153,M,36 a 45 años,Entre 4 y 6 SMLV,ZETA,LAMBDA,ETA,UPSILON,EMP_000001,,NO,NO,SI,NO,NO
48203,F,20 a 35 años,Entre 1 y 1.5 SMLV,SIGMA,LAMBDA,TAU,DELTA,EMP_000001,,NO,NO,SI,NO,NO
48253,F,20 a 35 años,Entre 1.5 y 2 SMLV,SIGMA,LAMBDA,ETA,XI,EMP_000001,,NO,NO,SI,NO,NO
48303,F,20 a 35 años,Entre 3 y 4 SMLV,PI,LAMBDA,ETA,ETA,EMP_000001,,NO,NO,SI,NO,NO
48353,F,20 a 35 años,Entre 1.5 y 2 SMLV,SIGMA,RHO,PI,XI,EMP_000001,SAN FRANCISCO,NO,NO,SI,NO,NO
48403,F,20 a 35 años,Entre 3 y 4 SMLV,PI,LAMBDA,ETA,UPSILON,EMP_000001,,NO,NO,SI,NO,NO
48453,F,20 a 35 años,Entre 1 y 1.5 SMLV,SIGMA,LAMBDA,TAU,ETA,EMP_000001,,NO,NO,SI,NO,NO
48503,F,20 a 35 años,Entre 1 y 1.5 SMLV,SIGMA,LAMBDA,TAU,XI,EMP_000002,BOGOTA D.C.,NO,NO,SI,NO,NO
48553,F,20 a 35 años,Entre 1 y 1.5 SMLV,SIGMA,LAMBDA,TAU,UPSILON,EMP_000001,,NO,NO,SI,NO,NO
48603,F,20 a 35 años,Entre 1 y 1.5 SMLV,SIGMA,LAMBDA,ETA,UPSILON,EMP_000001,,NO,NO,SI,NO,NO
48653,M,20 a 35 años,Entre 1.5 y 2 SMLV,SIGMA,LAMBDA,ETA,XI,EMP_000002,,NO,NO,SI,NO,NO
48703,M,20 a 35 años,Entre 1 y 1.5 SMLV,SIGMA,RHO,TAU,ETA,EMP_000001,BOGOTA D.C.,NO,NO,SI,NO,NO
48753,M,20 a 35 años,Entre 1 y 1.5 SMLV,SIGMA,LAMBDA,TAU,ETA,EMP_000001,,NO,NO,SI,NO,NO
48803,M,20 a 35 años,Entre 1.5 y 2 SMLV,SIGMA,LAMBDA,ETA,ETA,EMP_000001,BOGOTA D.C.,NO,NO,SI,NO,NO
48853,F,20 a 35 años,Entre 1 y 1.5 SMLV,PI,RHO,TAU,LAMBDA,EMP_000001,,NO,NO,SI,NO,NO
48903,F,36 a 45 años,Entre 3 y 4 SMLV,PI,LAMBDA,ETA,UPSILON,EMP_000002,,NO,NO,SI,NO,NO
48953,F,36 a 45 años,Entre 10 y 20 SMLV,ZETA,RHO,PI,XI,EMP_000002,,NO,NO,SI,NO,NO
49003,F,20 a 35 años,Entre 1 y 1.5 SMLV,SIGMA,LAMBDA,ETA,XI,EMP_000002,,NO,NO,SI,NO,NO
49053,F,36 a 45 años,Entre 3 y 4 SMLV,PI,RHO,PI,ETA,EMP_000001,BOGOTA D.C.,NO,NO,SI,NO,NO
49103,F,20 a 35 años,Entre 4 y 6 SMLV,ZETA,LAMBDA,ETA,OMEGA,EMP_000001,,NO,NO,SI,NO,NO
49153,F,36 a 45 años,Entre 1 y 1.5 SMLV,SIGMA,LAMBDA,ETA,XI,EMP_000002,,NO,NO,SI,NO,NO
49203,M,20 a 35 años,Entre 1 y 1.5 SMLV,SIGMA,LAMBDA,TAU,ETA,EMP_000001,,NO,NO,SI,NO,NO
49253,F,36 a 45 años,Entre 2 y 2.5 SMLV,PI,RHO,PI,ETA,EMP_000001,BOGOTA D.C.,NO,NO,SI,NO,NO
49303,F,20 a 35 años,Entre 3 y 4 SMLV,PI,LAMBDA,ETA,UPSILON,EMP_000001,,NO,NO,SI,NO,NO
49353,F,Mayor de 55 años,Entre 4 y 6 SMLV,ZETA,LAMBDA,PI,XI,EMP_000002,BOGOTA D.C.,NO,NO,SI,NO,NO
49403,M,36 a 45 años,Entre 6 y 8 SMLV,ZETA,LAMBDA,ETA,ETA,EMP_000001,,NO,NO,SI,NO,NO
49453,F,20 a 35 años,Entre 1 y 1.5 SMLV,SIGMA,RHO,PI,XI,EMP_000002,CAJICA,NO,NO,SI,NO,NO
49503,F,20 a 35 años,Entre 2.5 y 3 SMLV,PI,LAMBDA,ETA,XI,EMP_000002,BOGOTA D.C.,NO,NO,SI,NO,NO
49553,M,36 a 45 años,Entre 3 y 4 SMLV,PI,IOTA,PI,XI,EMP_000002,,NO,NO,SI,NO,NO
49603,F,36 a 45 años,Entre 1 y 1.5 SMLV,SIGMA,EPSILON,TAU,ETA,EMP_000001,FUSAGASUGA,NO,NO,SI,NO,NO
49653,F,20 a 35 años,Entre 3 y 4 SMLV,PI,LAMBDA,ETA,DELTA,EMP_000001,,NO,NO,SI,NO,NO
49703,F,20 a 35 años,Entre 4 y 6 SMLV,ZETA,LAMBDA,ETA,UPSILON,EMP_000001,BOGOTA D.C.,NO,NO,SI,NO,NO
49753,M,36 a 45 años,Entre 1 y 1.5 SMLV,SIGMA,LAMBDA,PI,BETA,EMP_000001,,NO,NO,SI,NO,NO
49803,M,20 a 35 años,Entre 1 y 1.5 SMLV,PI,LAMBDA,TAU,LAMBDA,EMP_000001,BOGOTA D.C.,NO,NO,SI,NO,NO
49853,F,36 a 45 años,Entre 1 y 1.5 SMLV,SIGMA,EPSILON,TAU,ETA,EMP_000001,MADRID,NO,NO,SI,NO,NO
49903,M,20 a 35 años,Entre 1 y 1.5 SMLV,SIGMA,LAMBDA,ETA,XI,EMP_000002,BOGOTA D.C.,NO,NO,SI,NO,NO
49953,F,20 a 35 años,Entre 1.5 y 2 SMLV,SIGMA,LAMBDA,ETA,UPSILON,EMP_000002,,NO,NO,SI,NO,NO
50003,F,20 a 35 años,Entre 1.5 y 2 SMLV,SIGMA,LAMBDA,ETA,XI,EMP_000002,,NO,NO,SI,NO,NO
50053,M,20 a 35 años,Entre 1 y 1.5 SMLV,SIGMA,LAMBDA,ETA,UPSILON,EMP_000001,,NO,NO,SI,NO,NO
50103,M,36 a 45 años,Entre 2 y 2.5 SMLV,PI,LAMBDA,ETA,ETA,EMP_000001,BOGOTA D.C.,NO,NO,SI,NO,NO
50153,M,20 a 35 años,Entre 1.5 y 2 SMLV,SIGMA,RHO,PI,UPSILON,EMP_000001,,NO,NO,SI,NO,NO
50203,F,36 a 45 años,Entre 6 y 8 SMLV,ZETA,LAMBDA,ETA,XI,EMP_000001,,NO,NO,SI,NO,NO
50253,F,20 a 35 años,Entre 1 y 1.5 SMLV,SIGMA,LAMBDA,ETA,UPSILON,EMP_000001,,NO,NO,SI,NO,NO
50303,F,20 a 35 años,Entre 1 y 1.5 SMLV,SIGMA,LAMBDA,ETA,DELTA,EMP_000001,,NO,NO,SI,NO,NO
50353,F,20 a 35 años,Entre 3 y 4 SMLV,PI,RHO,PI,XI,EMP_000002,BOGOTA D.C.,NO,NO,SI,NO,NO
50403,M,20 a 35 años,Entre 4 y 6 SMLV,ZETA,LAMBDA,ETA,UPSILON,EMP_000001,,NO,NO,SI,NO,NO
50453,M,36 a 45 años,Entre 1 y 1.5 SMLV,SIGMA,EPSILON,PI,ETA,EMP_000001,,NO,NO,SI,NO,NO
50503,F,20 a 35 años,Entre 1 y 1.5 SMLV,SIGMA,RHO,TAU,ETA,EMP_000001,,NO,NO,SI,NO,NO
50553,F,20 a 35 años,Entre 2 y 2.5 SMLV,PI,LAMBDA,ETA,DELTA,EMP_000001,,NO,NO,SI,NO,NO
50603,M,20 a 35 años,Entre 1 y 1.5 SMLV,SIGMA,LAMBDA,ETA,OMEGA,EMP_000001,,NO,NO,SI,NO,NO
50653,M,20 a 35 años,Entre 1 y 1.5 SMLV,SIGMA,LAMBDA,ETA,UPSILON,EMP_000001,,NO,NO,SI,NO,NO
50703,F,20 a 35 años,Entre 3 y 4 SMLV,PI,LAMBDA,ETA,XI,EMP_000001,,NO,NO,SI,NO,NO
50753,F,36 a 45 años,Entre 1 y 1.5 SMLV,SIGMA,RHO,TAU,ETA,EMP_000001,BARRANQUILLA,NO,NO,SI,NO,NO
50803,F,36 a 45 años,Entre 2 y 2.5 SMLV,PI,LAMBDA,ETA,XI,EMP_000002,,NO,NO,SI,NO,NO
50853,M,36 a 45 años,Entre 1 y 1.5 SMLV,SIGMA,RHO,TAU,UPSILON,EMP_000001,,NO,NO,SI,NO,NO
50903,F,20 a 35 años,Entre 1 y 1.5 SMLV,SIGMA,LAMBDA,ETA,UPSILON,EMP_000001,,NO,NO,SI,NO,NO
50953,F,20 a 35 años,Entre 4 y 6 SMLV,ZETA,LAMBDA,ETA,XI,EMP_000002,,NO,NO,SI,NO,NO
51003,F,20 a 35 años,Entre 1 y 1.5 SMLV,SIGMA,LAMBDA,TAU,UPSILON,EMP_000001,,NO,NO,SI,NO,NO
51053,M,20 a 35 años,Entre 1.5 y 2 SMLV,SIGMA,EPSILON,PI,UPSILON,EMP_000001,SOACHA,NO,NO,SI,NO,NO
51103,F,20 a 35 años,Entre 1 y 1.5 SMLV,SIGMA,LAMBDA,ETA,PSI,EMP_000001,,NO,NO,SI,NO,NO
51153,F,20 a 35 años,Entre 2 y 2.5 SMLV,PI,LAMBDA,ETA,XI,EMP_000002,BOGOTA D.C.,NO,NO,SI,NO,NO
51203,F,20 a 35 años,Entre 2 y 2.5 SMLV,PI,RHO,PI,XI,EMP_000002,,NO,NO,SI,NO,NO
51253,M,20 a 35 años,Entre 1 y 1.5 SMLV,SIGMA,LAMBDA,ETA,XI,EMP_000002,,NO,NO,SI,NO,NO
51303,M,36 a 45 años,Entre 1.5 y 2 SMLV,PI,RHO,PI,DELTA,EMP_000001,MOSQUERA,NO,NO,SI,NO,NO
51353,M,36 a 45 años,Entre 6 y 8 SMLV,ZETA,LAMBDA,PI,ETA,EMP_000001,BOGOTA D.C.,NO,NO,SI,NO,NO
51403,F,36 a 45 años,Entre 4 y 6 SMLV,ZETA,LAMBDA,PI,XI,EMP_000001,FUSAGASUGA,NO,NO,SI,NO,NO
51453,M,20 a 35 años,Entre 2 y 2.5 SMLV,PI,LAMBDA,ETA,DELTA,EMP_000001,,NO,NO,SI,NO,NO
51503,F,20 a 35 años,Entre 1 y 1.5 SMLV,SIGMA,RHO,TAU,DELTA,EMP_000001,,NO,NO,SI,NO,NO
51553,F,20 a 35 años,Entre 3 y 4 SMLV,ZETA,LAMBDA,ETA,UPSILON,EMP_000001,BOGOTA D.C.,NO,NO,SI,NO,NO
51603,F,20 a 35 años,Entre 1 y 1.5 SMLV,SIGMA,RHO,TAU,UPSILON,EMP_000001,BOGOTA D.C.,NO,NO,SI,NO,NO
51653,M,20 a 35 años,Entre 2 y 2.5 SMLV,PI,IOTA,PI,UPSILON,EMP_000001,,NO,NO,SI,NO,NO
51703,F,36 a 45 años,Entre 1 y 1.5 SMLV,SIGMA,RHO,PI,XI,EMP_000002,,NO,NO,SI,NO,NO
51753,F,36 a 45 años,Entre 1.5 y 2 SMLV,PI,RHO,PI,LAMBDA,EMP_000001,BOGOTA D.C.,NO,NO,SI,NO,NO
51803,M,20 a 35 años,Entre 1.5 y 2 SMLV,SIGMA,LAMBDA,ETA,XI,EMP_000002,,NO,NO,SI,NO,NO
51853,F,20 a 35 años,Entre 1.5 y 2 SMLV,SIGMA,RHO,PI,UPSILON,EMP_000001,MADRID,NO,NO,SI,NO,NO
51903,F,20 a 35 años,Entre 1 y 1.5 SMLV,SIGMA,RHO,TAU,ETA,EMP_000001,BOGOTA D.C.,NO,NO,SI,NO,NO
51953,F,20 a 35 años,Entre 3 y 4 SMLV,PI,LAMBDA,ETA,XI,EMP_000001,,NO,NO,SI,NO,NO
52003,F,20 a 35 años,Entre 1 y 1.5 SMLV,SIGMA,RHO,TAU,ETA,EMP_000001,,NO,NO,SI,NO,NO
52053,F,36 a 45 años,Entre 2.5 y 3 SMLV,PI,LAMBDA,ETA,UPSILON,EMP_000001,,NO,NO,SI,NO,NO
52103,F,20 a 35 años,Entre 1 y 1.5 SMLV,SIGMA,RHO,TAU,ETA,EMP_000001,,NO,NO,SI,NO,NO
52153,M,36 a 45 años,Entre 10 y 20 SMLV,ZETA,LAMBDA,ETA,XI,EMP_000002,,NO,NO,SI,NO,NO
52203,M,20 a 35 años,Entre 1 y 1.5 SMLV,SIGMA,LAMBDA,ETA,UPSILON,EMP_000001,,NO,NO,SI,NO,NO
52253,F,36 a 45 años,Entre 1 y 1.5 SMLV,SIGMA,RHO,PI,ETA,EMP_000001,BOGOTA D.C.,NO,NO,SI,NO,NO
52303,F,36 a 45 años,Entre 1 y 1.5 SMLV,SIGMA,LAMBDA,PI,OMEGA,EMP_000001,,NO,NO,SI,NO,NO
52353,M,20 a 35 años,Entre 2 y 2.5 SMLV,PI,LAMBDA,ETA,ETA,EMP_000001,,NO,NO,SI,NO,NO
52403,M,20 a 35 años,Entre 1.5 y 2 SMLV,PI,RHO,PI,DELTA,EMP_000001,BOGOTA D.C.,NO,NO,SI,NO,NO
52453,F,36 a 45 años,Entre 1 y 1.5 SMLV,SIGMA,RHO,TAU,ETA,EMP_000001,,NO,NO,SI,NO,NO
52503,F,36 a 45 años,Entre 1 y 1.5 SMLV,SIGMA,CHI,PI,UPSILON,EMP_000001,,NO,NO,SI,NO,NO
52553,F,20 a 35 años,Entre 1.5 y 2 SMLV,SIGMA,LAMBDA,ETA,XI,EMP_000001,BOGOTA D.C.,NO,NO,SI,NO,NO
52603,M,20 a 35 años,Entre 2 y 2.5 SMLV,PI,CHI,PI,UPSILON,EMP_000001,BOGOTA D.C.,NO,NO,SI,NO,NO
52653,M,20 a 35 años,Entre 8 y 10 SMLV,ZETA,LAMBDA,ETA,XI,EMP_000002,,NO,NO,SI,NO,NO
52703,F,36 a 45 años,Entre 10 y 20 SMLV,ZETA,RHO,PI,ETA,EMP_000001,,NO,NO,SI,NO,NO
52753,F,20 a 35 años,Entre 2 y 2.5 SMLV,PI,RHO,PI,LAMBDA,EMP_000001,,NO,NO,SI,NO,NO
52803,M,20 a 35 años,Entre 1 y 1.5 SMLV,SIGMA,LAMBDA,TAU,ETA,EMP_000001,BOGOTA D.C.,NO,NO,SI,NO,NO
52853,F,20 a 35 años,Entre 1 y 1.5 SMLV,SIGMA,LAMBDA,TAU,ETA,EMP_000001,BOGOTA D.C.,NO,NO,SI,NO,NO
52903,F,20 a 35 años,Entre 1 y 1.5 SMLV,SIGMA,RHO,PI,XI,EMP_000001,BOGOTA D.C.,NO,NO,SI,NO,NO
52953,M,20 a 35 años,Entre 1 y 1.5 SMLV,SIGMA,LAMBDA,ETA,UPSILON,EMP_000001,,NO,NO,SI,NO,NO
53003,F,20 a 35 años,Entre 1 y 1.5 SMLV,SIGMA,LAMBDA,ETA,XI,EMP_000002,,NO,NO,SI,NO,NO
53053,M,20 a 35 años,Menor al SMLV,SIGMA,LAMBDA,TAU,XI,EMP_000002,,NO,NO,SI,NO,NO
53103,M,20 a 35 años,Entre 1 y 1.5 SMLV,SIGMA,LAMBDA,TAU,ETA,EMP_000001,,NO,NO,SI,NO,NO
53153,F,20 a 35 años,Entre 1.5 y 2 SMLV,SIGMA,LAMBDA,ETA,ETA,EMP_000001,BOGOTA D.C.,NO,NO,SI,NO,NO
53203,F,20 a 35 años,,MU,THETA,OMEGA,OMICRON,EMP_000001,,NO,NO,SI,NO,NO
53253,F,20 a 35 años,Entre 1 y 1.5 SMLV,SIGMA,RHO,TAU,ETA,EMP_000001,BOGOTA D.C.,NO,NO,SI,NO,NO
53303,F,20 a 35 años,Menor al SMLV,SIGMA,LAMBDA,TAU,DELTA,EMP_000001,,NO,NO,SI,NO,NO
53353,F,20 a 35 años,Entre 1 y 1.5 SMLV,SIGMA,RHO,PI,XI,EMP_000002,MADRID,NO,NO,SI,NO,NO
53403,M,36 a 45 años,Entre 3 y 4 SMLV,PI,LAMBDA,PI,XI,EMP_000002,BOGOTA D.C.,NO,NO,SI,NO,NO
53453,F,36 a 45 años,Entre 8 y 10 SMLV,ZETA,LAMBDA,ETA,ETA,EMP_000001,BOGOTA D.C.,NO,NO,SI,NO,NO
53503,F,36 a 45 años,Entre 1 y 1.5 SMLV,SIGMA,RHO,TAU,XI,EMP_000002,BOGOTA D.C.,NO,NO,SI,NO,NO
53553,M,36 a 45 años,Entre 6 y 8 SMLV,ZETA,LAMBDA,ETA,XI,EMP_000002,BOGOTA D.C.,NO,NO,SI,NO,NO
53603,F,36 a 45 años,Entre 1 y 1.5 SMLV,SIGMA,RHO,PI,ETA,EMP_000001,BOGOTA D.C.,NO,NO,SI,NO,NO
53653,F,36 a 45 años,Menor al SMLV,SIGMA,RHO,TAU,XI,EMP_000002,,NO,NO,SI,NO,NO
53703,M,20 a 35 años,Entre 3 y 4 SMLV,PI,LAMBDA,ETA,XI,EMP_000001,BOGOTA D.C.,NO,NO,SI,NO,NO
53753,M,20 a 35 años,Entre 1 y 1.5 SMLV,SIGMA,EPSILON,TAU,ETA,EMP_000001,,NO,NO,SI,NO,NO
53803,F,20 a 35 años,Entre 8 y 10 SMLV,ZETA,LAMBDA,ETA,XI,EMP_000002,,NO,NO,SI,NO,NO
53853,M,20 a 35 años,Entre 6 y 8 SMLV,ZETA,LAMBDA,ETA,XI,EMP_000002,BOGOTA D.C.,NO,NO,SI,NO,NO
53903,F,20 a 35 años,Entre 1 y 1.5 SMLV,SIGMA,EPSILON,TAU,ETA,EMP_000001,BOGOTA D.C.,NO,NO,SI,NO,NO
53953,F,36 a 45 años,Entre 1 y 1.5 SMLV,SIGMA,LAMBDA,ETA,ETA,EMP_000001,BOGOTA D.C.,NO,NO,SI,NO,NO
54003,F,20 a 35 años,Entre 1 y 1.5 SMLV,SIGMA,LAMBDA,ETA,XI,EMP_000002,,NO,NO,SI,NO,NO
54053,M,20 a 35 años,Entre 1 y 1.5 SMLV,SIGMA,RHO,TAU,XI,EMP_000002,BOGOTA D.C.,NO,NO,SI,NO,NO
54103,M,20 a 35 años,Entre 3 y 4 SMLV,PI,IOTA,PI,ETA,EMP_000001,,NO,NO,SI,NO,NO
54153,F,20 a 35 años,Entre 10 y 20 SMLV,ZETA,LAMBDA,ETA,DELTA,EMP_000001,,NO,NO,SI,NO,NO
54203,F,20 a 35 años,Entre 1 y 1.5 SMLV,SIGMA,RHO,TAU,DELTA,EMP_000001,BOGOTA D.C.,NO,NO,SI,NO,NO
54253,F,20 a 35 años,Entre 1 y 1.5 SMLV,SIGMA,IOTA,PI,BETA,EMP_000001,,NO,NO,SI,NO,NO
54303,M,20 a 35 años,Entre 1 y 1.5 SMLV,SIGMA,LAMBDA,TAU,UPSILON,EMP_000001,,NO,NO,SI,NO,NO
54353,F,20 a 35 años,Entre 1 y 1.5 SMLV,PI,LAMBDA,ETA,LAMBDA,EMP_000001,CHIA,NO,NO,SI,NO,NO
54403,F,20 a 35 años,Entre 1.5 y 2 SMLV,PI,LAMBDA,ETA,XI,EMP_000002,,NO,NO,SI,NO,NO
54453,F,20 a 35 años,Entre 1 y 1.5 SMLV,SIGMA,RHO,PI,UPSILON,EMP_000001,,NO,NO,SI,NO,NO
54503,F,36 a 45 años,Entre 1 y 1.5 SMLV,SIGMA,RHO,TAU,UPSILON,EMP_000001,BOGOTA D.C.,NO,NO,SI,NO,NO
54553,F,20 a 35 años,Entre 1 y 1.5 SMLV,SIGMA,RHO,TAU,XI,EMP_000002,BOGOTA D.C.,NO,NO,SI,NO,NO
54603,F,36 a 45 años,Entre 6 y 8 SMLV,ZETA,LAMBDA,ETA,UPSILON,EMP_000002,,NO,NO,SI,NO,NO
54653,F,20 a 35 años,Entre 1 y 1.5 SMLV,SIGMA,LAMBDA,TAU,UPSILON,EMP_000001,,NO,NO,SI,NO,NO
54703,F,20 a 35 años,Entre 1 y 1.5 SMLV,SIGMA,LAMBDA,ETA,DELTA,EMP_000001,,NO,NO,SI,NO,NO
54753,F,20 a 35 años,Entre 2 y 2.5 SMLV,PI,LAMBDA,ETA,DELTA,EMP_000001,,NO,NO,SI,NO,NO
54803,F,20 a 35 años,Entre 2 y 2.5 SMLV,PI,LAMBDA,ETA,UPSILON,EMP_000001,,NO,NO,SI,NO,NO
54853,F,20 a 35 años,Entre 1.5 y 2 SMLV,SIGMA,LAMBDA,ETA,PSI,EMP_000001,,NO,NO,SI,NO,NO
54903,M,20 a 35 años,Entre 1 y 1.5 SMLV,SIGMA,LAMBDA,ETA,BETA,EMP_000001,,NO,NO,SI,NO,NO
54953,M,36 a 45 años,Entre 1 y 1.5 SMLV,SIGMA,RHO,PI,XI,EMP_000002,,NO,NO,SI,NO,NO
55003,F,20 a 35 años,Entre 1 y 1.5 SMLV,SIGMA,RHO,PI,XI,EMP_000002,,NO,NO,SI,NO,NO
55053,F,36 a 45 años,Entre 4 y 6 SMLV,ZETA,LAMBDA,ETA,ETA,EMP_000001,,NO,NO,SI,NO,NO
55103,F,20 a 35 años,Entre 1 y 1.5 SMLV,SIGMA,LAMBDA,ETA,ETA,EMP_000001,,NO,NO,SI,NO,NO
55153,M,20 a 35 años,Entre 1.5 y 2 SMLV,SIGMA,LAMBDA,ETA,UPSILON,EMP_000001,,NO,NO,SI,NO,NO
55203,M,20 a 35 años,Entre 1 y 1.5 SMLV,SIGMA,LAMBDA,ETA,DELTA,EMP_000001,,NO,NO,SI,NO,NO
55253,M,20 a 35 años,Entre 6 y 8 SMLV,ZETA,RHO,PI,UPSILON,EMP_000001,BOGOTA D.C.,NO,NO,SI,NO,NO
55303,M,20 a 35 años,Entre 1 y 1.5 SMLV,SIGMA,LAMBDA,ETA,ETA,EMP_000001,,NO,NO,SI,NO,NO
55353,M,46 a 55 años,Entre 2 y 2.5 SMLV,PI,LAMBDA,PI,ETA,EMP_000001,BOGOTA D.C.,NO,NO,SI,NO,NO
55403,M,36 a 45 años,Entre 1 y 1.5 SMLV,SIGMA,EPSILON,PI,OMEGA,EMP_000001,,NO,NO,SI,NO,NO
55453,F,20 a 35 años,Entre 1 y 1.5 SMLV,SIGMA,RHO,TAU,UPSILON,EMP_000001,,NO,NO,SI,NO,NO
55503,M,20 a 35 años,Entre 1 y 1.5 SMLV,SIGMA,EPSILON,TAU,ETA,EMP_000001,BOGOTA D.C.,NO,NO,SI,NO,NO
55553,F,36 a 45 años,Entre 2 y 2.5 SMLV,PI,EPSILON,PI,XI,EMP_000002,,NO,NO,SI,NO,NO
55603,F,20 a 35 años,Entre 1 y 1.5 SMLV,SIGMA,RHO,PI,DELTA,EMP_000001,SOACHA,NO,NO,SI,NO,NO
55653,F,20 a 35 años,Entre 2 y 2.5 SMLV,PI,EPSILON,PI,UPSILON,EMP_000001,,NO,NO,SI,NO,NO
55703,M,20 a 35 años,Entre 4 y 6 SMLV,ZETA,LAMBDA,ETA,DELTA,EMP_000001,,NO,NO,SI,NO,NO
55753,F,20 a 35 años,Entre 3 y 4 SMLV,PI,LAMBDA,ETA,XI,EMP_000002,,NO,NO,SI,NO,NO
55803,M,20 a 35 años,Entre 1.5 y 2 SMLV,SIGMA,LAMBDA,ETA,OMEGA,EMP_000001,,NO,NO,SI,NO,NO
55853,M,36 a 45 años,Entre 1 y 1.5 SMLV,PI,LAMBDA,TAU,LAMBDA,EMP_000001,,NO,NO,SI,NO,NO
55903,F,20 a 35 años,Entre 1 y 1.5 SMLV,SIGMA,LAMBDA,TAU,DELTA,EMP_000001,,NO,NO,SI,NO,NO
55953,M,20 a 35 años,Entre 2.5 y 3 SMLV,PI,LAMBDA,ETA,UPSILON,EMP_000001,BOGOTA D.C.,NO,NO,SI,NO,NO
56003,F,20 a 35 años,Entre 1.5 y 2 SMLV,SIGMA,LAMBDA,ETA,ETA,EMP_000001,,NO,NO,SI,NO,NO
56053,M,20 a 35 años,Entre 1 y 1.5 SMLV,SIGMA,LAMBDA,TAU,DELTA,EMP_000001,,NO,NO,SI,NO,NO
56103,F,20 a 35 años,Entre 1 y 1.5 SMLV,SIGMA,RHO,TAU,ETA,EMP_000001,,NO,NO,SI,NO,NO
56153,M,20 a 35 años,Entre 1.5 y 2 SMLV,SIGMA,LAMBDA,ETA,UPSILON,EMP_000001,,NO,NO,SI,NO,NO
56203,F,36 a 45 años,Entre 3 y 4 SMLV,PI,LAMBDA,ETA,XI,EMP_000002,BOGOTA D.C.,NO,NO,SI,NO,NO
56253,F,20 a 35 años,Entre 1 y 1.5 SMLV,SIGMA,LAMBDA,TAU,ETA,EMP_000001,BOGOTA D.C.,NO,NO,SI,NO,NO
56303,F,20 a 35 años,Entre 2 y 2.5 SMLV,PI,LAMBDA,ETA,DELTA,EMP_000001,BOGOTA D.C.,NO,NO,SI,NO,NO
56353,M,20 a 35 años,Entre 1 y 1.5 SMLV,SIGMA,IOTA,TAU,DELTA,EMP_000001,,NO,NO,SI,NO,NO
56403,F,36 a 45 años,Entre 8 y 10 SMLV,ZETA,LAMBDA,ETA,XI,EMP_000001,BOGOTA D.C.,NO,NO,SI,NO,NO
56453,M,20 a 35 años,Entre 2.5 y 3 SMLV,PI,LAMBDA,ETA,XI,EMP_000002,BOGOTA D.C.,NO,NO,SI,NO,NO
56503,F,Menor de 19 años,Entre 1 y 1.5 SMLV,SIGMA,LAMBDA,TAU,XI,EMP_000001,,NO,NO,SI,NO,NO
56553,F,20 a 35 años,Entre 4 y 6 SMLV,ZETA,CHI,PI,XI,EMP_000002,BOGOTA D.C.,NO,NO,SI,NO,NO
56603,M,20 a 35 años,Entre 10 y 20 SMLV,ZETA,LAMBDA,ETA,XI,EMP_000002,BOGOTA D.C.,NO,NO,SI,NO,NO
56653,F,36 a 45 años,Entre 1 y 1.5 SMLV,SIGMA,RHO,TAU,ETA,EMP_000001,MADRID,NO,NO,SI,NO,NO
56703,M,20 a 35 años,Entre 1.5 y 2 SMLV,SIGMA,LAMBDA,ETA,XI,EMP_000002,,NO,NO,SI,NO,NO
56753,F,20 a 35 años,Entre 3 y 4 SMLV,ZETA,LAMBDA,ETA,XI,EMP_000001,BOGOTA D.C.,NO,NO,SI,NO,NO
56803,F,20 a 35 años,Entre 1 y 1.5 SMLV,SIGMA,LAMBDA,TAU,XI,EMP_000002,,NO,NO,SI,NO,NO
56853,F,20 a 35 años,Menor al SMLV,SIGMA,LAMBDA,TAU,ETA,EMP_000001,,NO,NO,SI,NO,NO
56903,F,36 a 45 años,Entre 4 y 6 SMLV,ZETA,RHO,PI,XI,EMP_000002,,NO,NO,SI,NO,NO
56953,F,36 a 45 años,Entre 1 y 1.5 SMLV,SIGMA,RHO,TAU,ETA,EMP_000001,BOGOTA D.C.,NO,NO,SI,NO,NO
57003,F,20 a 35 años,Entre 2 y 2.5 SMLV,PI,LAMBDA,ETA,XI,EMP_000002,,NO,NO,SI,NO,NO
57053,M,20 a 35 años,Entre 1 y 1.5 SMLV,SIGMA,EPSILON,PI,XI,EMP_000002,BOGOTA D.C.,NO,NO,SI,NO,NO
57103,F,20 a 35 años,Entre 1.5 y 2 SMLV,PI,LAMBDA,ETA,XI,EMP_000002,,NO,NO,SI,NO,NO
57153,F,20 a 35 años,Entre 2 y 2.5 SMLV,PI,LAMBDA,ETA,XI,EMP_000002,,NO,NO,SI,NO,NO
57203,M,20 a 35 años,Entre 1 y 1.5 SMLV,SIGMA,LAMBDA,ETA,XI,EMP_000002,BOGOTA D.C.,NO,NO,SI,NO,NO
57253,M,20 a 35 años,Entre 2.5 y 3 SMLV,PI,LAMBDA,ETA,ETA,EMP_000001,,NO,NO,SI,NO,NO
57303,M,20 a 35 años,Entre 6 y 8 SMLV,ZETA,LAMBDA,ETA,XI,EMP_000001,,NO,NO,SI,NO,NO
57353,F,20 a 35 años,Entre 1 y 1.5 SMLV,SIGMA,LAMBDA,ETA,XI,EMP_000002,BOGOTA D.C.,NO,NO,SI,NO,NO
57403,F,36 a 45 años,Entre 3 y 4 SMLV,PI,RHO,PI,DELTA,EMP_000001,FUNZA,NO,NO,SI,NO,NO
57453,M,36 a 45 años,Entre 2 y 2.5 SMLV,PI,EPSILON,PI,UPSILON,EMP_000002,BOGOTA D.C.,NO,NO,SI,NO,NO
57503,F,20 a 35 años,Entre 1 y 1.5 SMLV,SIGMA,EPSILON,TAU,ETA,EMP_000001,BOGOTA D.C.,NO,NO,SI,NO,NO
57553,M,36 a 45 años,Entre 10 y 20 SMLV,ZETA,LAMBDA,ETA,XI,EMP_000002,,NO,NO,SI,NO,NO
57603,F,36 a 45 años,Entre 1 y 1.5 SMLV,SIGMA,LAMBDA,ETA,ETA,EMP_000001,BOGOTA D.C.,NO,NO,SI,NO,NO
57653,F,20 a 35 años,Entre 2.5 y 3 SMLV,PI,RHO,PI,ETA,EMP_000001,BOGOTA D.C.,NO,NO,SI,NO,NO
57703,F,20 a 35 años,Entre 1.5 y 2 SMLV,SIGMA,LAMBDA,ETA,DELTA,EMP_000001,,NO,NO,SI,NO,NO
57753,M,20 a 35 años,Entre 6 y 8 SMLV,ZETA,RHO,PI,ETA,EMP_000001,,NO,NO,SI,NO,NO
57803,F,20 a 35 años,Entre 1 y 1.5 SMLV,SIGMA,RHO,PI,ETA,EMP_000001,,NO,NO,SI,NO,NO
57853,F,36 a 45 años,Entre 4 y 6 SMLV,ZETA,LAMBDA,ETA,XI,EMP_000002,BOGOTA D.C.,NO,NO,SI,NO,NO
57903,F,20 a 35 años,Entre 1 y 1.5 SMLV,SIGMA,RHO,TAU,XI,EMP_000002,,NO,NO,SI,NO,NO
57953,F,20 a 35 años,Entre 2 y 2.5 SMLV,PI,LAMBDA,ETA,XI,EMP_000001,BOGOTA D.C.,NO,NO,SI,NO,NO
58003,F,20 a 35 años,Entre 1.5 y 2 SMLV,SIGMA,LAMBDA,ETA,XI,EMP_000002,,NO,NO,SI,NO,NO
58053,F,20 a 35 años,Entre 3 y 4 SMLV,PI,LAMBDA,ETA,UPSILON,EMP_000001,BOGOTA D.C.,NO,NO,SI,NO,NO
58103,F,20 a 35 años,Entre 1 y 1.5 SMLV,SIGMA,RHO,TAU,DELTA,EMP_000001,SOACHA,NO,NO,SI,NO,NO
58153,F,20 a 35 años,Entre 1 y 1.5 SMLV,SIGMA,LAMBDA,TAU,XI,EMP_000001,,NO,NO,SI,NO,NO
58203,F,20 a 35 años,Entre 1.5 y 2 SMLV,SIGMA,LAMBDA,ETA,UPSILON,EMP_000001,,NO,NO,SI,NO,NO
58253,F,20 a 35 años,Entre 2.5 y 3 SMLV,PI,LAMBDA,ETA,XI,EMP_000002,,NO,NO,SI,NO,NO
58303,M,20 a 35 años,Entre 4 y 6 SMLV,ZETA,RHO,PI,UPSILON,EMP_000001,BOGOTA D.C.,NO,NO,SI,NO,NO
58353,F,20 a 35 años,Menor al SMLV,SIGMA,LAMBDA,TAU,PSI,EMP_000001,,NO,NO,SI,NO,NO
58403,M,20 a 35 años,Entre 3 y 4 SMLV,PI,LAMBDA,ETA,UPSILON,EMP_000001,BOGOTA D.C.,NO,NO,SI,NO,NO
58453,M,20 a 35 años,Entre 3 y 4 SMLV,PI,LAMBDA,ETA,PSI,EMP_000001,,NO,NO,SI,NO,NO
58503,M,20 a 35 años,Entre 1.5 y 2 SMLV,SIGMA,LAMBDA,ETA,UPSILON,EMP_000001,,NO,NO,SI,NO,NO
58553,F,20 a 35 años,Entre 3 y 4 SMLV,PI,RHO,PI,ETA,EMP_000001,BOGOTA D.C.,NO,NO,SI,NO,NO
58603,F,20 a 35 años,Entre 10 y 20 SMLV,ZETA,LAMBDA,ETA,UPSILON,EMP_000001,,NO,NO,SI,NO,NO
58653,M,20 a 35 años,Entre 1.5 y 2 SMLV,PI,LAMBDA,ETA,XI,EMP_000002,,NO,NO,SI,NO,NO
58703,F,36 a 45 años,Entre 2 y 2.5 SMLV,PI,LAMBDA,ETA,DELTA,EMP_000001,BOGOTA D.C.,NO,NO,SI,NO,NO
58753,M,20 a 35 años,Entre 1 y 1.5 SMLV,SIGMA,LAMBDA,ETA,UPSILON,EMP_000001,BOGOTA D.C.,NO,NO,SI,NO,NO
58803,F,36 a 45 años,Entre 1.5 y 2 SMLV,PI,RHO,PI,XI,EMP_000002,BOGOTA D.C.,NO,NO,SI,NO,NO
58853,M,20 a 35 años,Entre 1 y 1.5 SMLV,SIGMA,LAMBDA,ETA,ETA,EMP_000001,BOGOTA D.C.,NO,NO,SI,NO,NO
58903,M,20 a 35 años,Entre 1 y 1.5 SMLV,SIGMA,RHO,TAU,UPSILON,EMP_000001,,NO,NO,SI,NO,NO
58953,F,20 a 35 años,Entre 1 y 1.5 SMLV,SIGMA,LAMBDA,ETA,UPSILON,EMP_000001,BOGOTA D.C.,NO,NO,SI,NO,NO
59003,F,20 a 35 años,Entre 2 y 2.5 SMLV,PI,LAMBDA,ETA,UPSILON,EMP_000001,SOACHA,NO,NO,SI,NO,NO
59053,F,20 a 35 años,Entre 1 y 1.5 SMLV,SIGMA,LAMBDA,TAU,XI,EMP_000001,,NO,NO,SI,NO,NO
59103,M,20 a 35 años,Entre 3 y 4 SMLV,ZETA,LAMBDA,ETA,XI,EMP_000002,,NO,NO,SI,NO,NO
59153,F,20 a 35 años,Entre 4 y 6 SMLV,ZETA,LAMBDA,ETA,XI,EMP_000002,,NO,NO,SI,NO,NO
59203,F,20 a 35 años,Entre 3 y 4 SMLV,PI,LAMBDA,ETA,UPSILON,EMP_000001,BOGOTA D.C.,NO,NO,SI,NO,NO
59253,F,36 a 45 años,Entre 3 y 4 SMLV,PI,RHO,PI,XI,EMP_000001,BOGOTA D.C.,NO,NO,SI,NO,NO
59303,F,20 a 35 años,Entre 3 y 4 SMLV,PI,LAMBDA,ETA,XI,EMP_000002,,NO,NO,SI,NO,NO
59353,F,36 a 45 años,Entre 1 y 1.5 SMLV,SIGMA,RHO,PI,XI,EMP_000001,,NO,NO,SI,NO,NO
59403,F,20 a 35 años,Entre 1 y 1.5 SMLV,SIGMA,RHO,TAU,UPSILON,EMP_000001,,NO,NO,SI,NO,NO
59453,M,20 a 35 años,Entre 2 y 2.5 SMLV,PI,LAMBDA,ETA,XI,EMP_000002,BOGOTA D.C.,NO,NO,SI,NO,NO
59503,M,36 a 45 años,Entre 1 y 1.5 SMLV,PI,IOTA,TAU,LAMBDA,EMP_000001,BOGOTA D.C.,NO,NO,SI,NO,NO
59553,F,20 a 35 años,Entre 4 y 6 SMLV,ZETA,LAMBDA,ETA,XI,EMP_000002,BOGOTA D.C.,NO,NO,SI,NO,NO
59603,F,20 a 35 años,Entre 1.5 y 2 SMLV,SIGMA,RHO,PI,UPSILON,EMP_000001,BOGOTA D.C.,NO,NO,SI,NO,NO
59653,M,20 a 35 años,Entre 1 y 1.5 SMLV,SIGMA,LAMBDA,TAU,UPSILON,EMP_000001,,NO,NO,SI,NO,NO
59703,F,20 a 35 años,Entre 1 y 1.5 SMLV,SIGMA,LAMBDA,TAU,DELTA,EMP_000001,BOGOTA D.C.,NO,NO,SI,NO,NO
59753,F,20 a 35 años,Entre 3 y 4 SMLV,PI,LAMBDA,ETA,UPSILON,EMP_000001,BOGOTA D.C.,NO,NO,SI,NO,NO
59803,F,20 a 35 años,Entre 1.5 y 2 SMLV,SIGMA,RHO,PI,ETA,EMP_000001,VIOTA,NO,NO,SI,NO,NO
59853,M,36 a 45 años,Entre 1 y 1.5 SMLV,SIGMA,RHO,TAU,ETA,EMP_000001,,NO,NO,SI,NO,NO
59903,F,20 a 35 años,Entre 3 y 4 SMLV,PI,RHO,PI,XI,EMP_000002,,NO,NO,SI,NO,NO
59953,M,20 a 35 años,Entre 1 y 1.5 SMLV,SIGMA,LAMBDA,TAU,XI,EMP_000002,,NO,NO,SI,NO,NO
60003,F,20 a 35 años,Entre 8 y 10 SMLV,ZETA,LAMBDA,ETA,UPSILON,EMP_000001,BOGOTA D.C.,NO,NO,SI,NO,NO
60053,M,20 a 35 años,Entre 3 y 4 SMLV,PI,LAMBDA,ETA,XI,EMP_000002,,NO,NO,SI,NO,NO
60103,F,20 a 35 años,Entre 1 y 1.5 SMLV,SIGMA,EPSILON,TAU,OMEGA,EMP_000001,,NO,NO,SI,NO,NO
60153,F,20 a 35 años,Entre 1 y 1.5 SMLV,SIGMA,RHO,TAU,DELTA,EMP_000001,,NO,NO,SI,NO,NO
60203,F,20 a 35 años,Entre 2 y 2.5 SMLV,PI,LAMBDA,ETA,XI,EMP_000002,,NO,NO,SI,NO,NO
60253,F,20 a 35 años,Entre 1 y 1.5 SMLV,SIGMA,RHO,TAU,DELTA,EMP_000001,,NO,NO,SI,NO,NO
60303,M,20 a 35 años,Entre 10 y 20 SMLV,ZETA,LAMBDA,ETA,XI,EMP_000002,,NO,NO,SI,NO,NO
60353,F,20 a 35 años,Entre 1 y 1.5 SMLV,SIGMA,LAMBDA,ETA,ETA,EMP_000001,,NO,NO,SI,NO,NO
60403,F,36 a 45 años,Entre 3 y 4 SMLV,PI,EPSILON,PI,XI,EMP_000002,,NO,NO,SI,NO,NO
60453,F,20 a 35 años,Entre 1 y 1.5 SMLV,PI,LAMBDA,ETA,LAMBDA,EMP_000001,,NO,NO,SI,NO,NO
60503,M,20 a 35 años,Entre 10 y 20 SMLV,ZETA,LAMBDA,ETA,XI,EMP_000001,,NO,NO,SI,NO,NO
60553,M,36 a 45 años,Entre 1 y 1.5 SMLV,SIGMA,IOTA,TAU,ETA,EMP_000001,BOGOTA D.C.,NO,NO,SI,NO,NO
60603,F,20 a 35 años,Entre 2.5 y 3 SMLV,PI,RHO,PI,ETA,EMP_000001,BOGOTA D.C.,NO,NO,SI,NO,NO
60653,M,36 a 45 años,Entre 3 y 4 SMLV,ZETA,IOTA,PI,XI,EMP_000002,,NO,NO,SI,NO,NO
60703,M,36 a 45 años,Entre 2 y 2.5 SMLV,PI,EPSILON,PI,XI,EMP_000002,BOGOTA D.C.,NO,NO,SI,NO,NO
60753,M,20 a 35 años,Entre 1 y 1.5 SMLV,SIGMA,LAMBDA,TAU,UPSILON,EMP_000001,,NO,NO,SI,NO,NO
60803,M,20 a 35 años,Entre 1 y 1.5 SMLV,SIGMA,LAMBDA,TAU,OMEGA,EMP_000001,,NO,NO,SI,NO,NO
60853,F,20 a 35 años,Entre 1 y 1.5 SMLV,SIGMA,LAMBDA,ETA,UPSILON,EMP_000001,,NO,NO,SI,NO,NO
60903,F,20 a 35 años,Entre 1.5 y 2 SMLV,SIGMA,RHO,PI,XI,EMP_000002,MOSQUERA,NO,NO,SI,NO,NO
60953,M,20 a 35 años,Entre 2 y 2.5 SMLV,PI,EPSILON,PI,ETA,EMP_000001,,NO,NO,SI,NO,NO
61003,F,20 a 35 años,Entre 1 y 1.5 SMLV,SIGMA,RHO,PI,ETA,EMP_000001,SOACHA,NO,NO,SI,NO,NO
61053,F,20 a 35 años,Entre 4 y 6 SMLV,ZETA,LAMBDA,ETA,UPSILON,EMP_000001,,NO,NO,SI,NO,NO
61103,F,20 a 35 años,Entre 1.5 y 2 SMLV,SIGMA,RHO,PI,XI,EMP_000002,BOGOTA D.C.,NO,NO,SI,NO,NO
61153,M,20 a 35 años,Entre 6 y 8 SMLV,ZETA,LAMBDA,ETA,XI,EMP_000002,BOGOTA D.C.,NO,NO,SI,NO,NO
61203,M,20 a 35 años,Entre 1 y 1.5 SMLV,SIGMA,RHO,TAU,ETA,EMP_000001,,NO,NO,SI,NO,NO
61253,M,20 a 35 años,Entre 4 y 6 SMLV,ZETA,RHO,PI,UPSILON,EMP_000001,,NO,NO,SI,NO,NO
61303,M,20 a 35 años,Menor al SMLV,SIGMA,LAMBDA,TAU,ETA,EMP_000001,BOGOTA D.C.,NO,NO,SI,NO,NO
61353,F,36 a 45 años,Entre 2.5 y 3 SMLV,PI,LAMBDA,ETA,UPSILON,EMP_000002,BOGOTA D.C.,NO,NO,SI,NO,NO
61403,M,20 a 35 años,Menor al SMLV,SIGMA,LAMBDA,TAU,ETA,EMP_000001,BOGOTA D.C.,NO,NO,SI,NO,NO
61453,M,36 a 45 años,Entre 1 y 1.5 SMLV,SIGMA,CHI,PI,XI,EMP_000002,BOGOTA D.C.,NO,NO,SI,NO,NO
61503,F,36 a 45 años,Entre 1 y 1.5 SMLV,SIGMA,RHO,TAU,DELTA,EMP_000001,SOACHA,NO,NO,SI,NO,NO
61553,F,20 a 35 años,Entre 3 y 4 SMLV,PI,LAMBDA,ETA,PSI,EMP_000001,BOGOTA D.C.,NO,NO,SI,NO,NO
61603,M,20 a 35 años,Entre 2 y 2.5 SMLV,PI,RHO,PI,XI,EMP_000002,,NO,NO,SI,NO,NO
61653,F,20 a 35 años,Entre 2.5 y 3 SMLV,PI,LAMBDA,ETA,XI,EMP_000002,,NO,NO,SI,NO,NO
61703,M,36 a 45 años,Entre 1 y 1.5 SMLV,SIGMA,RHO,TAU,UPSILON,EMP_000001,,NO,NO,SI,NO,NO
61753,M,36 a 45 años,Entre 4 y 6 SMLV,ZETA,LAMBDA,ETA,ETA,EMP_000001,BOGOTA D.C.,NO,NO,SI,NO,NO
61803,F,20 a 35 años,Entre 1 y 1.5 SMLV,SIGMA,RHO,PI,ETA,EMP_000001,,NO,NO,SI,NO,NO
61853,F,20 a 35 años,Entre 1 y 1.5 SMLV,SIGMA,LAMBDA,ETA,ETA,EMP_000001,BOGOTA D.C.,NO,NO,SI,NO,NO
61903,M,20 a 35 años,Entre 1 y 1.5 SMLV,SIGMA,LAMBDA,TAU,ETA,EMP_000001,BOGOTA D.C.,NO,NO,SI,NO,NO
61953,F,20 a 35 años,Entre 1.5 y 2 SMLV,SIGMA,RHO,PI,XI,EMP_000002,BOGOTA D.C.,NO,NO,SI,NO,NO
62003,M,20 a 35 años,Entre 1 y 1.5 SMLV,SIGMA,EPSILON,PI,XI,EMP_000002,,NO,NO,SI,NO,NO
62053,M,20 a 35 años,Entre 6 y 8 SMLV,ZETA,LAMBDA,ETA,XI,EMP_000001,,NO,NO,SI,NO,NO
62103,F,20 a 35 años,Entre 1 y 1.5 SMLV,SIGMA,LAMBDA,ETA,XI,EMP_000002,,NO,NO,SI,NO,NO
62153,M,20 a 35 años,Entre 1 y 1.5 SMLV,SIGMA,RHO,PI,ETA,EMP_000001,BOGOTA D.C.,NO,NO,SI,NO,NO
62203,M,20 a 35 años,Entre 6 y 8 SMLV,ZETA,LAMBDA,ETA,DELTA,EMP_000001,,NO,NO,SI,NO,NO
62253,M,36 a 45 años,Entre 1 y 1.5 SMLV,SIGMA,RHO,TAU,ETA,EMP_000001,BOGOTA D.C.,NO,NO,SI,NO,NO
62303,F,36 a 45 años,Entre 3 y 4 SMLV,PI,LAMBDA,PI,XI,EMP_000002,,NO,NO,SI,NO,NO
62353,M,36 a 45 años,Entre 10 y 20 SMLV,ZETA,LAMBDA,ETA,UPSILON,EMP_000001,,NO,NO,SI,NO,NO
62403,M,36 a 45 años,Entre 1.5 y 2 SMLV,PI,LAMBDA,ETA,ETA,EMP_000001,BOGOTA D.C.,NO,NO,SI,NO,NO
62453,F,20 a 35 años,Entre 2 y 2.5 SMLV,PI,LAMBDA,ETA,PSI,EMP_000001,SOACHA,NO,NO,SI,NO,NO
62503,M,36 a 45 años,Entre 6 y 8 SMLV,ZETA,RHO,PI,UPSILON,EMP_000001,FACATATIVA,NO,NO,SI,NO,NO
62553,F,20 a 35 años,Entre 4 y 6 SMLV,ZETA,IOTA,PI,XI,EMP_000002,BOGOTA D.C.,NO,NO,SI,NO,NO
62603,F,20 a 35 años,Entre 1 y 1.5 SMLV,SIGMA,RHO,TAU,ETA,EMP_000001,,NO,NO,SI,NO,NO
62653,M,36 a 45 años,Entre 2.5 y 3 SMLV,PI,EPSILON,PI,UPSILON,EMP_000001,ZIPAQUIRA,NO,NO,SI,NO,NO
62703,F,20 a 35 años,Entre 1.5 y 2 SMLV,PI,LAMBDA,ETA,ETA,EMP_000001,BOGOTA D.C.,NO,NO,SI,NO,NO
62753,F,20 a 35 años,Entre 1 y 1.5 SMLV,SIGMA,LAMBDA,ETA,UPSILON,EMP_000001,,NO,NO,SI,NO,NO
62803,F,20 a 35 años,Entre 1 y 1.5 SMLV,SIGMA,RHO,TAU,ETA,EMP_000001,SOACHA,NO,NO,SI,NO,NO
62853,M,36 a 45 años,Entre 1 y 1.5 SMLV,SIGMA,RHO,TAU,XI,EMP_000002,BOGOTA D.C.,NO,NO,SI,NO,NO
62903,M,36 a 45 años,Entre 1 y 1.5 SMLV,SIGMA,RHO,PI,PSI,EMP_000001,GIRARDOT,NO,NO,SI,NO,NO
62953,F,20 a 35 años,Entre 1 y 1.5 SMLV,SIGMA,RHO,TAU,ETA,EMP_000001,SOPO,SI,NO,SI,NO,NO
63003,M,20 a 35 años,Entre 2.5 y 3 SMLV,PI,EPSILON,PI,XI,EMP_000002,,NO,NO,SI,NO,NO
63053,F,20 a 35 años,Entre 1.5 y 2 SMLV,SIGMA,RHO,PI,XI,EMP_000002,BOGOTA D.C.,NO,NO,SI,NO,NO
63103,M,20 a 35 años,Entre 2.5 y 3 SMLV,PI,LAMBDA,ETA,OMEGA,EMP_000001,,NO,NO,SI,NO,NO
63153,F,20 a 35 años,Entre 6 y 8 SMLV,ZETA,LAMBDA,ETA,XI,EMP_000001,,NO,NO,SI,NO,NO
63203,F,36 a 45 años,Entre 20 y 30 SMLV,ZETA,RHO,XI,UPSILON,EMP_000001,BOGOTA D.C.,NO,NO,SI,NO,NO
63253,F,20 a 35 años,Entre 1 y 1.5 SMLV,SIGMA,RHO,TAU,XI,EMP_000002,,NO,NO,SI,NO,NO
63303,F,36 a 45 años,Entre 3 y 4 SMLV,PI,RHO,PI,XI,EMP_000002,,NO,NO,SI,NO,NO
63353,M,20 a 35 años,Entre 1 y 1.5 SMLV,SIGMA,RHO,TAU,ETA,EMP_000001,,NO,NO,SI,NO,NO
63403,M,20 a 35 años,Entre 3 y 4 SMLV,PI,LAMBDA,ETA,XI,EMP_000002,BOGOTA D.C.,NO,NO,SI,NO,NO
63453,F,20 a 35 años,Entre 1.5 y 2 SMLV,SIGMA,LAMBDA,ETA,DELTA,EMP_000001,,NO,NO,SI,NO,NO
63503,M,20 a 35 años,Entre 1 y 1.5 SMLV,SIGMA,LAMBDA,TAU,DELTA,EMP_000001,,NO,NO,SI,NO,NO
63553,F,Mayor de 55 años,Entre 1 y 1.5 SMLV,SIGMA,LAMBDA,PI,DELTA,EMP_000001,,NO,NO,SI,NO,NO
63603,F,36 a 45 años,Entre 1 y 1.5 SMLV,SIGMA,RHO,PI,UPSILON,EMP_000001,BOGOTA D.C.,NO,NO,SI,NO,NO
63653,M,20 a 35 años,Entre 1 y 1.5 SMLV,SIGMA,LAMBDA,ETA,XI,EMP_000001,,NO,NO,SI,NO,NO
63703,F,36 a 45 años,Entre 1 y 1.5 SMLV,SIGMA,LAMBDA,ETA,XI,EMP_000002,,NO,NO,SI,NO,NO
63753,F,36 a 45 años,Entre 2 y 2.5 SMLV,PI,EPSILON,PI,UPSILON,EMP_000001,FUNZA,NO,NO,SI,NO,NO
63803,F,36 a 45 años,Entre 1.5 y 2 SMLV,SIGMA,IOTA,PI,UPSILON,EMP_000001,BOGOTA D.C.,NO,NO,SI,NO,NO
63853,F,20 a 35 años,Entre 1 y 1.5 SMLV,SIGMA,LAMBDA,ETA,XI,EMP_000002,,NO,NO,SI,NO,NO
63903,M,36 a 45 años,Entre 6 y 8 SMLV,ZETA,LAMBDA,ETA,DELTA,EMP_000001,BOGOTA D.C.,NO,NO,SI,NO,NO
63953,F,36 a 45 años,Entre 2 y 2.5 SMLV,PI,LAMBDA,PI,XI,EMP_000002,,NO,NO,SI,NO,NO
64003,M,36 a 45 años,Entre 1 y 1.5 SMLV,SIGMA,EPSILON,TAU,UPSILON,EMP_000001,FUSAGASUGA,NO,NO,SI,NO,NO
64053,F,36 a 45 años,Entre 10 y 20 SMLV,ZETA,IOTA,PI,XI,EMP_000002,,NO,NO,SI,NO,NO
64103,F,20 a 35 años,Entre 1.5 y 2 SMLV,PI,RHO,PI,LAMBDA,EMP_000001,GIRARDOT,NO,NO,SI,NO,NO
64153,M,20 a 35 años,Entre 4 y 6 SMLV,ZETA,IOTA,PI,UPSILON,EMP_000001,BOGOTA D.C.,NO,NO,SI,NO,NO
64203,M,36 a 45 años,Entre 2.5 y 3 SMLV,PI,LAMBDA,ETA,ETA,EMP_000001,,NO,NO,SI,NO,NO
64253,F,20 a 35 años,Entre 2 y 2.5 SMLV,PI,LAMBDA,ETA,PSI,EMP_000001,RICAURTE,NO,NO,SI,NO,NO
64303,M,20 a 35 años,Entre 3 y 4 SMLV,PI,LAMBDA,ETA,UPSILON,EMP_000001,,NO,NO,SI,NO,NO
64353,M,20 a 35 años,Entre 1.5 y 2 SMLV,SIGMA,LAMBDA,ETA,ETA,EMP_000001,,NO,NO,SI,NO,NO
64403,F,20 a 35 años,Entre 2.5 y 3 SMLV,PI,LAMBDA,ETA,UPSILON,EMP_000001,BOGOTA D.C.,NO,NO,SI,NO,NO
64453,F,36 a 45 años,Entre 1 y 1.5 SMLV,SIGMA,LAMBDA,PI,ETA,EMP_000001,BOGOTA D.C.,NO,NO,SI,NO,NO
64503,M,36 a 45 años,Entre 10 y 20 SMLV,ZETA,RHO,PI,XI,EMP_000002,BOGOTA D.C.,NO,NO,SI,NO,NO
64553,F,20 a 35 años,Menor al SMLV,SIGMA,LAMBDA,TAU,XI,EMP_000002,,NO,NO,SI,NO,NO
64603,M,20 a 35 años,Entre 2 y 2.5 SMLV,PI,EPSILON,PI,DELTA,EMP_000001,,NO,NO,SI,NO,NO
64653,F,20 a 35 años,Entre 2.5 y 3 SMLV,PI,RHO,PI,UPSILON,EMP_000001,BOGOTA D.C.,NO,NO,SI,NO,NO
64703,M,20 a 35 años,Entre 2.5 y 3 SMLV,PI,LAMBDA,ETA,UPSILON,EMP_000001,BOGOTA D.C.,NO,NO,SI,NO,NO
64753,M,20 a 35 años,Entre 1 y 1.5 SMLV,SIGMA,EPSILON,TAU,OMEGA,EMP_000001,,NO,NO,SI,NO,NO
64803,M,20 a 35 años,Entre 1 y 1.5 SMLV,SIGMA,LAMBDA,TAU,ETA,EMP_000001,,NO,NO,SI,NO,NO
64853,F,36 a 45 años,Entre 1.5 y 2 SMLV,SIGMA,RHO,PI,UPSILON,EMP_000002,,NO,NO,SI,NO,NO
64903,M,20 a 35 años,Entre 20 y 30 SMLV,ZETA,LAMBDA,XI,XI,EMP_000001,,NO,NO,SI,NO,NO
64953,M,20 a 35 años,Entre 1 y 1.5 SMLV,SIGMA,LAMBDA,ETA,DELTA,EMP_000001,BOGOTA D.C.,NO,NO,SI,NO,NO
65003,M,20 a 35 años,Entre 1.5 y 2 SMLV,SIGMA,CHI,PI,ETA,EMP_000001,BOGOTA D.C.,NO,NO,SI,NO,NO
65053,F,20 a 35 años,Entre 2 y 2.5 SMLV,PI,LAMBDA,ETA,XI,EMP_000002,BOGOTA D.C.,NO,NO,SI,NO,NO
65103,F,20 a 35 años,Entre 1 y 1.5 SMLV,SIGMA,LAMBDA,ETA,ETA,EMP_000001,BOGOTA D.C.,NO,NO,SI,NO,NO
65153,F,36 a 45 años,Entre 1 y 1.5 SMLV,SIGMA,EPSILON,TAU,ETA,EMP_000001,,NO,NO,SI,NO,NO
65203,M,20 a 35 años,Entre 1.5 y 2 SMLV,SIGMA,LAMBDA,ETA,UPSILON,EMP_000001,,NO,NO,SI,NO,NO
65253,F,20 a 35 años,Entre 1 y 1.5 SMLV,SIGMA,RHO,PI,OMEGA,EMP_000001,BOGOTA D.C.,NO,NO,SI,NO,NO
65303,F,20 a 35 años,Entre 3 y 4 SMLV,PI,LAMBDA,ETA,XI,EMP_000002,,NO,NO,SI,NO,NO
65353,M,20 a 35 años,Entre 1 y 1.5 SMLV,SIGMA,CHI,PI,ETA,EMP_000001,,NO,NO,SI,NO,NO
65403,F,36 a 45 años,Entre 2.5 y 3 SMLV,PI,RHO,PI,XI,EMP_000002,BOGOTA D.C.,NO,NO,SI,NO,NO
65453,M,20 a 35 años,Entre 2 y 2.5 SMLV,PI,RHO,PI,UPSILON,EMP_000001,BOGOTA D.C.,NO,NO,SI,NO,NO
65503,M,36 a 45 años,Entre 1 y 1.5 SMLV,SIGMA,EPSILON,TAU,UPSILON,EMP_000001,SOACHA,NO,NO,SI,NO,NO
65553,F,36 a 45 años,Entre 3 y 4 SMLV,PI,RHO,PI,PSI,EMP_000001,,NO,NO,SI,NO,NO
65603,M,20 a 35 años,Entre 1 y 1.5 SMLV,SIGMA,LAMBDA,TAU,UPSILON,EMP_000002,,NO,NO,SI,NO,NO
65653,F,36 a 45 años,Entre 2.5 y 3 SMLV,PI,RHO,PI,DELTA,EMP_000001,,NO,NO,SI,NO,NO
65703,M,20 a 35 años,Entre 1 y 1.5 SMLV,SIGMA,LAMBDA,TAU,OMEGA,EMP_000001,,NO,NO,SI,NO,NO
65753,F,36 a 45 años,Entre 1 y 1.5 SMLV,SIGMA,RHO,TAU,ETA,EMP_000001,BOGOTA D.C.,NO,NO,SI,NO,NO
65803,F,36 a 45 años,Entre 3 y 4 SMLV,PI,LAMBDA,ETA,PSI,EMP_000001,BOGOTA D.C.,NO,NO,SI,NO,NO
65853,M,20 a 35 años,Entre 4 y 6 SMLV,ZETA,LAMBDA,ETA,PSI,EMP_000001,,NO,NO,SI,NO,NO
65903,F,20 a 35 años,Entre 2.5 y 3 SMLV,PI,IOTA,PI,DELTA,EMP_000001,BOGOTA D.C.,NO,NO,SI,NO,NO
65953,F,20 a 35 años,Entre 1 y 1.5 SMLV,SIGMA,LAMBDA,ETA,DELTA,EMP_000001,,NO,NO,SI,NO,NO
66003,M,36 a 45 años,Entre 10 y 20 SMLV,ZETA,LAMBDA,ETA,XI,EMP_000002,BOGOTA D.C.,NO,NO,SI,NO,NO
66053,M,36 a 45 años,Entre 1 y 1.5 SMLV,SIGMA,RHO,TAU,ETA,EMP_000001,BOGOTA D.C.,NO,NO,SI,NO,NO
66103,M,36 a 45 años,Entre 1 y 1.5 SMLV,SIGMA,EPSILON,TAU,UPSILON,EMP_000001,,NO,NO,SI,NO,NO
66153,F,20 a 35 años,Entre 1 y 1.5 SMLV,SIGMA,RHO,PI,ETA,EMP_000001,FUSAGASUGA,NO,NO,SI,NO,NO
66203,F,36 a 45 años,Entre 1 y 1.5 SMLV,SIGMA,RHO,PI,ETA,EMP_000001,,NO,NO,SI,NO,NO
66253,M,20 a 35 años,Entre 1 y 1.5 SMLV,PI,EPSILON,TAU,LAMBDA,EMP_000001,BOGOTA D.C.,NO,NO,SI,NO,NO
66303,M,20 a 35 años,Entre 1.5 y 2 SMLV,PI,EPSILON,PI,UPSILON,EMP_000001,BOGOTA D.C.,NO,NO,SI,NO,NO
66353,F,20 a 35 años,Entre 2.5 y 3 SMLV,PI,LAMBDA,ETA,XI,EMP_000002,,NO,NO,SI,NO,NO
66403,M,20 a 35 años,Entre 1.5 y 2 SMLV,SIGMA,EPSILON,PI,DELTA,EMP_000001,,NO,NO,SI,NO,NO
66453,F,20 a 35 años,Entre 1 y 1.5 SMLV,SIGMA,RHO,PI,XI,EMP_000002,,NO,NO,SI,NO,NO
66503,F,36 a 45 años,Entre 1 y 1.5 SMLV,SIGMA,RHO,PI,XI,EMP_000002,BOGOTA D.C.,NO,NO,SI,NO,NO
66553,F,20 a 35 años,Menor al SMLV,SIGMA,LAMBDA,TAU,OMEGA,EMP_000001,,NO,NO,SI,NO,NO
66603,M,36 a 45 años,Entre 10 y 20 SMLV,ZETA,LAMBDA,PI,XI,EMP_000002,BOGOTA D.C.,NO,NO,SI,NO,NO
66653,M,20 a 35 años,Entre 2 y 2.5 SMLV,PI,RHO,PI,XI,EMP_000002,ZIPAQUIRA,NO,NO,SI,NO,NO
66703,F,20 a 35 años,Entre 1 y 1.5 SMLV,SIGMA,RHO,TAU,DELTA,EMP_000001,BOGOTA D.C.,NO,NO,SI,NO,NO
66753,M,20 a 35 años,Entre 2 y 2.5 SMLV,PI,LAMBDA,ETA,DELTA,EMP_000001,,NO,NO,SI,NO,NO
66803,F,36 a 45 años,Entre 1 y 1.5 SMLV,SIGMA,RHO,PI,PSI,EMP_000001,,NO,NO,SI,NO,NO
66853,F,20 a 35 años,Entre 1 y 1.5 SMLV,SIGMA,RHO,TAU,DELTA,EMP_000001,,NO,NO,SI,NO,NO
66903,F,20 a 35 años,Menor al SMLV,SIGMA,EPSILON,TAU,ETA,EMP_000001,SOACHA,NO,NO,SI,NO,NO
66953,M,36 a 45 años,Entre 3 y 4 SMLV,PI,LAMBDA,ETA,DELTA,EMP_000001,BOGOTA D.C.,NO,NO,SI,NO,NO
67003,F,20 a 35 años,Entre 1 y 1.5 SMLV,SIGMA,RHO,PI,DELTA,EMP_000001,BOGOTA D.C.,NO,NO,SI,NO,NO
67053,F,20 a 35 años,Entre 1 y 1.5 SMLV,SIGMA,LAMBDA,ETA,DELTA,EMP_000001,,NO,NO,SI,NO,NO
67103,M,36 a 45 años,Entre 10 y 20 SMLV,ZETA,EPSILON,PI,XI,EMP_000002,,NO,NO,SI,NO,NO
67153,F,20 a 35 años,Entre 1 y 1.5 SMLV,SIGMA,LAMBDA,TAU,UPSILON,EMP_000001,,NO,NO,SI,NO,NO
67203,F,20 a 35 años,Entre 1 y 1.5 SMLV,SIGMA,LAMBDA,TAU,ETA,EMP_000001,,NO,NO,SI,NO,NO
67253,F,20 a 35 años,Entre 1.5 y 2 SMLV,SIGMA,LAMBDA,ETA,XI,EMP_000002,BOGOTA D.C.,NO,NO,SI,NO,NO
67303,F,20 a 35 años,Menor al SMLV,SIGMA,LAMBDA,TAU,XI,EMP_000002,,NO,NO,SI,NO,NO
67353,F,20 a 35 años,Entre 1 y 1.5 SMLV,SIGMA,RHO,TAU,DELTA,EMP_000001,BOGOTA D.C.,NO,NO,SI,NO,NO
67403,F,Menor de 19 años,Entre 1 y 1.5 SMLV,SIGMA,LAMBDA,TAU,DELTA,EMP_000001,,NO,NO,SI,NO,NO
67453,M,20 a 35 años,Entre 1 y 1.5 SMLV,SIGMA,LAMBDA,ETA,ETA,EMP_000001,BOGOTA D.C.,NO,NO,SI,NO,NO
67503,M,20 a 35 años,Entre 2 y 2.5 SMLV,PI,LAMBDA,ETA,OMEGA,EMP_000001,,NO,NO,SI,NO,NO
67553,M,20 a 35 años,Entre 3 y 4 SMLV,PI,LAMBDA,ETA,DELTA,EMP_000001,,NO,NO,SI,NO,NO
67603,M,20 a 35 años,Entre 1 y 1.5 SMLV,SIGMA,EPSILON,TAU,UPSILON,EMP_000001,BOGOTA D.C.,NO,NO,SI,NO,NO
67653,F,20 a 35 años,Entre 1.5 y 2 SMLV,SIGMA,LAMBDA,ETA,XI,EMP_000002,,NO,NO,SI,NO,NO
67703,M,36 a 45 años,Entre 1 y 1.5 SMLV,SIGMA,RHO,PI,UPSILON,EMP_000001,BOGOTA D.C.,NO,NO,SI,NO,NO
67753,M,Mayor de 55 años,Entre 1 y 1.5 SMLV,SIGMA,RHO,PI,PSI,EMP_000001,GIRARDOT,NO,NO,SI,NO,NO
67803,M,20 a 35 años,Entre 1.5 y 2 SMLV,SIGMA,RHO,PI,UPSILON,EMP_000001,BOGOTA D.C.,NO,NO,SI,NO,NO
67853,F,20 a 35 años,Entre 4 y 6 SMLV,ZETA,LAMBDA,ETA,XI,EMP_000002,,NO,NO,SI,NO,NO
67903,F,20 a 35 años,Entre 3 y 4 SMLV,PI,LAMBDA,ETA,XI,EMP_000002,,NO,NO,SI,NO,NO
67953,F,20 a 35 años,Entre 1 y 1.5 SMLV,SIGMA,LAMBDA,ETA,PSI,EMP_000001,,NO,NO,SI,NO,NO
68003,F,36 a 45 años,Entre 1 y 1.5 SMLV,SIGMA,RHO,TAU,DELTA,EMP_000001,BOGOTA D.C.,NO,NO,SI,NO,NO
68053,M,36 a 45 años,Entre 1 y 1.5 SMLV,SIGMA,EPSILON,TAU,OMEGA,EMP_000001,GIRARDOT,NO,NO,SI,NO,NO
68103,M,20 a 35 años,Entre 1 y 1.5 SMLV,SIGMA,LAMBDA,TAU,UPSILON,EMP_000002,,NO,NO,SI,NO,NO
68153,F,36 a 45 años,Entre 4 y 6 SMLV,ZETA,LAMBDA,ETA,UPSILON,EMP_000001,BOGOTA D.C.,NO,NO,SI,NO,NO
68203,F,20 a 35 años,Entre 1 y 1.5 SMLV,SIGMA,LAMBDA,TAU,UPSILON,EMP_000001,,NO,NO,SI,NO,NO
68253,M,20 a 35 años,Entre 3 y 4 SMLV,ZETA,LAMBDA,ETA,XI,EMP_000001,,NO,NO,SI,NO,NO
68303,F,36 a 45 años,Entre 3 y 4 SMLV,PI,LAMBDA,ETA,OMEGA,EMP_000001,BOGOTA D.C.,NO,NO,SI,NO,NO
68353,M,20 a 35 años,Entre 1 y 1.5 SMLV,SIGMA,RHO,TAU,ETA,EMP_000001,BOGOTA D.C.,NO,NO,SI,NO,NO
68403,F,20 a 35 años,Entre 3 y 4 SMLV,PI,LAMBDA,ETA,ETA,EMP_000001,BOGOTA D.C.,NO,NO,SI,NO,NO
68453,M,20 a 35 años,Entre 4 y 6 SMLV,ZETA,RHO,PI,XI,EMP_000002,,NO,NO,SI,NO,NO
68503,M,20 a 35 años,Entre 1 y 1.5 SMLV,SIGMA,LAMBDA,TAU,DELTA,EMP_000001,,NO,NO,SI,NO,NO
68553,M,20 a 35 años,Entre 1 y 1.5 SMLV,SIGMA,RHO,PI,ETA,EMP_000001,BOGOTA D.C.,NO,NO,SI,NO,NO
68603,F,20 a 35 años,Entre 2 y 2.5 SMLV,PI,LAMBDA,ETA,LAMBDA,EMP_000001,,NO,NO,SI,NO,NO
68653,M,20 a 35 años,Entre 1.5 y 2 SMLV,SIGMA,LAMBDA,ETA,ETA,EMP_000001,BOGOTA D.C.,NO,NO,SI,NO,NO
68703,F,36 a 45 años,Entre 3 y 4 SMLV,PI,LAMBDA,ETA,ETA,EMP_000001,BOGOTA D.C.,NO,NO,SI,NO,NO
68753,M,20 a 35 años,Entre 6 y 8 SMLV,SIGMA,LAMBDA,ETA,XI,EMP_000002,BOGOTA D.C.,NO,NO,SI,NO,NO
68803,F,36 a 45 años,Entre 4 y 6 SMLV,ZETA,RHO,PI,XI,EMP_000002,BOGOTA D.C.,NO,NO,SI,NO,NO
68853,M,20 a 35 años,Entre 1 y 1.5 SMLV,SIGMA,EPSILON,TAU,XI,EMP_000002,,NO,NO,SI,NO,NO
68903,F,20 a 35 años,Entre 1.5 y 2 SMLV,SIGMA,RHO,PI,UPSILON,EMP_000001,BOGOTA D.C.,NO,NO,SI,NO,NO
68953,M,20 a 35 años,Entre 1 y 1.5 SMLV,SIGMA,LAMBDA,ETA,ETA,EMP_000001,BOGOTA D.C.,NO,NO,SI,NO,NO
69003,M,20 a 35 años,Entre 1 y 1.5 SMLV,SIGMA,LAMBDA,ETA,UPSILON,EMP_000001,,NO,NO,SI,NO,NO
69053,M,36 a 45 años,Entre 1 y 1.5 SMLV,SIGMA,LAMBDA,ETA,XI,EMP_000001,CHOCONTA,NO,NO,SI,NO,NO
69103,M,20 a 35 años,Entre 4 y 6 SMLV,ZETA,LAMBDA,ETA,DELTA,EMP_000001,BOGOTA D.C.,NO,NO,SI,NO,NO
69153,M,36 a 45 años,Entre 1 y 1.5 SMLV,SIGMA,RHO,TAU,OMEGA,EMP_000001,FUNZA,NO,NO,SI,NO,NO
69203,F,20 a 35 años,Entre 1.5 y 2 SMLV,SIGMA,RHO,PI,XI,EMP_000002,BOGOTA D.C.,NO,NO,SI,NO,NO
69253,M,20 a 35 años,Entre 3 y 4 SMLV,PI,CHI,PI,UPSILON,EMP_000001,BOGOTA D.C.,NO,NO,SI,NO,NO
69303,M,20 a 35 años,Entre 1 y 1.5 SMLV,SIGMA,LAMBDA,TAU,ETA,EMP_000001,,NO,NO,SI,NO,NO
69353,M,36 a 45 años,Entre 3 y 4 SMLV,PI,LAMBDA,ETA,OMEGA,EMP_000001,,NO,NO,SI,NO,NO
69403,F,20 a 35 años,Entre 2.5 y 3 SMLV,PI,LAMBDA,ETA,UPSILON,EMP_000001,,NO,NO,SI,NO,NO
69453,F,20 a 35 años,Entre 1 y 1.5 SMLV,SIGMA,LAMBDA,ETA,UPSILON,EMP_000001,BOGOTA D.C.,NO,NO,SI,NO,NO
69503,M,36 a 45 años,Entre 1.5 y 2 SMLV,PI,RHO,PI,LAMBDA,EMP_000001,,NO,NO,SI,NO,NO
69553,M,36 a 45 años,Entre 10 y 20 SMLV,ZETA,LAMBDA,ETA,XI,EMP_000002,,NO,NO,SI,NO,NO
69603,F,20 a 35 años,Entre 1 y 1.5 SMLV,SIGMA,RHO,TAU,XI,EMP_000002,,NO,NO,SI,NO,NO
69653,M,36 a 45 años,Entre 6 y 8 SMLV,ZETA,LAMBDA,ETA,ETA,EMP_000001,BOGOTA D.C.,NO,NO,SI,NO,NO
69703,M,20 a 35 años,Entre 4 y 6 SMLV,ZETA,LAMBDA,ETA,ETA,EMP_000001,BOGOTA D.C.,NO,NO,SI,NO,NO
69753,M,20 a 35 años,Entre 1 y 1.5 SMLV,SIGMA,LAMBDA,ETA,ETA,EMP_000001,BOGOTA D.C.,NO,NO,SI,NO,NO
69803,F,20 a 35 años,Entre 1 y 1.5 SMLV,SIGMA,LAMBDA,TAU,XI,EMP_000002,BOGOTA D.C.,NO,NO,SI,NO,NO
69853,M,20 a 35 años,Entre 2.5 y 3 SMLV,PI,LAMBDA,ETA,ETA,EMP_000001,,NO,NO,SI,NO,NO
69903,M,36 a 45 años,Entre 3 y 4 SMLV,PI,LAMBDA,ETA,UPSILON,EMP_000001,BOGOTA D.C.,NO,NO,SI,NO,NO
69953,M,20 a 35 años,Entre 1 y 1.5 SMLV,SIGMA,LAMBDA,TAU,UPSILON,EMP_000001,,NO,NO,SI,NO,NO
70003,M,20 a 35 años,Entre 1 y 1.5 SMLV,SIGMA,RHO,TAU,ETA,EMP_000001,,NO,NO,SI,NO,NO
70053,M,20 a 35 años,Entre 1.5 y 2 SMLV,SIGMA,LAMBDA,ETA,XI,EMP_000002,,NO,NO,SI,NO,NO
70103,F,36 a 45 años,Entre 10 y 20 SMLV,ZETA,LAMBDA,ETA,UPSILON,EMP_000001,,NO,NO,SI,NO,NO
70153,M,20 a 35 años,Entre 3 y 4 SMLV,PI,LAMBDA,ETA,XI,EMP_000002,,NO,NO,SI,NO,NO
70203,M,20 a 35 años,Entre 2 y 2.5 SMLV,PI,LAMBDA,ETA,UPSILON,EMP_000001,,NO,NO,SI,NO,NO
70253,F,20 a 35 años,Entre 4 y 6 SMLV,ZETA,LAMBDA,ETA,UPSILON,EMP_000001,,NO,NO,SI,NO,NO
70303,M,36 a 45 años,Entre 1 y 1.5 SMLV,SIGMA,EPSILON,TAU,ETA,EMP_000001,BOGOTA D.C.,NO,NO,SI,NO,NO
70353,M,20 a 35 años,Entre 1 y 1.5 SMLV,SIGMA,RHO,PI,UPSILON,EMP_000001,,NO,NO,SI,NO,NO
70403,M,20 a 35 años,Entre 1 y 1.5 SMLV,SIGMA,LAMBDA,TAU,ETA,EMP_000001,,NO,NO,SI,NO,NO
70453,M,20 a 35 años,Entre 1.5 y 2 SMLV,SIGMA,LAMBDA,ETA,ETA,EMP_000001,,NO,NO,SI,NO,NO
70503,M,36 a 45 años,Entre 1 y 1.5 SMLV,SIGMA,RHO,TAU,UPSILON,EMP_000001,BOGOTA D.C.,NO,NO,SI,NO,NO
70553,M,36 a 45 años,Entre 1.5 y 2 SMLV,PI,EPSILON,PI,LAMBDA,EMP_000001,,NO,NO,SI,NO,NO
70603,M,36 a 45 años,Entre 6 y 8 SMLV,ZETA,IOTA,PI,UPSILON,EMP_000001,BOGOTA D.C.,NO,NO,SI,NO,NO
70653,F,36 a 45 años,Entre 1 y 1.5 SMLV,SIGMA,RHO,PI,ETA,EMP_000001,BOGOTA D.C.,NO,NO,SI,NO,NO
70703,F,36 a 45 años,Entre 1 y 1.5 SMLV,SIGMA,RHO,TAU,DELTA,EMP_000001,BOGOTA D.C.,NO,NO,SI,NO,NO
70753,M,20 a 35 años,Entre 2.5 y 3 SMLV,PI,LAMBDA,ETA,ETA,EMP_000001,,NO,NO,SI,NO,NO
70803,F,36 a 45 años,Entre 8 y 10 SMLV,ZETA,CHI,PI,UPSILON,EMP_000002,BOGOTA D.C.,NO,NO,SI,NO,NO
70853,F,20 a 35 años,Entre 1.5 y 2 SMLV,PI,RHO,PI,UPSILON,EMP_000001,BOGOTA D.C.,NO,NO,SI,NO,NO
70903,F,36 a 45 años,Entre 4 y 6 SMLV,ZETA,LAMBDA,ETA,XI,EMP_000002,BOGOTA D.C.,NO,NO,SI,NO,NO
70953,M,20 a 35 años,Entre 4 y 6 SMLV,ZETA,LAMBDA,ETA,XI,EMP_000001,BOGOTA D.C.,NO,NO,SI,NO,NO
71003,M,36 a 45 años,Entre 1 y 1.5 SMLV,SIGMA,RHO,TAU,DELTA,EMP_000001,,NO,NO,SI,NO,NO
71053,M,36 a 45 años,Entre 1.5 y 2 SMLV,SIGMA,RHO,PI,DELTA,EMP_000001,,NO,NO,SI,NO,NO
71103,M,20 a 35 años,Entre 2.5 y 3 SMLV,PI,LAMBDA,ETA,DELTA,EMP_000001,,NO,NO,SI,NO,NO
71153,M,20 a 35 años,Entre 1.5 y 2 SMLV,SIGMA,RHO,PI,DELTA,EMP_000001,BOGOTA D.C.,NO,NO,SI,NO,NO
71203,F,20 a 35 años,Entre 1 y 1.5 SMLV,SIGMA,RHO,PI,PSI,EMP_000001,BOGOTA D.C.,NO,NO,SI,NO,NO
71253,F,20 a 35 años,Entre 1.5 y 2 SMLV,SIGMA,EPSILON,PI,XI,EMP_000002,,NO,NO,SI,NO,NO
71303,F,20 a 35 años,Entre 1 y 1.5 SMLV,SIGMA,RHO,TAU,ETA,EMP_000001,,NO,NO,SI,NO,NO
71353,F,20 a 35 años,Entre 1 y 1.5 SMLV,SIGMA,LAMBDA,TAU,XI,EMP_000002,,NO,NO,SI,NO,NO
71403,M,20 a 35 años,Entre 1 y 1.5 SMLV,SIGMA,LAMBDA,TAU,ETA,EMP_000001,,NO,NO,SI,NO,NO
71453,F,20 a 35 años,Entre 1 y 1.5 SMLV,PI,LAMBDA,TAU,LAMBDA,EMP_000001,BOGOTA D.C.,NO,NO,SI,NO,NO
71503,M,20 a 35 años,Entre 1 y 1.5 SMLV,SIGMA,EPSILON,TAU,XI,EMP_000002,,NO,NO,SI,NO,NO
71553,M,36 a 45 años,Entre 4 y 6 SMLV,ZETA,LAMBDA,ETA,OMEGA,EMP_000001,BOGOTA D.C.,NO,NO,SI,NO,NO
71603,F,20 a 35 años,Entre 1 y 1.5 SMLV,SIGMA,CHI,TAU,UPSILON,EMP_000001,,NO,NO,SI,NO,NO
71653,M,20 a 35 años,Entre 1 y 1.5 SMLV,SIGMA,LAMBDA,ETA,XI,EMP_000002,,NO,NO,SI,NO,NO
71703,M,36 a 45 años,Entre 1 y 1.5 SMLV,SIGMA,LAMBDA,TAU,DELTA,EMP_000001,,NO,NO,SI,NO,NO
71753,F,36 a 45 años,Entre 1 y 1.5 SMLV,SIGMA,RHO,TAU,UPSILON,EMP_000001,,NO,NO,SI,NO,NO
71803,F,20 a 35 años,Entre 1.5 y 2 SMLV,SIGMA,RHO,PI,XI,EMP_000002,SOACHA,NO,NO,SI,NO,NO
71853,M,20 a 35 años,Entre 1 y 1.5 SMLV,SIGMA,RHO,TAU,ETA,EMP_000001,,NO,NO,SI,NO,NO
71903,F,20 a 35 años,Entre 1.5 y 2 SMLV,SIGMA,LAMBDA,ETA,ETA,EMP_000001,BOGOTA D.C.,NO,NO,SI,NO,NO
71953,M,36 a 45 años,Entre 10 y 20 SMLV,ZETA,CHI,PI,XI,EMP_000002,BOGOTA D.C.,NO,NO,SI,NO,NO
72003,M,20 a 35 años,Entre 1 y 1.5 SMLV,SIGMA,LAMBDA,ETA,XI,EMP_000002,,NO,NO,SI,NO,NO
72053,M,20 a 35 años,Entre 6 y 8 SMLV,ZETA,EPSILON,PI,XI,EMP_000002,SOACHA,NO,NO,SI,NO,NO
72103,M,20 a 35 años,Entre 2 y 2.5 SMLV,PI,LAMBDA,ETA,XI,EMP_000002,,NO,NO,SI,NO,NO
72153,F,20 a 35 años,Entre 1 y 1.5 SMLV,SIGMA,LAMBDA,TAU,ETA,EMP_000001,,NO,NO,SI,NO,NO
72203,M,36 a 45 años,Entre 2 y 2.5 SMLV,PI,RHO,PI,UPSILON,EMP_000001,BOGOTA D.C.,NO,NO,SI,NO,NO
72253,F,36 a 45 años,Entre 8 y 10 SMLV,ZETA,LAMBDA,ETA,XI,EMP_000002,,NO,NO,SI,NO,NO
72303,M,20 a 35 años,Entre 1 y 1.5 SMLV,SIGMA,RHO,PI,XI,EMP_000002,FUSAGASUGA,NO,NO,SI,NO,NO
72353,F,20 a 35 años,Entre 1 y 1.5 SMLV,SIGMA,RHO,TAU,DELTA,EMP_000001,,NO,NO,SI,NO,NO
72403,M,36 a 45 años,Entre 1 y 1.5 SMLV,SIGMA,EPSILON,TAU,ETA,EMP_000001,,NO,NO,SI,NO,NO
72453,F,20 a 35 años,Entre 1 y 1.5 SMLV,SIGMA,CHI,PI,XI,EMP_000001,BOGOTA D.C.,NO,NO,SI,NO,NO
72503,F,36 a 45 años,Entre 1 y 1.5 SMLV,SIGMA,RHO,PI,UPSILON,EMP_000001,BOGOTA D.C.,NO,NO,SI,NO,NO
72553,M,20 a 35 años,Entre 1 y 1.5 SMLV,SIGMA,LAMBDA,TAU,ETA,EMP_000001,BOGOTA D.C.,NO,NO,SI,NO,NO
72603,F,36 a 45 años,Entre 1 y 1.5 SMLV,SIGMA,RHO,PI,ETA,EMP_000001,BOGOTA D.C.,NO,NO,SI,NO,NO
72653,M,20 a 35 años,Entre 1 y 1.5 SMLV,SIGMA,EPSILON,TAU,ETA,EMP_000001,,NO,NO,SI,NO,NO
72703,M,20 a 35 años,Entre 2 y 2.5 SMLV,PI,RHO,PI,UPSILON,EMP_000001,BOGOTA D.C.,NO,NO,SI,NO,NO
72753,M,36 a 45 años,Entre 4 y 6 SMLV,ZETA,LAMBDA,ETA,DELTA,EMP_000001,BOGOTA D.C.,NO,NO,SI,NO,NO
72803,M,20 a 35 años,Entre 1.5 y 2 SMLV,SIGMA,RHO,PI,ETA,EMP_000001,BOGOTA D.C.,NO,NO,SI,NO,NO
72853,F,20 a 35 años,Entre 4 y 6 SMLV,ZETA,LAMBDA,ETA,XI,EMP_000002,BOGOTA D.C.,NO,NO,SI,NO,NO
72903,F,20 a 35 años,Entre 1 y 1.5 SMLV,SIGMA,LAMBDA,ETA,UPSILON,EMP_000001,,NO,NO,SI,NO,NO
72953,F,36 a 45 años,Entre 1.5 y 2 SMLV,PI,RHO,PI,UPSILON,EMP_000001,BOGOTA D.C.,NO,NO,SI,NO,NO
73003,M,36 a 45 años,Entre 4 y 6 SMLV,ZETA,LAMBDA,ETA,XI,EMP_000002,BOGOTA D.C.,NO,NO,SI,NO,NO
73053,M,20 a 35 años,Entre 1 y 1.5 SMLV,SIGMA,LAMBDA,ETA,XI,EMP_000002,,NO,NO,SI,NO,NO
73103,F,36 a 45 años,Entre 2.5 y 3 SMLV,PI,RHO,PI,UPSILON,EMP_000001,,NO,NO,SI,NO,NO
73153,M,36 a 45 años,Entre 1.5 y 2 SMLV,SIGMA,LAMBDA,ETA,XI,EMP_000002,,NO,NO,SI,NO,NO
73203,M,20 a 35 años,Entre 3 y 4 SMLV,PI,IOTA,PI,XI,EMP_000001,,NO,NO,SI,NO,NO
73253,F,36 a 45 años,Entre 2.5 y 3 SMLV,PI,RHO,PI,OMEGA,EMP_000001,,NO,NO,SI,NO,NO
73303,M,20 a 35 años,Entre 1 y 1.5 SMLV,SIGMA,RHO,PI,DELTA,EMP_000001,BOGOTA D.C.,NO,NO,SI,NO,NO
73353,M,20 a 35 años,Entre 2 y 2.5 SMLV,PI,EPSILON,PI,DELTA,EMP_000001,,NO,NO,SI,NO,NO
73403,F,20 a 35 años,Entre 1 y 1.5 SMLV,SIGMA,LAMBDA,ETA,UPSILON,EMP_000001,,NO,NO,SI,NO,NO
73453,F,36 a 45 años,Entre 10 y 20 SMLV,ZETA,LAMBDA,ETA,XI,EMP_000001,BOGOTA D.C.,NO,NO,SI,NO,NO
73503,M,20 a 35 años,Entre 1 y 1.5 SMLV,SIGMA,RHO,TAU,ETA,EMP_000001,FUSAGASUGA,NO,NO,SI,NO,NO
73553,F,20 a 35 años,Entre 1.5 y 2 SMLV,SIGMA,LAMBDA,ETA,PSI,EMP_000001,BOGOTA D.C.,NO,NO,SI,NO,NO
73603,M,36 a 45 años,Entre 2 y 2.5 SMLV,PI,RHO,PI,ETA,EMP_000001,,NO,NO,SI,NO,NO
73653,F,20 a 35 años,Entre 1.5 y 2 SMLV,PI,LAMBDA,ETA,XI,EMP_000002,,NO,NO,SI,NO,NO
73703,M,20 a 35 años,Entre 1 y 1.5 SMLV,SIGMA,LAMBDA,TAU,ETA,EMP_000001,,NO,NO,SI,NO,NO
73753,F,36 a 45 años,Entre 1.5 y 2 SMLV,SIGMA,RHO,PI,DELTA,EMP_000001,BOGOTA D.C.,NO,NO,SI,NO,NO
73803,M,20 a 35 años,Entre 1 y 1.5 SMLV,SIGMA,EPSILON,PI,ETA,EMP_000001,,NO,NO,SI,NO,NO
73853,F,20 a 35 años,Entre 1 y 1.5 SMLV,SIGMA,LAMBDA,ETA,XI,EMP_000002,,NO,NO,SI,NO,NO
73903,M,20 a 35 años,Entre 2.5 y 3 SMLV,PI,LAMBDA,ETA,XI,EMP_000002,,NO,NO,SI,NO,NO
73953,F,20 a 35 años,Entre 2 y 2.5 SMLV,PI,RHO,PI,XI,EMP_000002,BOGOTA D.C.,NO,NO,SI,NO,NO
74003,F,20 a 35 años,Entre 10 y 20 SMLV,ZETA,LAMBDA,ETA,XI,EMP_000002,BOGOTA D.C.,NO,NO,SI,NO,NO
74053,F,20 a 35 años,Entre 1 y 1.5 SMLV,SIGMA,RHO,TAU,ETA,EMP_000001,MOSQUERA,NO,NO,SI,NO,NO
74103,F,20 a 35 años,Entre 2 y 2.5 SMLV,PI,LAMBDA,ETA,XI,EMP_000002,BOGOTA D.C.,NO,NO,SI,NO,NO
74153,F,20 a 35 años,Entre 1 y 1.5 SMLV,SIGMA,RHO,TAU,ETA,EMP_000001,,NO,NO,SI,NO,NO
74203,M,20 a 35 años,Entre 6 y 8 SMLV,ZETA,LAMBDA,ETA,XI,EMP_000001,BOGOTA D.C.,NO,NO,SI,NO,NO
74253,F,20 a 35 años,Entre 1 y 1.5 SMLV,SIGMA,RHO,TAU,ETA,EMP_000001,BOGOTA D.C.,NO,NO,SI,NO,NO
74303,F,20 a 35 años,Entre 6 y 8 SMLV,ZETA,RHO,PI,UPSILON,EMP_000001,BOGOTA D.C.,NO,NO,SI,NO,NO
74353,M,20 a 35 años,Entre 3 y 4 SMLV,PI,LAMBDA,ETA,ETA,EMP_000001,BOGOTA D.C.,NO,NO,SI,NO,NO
74403,F,20 a 35 años,Entre 3 y 4 SMLV,PI,RHO,PI,DELTA,EMP_000001,BOGOTA D.C.,NO,NO,SI,NO,NO
74453,M,20 a 35 años,Entre 1.5 y 2 SMLV,PI,LAMBDA,ETA,LAMBDA,EMP_000001,,NO,NO,SI,NO,NO
74503,F,20 a 35 años,Entre 1 y 1.5 SMLV,SIGMA,IOTA,TAU,ETA,EMP_000001,,NO,NO,SI,NO,NO
74553,F,36 a 45 años,Entre 1 y 1.5 SMLV,SIGMA,RHO,PI,XI,EMP_000002,BOGOTA D.C.,NO,NO,SI,NO,NO
74603,F,20 a 35 años,Entre 1 y 1.5 SMLV,SIGMA,LAMBDA,ETA,UPSILON,EMP_000001,,NO,NO,SI,NO,NO
74653,F,20 a 35 años,Entre 1 y 1.5 SMLV,SIGMA,RHO,PI,XI,EMP_000001,,NO,NO,SI,NO,NO
74703,M,36 a 45 años,Entre 10 y 20 SMLV,ZETA,LAMBDA,ETA,UPSILON,EMP_000001,BOGOTA D.C.,NO,NO,SI,NO,NO
74753,M,20 a 35 años,Entre 1 y 1.5 SMLV,SIGMA,LAMBDA,ETA,DELTA,EMP_000001,,NO,NO,SI,NO,NO
74803,F,20 a 35 años,Entre 1 y 1.5 SMLV,SIGMA,RHO,TAU,UPSILON,EMP_000001,BOGOTA D.C.,NO,NO,SI,NO,NO
74853,M,36 a 45 años,Entre 3 y 4 SMLV,PI,CHI,PI,XI,EMP_000002,BOGOTA D.C.,NO,NO,SI,NO,NO
74903,F,36 a 45 años,Entre 1.5 y 2 SMLV,SIGMA,EPSILON,PI,UPSILON,EMP_000001,BOGOTA D.C.,NO,NO,SI,NO,NO
74953,F,36 a 45 años,Entre 1 y 1.5 SMLV,SIGMA,RHO,TAU,UPSILON,EMP_000001,,NO,NO,SI,NO,NO
75003,F,36 a 45 años,Entre 1 y 1.5 SMLV,SIGMA,LAMBDA,ETA,DELTA,EMP_000001,BOGOTA D.C.,NO,NO,SI,NO,NO
75053,M,20 a 35 años,Entre 3 y 4 SMLV,PI,LAMBDA,ETA,UPSILON,EMP_000001,BOGOTA D.C.,NO,NO,SI,NO,NO
75103,M,20 a 35 años,Entre 1 y 1.5 SMLV,SIGMA,LAMBDA,ETA,XI,EMP_000002,,NO,NO,SI,NO,NO
75153,M,20 a 35 años,Entre 1.5 y 2 SMLV,SIGMA,LAMBDA,ETA,UPSILON,EMP_000001,,NO,NO,SI,NO,NO
75203,F,20 a 35 años,Entre 1 y 1.5 SMLV,SIGMA,CHI,TAU,UPSILON,EMP_000001,,NO,NO,SI,NO,NO
75253,F,20 a 35 años,Entre 2.5 y 3 SMLV,PI,LAMBDA,ETA,XI,EMP_000002,BOGOTA D.C.,NO,NO,SI,NO,NO
75303,M,20 a 35 años,Entre 4 y 6 SMLV,ZETA,CHI,PI,UPSILON,EMP_000001,,NO,NO,SI,NO,NO
75353,F,36 a 45 años,Entre 10 y 20 SMLV,ZETA,LAMBDA,ETA,XI,EMP_000001,BOGOTA D.C.,NO,NO,SI,NO,NO
75403,M,20 a 35 años,Menor al SMLV,SIGMA,RHO,TAU,ETA,EMP_000001,,NO,NO,SI,NO,NO
75453,F,20 a 35 años,Entre 1 y 1.5 SMLV,SIGMA,RHO,TAU,XI,EMP_000001,,NO,NO,SI,NO,NO
75503,F,20 a 35 años,Entre 1.5 y 2 SMLV,SIGMA,LAMBDA,ETA,XI,EMP_000002,,NO,NO,SI,NO,NO
75553,M,20 a 35 años,Entre 1 y 1.5 SMLV,SIGMA,RHO,TAU,ETA,EMP_000001,,NO,NO,SI,NO,NO
75603,F,20 a 35 años,Entre 1 y 1.5 SMLV,SIGMA,LAMBDA,ETA,UPSILON,EMP_000001,,NO,NO,SI,NO,NO
75653,M,36 a 45 años,Entre 8 y 10 SMLV,ZETA,LAMBDA,PI,XI,EMP_000002,BOGOTA D.C.,NO,NO,SI,NO,NO
75703,F,36 a 45 años,Entre 1 y 1.5 SMLV,SIGMA,EPSILON,TAU,ETA,EMP_000001,,NO,NO,SI,NO,NO
75753,F,20 a 35 años,Entre 1 y 1.5 SMLV,SIGMA,LAMBDA,ETA,ETA,EMP_000001,,NO,NO,SI,NO,NO
75803,F,20 a 35 años,Entre 4 y 6 SMLV,ZETA,LAMBDA,ETA,XI,EMP_000001,BOGOTA D.C.,NO,NO,SI,NO,NO
75853,F,20 a 35 años,Entre 3 y 4 SMLV,PI,LAMBDA,ETA,XI,EMP_000002,BOGOTA D.C.,NO,NO,SI,NO,NO
75903,F,20 a 35 años,Entre 10 y 20 SMLV,ZETA,LAMBDA,ETA,UPSILON,EMP_000001,BOGOTA D.C.,NO,NO,SI,NO,NO
75953,M,36 a 45 años,Entre 4 y 6 SMLV,ZETA,LAMBDA,ETA,ETA,EMP_000001,,NO,NO,SI,NO,NO
76003,F,36 a 45 años,Entre 1 y 1.5 SMLV,SIGMA,RHO,TAU,ETA,EMP_000001,BOGOTA D.C.,NO,NO,SI,NO,NO
76053,F,20 a 35 años,Entre 2.5 y 3 SMLV,PI,LAMBDA,ETA,XI,EMP_000002,,NO,NO,SI,NO,NO
76103,F,20 a 35 años,Entre 2.5 y 3 SMLV,PI,RHO,PI,XI,EMP_000001,FUSAGASUGA,NO,NO,SI,NO,NO
76153,M,20 a 35 años,Entre 4 y 6 SMLV,ZETA,LAMBDA,ETA,XI,EMP_000001,,NO,NO,SI,NO,NO
76203,F,20 a 35 años,Entre 1.5 y 2 SMLV,SIGMA,LAMBDA,ETA,XI,EMP_000002,,NO,NO,SI,NO,NO
76253,M,36 a 45 años,Entre 1.5 y 2 SMLV,SIGMA,LAMBDA,ETA,UPSILON,EMP_000001,,NO,NO,SI,NO,NO
76303,M,20 a 35 años,Entre 3 y 4 SMLV,PI,LAMBDA,ETA,UPSILON,EMP_000002,,NO,NO,SI,NO,NO
76353,M,20 a 35 años,Entre 2.5 y 3 SMLV,PI,LAMBDA,ETA,UPSILON,EMP_000001,,NO,NO,SI,NO,NO
76403,M,20 a 35 años,Entre 6 y 8 SMLV,ZETA,LAMBDA,ETA,ETA,EMP_000001,BOGOTA D.C.,NO,NO,SI,NO,NO
76453,F,20 a 35 años,Entre 1 y 1.5 SMLV,SIGMA,LAMBDA,ETA,XI,EMP_000002,BOGOTA D.C.,NO,NO,SI,NO,NO
76503,F,36 a 45 años,Entre 1.5 y 2 SMLV,SIGMA,LAMBDA,ETA,UPSILON,EMP_000001,,NO,NO,SI,NO,NO
76553,F,20 a 35 años,Entre 3 y 4 SMLV,PI,LAMBDA,ETA,XI,EMP_000002,,NO,NO,SI,NO,NO
76603,F,20 a 35 años,Entre 4 y 6 SMLV,ZETA,RHO,PI,DELTA,EMP_000001,BOGOTA D.C.,NO,NO,SI,NO,NO
76653,M,20 a 35 años,Entre 2 y 2.5 SMLV,PI,RHO,PI,UPSILON,EMP_000001,BOGOTA D.C.,NO,NO,SI,NO,NO
76703,F,20 a 35 años,Entre 2.5 y 3 SMLV,PI,CHI,PI,DELTA,EMP_000001,BOGOTA D.C.,NO,NO,SI,NO,NO
76753,F,20 a 35 años,Entre 1 y 1.5 SMLV,SIGMA,LAMBDA,TAU,ETA,EMP_000001,,NO,NO,SI,NO,NO
76803,F,20 a 35 años,Entre 1 y 1.5 SMLV,SIGMA,LAMBDA,TAU,DELTA,EMP_000001,BOGOTA D.C.,NO,NO,SI,NO,NO
76853,M,20 a 35 años,Entre 2 y 2.5 SMLV,PI,RHO,PI,UPSILON,EMP_000001,BOGOTA D.C.,NO,NO,SI,NO,NO
76903,M,20 a 35 años,Entre 4 y 6 SMLV,ZETA,LAMBDA,ETA,UPSILON,EMP_000001,,NO,NO,SI,NO,NO
76953,M,20 a 35 años,Entre 4 y 6 SMLV,ZETA,RHO,PI,UPSILON,EMP_000001,,NO,NO,SI,NO,NO
77003,M,20 a 35 años,Entre 3 y 4 SMLV,PI,RHO,PI,DELTA,EMP_000001,BOGOTA D.C.,NO,NO,SI,NO,NO
77053,F,20 a 35 años,Entre 1.5 y 2 SMLV,SIGMA,RHO,PI,UPSILON,EMP_000001,,NO,NO,SI,NO,NO
77103,F,20 a 35 años,Entre 2 y 2.5 SMLV,PI,LAMBDA,ETA,XI,EMP_000002,BOGOTA D.C.,NO,NO,SI,NO,NO
77153,M,20 a 35 años,Entre 2 y 2.5 SMLV,PI,LAMBDA,ETA,ETA,EMP_000001,,NO,NO,SI,NO,NO
77203,F,20 a 35 años,Entre 1.5 y 2 SMLV,SIGMA,RHO,PI,UPSILON,EMP_000001,,NO,NO,SI,NO,NO
77253,M,36 a 45 años,Entre 10 y 20 SMLV,ZETA,LAMBDA,PI,XI,EMP_000002,,NO,NO,SI,NO,NO
77303,M,36 a 45 años,Entre 1 y 1.5 SMLV,SIGMA,EPSILON,PI,ETA,EMP_000001,BOGOTA D.C.,NO,NO,SI,NO,NO
77353,F,20 a 35 años,Entre 1 y 1.5 SMLV,SIGMA,EPSILON,TAU,ETA,EMP_000001,,NO,NO,SI,NO,NO
77403,F,20 a 35 años,Entre 6 y 8 SMLV,ZETA,LAMBDA,ETA,ETA,EMP_000001,,NO,NO,SI,NO,NO
77453,F,20 a 35 años,Entre 1 y 1.5 SMLV,SIGMA,RHO,TAU,ETA,EMP_000001,BOGOTA D.C.,NO,NO,SI,NO,NO
77503,F,20 a 35 años,Entre 1 y 1.5 SMLV,SIGMA,EPSILON,TAU,ETA,EMP_000001,BOGOTA D.C.,NO,NO,SI,NO,NO
77553,M,20 a 35 años,Entre 4 y 6 SMLV,ZETA,LAMBDA,ETA,OMEGA,EMP_000001,BOGOTA D.C.,NO,NO,SI,NO,NO
77603,M,20 a 35 años,Entre 1 y 1.5 SMLV,SIGMA,RHO,TAU,ETA,EMP_000001,BOGOTA D.C.,NO,NO,SI,NO,NO
77653,F,36 a 45 años,Entre 2.5 y 3 SMLV,PI,LAMBDA,ETA,ETA,EMP_000001,BOGOTA D.C.,NO,NO,SI,NO,NO
77703,M,20 a 35 años,,MU,THETA,OMEGA,OMICRON,EMP_000001,,NO,NO,SI,NO,NO
77753,M,36 a 45 años,Entre 1 y 1.5 SMLV,SIGMA,RHO,TAU,ETA,EMP_000001,BOGOTA D.C.,NO,NO,SI,NO,NO
77803,F,20 a 35 años,Entre 2 y 2.5 SMLV,PI,LAMBDA,ETA,XI,EMP_000002,,NO,NO,SI,NO,NO
77853,M,20 a 35 años,Entre 1 y 1.5 SMLV,SIGMA,EPSILON,PI,ETA,EMP_000001,,NO,NO,SI,NO,NO
77903,M,20 a 35 años,Entre 1 y 1.5 SMLV,SIGMA,IOTA,PI,ETA,EMP_000001,BOGOTA D.C.,NO,NO,SI,NO,NO
77953,M,20 a 35 años,Entre 3 y 4 SMLV,PI,LAMBDA,ETA,UPSILON,EMP_000001,BOGOTA D.C.,NO,NO,SI,NO,NO
78003,M,Menor de 19 años,Entre 1 y 1.5 SMLV,SIGMA,LAMBDA,ETA,XI,EMP_000002,,NO,NO,SI,NO,NO
78053,M,36 a 45 años,Entre 6 y 8 SMLV,ZETA,LAMBDA,PI,UPSILON,EMP_000001,BOGOTA D.C.,NO,NO,SI,NO,NO
78103,M,20 a 35 años,Entre 1 y 1.5 SMLV,SIGMA,LAMBDA,TAU,ETA,EMP_000001,,NO,NO,SI,NO,NO
78153,F,20 a 35 años,Entre 10 y 20 SMLV,ZETA,LAMBDA,ETA,XI,EMP_000002,,NO,NO,SI,NO,NO
78203,F,36 a 45 años,Entre 4 y 6 SMLV,ZETA,LAMBDA,ETA,UPSILON,EMP_000001,,NO,NO,SI,NO,NO
78253,M,36 a 45 años,Entre 1 y 1.5 SMLV,SIGMA,EPSILON,TAU,ETA,EMP_000001,FACATATIVA,NO,NO,SI,NO,NO
78303,F,20 a 35 años,Entre 1 y 1.5 SMLV,SIGMA,RHO,PI,XI,EMP_000002,,NO,NO,SI,NO,NO
78353,M,36 a 45 años,Entre 10 y 20 SMLV,ZETA,RHO,PI,XI,EMP_000002,BOGOTA D.C.,NO,NO,SI,NO,NO
78403,M,20 a 35 años,Entre 1 y 1.5 SMLV,SIGMA,CHI,PI,XI,EMP_000001,,NO,NO,SI,NO,NO
78453,F,20 a 35 años,Entre 2 y 2.5 SMLV,PI,LAMBDA,ETA,UPSILON,EMP_000001,,NO,NO,SI,NO,NO
78503,M,20 a 35 años,Entre 1 y 1.5 SMLV,SIGMA,LAMBDA,TAU,UPSILON,EMP_000001,,NO,NO,SI,NO,NO
78553,F,36 a 45 años,Entre 2 y 2.5 SMLV,PI,RHO,PI,XI,EMP_000002,BOGOTA D.C.,NO,NO,SI,NO,NO
78603,F,36 a 45 años,Entre 1 y 1.5 SMLV,SIGMA,RHO,PI,PSI,EMP_000001,,NO,NO,SI,NO,NO
78653,F,20 a 35 años,Entre 2.5 y 3 SMLV,PI,RHO,PI,OMEGA,EMP_000001,,NO,NO,SI,NO,NO
78703,M,20 a 35 años,Entre 2.5 y 3 SMLV,PI,LAMBDA,ETA,XI,EMP_000002,,NO,NO,SI,NO,NO
78753,F,20 a 35 años,Entre 2 y 2.5 SMLV,PI,RHO,PI,UPSILON,EMP_000001,SOACHA,NO,NO,SI,NO,NO
78803,F,20 a 35 años,Entre 1.5 y 2 SMLV,SIGMA,LAMBDA,ETA,UPSILON,EMP_000001,,NO,NO,SI,NO,NO
78853,F,36 a 45 años,Entre 1 y 1.5 SMLV,SIGMA,LAMBDA,ETA,XI,EMP_000002,BOGOTA D.C.,NO,NO,SI,NO,NO
78903,M,20 a 35 años,Entre 1 y 1.5 SMLV,SIGMA,RHO,TAU,DELTA,EMP_000001,BOGOTA D.C.,NO,NO,SI,NO,NO
78953,M,20 a 35 años,Menor al SMLV,SIGMA,LAMBDA,TAU,DELTA,EMP_000001,BOGOTA D.C.,NO,NO,SI,NO,NO
79003,M,20 a 35 años,Entre 1.5 y 2 SMLV,SIGMA,LAMBDA,ETA,OMEGA,EMP_000001,,NO,NO,SI,NO,NO
79053,F,20 a 35 años,Menor al SMLV,SIGMA,LAMBDA,TAU,ETA,EMP_000001,,NO,NO,SI,NO,NO
79103,F,20 a 35 años,Entre 2 y 2.5 SMLV,PI,LAMBDA,ETA,XI,EMP_000002,,NO,NO,SI,NO,NO
79153,F,20 a 35 años,Entre 2 y 2.5 SMLV,PI,LAMBDA,ETA,UPSILON,EMP_000001,BOGOTA D.C.,NO,NO,SI,NO,NO
79203,M,20 a 35 años,Entre 1.5 y 2 SMLV,SIGMA,LAMBDA,ETA,XI,EMP_000001,,NO,NO,SI,NO,NO
79253,F,20 a 35 años,Entre 1 y 1.5 SMLV,SIGMA,LAMBDA,ETA,UPSILON,EMP_000001,BOGOTA D.C.,NO,NO,SI,NO,NO
79303,M,20 a 35 años,Entre 1 y 1.5 SMLV,SIGMA,LAMBDA,ETA,XI,EMP_000002,,NO,NO,SI,NO,NO
79353,M,20 a 35 años,Entre 2.5 y 3 SMLV,PI,RHO,PI,XI,EMP_000002,,NO,NO,SI,NO,NO
79403,F,36 a 45 años,Entre 1.5 y 2 SMLV,SIGMA,RHO,PI,UPSILON,EMP_000001,BOGOTA D.C.,NO,NO,SI,NO,NO
79453,F,20 a 35 años,Entre 2.5 y 3 SMLV,PI,LAMBDA,ETA,XI,EMP_000002,,NO,NO,SI,NO,NO
79503,M,20 a 35 años,Entre 2.5 y 3 SMLV,PI,LAMBDA,ETA,UPSILON,EMP_000001,,NO,NO,SI,NO,NO
79553,F,36 a 45 años,Entre 2 y 2.5 SMLV,PI,RHO,PI,XI,EMP_000002,,NO,NO,SI,NO,NO
79603,F,20 a 35 años,Entre 2.5 y 3 SMLV,PI,LAMBDA,ETA,XI,EMP_000002,,NO,NO,SI,NO,NO
79653,M,36 a 45 años,Menor al SMLV,SIGMA,RHO,TAU,ETA,EMP_000001,BOGOTA D.C.,NO,NO,SI,NO,NO
79703,M,20 a 35 años,Entre 4 y 6 SMLV,ZETA,RHO,PI,XI,EMP_000002,,NO,NO,SI,NO,NO
79753,F,20 a 35 años,Entre 2 y 2.5 SMLV,PI,EPSILON,PI,ETA,EMP_000001,BOGOTA D.C.,NO,NO,SI,NO,NO
79803,M,36 a 45 años,Entre 3 y 4 SMLV,ZETA,LAMBDA,ETA,XI,EMP_000002,BOGOTA D.C.,NO,NO,SI,NO,NO
79853,F,20 a 35 años,Entre 3 y 4 SMLV,PI,LAMBDA,ETA,XI,EMP_000002,,NO,NO,SI,NO,NO
79903,F,20 a 35 años,Entre 1 y 1.5 SMLV,SIGMA,IOTA,PI,UPSILON,EMP_000001,,NO,NO,SI,NO,NO
79953,M,20 a 35 años,Entre 1 y 1.5 SMLV,SIGMA,LAMBDA,ETA,UPSILON,EMP_000001,,NO,NO,SI,NO,NO
80003,F,20 a 35 años,Entre 1 y 1.5 SMLV,SIGMA,RHO,TAU,ETA,EMP_000001,,NO,NO,SI,NO,NO
80053,M,20 a 35 años,Entre 2.5 y 3 SMLV,PI,LAMBDA,ETA,XI,EMP_000001,BOGOTA D.C.,NO,NO,SI,NO,NO
80103,F,20 a 35 años,Entre 1 y 1.5 SMLV,SIGMA,CHI,TAU,UPSILON,EMP_000001,BOGOTA D.C.,NO,NO,SI,NO,NO
80153,M,36 a 45 años,Entre 1 y 1.5 SMLV,SIGMA,LAMBDA,TAU,UPSILON,EMP_000001,BOGOTA D.C.,NO,NO,SI,NO,NO
80203,F,20 a 35 años,Entre 1.5 y 2 SMLV,SIGMA,LAMBDA,ETA,XI,EMP_000002,,NO,NO,SI,NO,NO
80253,M,36 a 45 años,Entre 1 y 1.5 SMLV,SIGMA,RHO,TAU,UPSILON,EMP_000001,BOGOTA D.C.,NO,NO,SI,NO,NO
80303,M,20 a 35 años,Entre 2.5 y 3 SMLV,PI,LAMBDA,ETA,DELTA,EMP_000001,,NO,NO,SI,NO,NO
80353,F,36 a 45 años,Menor al SMLV,SIGMA,RHO,TAU,ETA,EMP_000001,,NO,NO,SI,NO,NO
80403,F,36 a 45 años,Menor al SMLV,SIGMA,LAMBDA,TAU,XI,EMP_000002,BOGOTA D.C.,NO,NO,SI,NO,NO
80453,M,20 a 35 años,Entre 10 y 20 SMLV,ZETA,RHO,PI,XI,EMP_000001,BOGOTA D.C.,NO,NO,SI,NO,NO
80503,M,20 a 35 años,Entre 1.5 y 2 SMLV,SIGMA,LAMBDA,ETA,UPSILON,EMP_000001,BOGOTA D.C.,NO,NO,SI,NO,NO
80553,F,20 a 35 años,Entre 2.5 y 3 SMLV,PI,LAMBDA,ETA,XI,EMP_000002,BOGOTA D.C.,NO,NO,SI,NO,NO
80603,F,20 a 35 años,Entre 1 y 1.5 SMLV,SIGMA,RHO,PI,UPSILON,EMP_000001,,NO,NO,SI,NO,NO
80653,F,20 a 35 años,Entre 1 y 1.5 SMLV,SIGMA,RHO,TAU,UPSILON,EMP_000001,,NO,NO,SI,NO,NO
80703,F,36 a 45 años,Entre 1 y 1.5 SMLV,SIGMA,RHO,TAU,DELTA,EMP_000001,BOGOTA D.C.,NO,NO,SI,NO,NO
80753,M,20 a 35 años,Entre 1 y 1.5 SMLV,SIGMA,RHO,TAU,XI,EMP_000002,,NO,NO,SI,NO,NO
80803,M,20 a 35 años,Entre 2 y 2.5 SMLV,PI,LAMBDA,ETA,DELTA,EMP_000001,,NO,NO,SI,NO,NO
80853,F,36 a 45 años,Entre 1.5 y 2 SMLV,PI,IOTA,PI,DELTA,EMP_000001,BOGOTA D.C.,NO,NO,SI,NO,NO
80903,F,20 a 35 años,Entre 4 y 6 SMLV,ZETA,LAMBDA,ETA,XI,EMP_000002,BOGOTA D.C.,NO,NO,SI,NO,NO
80953,F,20 a 35 años,Entre 1.5 y 2 SMLV,SIGMA,LAMBDA,ETA,XI,EMP_000002,BOGOTA D.C.,NO,NO,SI,NO,NO
81003,M,20 a 35 años,Entre 1 y 1.5 SMLV,SIGMA,RHO,TAU,UPSILON,EMP_000001,BOGOTA D.C.,NO,NO,SI,NO,NO
81053,F,20 a 35 años,Entre 1 y 1.5 SMLV,SIGMA,LAMBDA,ETA,XI,EMP_000002,,NO,NO,SI,NO,NO
81103,M,20 a 35 años,Entre 10 y 20 SMLV,ZETA,LAMBDA,ETA,XI,EMP_000002,BOGOTA D.C.,NO,NO,SI,NO,NO
81153,F,20 a 35 años,Entre 1 y 1.5 SMLV,SIGMA,LAMBDA,ETA,ETA,EMP_000001,TABIO,NO,NO,SI,NO,NO
81203,M,36 a 45 años,Entre 3 y 4 SMLV,PI,LAMBDA,ETA,UPSILON,EMP_000001,,NO,NO,SI,NO,NO
81253,F,20 a 35 años,Entre 1 y 1.5 SMLV,SIGMA,RHO,TAU,DELTA,EMP_000001,BOGOTA D.C.,NO,NO,SI,NO,NO
81303,M,20 a 35 años,Entre 2.5 y 3 SMLV,PI,LAMBDA,ETA,DELTA,EMP_000001,BOGOTA D.C.,NO,NO,SI,NO,NO
81353,F,20 a 35 años,Entre 1 y 1.5 SMLV,SIGMA,LAMBDA,ETA,DELTA,EMP_000001,,NO,NO,SI,NO,NO
81403,M,20 a 35 años,Entre 10 y 20 SMLV,ZETA,LAMBDA,ETA,ETA,EMP_000001,BOGOTA D.C.,NO,NO,SI,NO,NO
81453,F,20 a 35 años,Entre 4 y 6 SMLV,ZETA,LAMBDA,ETA,DELTA,EMP_000001,BOGOTA D.C.,NO,NO,SI,NO,NO
81503,F,36 a 45 años,Entre 2 y 2.5 SMLV,PI,LAMBDA,ETA,ETA,EMP_000001,BOGOTA D.C.,NO,NO,SI,NO,NO
81553,M,36 a 45 años,Entre 6 y 8 SMLV,ZETA,RHO,PI,UPSILON,EMP_000001,BOGOTA D.C.,NO,NO,SI,NO,NO
81603,F,20 a 35 años,Entre 1.5 y 2 SMLV,SIGMA,RHO,PI,ETA,EMP_000001,BOGOTA D.C.,NO,NO,SI,NO,NO
81653,F,20 a 35 años,Entre 1.5 y 2 SMLV,SIGMA,LAMBDA,ETA,ETA,EMP_000001,,NO,NO,SI,NO,NO
81703,M,36 a 45 años,Entre 1 y 1.5 SMLV,SIGMA,LAMBDA,ETA,XI,EMP_000001,BOGOTA D.C.,NO,NO,SI,NO,NO
81753,M,36 a 45 años,Entre 1 y 1.5 SMLV,SIGMA,EPSILON,TAU,DELTA,EMP_000001,BOGOTA D.C.,NO,NO,SI,NO,NO
81803,F,20 a 35 años,Entre 1.5 y 2 SMLV,SIGMA,LAMBDA,ETA,ETA,EMP_000001,,NO,NO,SI,NO,NO
81853,M,20 a 35 años,Entre 4 y 6 SMLV,ZETA,EPSILON,PI,XI,EMP_000002,,NO,NO,SI,NO,NO
81903,F,36 a 45 años,Entre 2 y 2.5 SMLV,PI,RHO,PI,DELTA,EMP_000001,,NO,NO,SI,NO,NO
81953,F,20 a 35 años,Entre 2.5 y 3 SMLV,PI,LAMBDA,ETA,ETA,EMP_000001,MOSQUERA,NO,NO,SI,NO,NO
82003,M,20 a 35 años,Entre 4 y 6 SMLV,ZETA,LAMBDA,ETA,UPSILON,EMP_000001,MADRID,NO,NO,SI,NO,NO
82053,F,36 a 45 años,Entre 10 y 20 SMLV,ZETA,RHO,PI,XI,EMP_000002,BOGOTA D.C.,NO,NO,SI,NO,NO
82103,M,20 a 35 años,Entre 1 y 1.5 SMLV,SIGMA,LAMBDA,ETA,DELTA,EMP_000001,,NO,NO,SI,NO,NO
82153,F,20 a 35 años,Entre 1 y 1.5 SMLV,SIGMA,THETA,TAU,UPSILON,EMP_000001,BOGOTA D.C.,NO,NO,SI,NO,NO
82203,F,20 a 35 años,Entre 4 y 6 SMLV,ZETA,LAMBDA,ETA,XI,EMP_000002,,NO,NO,SI,NO,NO
82253,F,20 a 35 años,Entre 1 y 1.5 SMLV,SIGMA,LAMBDA,TAU,ETA,EMP_000001,,NO,NO,SI,NO,NO
82303,F,20 a 35 años,Entre 1 y 1.5 SMLV,PI,RHO,TAU,LAMBDA,EMP_000001,FUSAGASUGA,NO,NO,SI,NO,NO
82353,F,20 a 35 años,Entre 1 y 1.5 SMLV,PI,LAMBDA,ETA,LAMBDA,EMP_000001,,NO,NO,SI,NO,NO
82403,F,36 a 45 años,Entre 6 y 8 SMLV,ZETA,LAMBDA,ETA,XI,EMP_000002,,NO,NO,SI,NO,NO
82453,M,36 a 45 años,Entre 1.5 y 2 SMLV,SIGMA,CHI,PI,UPSILON,EMP_000001,BOGOTA D.C.,NO,NO,SI,NO,NO
82503,M,20 a 35 años,Entre 2.5 y 3 SMLV,PI,LAMBDA,ETA,UPSILON,EMP_000001,BOGOTA D.C.,NO,NO,SI,NO,NO
82553,F,20 a 35 años,Entre 20 y 30 SMLV,ZETA,LAMBDA,XI,UPSILON,EMP_000001,BOGOTA D.C.,NO,NO,SI,NO,NO
82603,M,36 a 45 años,Entre 10 y 20 SMLV,ZETA,EPSILON,PI,ETA,EMP_000001,BOGOTA D.C.,NO,NO,SI,NO,NO
82653,M,36 a 45 años,Entre 1 y 1.5 SMLV,SIGMA,RHO,PI,XI,EMP_000002,BOGOTA D.C.,NO,NO,SI,NO,NO
82703,M,36 a 45 años,Entre 4 y 6 SMLV,ZETA,LAMBDA,ETA,XI,EMP_000002,BOGOTA D.C.,NO,NO,SI,NO,NO
82753,F,20 a 35 años,Entre 1 y 1.5 SMLV,SIGMA,RHO,TAU,XI,EMP_000001,BOGOTA D.C.,NO,NO,SI,NO,NO
82803,M,20 a 35 años,Entre 1.5 y 2 SMLV,SIGMA,RHO,PI,UPSILON,EMP_000001,BOGOTA D.C.,NO,NO,SI,NO,NO
82853,M,20 a 35 años,Entre 1 y 1.5 SMLV,SIGMA,LAMBDA,ETA,ETA,EMP_000001,,NO,NO,SI,NO,NO
82903,M,36 a 45 años,Entre 1 y 1.5 SMLV,SIGMA,LAMBDA,ETA,ETA,EMP_000001,BOGOTA D.C.,NO,NO,SI,NO,NO
82953,M,20 a 35 años,Entre 6 y 8 SMLV,ZETA,IOTA,PI,XI,EMP_000002,BOGOTA D.C.,NO,NO,SI,NO,NO
83003,M,20 a 35 años,Entre 3 y 4 SMLV,PI,LAMBDA,ETA,UPSILON,EMP_000001,BOGOTA D.C.,NO,NO,SI,NO,NO
83053,M,20 a 35 años,Entre 2 y 2.5 SMLV,PI,LAMBDA,ETA,XI,EMP_000002,BOGOTA D.C.,NO,NO,SI,NO,NO
83103,M,20 a 35 años,Entre 1 y 1.5 SMLV,SIGMA,LAMBDA,TAU,XI,EMP_000002,,NO,NO,SI,NO,NO
83153,F,36 a 45 años,Entre 4 y 6 SMLV,ZETA,LAMBDA,ETA,XI,EMP_000002,,NO,NO,SI,NO,NO
83203,M,36 a 45 años,Entre 1 y 1.5 SMLV,SIGMA,RHO,TAU,UPSILON,EMP_000001,,NO,NO,SI,NO,NO
83253,M,20 a 35 años,Entre 1 y 1.5 SMLV,SIGMA,LAMBDA,ETA,XI,EMP_000002,,NO,NO,SI,NO,NO
83303,M,20 a 35 años,Entre 3 y 4 SMLV,PI,RHO,PI,XI,EMP_000001,,NO,NO,SI,NO,NO
83353,M,36 a 45 años,Entre 1 y 1.5 SMLV,PI,EPSILON,TAU,LAMBDA,EMP_000001,BOGOTA D.C.,NO,NO,SI,NO,NO
83403,M,20 a 35 años,Entre 2.5 y 3 SMLV,PI,LAMBDA,ETA,XI,EMP_000002,SOACHA,NO,NO,SI,NO,NO
83453,F,20 a 35 años,Entre 4 y 6 SMLV,ZETA,LAMBDA,ETA,XI,EMP_000002,,NO,NO,SI,NO,NO
83503,M,20 a 35 años,Entre 1 y 1.5 SMLV,SIGMA,EPSILON,PI,UPSILON,EMP_000001,BOGOTA D.C.,NO,NO,SI,NO,NO
83553,F,20 a 35 años,Entre 1 y 1.5 SMLV,SIGMA,EPSILON,TAU,ETA,EMP_000001,BOGOTA D.C.,NO,NO,SI,NO,NO
83603,F,20 a 35 años,Entre 1.5 y 2 SMLV,SIGMA,LAMBDA,ETA,ETA,EMP_000001,,NO,NO,SI,NO,NO
83653,M,20 a 35 años,Entre 4 y 6 SMLV,ZETA,LAMBDA,ETA,ETA,EMP_000001,BOGOTA D.C.,NO,NO,SI,NO,NO
83703,F,20 a 35 años,Entre 1 y 1.5 SMLV,SIGMA,RHO,TAU,UPSILON,EMP_000001,,NO,NO,SI,NO,NO
83753,F,36 a 45 años,Entre 1 y 1.5 SMLV,SIGMA,RHO,TAU,ETA,EMP_000001,CHIA,NO,NO,SI,NO,NO
83803,M,20 a 35 años,Entre 2 y 2.5 SMLV,PI,LAMBDA,ETA,UPSILON,EMP_000001,,NO,NO,SI,NO,NO
83853,M,20 a 35 años,Entre 4 y 6 SMLV,ZETA,LAMBDA,ETA,XI,EMP_000002,,NO,NO,SI,NO,NO
83903,M,36 a 45 años,Entre 1 y 1.5 SMLV,PI,EPSILON,TAU,LAMBDA,EMP_000001,,NO,NO,SI,NO,NO
83953,M,20 a 35 años,Entre 1.5 y 2 SMLV,PI,LAMBDA,ETA,XI,EMP_000002,MADRID,NO,NO,SI,NO,NO
84003,M,20 a 35 años,Entre 2.5 y 3 SMLV,PI,LAMBDA,ETA,UPSILON,EMP_000001,,NO,NO,SI,NO,NO
84053,M,36 a 45 años,Entre 1 y 1.5 SMLV,SIGMA,EPSILON,TAU,ETA,EMP_000001,SOACHA,NO,NO,SI,NO,NO
84103,F,20 a 35 años,Entre 3 y 4 SMLV,PI,LAMBDA,ETA,XI,EMP_000002,BOGOTA D.C.,NO,NO,SI,NO,NO
84153,F,20 a 35 años,Entre 3 y 4 SMLV,PI,LAMBDA,ETA,XI,EMP_000002,,NO,NO,SI,NO,NO
84203,M,36 a 45 años,Entre 2.5 y 3 SMLV,PI,EPSILON,PI,DELTA,EMP_000001,,NO,NO,SI,NO,NO
84253,F,20 a 35 años,Entre 3 y 4 SMLV,PI,LAMBDA,ETA,XI,EMP_000002,,NO,NO,SI,NO,NO
84303,F,20 a 35 años,Entre 1 y 1.5 SMLV,PI,LAMBDA,TAU,LAMBDA,EMP_000001,,NO,NO,SI,NO,NO
84353,F,20 a 35 años,Entre 2 y 2.5 SMLV,PI,LAMBDA,ETA,UPSILON,EMP_000001,CHIA,NO,NO,SI,NO,NO
84403,M,20 a 35 años,Entre 1.5 y 2 SMLV,SIGMA,LAMBDA,ETA,ETA,EMP_000001,,NO,NO,SI,NO,NO
84453,F,20 a 35 años,Entre 4 y 6 SMLV,ZETA,LAMBDA,ETA,ETA,EMP_000001,BOGOTA D.C.,NO,NO,SI,NO,NO
84503,M,20 a 35 años,Entre 2 y 2.5 SMLV,PI,LAMBDA,ETA,UPSILON,EMP_000001,,NO,NO,SI,NO,NO
84553,M,36 a 45 años,Entre 1 y 1.5 SMLV,SIGMA,RHO,TAU,UPSILON,EMP_000001,BOGOTA D.C.,NO,NO,SI,NO,NO
84603,M,36 a 45 años,Entre 1.5 y 2 SMLV,SIGMA,LAMBDA,ETA,XI,EMP_000002,BOGOTA D.C.,NO,NO,SI,NO,NO
84653,F,20 a 35 años,Entre 1 y 1.5 SMLV,PI,LAMBDA,ETA,LAMBDA,EMP_000001,BOGOTA D.C.,NO,NO,SI,NO,NO
84703,F,36 a 45 años,Entre 6 y 8 SMLV,ZETA,EPSILON,PI,ETA,EMP_000001,BOGOTA D.C.,NO,NO,SI,NO,NO
84753,M,36 a 45 años,Entre 6 y 8 SMLV,ZETA,LAMBDA,ETA,XI,EMP_000001,,NO,NO,SI,NO,NO
84803,M,20 a 35 años,Entre 1.5 y 2 SMLV,SIGMA,LAMBDA,ETA,UPSILON,EMP_000001,BOGOTA D.C.,NO,NO,SI,NO,NO
84853,F,20 a 35 años,Entre 1 y 1.5 SMLV,SIGMA,LAMBDA,TAU,UPSILON,EMP_000001,,NO,NO,SI,NO,NO
84903,F,36 a 45 años,Entre 1 y 1.5 SMLV,SIGMA,RHO,TAU,ETA,EMP_000001,,NO,NO,SI,NO,NO
84953,M,36 a 45 años,Entre 1.5 y 2 SMLV,SIGMA,CHI,PI,XI,EMP_000002,BOGOTA D.C.,NO,NO,SI,NO,NO
85003,M,20 a 35 años,Entre 3 y 4 SMLV,ZETA,LAMBDA,ETA,UPSILON,EMP_000001,,NO,NO,SI,NO,NO
85053,F,20 a 35 años,Entre 1.5 y 2 SMLV,SIGMA,LAMBDA,ETA,ETA,EMP_000001,BOGOTA D.C.,NO,NO,SI,NO,NO
85103,F,20 a 35 años,Entre 1 y 1.5 SMLV,SIGMA,CHI,PI,XI,EMP_000002,BOGOTA D.C.,NO,NO,SI,NO,NO
85153,M,20 a 35 años,Entre 4 y 6 SMLV,ZETA,RHO,PI,UPSILON,EMP_000001,,NO,NO,SI,NO,NO
85203,F,36 a 45 años,Entre 2.5 y 3 SMLV,PI,EPSILON,PI,XI,EMP_000002,BOGOTA D.C.,NO,NO,SI,NO,NO
85253,F,36 a 45 años,Entre 2.5 y 3 SMLV,PI,EPSILON,PI,UPSILON,EMP_000001,BOGOTA D.C.,NO,NO,SI,NO,NO
85303,M,20 a 35 años,Entre 1.5 y 2 SMLV,SIGMA,LAMBDA,ETA,XI,EMP_000002,,NO,NO,SI,NO,NO
85353,F,36 a 45 años,Entre 2.5 y 3 SMLV,PI,RHO,PI,XI,EMP_000002,,NO,NO,SI,NO,NO
85403,M,20 a 35 años,Entre 1 y 1.5 SMLV,SIGMA,LAMBDA,TAU,ETA,EMP_000001,,NO,NO,SI,NO,NO
85453,F,20 a 35 años,Entre 1.5 y 2 SMLV,PI,LAMBDA,ETA,UPSILON,EMP_000001,,NO,NO,SI,NO,NO
85503,F,36 a 45 años,Entre 1 y 1.5 SMLV,SIGMA,LAMBDA,ETA,XI,EMP_000002,,NO,NO,SI,NO,NO
85553,F,36 a 45 años,Menor al SMLV,SIGMA,RHO,TAU,OMEGA,EMP_000001,,NO,NO,SI,NO,NO
85603,F,20 a 35 años,Entre 2 y 2.5 SMLV,PI,RHO,PI,ETA,EMP_000001,MADRID,NO,NO,SI,NO,NO
85653,F,20 a 35 años,Entre 2.5 y 3 SMLV,PI,RHO,PI,XI,EMP_000002,,NO,NO,SI,NO,NO
85703,F,20 a 35 años,Entre 1 y 1.5 SMLV,SIGMA,LAMBDA,ETA,UPSILON,EMP_000001,BOGOTA D.C.,NO,NO,SI,NO,NO
85753,F,20 a 35 años,Entre 1 y 1.5 SMLV,SIGMA,RHO,TAU,OMEGA,EMP_000001,,NO,NO,SI,NO,NO
85803,F,20 a 35 años,Entre 1 y 1.5 SMLV,SIGMA,LAMBDA,ETA,DELTA,EMP_000001,,NO,NO,SI,NO,NO
85853,F,20 a 35 años,Entre 1 y 1.5 SMLV,SIGMA,LAMBDA,TAU,UPSILON,EMP_000001,,NO,NO,SI,NO,NO
85903,F,20 a 35 años,Entre 2 y 2.5 SMLV,PI,LAMBDA,ETA,XI,EMP_000002,,NO,NO,SI,NO,NO
85953,F,36 a 45 años,Menor al SMLV,SIGMA,EPSILON,TAU,ETA,EMP_000001,,NO,NO,SI,NO,NO
86003,M,20 a 35 años,Entre 1 y 1.5 SMLV,SIGMA,RHO,TAU,ETA,EMP_000001,,NO,NO,SI,NO,NO
86053,M,20 a 35 años,Entre 4 y 6 SMLV,ZETA,IOTA,PI,OMEGA,EMP_000001,BOGOTA D.C.,NO,NO,SI,NO,NO
86103,M,36 a 45 años,Entre 1 y 1.5 SMLV,SIGMA,EPSILON,TAU,ETA,EMP_000001,,NO,NO,SI,NO,NO
86153,F,20 a 35 años,Entre 1.5 y 2 SMLV,SIGMA,LAMBDA,ETA,ETA,EMP_000001,,NO,NO,SI,NO,NO
86203,M,20 a 35 años,Entre 2.5 y 3 SMLV,PI,LAMBDA,ETA,UPSILON,EMP_000001,,NO,NO,SI,NO,NO
86253,F,20 a 35 años,Entre 1 y 1.5 SMLV,SIGMA,LAMBDA,TAU,PSI,EMP_000001,,NO,NO,SI,NO,NO
86303,M,20 a 35 años,Entre 3 y 4 SMLV,PI,LAMBDA,ETA,ETA,EMP_000001,BOGOTA D.C.,NO,NO,SI,NO,NO
86353,M,20 a 35 años,Entre 1 y 1.5 SMLV,SIGMA,LAMBDA,ETA,ETA,EMP_000001,,NO,NO,SI,NO,NO
86403,F,20 a 35 años,Entre 4 y 6 SMLV,ZETA,LAMBDA,ETA,XI,EMP_000001,BOGOTA D.C.,NO,NO,SI,NO,NO
86453,F,36 a 45 años,Entre 3 y 4 SMLV,PI,CHI,PI,DELTA,EMP_000001,,NO,NO,SI,NO,NO
86503,F,20 a 35 años,Entre 2.5 y 3 SMLV,PI,LAMBDA,ETA,XI,EMP_000001,,NO,NO,SI,NO,NO
86553,F,20 a 35 años,Entre 4 y 6 SMLV,ZETA,LAMBDA,ETA,UPSILON,EMP_000001,,NO,NO,SI,NO,NO
86603,M,36 a 45 años,Entre 10 y 20 SMLV,ZETA,LAMBDA,ETA,XI,EMP_000002,,NO,NO,SI,NO,NO
86653,F,20 a 35 años,Entre 1 y 1.5 SMLV,SIGMA,EPSILON,TAU,ETA,EMP_000001,BOGOTA D.C.,NO,NO,SI,NO,NO
86703,F,20 a 35 años,Entre 1.5 y 2 SMLV,SIGMA,RHO,PI,UPSILON,EMP_000001,BOGOTA D.C.,NO,NO,SI,NO,NO
86753,M,20 a 35 años,Entre 1 y 1.5 SMLV,SIGMA,CHI,PI,XI,EMP_000002,BOGOTA D.C.,NO,NO,SI,NO,NO
86803,M,20 a 35 años,Entre 1 y 1.5 SMLV,SIGMA,LAMBDA,ETA,ETA,EMP_000001,,NO,NO,SI,NO,NO
86853,F,20 a 35 años,Entre 1 y 1.5 SMLV,SIGMA,RHO,TAU,XI,EMP_000001,,NO,NO,SI,NO,NO
86903,F,20 a 35 años,Entre 4 y 6 SMLV,ZETA,LAMBDA,ETA,XI,EMP_000002,,NO,NO,SI,NO,NO
86953,F,36 a 45 años,Entre 3 y 4 SMLV,PI,LAMBDA,ETA,UPSILON,EMP_000001,,NO,NO,SI,NO,NO
87003,M,36 a 45 años,Entre 1 y 1.5 SMLV,SIGMA,EPSILON,TAU,ETA,EMP_000001,BOGOTA D.C.,NO,NO,SI,NO,NO
87053,M,36 a 45 años,Entre 2 y 2.5 SMLV,PI,LAMBDA,ETA,XI,EMP_000002,BOGOTA D.C.,NO,NO,SI,NO,NO
87103,M,20 a 35 años,Entre 1 y 1.5 SMLV,SIGMA,LAMBDA,TAU,ETA,EMP_000001,BOGOTA D.C.,NO,NO,SI,NO,NO
87153,F,36 a 45 años,Entre 3 y 4 SMLV,PI,RHO,PI,XI,EMP_000001,BOGOTA D.C.,NO,NO,SI,NO,NO
87203,F,36 a 45 años,Entre 6 y 8 SMLV,ZETA,LAMBDA,PI,XI,EMP_000002,,NO,NO,SI,NO,NO
87253,M,36 a 45 años,Entre 1 y 1.5 SMLV,SIGMA,EPSILON,TAU,ETA,EMP_000001,BOGOTA D.C.,NO,NO,SI,NO,NO
87303,F,20 a 35 años,Entre 2 y 2.5 SMLV,PI,LAMBDA,ETA,UPSILON,EMP_000001,,NO,NO,SI,NO,NO
87353,M,20 a 35 años,Entre 4 y 6 SMLV,ZETA,LAMBDA,ETA,DELTA,EMP_000001,,NO,NO,SI,NO,NO
87403,M,36 a 45 años,Menor al SMLV,SIGMA,LAMBDA,TAU,ETA,EMP_000001,,NO,NO,SI,NO,NO
87453,M,36 a 45 años,Entre 1 y 1.5 SMLV,SIGMA,LAMBDA,ETA,BETA,EMP_000001,,NO,NO,SI,NO,NO
87503,F,36 a 45 años,Entre 3 y 4 SMLV,PI,RHO,PI,DELTA,EMP_000001,,NO,NO,SI,NO,NO
87553,F,20 a 35 años,Entre 3 y 4 SMLV,ZETA,LAMBDA,ETA,ETA,EMP_000001,,NO,NO,SI,NO,NO
87603,M,36 a 45 años,Entre 10 y 20 SMLV,ZETA,LAMBDA,ETA,XI,EMP_000002,,NO,NO,SI,NO,NO
87653,M,36 a 45 años,Entre 2.5 y 3 SMLV,PI,IOTA,PI,UPSILON,EMP_000001,,NO,NO,SI,NO,NO
87703,F,36 a 45 años,Entre 1 y 1.5 SMLV,SIGMA,RHO,TAU,UPSILON,EMP_000001,,NO,NO,SI,NO,NO
87753,F,20 a 35 años,Entre 1 y 1.5 SMLV,SIGMA,RHO,PI,XI,EMP_000001,,NO,NO,SI,NO,NO
87803,M,20 a 35 años,Entre 3 y 4 SMLV,ZETA,LAMBDA,ETA,UPSILON,EMP_000001,,NO,NO,SI,NO,NO
87853,F,20 a 35 años,Entre 2 y 2.5 SMLV,PI,RHO,PI,DELTA,EMP_000001,BOGOTA D.C.,NO,NO,SI,NO,NO
87903,M,Mayor de 55 años,Entre 1 y 1.5 SMLV,SIGMA,RHO,PI,ETA,EMP_000001,BOGOTA D.C.,NO,NO,SI,NO,NO
87953,M,36 a 45 años,Entre 1.5 y 2 SMLV,SIGMA,LAMBDA,ETA,XI,EMP_000002,SOACHA,NO,NO,SI,NO,NO
88003,F,36 a 45 años,Entre 4 y 6 SMLV,ZETA,LAMBDA,ETA,ETA,EMP_000001,,NO,NO,SI,NO,NO
88053,F,20 a 35 años,Entre 1 y 1.5 SMLV,SIGMA,RHO,PI,UPSILON,EMP_000001,BOGOTA D.C.,NO,NO,SI,NO,NO
88103,F,36 a 45 años,Entre 2 y 2.5 SMLV,PI,LAMBDA,ETA,ETA,EMP_000001,BOGOTA D.C.,NO,NO,SI,NO,NO
88153,F,20 a 35 años,Entre 1 y 1.5 SMLV,SIGMA,LAMBDA,TAU,OMEGA,EMP_000001,,NO,NO,SI,NO,NO
88203,M,20 a 35 años,Entre 2.5 y 3 SMLV,PI,LAMBDA,ETA,ETA,EMP_000001,BOGOTA D.C.,NO,NO,SI,NO,NO
88253,M,Menor de 19 años,Entre 1 y 1.5 SMLV,SIGMA,LAMBDA,TAU,OMEGA,EMP_000001,,NO,NO,NO,NO,NO
88303,F,46 a 55 años,Entre 1 y 1.5 SMLV,SIGMA,RHO,TAU,ETA,EMP_000001,BOGOTA D.C.,NO,NO,NO,NO,NO
88353,F,20 a 35 años,Menor al SMLV,SIGMA,LAMBDA,TAU,ETA,EMP_000001,,NO,NO,NO,NO,NO
88403,F,20 a 35 años,Entre 1 y 1.5 SMLV,SIGMA,LAMBDA,ETA,XI,EMP_000002,,NO,NO,NO,NO,NO
88453,M,36 a 45 años,Entre 1 y 1.5 SMLV,SIGMA,RHO,TAU,ETA,EMP_000001,GIRARDOT,NO,NO,NO,NO,NO
88503,F,20 a 35 años,Entre 1 y 1.5 SMLV,SIGMA,RHO,TAU,XI,EMP_000002,BOGOTA D.C.,NO,NO,NO,NO,NO
88553,F,20 a 35 años,Entre 1 y 1.5 SMLV,SIGMA,RHO,TAU,UPSILON,EMP_000001,,NO,NO,NO,NO,NO
88603,M,Mayor de 55 años,Entre 1.5 y 2 SMLV,SIGMA,EPSILON,PI,XI,EMP_000002,BOGOTA D.C.,NO,NO,NO,NO,NO
88653,M,20 a 35 años,Entre 1.5 y 2 SMLV,SIGMA,LAMBDA,ETA,XI,EMP_000002,,NO,NO,NO,NO,NO
88703,M,20 a 35 años,Entre 1 y 1.5 SMLV,SIGMA,LAMBDA,ETA,DELTA,EMP_000001,,NO,NO,NO,NO,NO
88753,M,36 a 45 años,Menor al SMLV,SIGMA,LAMBDA,TAU,ETA,EMP_000001,,NO,NO,NO,NO,NO
88803,F,46 a 55 años,Entre 1 y 1.5 SMLV,SIGMA,LAMBDA,TAU,ETA,EMP_000001,,NO,NO,NO,NO,NO
88853,F,20 a 35 años,Entre 1 y 1.5 SMLV,SIGMA,LAMBDA,TAU,UPSILON,EMP_000001,,NO,NO,NO,NO,NO
88903,F,36 a 45 años,Entre 1 y 1.5 SMLV,SIGMA,RHO,TAU,DELTA,EMP_000001,BOGOTA D.C.,NO,NO,NO,NO,NO
88953,M,Mayor de 55 años,Entre 10 y 20 SMLV,SIGMA,LAMBDA,PI,KAPPA,EMP_000001,,NO,NO,NO,NO,NO
89003,M,20 a 35 años,Entre 1 y 1.5 SMLV,SIGMA,LAMBDA,TAU,ETA,EMP_000001,,NO,NO,NO,NO,NO
89053,M,20 a 35 años,Entre 1 y 1.5 SMLV,SIGMA,LAMBDA,TAU,ETA,EMP_000001,,NO,NO,NO,NO,NO
89103,M,20 a 35 años,Entre 2.5 y 3 SMLV,PI,EPSILON,PI,UPSILON,EMP_000001,,NO,NO,NO,NO,NO
89153,M,20 a 35 años,Entre 1.5 y 2 SMLV,SIGMA,RHO,PI,ETA,EMP_000001,BOGOTA D.C.,NO,NO,NO,NO,NO
89203,F,46 a 55 años,Entre 1 y 1.5 SMLV,SIGMA,RHO,PI,ETA,EMP_000001,BOGOTA D.C.,NO,NO,NO,NO,NO
89253,M,20 a 35 años,Entre 1 y 1.5 SMLV,SIGMA,LAMBDA,TAU,UPSILON,EMP_000001,,NO,NO,NO,NO,NO
89303,F,46 a 55 años,Entre 1 y 1.5 SMLV,SIGMA,LAMBDA,TAU,ETA,EMP_000001,,NO,NO,NO,NO,NO
89353,M,20 a 35 años,Entre 1 y 1.5 SMLV,SIGMA,RHO,TAU,UPSILON,EMP_000001,BOGOTA D.C.,NO,NO,NO,NO,NO
89403,F,36 a 45 años,Entre 1 y 1.5 SMLV,SIGMA,RHO,TAU,ETA,EMP_000001,,NO,NO,NO,NO,NO
89453,M,36 a 45 años,Entre 1 y 1.5 SMLV,SIGMA,RHO,TAU,XI,EMP_000002,,NO,NO,NO,NO,NO
89503,F,36 a 45 años,Entre 1 y 1.5 SMLV,SIGMA,LAMBDA,TAU,ETA,EMP_000001,CHIA,NO,NO,NO,NO,NO
89553,M,20 a 35 años,Entre 1 y 1.5 SMLV,SIGMA,LAMBDA,TAU,UPSILON,EMP_000001,,NO,NO,NO,NO,NO
89603,M,20 a 35 años,Entre 1 y 1.5 SMLV,SIGMA,LAMBDA,TAU,XI,EMP_000001,,NO,NO,NO,NO,NO
89653,F,Mayor de 55 años,Entre 1 y 1.5 SMLV,PI,IOTA,TAU,LAMBDA,EMP_000001,BOGOTA D.C.,NO,NO,NO,NO,NO
89703,M,20 a 35 años,Entre 1 y 1.5 SMLV,SIGMA,LAMBDA,TAU,UPSILON,EMP_000001,,NO,NO,NO,NO,NO
89753,M,36 a 45 años,Entre 1 y 1.5 SMLV,SIGMA,EPSILON,TAU,DELTA,EMP_000001,,NO,NO,NO,NO,NO
89803,M,36 a 45 años,Entre 1.5 y 2 SMLV,PI,LAMBDA,ETA,XI,EMP_000002,BOGOTA D.C.,NO,NO,NO,NO,NO
89853,M,Mayor de 55 años,Entre 1 y 1.5 SMLV,SIGMA,IOTA,TAU,ETA,EMP_000001,,NO,NO,NO,NO,NO
89903,M,36 a 45 años,Entre 1 y 1.5 SMLV,SIGMA,CHI,PI,ETA,EMP_000001,MOSQUERA,NO,NO,NO,NO,NO
89953,M,46 a 55 años,Entre 1 y 1.5 SMLV,SIGMA,LAMBDA,TAU,XI,EMP_000002,,NO,NO,NO,NO,NO
90003,M,46 a 55 años,Entre 10 y 20 SMLV,ZETA,RHO,PI,UPSILON,EMP_000001,BOGOTA D.C.,NO,NO,NO,NO,NO
90053,M,Mayor de 55 años,Entre 1 y 1.5 SMLV,SIGMA,LAMBDA,TAU,KAPPA,EMP_000001,BOGOTA D.C.,NO,NO,NO,NO,NO
90103,F,20 a 35 años,Entre 1.5 y 2 SMLV,SIGMA,LAMBDA,ETA,UPSILON,EMP_000001,,NO,NO,NO,NO,NO
90153,M,20 a 35 años,Entre 1 y 1.5 SMLV,SIGMA,LAMBDA,ETA,BETA,EMP_000001,,NO,NO,NO,NO,NO
90203,M,Mayor de 55 años,Entre 1 y 1.5 SMLV,SIGMA,LAMBDA,PI,OMEGA,EMP_000001,SOPO,NO,NO,NO,NO,NO
90253,F,20 a 35 años,Entre 1 y 1.5 SMLV,SIGMA,RHO,PI,PSI,EMP_000001,,NO,NO,NO,NO,NO
90303,M,Mayor de 55 años,Entre 1 y 1.5 SMLV,SIGMA,EPSILON,PI,ETA,EMP_000001,,NO,NO,NO,NO,NO
90353,M,20 a 35 años,Entre 1 y 1.5 SMLV,SIGMA,EPSILON,PI,UPSILON,EMP_000001,,NO,NO,NO,NO,NO
90403,M,20 a 35 años,Entre 1 y 1.5 SMLV,SIGMA,LAMBDA,TAU,DELTA,EMP_000001,,NO,NO,NO,NO,NO
90453,M,36 a 45 años,Entre 1 y 1.5 SMLV,SIGMA,LAMBDA,TAU,ETA,EMP_000001,,NO,NO,NO,NO,NO
90503,F,Mayor de 55 años,Entre 1 y 1.5 SMLV,SIGMA,LAMBDA,TAU,ETA,EMP_000001,BOGOTA D.C.,NO,NO,NO,NO,NO
90553,M,Mayor de 55 años,Entre 4 y 6 SMLV,ZETA,LAMBDA,PI,XI,EMP_000002,BOGOTA D.C.,NO,NO,NO,NO,NO
90603,F,20 a 35 años,Entre 1 y 1.5 SMLV,SIGMA,LAMBDA,ETA,XI,EMP_000002,BOGOTA D.C.,NO,NO,NO,NO,NO
90653,M,20 a 35 años,Entre 1 y 1.5 SMLV,SIGMA,RHO,TAU,ETA,EMP_000001,,NO,NO,NO,NO,NO
90703,M,20 a 35 años,Entre 1 y 1.5 SMLV,SIGMA,LAMBDA,ETA,BETA,EMP_000001,,NO,NO,NO,NO,NO
90753,M,20 a 35 años,Entre 1 y 1.5 SMLV,SIGMA,LAMBDA,ETA,UPSILON,EMP_000001,,NO,NO,NO,NO,NO
90803,M,46 a 55 años,Entre 1 y 1.5 SMLV,SIGMA,EPSILON,TAU,ETA,EMP_000001,,NO,NO,NO,NO,NO
90853,M,36 a 45 años,Entre 4 y 6 SMLV,ZETA,LAMBDA,ETA,UPSILON,EMP_000001,BOGOTA D.C.,NO,NO,NO,NO,NO
90903,M,Mayor de 55 años,Entre 1 y 1.5 SMLV,SIGMA,EPSILON,TAU,ETA,EMP_000001,VILLA DE SAN DIEGO DE UBATE,NO,NO,NO,NO,NO
90953,F,Mayor de 55 años,Menor al SMLV,SIGMA,LAMBDA,TAU,ETA,EMP_000001,,NO,NO,NO,NO,NO
91003,F,46 a 55 años,Entre 1 y 1.5 SMLV,SIGMA,RHO,TAU,ETA,EMP_000001,,NO,NO,NO,NO,NO
91053,M,20 a 35 años,Entre 1 y 1.5 SMLV,SIGMA,LAMBDA,ETA,BETA,EMP_000001,,NO,NO,NO,NO,NO
91103,M,20 a 35 años,Entre 2 y 2.5 SMLV,PI,LAMBDA,ETA,XI,EMP_000002,,NO,NO,NO,NO,NO
91153,M,46 a 55 años,Entre 1 y 1.5 SMLV,SIGMA,CHI,TAU,XI,EMP_000002,,NO,NO,NO,NO,NO
91203,F,46 a 55 años,Entre 2.5 y 3 SMLV,PI,RHO,PI,DELTA,EMP_000001,,NO,NO,NO,NO,NO
91253,F,20 a 35 años,Entre 1 y 1.5 SMLV,SIGMA,RHO,TAU,ETA,EMP_000001,,NO,NO,NO,NO,NO
91303,F,36 a 45 años,Entre 1 y 1.5 SMLV,SIGMA,LAMBDA,TAU,DELTA,EMP_000001,,NO,NO,NO,NO,NO
91353,F,20 a 35 años,Entre 1 y 1.5 SMLV,SIGMA,LAMBDA,TAU,ETA,EMP_000001,,NO,NO,NO,NO,NO
91403,M,36 a 45 años,Entre 1 y 1.5 SMLV,SIGMA,EPSILON,TAU,XI,EMP_000002,BOGOTA D.C.,NO,NO,NO,NO,NO
91453,M,20 a 35 años,Entre 1 y 1.5 SMLV,SIGMA,LAMBDA,TAU,ETA,EMP_000001,GIRARDOT,NO,NO,NO,NO,NO
91503,F,46 a 55 años,Entre 1 y 1.5 SMLV,SIGMA,RHO,TAU,XI,EMP_000002,,NO,NO,NO,NO,NO
91553,M,20 a 35 años,Entre 1 y 1.5 SMLV,SIGMA,LAMBDA,ETA,XI,EMP_000002,BOGOTA D.C.,NO,NO,NO,NO,NO
91603,M,20 a 35 años,Entre 1 y 1.5 SMLV,SIGMA,LAMBDA,TAU,UPSILON,EMP_000001,BOGOTA D.C.,NO,NO,NO,NO,NO
91653,M,36 a 45 años,Entre 1 y 1.5 SMLV,SIGMA,RHO,PI,ETA,EMP_000001,,NO,NO,NO,NO,NO
91703,M,36 a 45 años,Entre 1 y 1.5 SMLV,SIGMA,RHO,PI,UPSILON,EMP_000001,,NO,NO,NO,NO,NO
91753,F,46 a 55 años,Entre 1 y 1.5 SMLV,SIGMA,LAMBDA,TAU,DELTA,EMP_000001,,NO,NO,NO,NO,NO
91803,F,20 a 35 años,Entre 2.5 y 3 SMLV,PI,LAMBDA,ETA,XI,EMP_000002,,NO,NO,NO,NO,NO
91853,M,20 a 35 años,Entre 1 y 1.5 SMLV,SIGMA,LAMBDA,ETA,DELTA,EMP_000001,,NO,NO,NO,NO,NO
91903,F,20 a 35 años,Entre 1 y 1.5 SMLV,SIGMA,LAMBDA,ETA,XI,EMP_000002,,NO,NO,NO,NO,NO
91953,M,36 a 45 años,Entre 1 y 1.5 SMLV,SIGMA,LAMBDA,ETA,BETA,EMP_000001,,NO,NO,NO,NO,NO
92003,M,46 a 55 años,Entre 1 y 1.5 SMLV,SIGMA,LAMBDA,TAU,ETA,EMP_000001,,NO,NO,NO,NO,NO
92053,F,Mayor de 55 años,Entre 1 y 1.5 SMLV,SIGMA,EPSILON,TAU,KAPPA,EMP_000001,BOGOTA D.C.,NO,NO,NO,NO,NO
92103,M,46 a 55 años,Entre 1 y 1.5 SMLV,SIGMA,RHO,PI,ETA,EMP_000001,BOGOTA D.C.,NO,NO,NO,NO,NO
92153,F,20 a 35 años,Menor al SMLV,SIGMA,LAMBDA,TAU,ETA,EMP_000001,,NO,NO,NO,NO,NO
92203,F,36 a 45 años,Entre 1 y 1.5 SMLV,SIGMA,RHO,PI,ETA,EMP_000001,,NO,NO,NO,NO,NO
92253,M,20 a 35 años,Entre 1 y 1.5 SMLV,SIGMA,LAMBDA,ETA,BETA,EMP_000001,,NO,NO,NO,NO,NO
92303,M,20 a 35 años,Entre 1 y 1.5 SMLV,SIGMA,LAMBDA,TAU,DELTA,EMP_000001,,NO,NO,NO,NO,NO
92353,M,20 a 35 años,Entre 1 y 1.5 SMLV,SIGMA,RHO,TAU,ETA,EMP_000001,BOGOTA D.C.,NO,NO,NO,NO,NO
92403,F,46 a 55 años,Entre 1 y 1.5 SMLV,SIGMA,LAMBDA,PI,ETA,EMP_000001,,NO,NO,NO,NO,NO
92453,M,46 a 55 años,Entre 1 y 1.5 SMLV,SIGMA,EPSILON,TAU,ETA,EMP_000001,BOGOTA D.C.,NO,NO,NO,NO,NO
92503,M,20 a 35 años,Entre 1 y 1.5 SMLV,SIGMA,LAMBDA,TAU,OMEGA,EMP_000001,BOGOTA D.C.,NO,NO,NO,NO,NO
92553,M,36 a 45 años,Entre 1 y 1.5 SMLV,SIGMA,THETA,TAU,ETA,EMP_000001,,NO,NO,NO,NO,NO
92603,M,20 a 35 años,Entre 1.5 y 2 SMLV,SIGMA,LAMBDA,ETA,ETA,EMP_000001,,NO,NO,NO,NO,NO
92653,M,36 a 45 años,Menor al SMLV,SIGMA,LAMBDA,TAU,OMEGA,EMP_000001,,NO,NO,NO,NO,NO
92703,M,20 a 35 años,Entre 1 y 1.5 SMLV,SIGMA,LAMBDA,TAU,UPSILON,EMP_000001,,NO,NO,NO,NO,NO
92753,F,36 a 45 años,Entre 1 y 1.5 SMLV,SIGMA,RHO,PI,XI,EMP_000001,,NO,NO,NO,NO,NO
92803,F,20 a 35 años,Entre 1 y 1.5 SMLV,SIGMA,RHO,TAU,UPSILON,EMP_000001,,NO,NO,NO,NO,NO
92853,F,36 a 45 años,Entre 1 y 1.5 SMLV,SIGMA,RHO,TAU,ETA,EMP_000001,BOGOTA D.C.,NO,NO,NO,NO,NO
92903,F,20 a 35 años,Entre 1 y 1.5 SMLV,SIGMA,RHO,TAU,UPSILON,EMP_000001,,NO,NO,NO,NO,NO
92953,F,20 a 35 años,Menor al SMLV,SIGMA,LAMBDA,TAU,ETA,EMP_000001,,NO,NO,NO,NO,NO
93003,M,20 a 35 años,Entre 1 y 1.5 SMLV,SIGMA,LAMBDA,TAU,ETA,EMP_000001,,NO,NO,NO,NO,NO
93053,M,Mayor de 55 años,Entre 2.5 y 3 SMLV,PI,IOTA,PI,DELTA,EMP_000001,BOGOTA D.C.,NO,NO,NO,NO,NO
93103,F,46 a 55 años,Entre 3 y 4 SMLV,PI,RHO,PI,XI,EMP_000002,EL COLEGIO,NO,NO,NO,NO,NO
93153,F,36 a 45 años,Entre 1 y 1.5 SMLV,SIGMA,RHO,TAU,XI,EMP_000002,BOGOTA D.C.,NO,NO,NO,NO,NO
93203,F,36 a 45 años,Menor al SMLV,SIGMA,EPSILON,TAU,OMICRON,EMP_000001,BOGOTA D.C.,NO,NO,NO,NO,NO
93253,M,36 a 45 años,Entre 1 y 1.5 SMLV,SIGMA,EPSILON,TAU,ETA,EMP_000001,LENGUAZAQUE,NO,NO,NO,NO,NO
93303,M,20 a 35 años,Entre 1 y 1.5 SMLV,SIGMA,LAMBDA,ETA,XI,EMP_000002,,NO,NO,NO,NO,NO
93353,M,Mayor de 55 años,Entre 2.5 y 3 SMLV,PI,LAMBDA,PI,XI,EMP_000001,BOGOTA D.C.,NO,NO,NO,NO,NO
93403,M,46 a 55 años,Entre 1 y 1.5 SMLV,SIGMA,RHO,TAU,ETA,EMP_000001,BOGOTA D.C.,NO,NO,NO,NO,NO
93453,M,46 a 55 años,Entre 20 y 30 SMLV,ZETA,LAMBDA,XI,UPSILON,EMP_000001,BOGOTA D.C.,NO,NO,NO,NO,NO
93503,M,20 a 35 años,Entre 1 y 1.5 SMLV,SIGMA,LAMBDA,TAU,XI,EMP_000002,,NO,NO,NO,NO,NO
93553,F,20 a 35 años,Entre 2 y 2.5 SMLV,PI,LAMBDA,ETA,XI,EMP_000002,,NO,NO,NO,NO,NO
93603,M,20 a 35 años,Entre 1 y 1.5 SMLV,SIGMA,LAMBDA,ETA,BETA,EMP_000001,,NO,NO,NO,NO,NO
93653,F,36 a 45 años,Menor al SMLV,SIGMA,EPSILON,TAU,XI,EMP_000002,BOGOTA D.C.,NO,NO,NO,NO,NO
93703,F,36 a 45 años,Entre 1 y 1.5 SMLV,SIGMA,EPSILON,TAU,XI,EMP_000002,,NO,NO,NO,NO,NO
93753,M,20 a 35 años,Entre 1.5 y 2 SMLV,SIGMA,LAMBDA,ETA,XI,EMP_000002,BOGOTA D.C.,NO,NO,NO,NO,NO
93803,F,20 a 35 años,Entre 1 y 1.5 SMLV,SIGMA,RHO,PI,XI,EMP_000001,,NO,NO,NO,NO,NO
93853,F,20 a 35 años,Entre 1 y 1.5 SMLV,SIGMA,LAMBDA,ETA,XI,EMP_000002,,NO,NO,NO,NO,NO
93903,M,36 a 45 años,Entre 1 y 1.5 SMLV,SIGMA,EPSILON,PI,UPSILON,EMP_000001,BOGOTA D.C.,NO,NO,NO,NO,NO
93953,F,20 a 35 años,Entre 1 y 1.5 SMLV,SIGMA,LAMBDA,TAU,DELTA,EMP_000001,,NO,NO,NO,NO,NO
94003,F,20 a 35 años,Entre 1 y 1.5 SMLV,SIGMA,LAMBDA,TAU,ETA,EMP_000001,,NO,NO,NO,NO,NO
94053,F,36 a 45 años,Entre 10 y 20 SMLV,ZETA,LAMBDA,PI,UPSILON,EMP_000001,BOGOTA D.C.,NO,NO,NO,NO,NO
94103,F,20 a 35 años,Entre 3 y 4 SMLV,PI,LAMBDA,ETA,XI,EMP_000002,,NO,NO,NO,NO,NO
94153,F,20 a 35 años,Entre 1 y 1.5 SMLV,SIGMA,RHO,TAU,XI,EMP_000002,,NO,NO,NO,NO,NO
94203,M,Mayor de 55 años,Entre 1 y 1.5 SMLV,SIGMA,IOTA,TAU,DELTA,EMP_000001,,NO,NO,NO,NO,NO
94253,F,Menor de 19 años,Entre 1 y 1.5 SMLV,SIGMA,LAMBDA,TAU,ETA,EMP_000001,,NO,NO,NO,NO,NO
94303,M,36 a 45 años,Entre 1 y 1.5 SMLV,SIGMA,LAMBDA,ETA,BETA,EMP_000001,,NO,NO,NO,NO,NO
94353,M,20 a 35 años,Entre 1 y 1.5 SMLV,SIGMA,LAMBDA,TAU,ETA,EMP_000001,,NO,NO,NO,NO,NO
94403,F,20 a 35 años,Menor al SMLV,SIGMA,RHO,TAU,ETA,EMP_000001,,NO,NO,NO,NO,NO
94453,M,20 a 35 años,Menor al SMLV,SIGMA,LAMBDA,TAU,ETA,EMP_000001,,NO,NO,NO,NO,NO
94503,M,20 a 35 años,Entre 2.5 y 3 SMLV,PI,LAMBDA,ETA,ETA,EMP_000001,BOGOTA D.C.,NO,NO,NO,NO,NO
94553,F,46 a 55 años,Entre 1 y 1.5 SMLV,SIGMA,LAMBDA,TAU,ETA,EMP_000001,,NO,NO,NO,NO,NO
94603,F,36 a 45 años,Entre 1 y 1.5 SMLV,SIGMA,RHO,PI,PSI,EMP_000001,BOGOTA D.C.,NO,NO,NO,NO,NO
94653,M,20 a 35 años,Entre 1 y 1.5 SMLV,SIGMA,LAMBDA,TAU,UPSILON,EMP_000001,FACATATIVA,NO,NO,NO,NO,NO
94703,F,46 a 55 años,Entre 1 y 1.5 SMLV,SIGMA,RHO,PI,UPSILON,EMP_000001,BOGOTA D.C.,NO,NO,NO,NO,NO
94753,M,46 a 55 años,Entre 1 y 1.5 SMLV,SIGMA,LAMBDA,TAU,UPSILON,EMP_000001,,NO,NO,NO,NO,NO
94803,M,36 a 45 años,Entre 1 y 1.5 SMLV,SIGMA,LAMBDA,ETA,BETA,EMP_000001,,NO,NO,NO,NO,NO
94853,M,20 a 35 años,Entre 1 y 1.5 SMLV,SIGMA,LAMBDA,TAU,ETA,EMP_000001,,NO,NO,NO,NO,NO
94903,M,Mayor de 55 años,Entre 2 y 2.5 SMLV,PI,LAMBDA,PI,ETA,EMP_000001,,NO,NO,NO,NO,NO
94953,F,46 a 55 años,Entre 3 y 4 SMLV,PI,LAMBDA,PI,UPSILON,EMP_000001,BOGOTA D.C.,NO,NO,NO,NO,NO
95003,F,20 a 35 años,Entre 1.5 y 2 SMLV,SIGMA,LAMBDA,ETA,XI,EMP_000002,,NO,NO,NO,NO,NO
95053,F,Mayor de 55 años,Entre 1 y 1.5 SMLV,SIGMA,RHO,TAU,UPSILON,EMP_000001,,NO,NO,NO,NO,NO
95103,M,Menor de 19 años,Entre 1 y 1.5 SMLV,SIGMA,LAMBDA,TAU,ETA,EMP_000001,,NO,NO,NO,NO,NO
95153,F,Mayor de 55 años,Entre 1 y 1.5 SMLV,SIGMA,LAMBDA,TAU,DELTA,EMP_000001,,NO,NO,NO,NO,NO
95203,F,20 a 35 años,Entre 1 y 1.5 SMLV,SIGMA,LAMBDA,ETA,UPSILON,EMP_000001,,NO,NO,NO,NO,NO
95253,F,20 a 35 años,Entre 1 y 1.5 SMLV,SIGMA,LAMBDA,TAU,ETA,EMP_000001,,NO,NO,NO,NO,NO
95303,M,Mayor de 55 años,Entre 1 y 1.5 SMLV,SIGMA,LAMBDA,TAU,DELTA,EMP_000001,BOGOTA D.C.,NO,NO,NO,NO,NO
95353,F,20 a 35 años,Entre 1 y 1.5 SMLV,SIGMA,LAMBDA,ETA,UPSILON,EMP_000001,,NO,NO,NO,NO,NO
95403,F,36 a 45 años,Entre 1 y 1.5 SMLV,SIGMA,RHO,TAU,UPSILON,EMP_000001,,NO,NO,NO,NO,NO
95453,F,Mayor de 55 años,Entre 1 y 1.5 SMLV,SIGMA,IOTA,TAU,KAPPA,EMP_000001,CHIA,NO,NO,NO,NO,NO
95503,M,36 a 45 años,Entre 1 y 1.5 SMLV,SIGMA,LAMBDA,TAU,ETA,EMP_000001,BOGOTA D.C.,NO,NO,NO,NO,NO
95553,M,36 a 45 años,Entre 4 y 6 SMLV,ZETA,LAMBDA,ETA,XI,EMP_000002,BOGOTA D.C.,NO,NO,NO,NO,NO
95603,F,20 a 35 años,Entre 1 y 1.5 SMLV,SIGMA,LAMBDA,TAU,UPSILON,EMP_000001,BOGOTA D.C.,NO,NO,NO,NO,NO
95653,F,36 a 45 años,Entre 1 y 1.5 SMLV,SIGMA,EPSILON,TAU,UPSILON,EMP_000001,BOGOTA D.C.,NO,NO,NO,NO,NO
95703,F,20 a 35 años,Entre 1.5 y 2 SMLV,SIGMA,LAMBDA,ETA,DELTA,EMP_000001,,NO,NO,NO,NO,NO
95753,F,36 a 45 años,Entre 1 y 1.5 SMLV,SIGMA,LAMBDA,TAU,DELTA,EMP_000001,,NO,NO,NO,NO,NO
95803,M,Mayor de 55 años,Menor al SMLV,SIGMA,IOTA,TAU,KAPPA,EMP_000001,FUNZA,NO,NO,NO,NO,NO
95853,M,20 a 35 años,Entre 1 y 1.5 SMLV,SIGMA,LAMBDA,TAU,DELTA,EMP_000001,BOGOTA D.C.,NO,NO,NO,NO,NO
95903,F,Mayor de 55 años,Entre 1 y 1.5 SMLV,PI,LAMBDA,TAU,LAMBDA,EMP_000001,BOGOTA D.C.,NO,NO,NO,NO,NO
95953,F,20 a 35 años,Entre 1 y 1.5 SMLV,SIGMA,LAMBDA,TAU,XI,EMP_000001,BOGOTA D.C.,NO,NO,NO,NO,NO
96003,F,20 a 35 años,Entre 1 y 1.5 SMLV,SIGMA,LAMBDA,TAU,UPSILON,EMP_000001,,NO,NO,NO,NO,NO
96053,M,20 a 35 años,Entre 1 y 1.5 SMLV,SIGMA,LAMBDA,TAU,ETA,EMP_000001,BOGOTA D.C.,NO,NO,NO,NO,NO
96103,M,36 a 45 años,Entre 1 y 1.5 SMLV,SIGMA,LAMBDA,ETA,BETA,EMP_000001,,NO,NO,NO,NO,NO
96153,M,36 a 45 años,Entre 1 y 1.5 SMLV,SIGMA,RHO,TAU,UPSILON,EMP_000001,BOGOTA D.C.,NO,NO,NO,NO,NO
96203,M,36 a 45 años,Menor al SMLV,SIGMA,LAMBDA,TAU,ETA,EMP_000001,,NO,NO,NO,NO,NO
96253,M,36 a 45 años,Entre 10 y 20 SMLV,ZETA,LAMBDA,ETA,XI,EMP_000002,BOGOTA D.C.,NO,NO,NO,NO,NO
96303,M,Mayor de 55 años,Entre 1 y 1.5 SMLV,SIGMA,LAMBDA,TAU,ETA,EMP_000001,,NO,NO,NO,NO,NO
96353,M,20 a 35 años,Entre 1 y 1.5 SMLV,SIGMA,EPSILON,TAU,ETA,EMP_000001,BOGOTA D.C.,NO,NO,NO,NO,NO
96403,M,36 a 45 años,Entre 3 y 4 SMLV,PI,EPSILON,PI,DELTA,EMP_000001,BOGOTA D.C.,NO,NO,NO,NO,NO
96453,F,20 a 35 años,Entre 1 y 1.5 SMLV,SIGMA,RHO,TAU,DELTA,EMP_000001,,NO,NO,NO,NO,NO
96503,F,20 a 35 años,Entre 1 y 1.5 SMLV,SIGMA,LAMBDA,TAU,ETA,EMP_000001,BOGOTA D.C.,NO,NO,NO,NO,NO
96553,F,46 a 55 años,Entre 2.5 y 3 SMLV,PI,RHO,PI,XI,EMP_000002,BOGOTA D.C.,NO,NO,NO,NO,NO
96603,F,20 a 35 años,Entre 3 y 4 SMLV,PI,LAMBDA,ETA,XI,EMP_000002,,NO,NO,NO,NO,NO
96653,M,46 a 55 años,Entre 1 y 1.5 SMLV,SIGMA,LAMBDA,TAU,ETA,EMP_000001,BOGOTA D.C.,NO,NO,NO,NO,NO
96703,M,Mayor de 55 años,Entre 3 y 4 SMLV,PI,LAMBDA,PI,DELTA,EMP_000001,BOGOTA D.C.,NO,NO,NO,NO,NO
96753,M,20 a 35 años,Entre 6 y 8 SMLV,ZETA,LAMBDA,ETA,XI,EMP_000002,BOGOTA D.C.,NO,NO,NO,NO,NO
96803,F,20 a 35 años,Entre 1.5 y 2 SMLV,PI,LAMBDA,ETA,XI,EMP_000002,,NO,NO,NO,NO,NO
96853,M,20 a 35 años,Entre 1 y 1.5 SMLV,SIGMA,LAMBDA,ETA,ETA,EMP_000001,SOACHA,NO,NO,NO,NO,NO
96903,M,Mayor de 55 años,Entre 1 y 1.5 SMLV,SIGMA,LAMBDA,PI,KAPPA,EMP_000001,,NO,NO,NO,NO,NO
96953,M,20 a 35 años,Menor al SMLV,SIGMA,LAMBDA,TAU,ETA,EMP_000001,,NO,NO,NO,NO,NO
97003,M,Mayor de 55 años,Entre 20 y 30 SMLV,ZETA,LAMBDA,XI,ETA,EMP_000001,BOGOTA D.C.,NO,NO,NO,NO,NO
97053,F,20 a 35 años,Menor al SMLV,SIGMA,LAMBDA,TAU,XI,EMP_000002,,NO,NO,NO,NO,NO
97103,M,20 a 35 años,Entre 1 y 1.5 SMLV,SIGMA,LAMBDA,ETA,BETA,EMP_000001,,NO,NO,NO,NO,NO
97153,F,Mayor de 55 años,Entre 2.5 y 3 SMLV,PI,LAMBDA,PI,ETA,EMP_000001,,NO,NO,NO,NO,NO
97203,M,Mayor de 55 años,Menor al SMLV,SIGMA,IOTA,TAU,KAPPA,EMP_000001,BOGOTA D.C.,NO,NO,NO,NO,NO
97253,F,36 a 45 años,Entre 1 y 1.5 SMLV,SIGMA,RHO,TAU,DELTA,EMP_000001,,NO,NO,NO,NO,NO
97303,M,20 a 35 años,Entre 1 y 1.5 SMLV,SIGMA,RHO,TAU,ETA,EMP_000001,BOGOTA D.C.,NO,NO,NO,NO,NO
97353,M,46 a 55 años,Entre 1 y 1.5 SMLV,SIGMA,LAMBDA,TAU,DELTA,EMP_000001,VILLETA,NO,NO,NO,NO,NO
97403,M,46 a 55 años,Entre 1 y 1.5 SMLV,SIGMA,LAMBDA,TAU,ETA,EMP_000001,,NO,NO,NO,NO,NO
97453,M,36 a 45 años,Entre 1 y 1.5 SMLV,SIGMA,EPSILON,TAU,DELTA,EMP_000001,BOGOTA D.C.,NO,NO,NO,NO,NO
97503,M,36 a 45 años,Entre 1 y 1.5 SMLV,SIGMA,LAMBDA,ETA,ETA,EMP_000001,BOGOTA D.C.,NO,NO,NO,NO,NO
97553,F,20 a 35 años,Entre 3 y 4 SMLV,PI,LAMBDA,ETA,UPSILON,EMP_000001,,NO,NO,NO,NO,NO
97603,M,20 a 35 años,Entre 1 y 1.5 SMLV,SIGMA,LAMBDA,ETA,BETA,EMP_000001,,NO,NO,NO,NO,NO
97653,F,20 a 35 años,Menor al SMLV,SIGMA,LAMBDA,TAU,ETA,EMP_000001,,NO,NO,NO,NO,NO
97703,M,Mayor de 55 años,Entre 1 y 1.5 SMLV,SIGMA,LAMBDA,TAU,ETA,EMP_000001,,NO,NO,NO,NO,NO
97753,M,20 a 35 años,Menor al SMLV,SIGMA,LAMBDA,TAU,DELTA,EMP_000001,,NO,NO,NO,NO,NO
97803,F,36 a 45 años,Entre 10 y 20 SMLV,ZETA,LAMBDA,PI,UPSILON,EMP_000001,,NO,NO,NO,NO,NO
97853,F,36 a 45 años,Entre 1 y 1.5 SMLV,SIGMA,RHO,TAU,XI,EMP_000002,BOGOTA D.C.,NO,NO,NO,NO,NO
97903,M,36 a 45 años,Entre 1 y 1.5 SMLV,SIGMA,LAMBDA,ETA,BETA,EMP_000001,,NO,NO,NO,NO,NO
97953,M,20 a 35 años,Entre 1 y 1.5 SMLV,SIGMA,EPSILON,PI,DELTA,EMP_000001,,NO,NO,NO,NO,NO
98003,M,20 a 35 años,Entre 1 y 1.5 SMLV,SIGMA,EPSILON,TAU,UPSILON,EMP_000001,,NO,NO,NO,NO,NO
98053,F,20 a 35 años,Entre 1 y 1.5 SMLV,SIGMA,LAMBDA,ETA,XI,EMP_000001,,NO,NO,NO,NO,NO
98103,M,36 a 45 años,Entre 3 y 4 SMLV,PI,RHO,PI,XI,EMP_000002,BOGOTA D.C.,NO,NO,NO,NO,NO
98153,F,36 a 45 años,Entre 4 y 6 SMLV,ZETA,RHO,PI,UPSILON,EMP_000001,BOGOTA D.C.,NO,NO,NO,NO,NO
98203,M,20 a 35 años,Entre 1 y 1.5 SMLV,SIGMA,LAMBDA,TAU,ETA,EMP_000001,,NO,NO,NO,NO,NO
98253,F,36 a 45 años,Menor al SMLV,SIGMA,RHO,TAU,ETA,EMP_000001,BOGOTA D.C.,NO,NO,NO,NO,NO
98303,F,20 a 35 años,Entre 1 y 1.5 SMLV,SIGMA,RHO,TAU,DELTA,EMP_000001,BOGOTA D.C.,NO,NO,NO,NO,NO
98353,M,36 a 45 años,Entre 1.5 y 2 SMLV,PI,CHI,PI,DELTA,EMP_000001,,NO,NO,NO,NO,NO
98403,F,20 a 35 años,Entre 3 y 4 SMLV,PI,CHI,PI,XI,EMP_000002,BOGOTA D.C.,NO,NO,NO,NO,NO
98453,F,36 a 45 años,Entre 1 y 1.5 SMLV,PI,RHO,TAU,LAMBDA,EMP_000001,BOGOTA D.C.,NO,NO,NO,NO,NO
98503,F,46 a 55 años,Entre 1 y 1.5 SMLV,SIGMA,LAMBDA,PI,DELTA,EMP_000001,,NO,NO,NO,NO,NO
98553,F,46 a 55 años,Entre 3 y 4 SMLV,PI,LAMBDA,PI,XI,EMP_000002,,NO,NO,NO,NO,NO
98603,M,20 a 35 años,Entre 6 y 8 SMLV,ZETA,LAMBDA,ETA,XI,EMP_000001,,NO,NO,NO,NO,NO
98653,M,20 a 35 años,Entre 1 y 1.5 SMLV,SIGMA,LAMBDA,TAU,XI,EMP_000002,,NO,NO,NO,NO,NO
98703,M,20 a 35 años,Entre 1 y 1.5 SMLV,SIGMA,LAMBDA,TAU,UPSILON,EMP_000001,,NO,NO,NO,NO,NO
98753,M,46 a 55 años,Entre 1 y 1.5 SMLV,SIGMA,LAMBDA,TAU,DELTA,EMP_000001,,NO,NO,NO,NO,NO
98803,M,20 a 35 años,Entre 1 y 1.5 SMLV,SIGMA,LAMBDA,ETA,XI,EMP_000002,,NO,NO,NO,NO,NO
98853,F,20 a 35 años,Entre 1 y 1.5 SMLV,SIGMA,LAMBDA,TAU,DELTA,EMP_000001,,NO,NO,NO,NO,NO
98903,F,20 a 35 años,Entre 1 y 1.5 SMLV,SIGMA,LAMBDA,ETA,BETA,EMP_000001,,NO,NO,NO,NO,NO
98953,M,20 a 35 años,Entre 1 y 1.5 SMLV,SIGMA,LAMBDA,TAU,ETA,EMP_000001,,NO,NO,NO,NO,NO
99003,F,20 a 35 años,Entre 1 y 1.5 SMLV,SIGMA,RHO,TAU,ETA,EMP_000001,BOGOTA D.C.,NO,NO,NO,NO,NO
99053,F,36 a 45 años,Entre 1 y 1.5 SMLV,SIGMA,RHO,TAU,ETA,EMP_000001,BOGOTA D.C.,NO,NO,NO,NO,NO
99103,M,36 a 45 años,Entre 1 y 1.5 SMLV,SIGMA,RHO,TAU,UPSILON,EMP_000001,BOGOTA D.C.,NO,NO,NO,NO,NO
99153,F,36 a 45 años,Entre 1 y 1.5 SMLV,SIGMA,RHO,TAU,UPSILON,EMP_000001,VILLA DE SAN DIEGO DE UBATE,NO,NO,NO,NO,NO
99203,M,20 a 35 años,Entre 1 y 1.5 SMLV,SIGMA,RHO,TAU,DELTA,EMP_000001,FACATATIVA,NO,NO,NO,NO,NO
99253,M,20 a 35 años,Entre 1 y 1.5 SMLV,SIGMA,LAMBDA,ETA,BETA,EMP_000001,,NO,NO,NO,NO,NO
99303,F,20 a 35 años,Entre 2.5 y 3 SMLV,PI,RHO,PI,UPSILON,EMP_000001,,NO,NO,NO,NO,NO
99353,M,36 a 45 años,Entre 1 y 1.5 SMLV,SIGMA,LAMBDA,PI,UPSILON,EMP_000001,BOGOTA D.C.,NO,NO,NO,NO,NO
99403,M,20 a 35 años,Entre 1 y 1.5 SMLV,SIGMA,LAMBDA,ETA,BETA,EMP_000001,,NO,NO,NO,NO,NO
99453,F,20 a 35 años,Entre 1 y 1.5 SMLV,SIGMA,LAMBDA,ETA,UPSILON,EMP_000001,,NO,NO,NO,NO,NO
99503,M,36 a 45 años,Entre 1 y 1.5 SMLV,SIGMA,RHO,TAU,DELTA,EMP_000001,,NO,NO,NO,NO,NO
99553,M,36 a 45 años,Entre 1 y 1.5 SMLV,SIGMA,LAMBDA,PI,ETA,EMP_000001,BOGOTA D.C.,NO,NO,NO,NO,NO
99603,M,20 a 35 años,Entre 1 y 1.5 SMLV,SIGMA,LAMBDA,ETA,BETA,EMP_000001,,NO,NO,NO,NO,NO
99653,M,46 a 55 años,Menor al SMLV,SIGMA,LAMBDA,TAU,ETA,EMP_000001,BOGOTA D.C.,NO,NO,NO,NO,NO
99703,M,Mayor de 55 años,Entre 6 y 8 SMLV,SIGMA,EPSILON,PI,KAPPA,EMP_000001,BOGOTA D.C.,NO,NO,NO,NO,NO
99753,M,20 a 35 años,Entre 1 y 1.5 SMLV,SIGMA,LAMBDA,TAU,UPSILON,EMP_000001,,NO,NO,NO,NO,NO
99803,F,36 a 45 años,Entre 3 y 4 SMLV,PI,LAMBDA,ETA,XI,EMP_000002,,NO,NO,NO,NO,NO
99853,M,36 a 45 años,Entre 1 y 1.5 SMLV,SIGMA,RHO,TAU,UPSILON,EMP_000001,,NO,NO,NO,NO,NO
99903,M,Mayor de 55 años,Entre 1.5 y 2 SMLV,PI,RHO,PI,UPSILON,EMP_000001,FACATATIVA,NO,NO,NO,NO,NO
99953,F,46 a 55 años,Entre 1 y 1.5 SMLV,SIGMA,EPSILON,TAU,ETA,EMP_000001,,NO,NO,NO,NO,NO
100003,F,20 a 35 años,Entre 1 y 1.5 SMLV,SIGMA,LAMBDA,TAU,ETA,EMP_000001,BOGOTA D.C.,NO,NO,NO,NO,NO
100053,F,20 a 35 años,Entre 2.5 y 3 SMLV,PI,EPSILON,PI,UPSILON,EMP_000001,BOGOTA D.C.,NO,NO,NO,NO,NO
100103,F,Mayor de 55 años,Menor al SMLV,SIGMA,LAMBDA,TAU,KAPPA,EMP_000001,,NO,NO,NO,NO,NO
100153,F,46 a 55 años,Entre 1 y 1.5 SMLV,SIGMA,RHO,TAU,XI,EMP_000002,BOGOTA D.C.,NO,NO,NO,NO,NO
100203,M,20 a 35 años,Entre 1 y 1.5 SMLV,SIGMA,LAMBDA,ETA,BETA,EMP_000001,,NO,NO,NO,NO,NO
100253,M,46 a 55 años,Menor al SMLV,SIGMA,LAMBDA,TAU,ETA,EMP_000001,BOGOTA D.C.,NO,NO,NO,NO,NO
100303,F,20 a 35 años,Entre 2 y 2.5 SMLV,PI,LAMBDA,ETA,ETA,EMP_000001,,NO,NO,NO,NO,NO
100353,F,36 a 45 años,Entre 1 y 1.5 SMLV,SIGMA,RHO,TAU,ETA,EMP_000001,,NO,NO,NO,NO,NO
100403,F,20 a 35 años,Entre 4 y 6 SMLV,ZETA,LAMBDA,ETA,XI,EMP_000002,BOGOTA D.C.,NO,NO,NO,NO,NO
100453,F,46 a 55 años,Entre 8 y 10 SMLV,ZETA,LAMBDA,PI,UPSILON,EMP_000002,BOGOTA D.C.,NO,NO,NO,NO,NO
100503,M,20 a 35 años,Entre 1 y 1.5 SMLV,SIGMA,LAMBDA,TAU,XI,EMP_000002,,NO,NO,NO,NO,NO
100553,F,20 a 35 años,Entre 1 y 1.5 SMLV,SIGMA,LAMBDA,ETA,ETA,EMP_000001,,NO,NO,NO,NO,NO
100603,M,36 a 45 años,Entre 1 y 1.5 SMLV,SIGMA,RHO,TAU,ETA,EMP_000001,BOGOTA D.C.,NO,NO,NO,NO,NO
100653,M,Mayor de 55 años,Entre 1 y 1.5 SMLV,SIGMA,IOTA,PI,KAPPA,EMP_000001,BOGOTA D.C.,NO,NO,NO,NO,NO
100703,M,36 a 45 años,Entre 10 y 20 SMLV,ZETA,LAMBDA,PI,XI,EMP_000002,BOGOTA D.C.,NO,NO,NO,NO,NO
100753,F,Mayor de 55 años,Entre 1 y 1.5 SMLV,SIGMA,LAMBDA,TAU,ETA,EMP_000001,BOGOTA D.C.,NO,NO,NO,NO,NO
100803,M,46 a 55 años,Entre 1 y 1.5 SMLV,SIGMA,EPSILON,TAU,ETA,EMP_000001,BOGOTA D.C.,NO,NO,NO,NO,NO
100853,F,46 a 55 años,Entre 1 y 1.5 SMLV,SIGMA,LAMBDA,TAU,ETA,EMP_000001,,NO,NO,NO,NO,NO
100903,F,20 a 35 años,Entre 1 y 1.5 SMLV,SIGMA,LAMBDA,TAU,ETA,EMP_000001,BOGOTA D.C.,NO,NO,NO,NO,NO
100953,F,20 a 35 años,Entre 1 y 1.5 SMLV,SIGMA,LAMBDA,TAU,ETA,EMP_000001,,NO,NO,NO,NO,NO
101003,F,46 a 55 años,Entre 6 y 8 SMLV,ZETA,LAMBDA,PI,XI,EMP_000002,,NO,NO,NO,NO,NO
101053,F,Mayor de 55 años,Menor al SMLV,SIGMA,LAMBDA,TAU,KAPPA,EMP_000001,BOGOTA D.C.,NO,NO,NO,NO,NO
101103,M,46 a 55 años,Entre 1 y 1.5 SMLV,SIGMA,EPSILON,TAU,OMEGA,EMP_000001,,NO,NO,NO,NO,NO
101153,M,20 a 35 años,Entre 1 y 1.5 SMLV,SIGMA,LAMBDA,TAU,UPSILON,EMP_000001,,NO,NO,NO,NO,NO
101203,M,20 a 35 años,Entre 1 y 1.5 SMLV,SIGMA,LAMBDA,ETA,BETA,EMP_000001,,NO,NO,NO,NO,NO
101253,M,20 a 35 años,Entre 1 y 1.5 SMLV,SIGMA,LAMBDA,TAU,UPSILON,EMP_000001,BOGOTA D.C.,NO,NO,NO,NO,NO
101303,M,20 a 35 años,Entre 1 y 1.5 SMLV,SIGMA,LAMBDA,ETA,DELTA,EMP_000001,,NO,NO,NO,NO,NO
101353,F,Mayor de 55 años,Entre 1 y 1.5 SMLV,SIGMA,IOTA,TAU,UPSILON,EMP_000001,SOACHA,NO,NO,NO,NO,NO
101403,F,20 a 35 años,Entre 1 y 1.5 SMLV,SIGMA,LAMBDA,ETA,ETA,EMP_000001,,NO,NO,NO,NO,NO
101453,F,46 a 55 años,Entre 20 y 30 SMLV,ZETA,IOTA,XI,ETA,EMP_000001,BOGOTA D.C.,NO,NO,NO,NO,NO
101503,M,20 a 35 años,Entre 1 y 1.5 SMLV,SIGMA,LAMBDA,TAU,DELTA,EMP_000001,,NO,NO,NO,NO,NO
101553,M,20 a 35 años,Entre 1 y 1.5 SMLV,SIGMA,LAMBDA,ETA,UPSILON,EMP_000001,FACATATIVA,NO,NO,NO,NO,NO
101603,F,20 a 35 años,Entre 1 y 1.5 SMLV,PI,LAMBDA,ETA,UPSILON,EMP_000001,,NO,NO,NO,NO,NO
101653,F,Mayor de 55 años,Menor al SMLV,SIGMA,LAMBDA,TAU,KAPPA,EMP_000001,,NO,NO,NO,NO,NO
101703,M,20 a 35 años,Entre 1 y 1.5 SMLV,SIGMA,THETA,ETA,OMICRON,EMP_000001,,NO,NO,NO,NO,NO
101753,F,20 a 35 años,Entre 1 y 1.5 SMLV,SIGMA,LAMBDA,TAU,ETA,EMP_000001,,NO,NO,NO,NO,NO
101803,M,20 a 35 años,Entre 2 y 2.5 SMLV,PI,LAMBDA,ETA,UPSILON,EMP_000001,,NO,NO,NO,NO,NO
101853,M,36 a 45 años,Entre 1 y 1.5 SMLV,SIGMA,RHO,TAU,XI,EMP_000002,,NO,NO,NO,NO,NO
101903,F,Menor de 19 años,Entre 1 y 1.5 SMLV,SIGMA,LAMBDA,TAU,UPSILON,EMP_000001,,NO,NO,NO,NO,NO
101953,F,20 a 35 años,Entre 1 y 1.5 SMLV,SIGMA,RHO,TAU,XI,EMP_000001,,NO,NO,NO,NO,NO
102003,M,Menor de 19 años,,MU,THETA,OMEGA,OMICRON,EMP_000001,,NO,NO,NO,NO,NO
102053,M,20 a 35 años,Entre 1 y 1.5 SMLV,SIGMA,RHO,PI,XI,EMP_000001,,NO,NO,NO,NO,NO
102103,M,20 a 35 años,Entre 1 y 1.5 SMLV,SIGMA,LAMBDA,ETA,ETA,EMP_000001,,NO,NO,NO,NO,NO
102153,M,20 a 35 años,Entre 1 y 1.5 SMLV,SIGMA,LAMBDA,TAU,ETA,EMP_000001,BOGOTA D.C.,NO,NO,NO,NO,NO
102203,F,20 a 35 años,Entre 1 y 1.5 SMLV,SIGMA,RHO,TAU,UPSILON,EMP_000001,,NO,NO,NO,NO,NO
102253,F,Mayor de 55 años,Entre 1.5 y 2 SMLV,SIGMA,LAMBDA,PI,KAPPA,EMP_000001,,NO,NO,NO,NO,NO
102303,M,46 a 55 años,Entre 1 y 1.5 SMLV,SIGMA,EPSILON,TAU,ETA,EMP_000001,BOGOTA D.C.,NO,NO,NO,NO,NO
102353,M,20 a 35 años,Entre 1 y 1.5 SMLV,SIGMA,LAMBDA,TAU,DELTA,EMP_000001,,NO,NO,NO,NO,NO
102403,F,36 a 45 años,Entre 1 y 1.5 SMLV,SIGMA,RHO,TAU,DELTA,EMP_000001,BOGOTA D.C.,NO,NO,NO,NO,NO
102453,F,20 a 35 años,Entre 1 y 1.5 SMLV,SIGMA,LAMBDA,ETA,OMEGA,EMP_000001,,NO,NO,NO,NO,NO
102503,M,36 a 45 años,Entre 1 y 1.5 SMLV,SIGMA,LAMBDA,ETA,BETA,EMP_000001,,NO,NO,NO,NO,NO
102553,M,36 a 45 años,Entre 1 y 1.5 SMLV,SIGMA,RHO,TAU,ETA,EMP_000001,,NO,NO,NO,NO,NO
102603,F,46 a 55 años,Entre 1 y 1.5 SMLV,SIGMA,RHO,PI,ETA,EMP_000001,BOGOTA D.C.,NO,NO,NO,NO,NO
102653,M,46 a 55 años,Entre 1 y 1.5 SMLV,SIGMA,LAMBDA,PI,DELTA,EMP_000001,BOGOTA D.C.,NO,NO,NO,NO,NO
102703,M,46 a 55 años,Entre 4 y 6 SMLV,ZETA,LAMBDA,PI,ETA,EMP_000001,BOGOTA D.C.,NO,NO,NO,NO,NO
102753,F,20 a 35 años,Entre 4 y 6 SMLV,ZETA,LAMBDA,ETA,UPSILON,EMP_000001,,NO,NO,NO,NO,NO
102803,F,20 a 35 años,Entre 2 y 2.5 SMLV,PI,LAMBDA,ETA,UPSILON,EMP_000001,CAJICA,NO,NO,NO,NO,NO
102853,M,Mayor de 55 años,Entre 1.5 y 2 SMLV,SIGMA,IOTA,PI,ETA,EMP_000001,BOGOTA D.C.,NO,NO,NO,NO,NO
102903,F,20 a 35 años,Entre 2 y 2.5 SMLV,PI,LAMBDA,ETA,OMEGA,EMP_000001,,NO,NO,NO,NO,NO
102953,M,20 a 35 años,Entre 1 y 1.5 SMLV,SIGMA,LAMBDA,ETA,UPSILON,EMP_000001,,NO,NO,NO,NO,NO
103003,M,46 a 55 años,Entre 1 y 1.5 SMLV,SIGMA,LAMBDA,PI,OMEGA,EMP_000001,,NO,NO,NO,NO,NO
103053,M,46 a 55 años,Entre 1 y 1.5 SMLV,PI,EPSILON,TAU,LAMBDA,EMP_000001,,NO,NO,NO,NO,NO
103103,M,20 a 35 años,Entre 1 y 1.5 SMLV,SIGMA,RHO,PI,DELTA,EMP_000001,,NO,NO,NO,NO,NO
103153,F,36 a 45 años,Entre 1 y 1.5 SMLV,PI,IOTA,TAU,LAMBDA,EMP_000001,,NO,NO,NO,NO,NO
103203,F,20 a 35 años,Entre 1 y 1.5 SMLV,SIGMA,RHO,TAU,ETA,EMP_000001,,NO,NO,NO,NO,NO
103253,F,20 a 35 años,Entre 1 y 1.5 SMLV,SIGMA,LAMBDA,TAU,ETA,EMP_000001,,NO,NO,NO,NO,NO
103303,F,36 a 45 años,Menor al SMLV,SIGMA,LAMBDA,TAU,ETA,EMP_000001,BOGOTA D.C.,NO,NO,NO,NO,NO
103353,M,20 a 35 años,Entre 1 y 1.5 SMLV,SIGMA,RHO,TAU,DELTA,EMP_000001,,NO,NO,NO,NO,NO
103403,M,46 a 55 años,Entre 1 y 1.5 SMLV,SIGMA,LAMBDA,TAU,ETA,EMP_000001,BOGOTA D.C.,NO,NO,NO,NO,NO
103453,M,46 a 55 años,Menor al SMLV,SIGMA,LAMBDA,TAU,ETA,EMP_000001,BOGOTA D.C.,NO,NO,NO,NO,NO
103503,M,36 a 45 años,Entre 1 y 1.5 SMLV,SIGMA,LAMBDA,TAU,UPSILON,EMP_000001,,NO,NO,NO,NO,NO
103553,M,36 a 45 años,Entre 3 y 4 SMLV,PI,EPSILON,PI,XI,EMP_000002,BOGOTA D.C.,NO,NO,NO,NO,NO
103603,M,36 a 45 años,Entre 1 y 1.5 SMLV,SIGMA,RHO,TAU,ETA,EMP_000001,BOGOTA D.C.,NO,NO,NO,NO,NO
103653,F,36 a 45 años,Entre 3 y 4 SMLV,PI,LAMBDA,PI,XI,EMP_000002,,NO,NO,NO,NO,NO
103703,M,46 a 55 años,Menor al SMLV,SIGMA,LAMBDA,TAU,OMEGA,EMP_000001,,NO,NO,NO,NO,NO
103753,M,20 a 35 años,Entre 6 y 8 SMLV,ZETA,LAMBDA,ETA,XI,EMP_000002,,NO,NO,NO,NO,NO
103803,F,36 a 45 años,Entre 2 y 2.5 SMLV,PI,RHO,PI,ETA,EMP_000001,BOGOTA D.C.,NO,NO,NO,NO,NO
103853,M,46 a 55 años,Entre 1 y 1.5 SMLV,SIGMA,LAMBDA,PI,UPSILON,EMP_000001,BOGOTA D.C.,NO,NO,NO,NO,NO
103903,F,20 a 35 años,Entre 2 y 2.5 SMLV,PI,LAMBDA,ETA,DELTA,EMP_000001,BOGOTA D.C.,NO,NO,NO,NO,NO
103953,M,36 a 45 años,Entre 2.5 y 3 SMLV,PI,LAMBDA,PI,UPSILON,EMP_000001,BOGOTA D.C.,NO,NO,NO,NO,NO
104003,M,20 a 35 años,Entre 1 y 1.5 SMLV,SIGMA,LAMBDA,TAU,ETA,EMP_000001,,NO,NO,NO,NO,NO
104053,F,46 a 55 años,Entre 1 y 1.5 SMLV,SIGMA,LAMBDA,PI,ETA,EMP_000001,,NO,NO,NO,NO,NO
104103,F,20 a 35 años,Menor al SMLV,SIGMA,LAMBDA,TAU,ETA,EMP_000001,,NO,NO,NO,NO,NO
104153,F,46 a 55 años,Entre 10 y 20 SMLV,ZETA,IOTA,PI,UPSILON,EMP_000001,BOGOTA D.C.,NO,NO,NO,NO,NO
104203,F,46 a 55 años,Entre 1 y 1.5 SMLV,PI,LAMBDA,TAU,LAMBDA,EMP_000001,,NO,NO,NO,NO,NO
104253,M,46 a 55 años,Entre 2.5 y 3 SMLV,PI,RHO,PI,UPSILON,EMP_000001,,NO,NO,NO,NO,NO
104303,M,36 a 45 años,Menor al SMLV,SIGMA,EPSILON,TAU,ETA,EMP_000001,FUSAGASUGA,NO,NO,NO,NO,NO
104353,F,46 a 55 años,Entre 1 y 1.5 SMLV,SIGMA,LAMBDA,PI,DELTA,EMP_000001,BOGOTA D.C.,NO,NO,NO,NO,NO
104403,M,46 a 55 años,Entre 1 y 1.5 SMLV,SIGMA,IOTA,TAU,DELTA,EMP_000001,BOGOTA D.C.,NO,NO,NO,NO,NO
104453,F,36 a 45 años,Entre 1 y 1.5 SMLV,SIGMA,RHO,TAU,ETA,EMP_000001,ZIPAQUIRA,NO,NO,NO,NO,NO
104503,M,Mayor de 55 años,Menor al SMLV,SIGMA,LAMBDA,TAU,ETA,EMP_000001,BOGOTA D.C.,NO,NO,NO,NO,NO
104553,M,20 a 35 años,Entre 1 y 1.5 SMLV,SIGMA,LAMBDA,ETA,BETA,EMP_000001,,NO,NO,NO,NO,NO
104603,M,20 a 35 años,Entre 2 y 2.5 SMLV,PI,LAMBDA,ETA,UPSILON,EMP_000001,,NO,NO,NO,NO,NO
104653,M,20 a 35 años,Entre 1 y 1.5 SMLV,SIGMA,LAMBDA,ETA,ETA,EMP_000001,,NO,NO,NO,NO,NO
104703,M,36 a 45 años,Menor al SMLV,SIGMA,LAMBDA,TAU,ETA,EMP_000001,,NO,NO,NO,NO,NO
104753,M,46 a 55 años,Entre 1 y 1.5 SMLV,SIGMA,EPSILON,TAU,UPSILON,EMP_000001,BOGOTA D.C.,NO,NO,NO,NO,NO
104803,M,Mayor de 55 años,Entre 1 y 1.5 SMLV,SIGMA,LAMBDA,PI,ETA,EMP_000001,BOGOTA D.C.,NO,NO,NO,NO,NO
104853,M,20 a 35 años,Entre 1.5 y 2 SMLV,SIGMA,LAMBDA,ETA,XI,EMP_000002,,NO,NO,NO,NO,NO
104903,M,46 a 55 años,Entre 1.5 y 2 SMLV,SIGMA,LAMBDA,PI,UPSILON,EMP_000001,BOGOTA D.C.,NO,NO,NO,NO,NO
104953,M,20 a 35 años,Entre 1 y 1.5 SMLV,SIGMA,RHO,TAU,ETA,EMP_000001,,NO,NO,NO,NO,NO
105003,F,46 a 55 años,Entre 3 y 4 SMLV,PI,LAMBDA,PI,UPSILON,EMP_000001,,NO,NO,NO,NO,NO
105053,M,46 a 55 años,Entre 1 y 1.5 SMLV,SIGMA,RHO,TAU,XI,EMP_000002,BOGOTA D.C.,NO,NO,NO,NO,NO
105103,F,20 a 35 años,Entre 1 y 1.5 SMLV,SIGMA,LAMBDA,TAU,DELTA,EMP_000001,,NO,NO,NO,NO,NO
105153,F,20 a 35 años,Entre 1 y 1.5 SMLV,SIGMA,EPSILON,TAU,UPSILON,EMP_000001,,NO,NO,NO,NO,NO
105203,M,Menor de 19 años,Entre 1 y 1.5 SMLV,SIGMA,LAMBDA,TAU,UPSILON,EMP_000001,,NO,NO,NO,NO,NO
105253,F,20 a 35 años,Entre 1 y 1.5 SMLV,SIGMA,LAMBDA,TAU,ETA,EMP_000001,,NO,NO,NO,NO,NO
105303,F,36 a 45 años,Entre 1.5 y 2 SMLV,SIGMA,LAMBDA,PI,XI,EMP_000002,BOGOTA D.C.,NO,NO,NO,NO,NO
105353,F,20 a 35 años,Entre 2 y 2.5 SMLV,PI,LAMBDA,ETA,XI,EMP_000001,,NO,NO,NO,NO,NO
105403,M,36 a 45 años,Entre 3 y 4 SMLV,PI,RHO,PI,DELTA,EMP_000001,,NO,NO,NO,NO,NO
105453,F,20 a 35 años,Entre 1 y 1.5 SMLV,SIGMA,LAMBDA,ETA,UPSILON,EMP_000001,,NO,NO,NO,NO,NO
105503,F,46 a 55 años,Entre 2.5 y 3 SMLV,PI,IOTA,PI,DELTA,EMP_000001,BOGOTA D.C.,NO,NO,NO,NO,NO
105553,M,20 a 35 años,Entre 1 y 1.5 SMLV,SIGMA,LAMBDA,TAU,XI,EMP_000002,,NO,NO,NO,NO,NO
105603,M,Mayor de 55 años,Entre 6 y 8 SMLV,ZETA,RHO,PI,ETA,EMP_000001,GIRARDOT,NO,NO,NO,NO,NO
105653,F,20 a 35 años,Entre 1 y 1.5 SMLV,SIGMA,LAMBDA,ETA,UPSILON,EMP_000001,,NO,NO,NO,NO,NO
105703,F,20 a 35 años,Entre 3 y 4 SMLV,ZETA,LAMBDA,ETA,DELTA,EMP_000001,,NO,NO,NO,NO,NO
105753,M,20 a 35 años,Entre 1.5 y 2 SMLV,SIGMA,EPSILON,PI,UPSILON,EMP_000001,BOGOTA D.C.,NO,NO,NO,NO,NO
105803,M,46 a 55 años,Entre 1 y 1.5 SMLV,SIGMA,EPSILON,TAU,ETA,EMP_000001,BOGOTA D.C.,NO,NO,NO,NO,NO
105853,F,20 a 35 años,Entre 1 y 1.5 SMLV,SIGMA,LAMBDA,ETA,DELTA,EMP_000001,,NO,NO,NO,NO,NO
105903,F,Mayor de 55 años,Entre 1 y 1.5 SMLV,SIGMA,CHI,TAU,XI,EMP_000002,BOGOTA D.C.,NO,NO,NO,NO,NO
105953,F,Mayor de 55 años,Entre 1 y 1.5 SMLV,SIGMA,LAMBDA,PI,ETA,EMP_000001,GIRARDOT,NO,NO,NO,NO,NO
106003,F,20 a 35 años,Entre 2 y 2.5 SMLV,PI,LAMBDA,ETA,XI,EMP_000002,BOGOTA D.C.,NO,NO,NO,NO,NO
106053,M,20 a 35 años,Entre 1 y 1.5 SMLV,SIGMA,RHO,TAU,UPSILON,EMP_000001,BOGOTA D.C.,NO,NO,NO,NO,NO
106103,M,36 a 45 años,Entre 1 y 1.5 SMLV,SIGMA,LAMBDA,TAU,ETA,EMP_000001,,NO,NO,NO,NO,NO
106153,M,36 a 45 años,Entre 1 y 1.5 SMLV,SIGMA,LAMBDA,ETA,XI,EMP_000002,,NO,NO,NO,NO,NO
106203,F,46 a 55 años,Entre 8 y 10 SMLV,ZETA,LAMBDA,PI,ETA,EMP_000001,BOGOTA D.C.,NO,NO,NO,NO,NO
106253,F,36 a 45 años,Entre 1.5 y 2 SMLV,SIGMA,RHO,PI,XI,EMP_000002,,NO,NO,NO,NO,NO
106303,F,36 a 45 años,Menor al SMLV,SIGMA,EPSILON,TAU,XI,EMP_000001,BOGOTA D.C.,NO,NO,NO,NO,NO
106353,F,36 a 45 años,Entre 1 y 1.5 SMLV,SIGMA,LAMBDA,TAU,UPSILON,EMP_000001,,NO,NO,NO,NO,NO
106403,F,46 a 55 años,Entre 1 y 1.5 SMLV,SIGMA,RHO,TAU,PSI,EMP_000001,BOGOTA D.C.,NO,NO,NO,NO,NO
106453,F,36 a 45 años,Entre 1 y 1.5 SMLV,SIGMA,RHO,TAU,XI,EMP_000002,MOSQUERA,NO,NO,NO,NO,NO
106503,M,36 a 45 años,Entre 1 y 1.5 SMLV,SIGMA,RHO,TAU,DELTA,EMP_000001,BOGOTA D.C.,NO,NO,NO,NO,NO
106553,M,20 a 35 años,Entre 1 y 1.5 SMLV,SIGMA,LAMBDA,ETA,UPSILON,EMP_000001,,NO,NO,NO,NO,NO
106603,F,Mayor de 55 años,Entre 1 y 1.5 SMLV,SIGMA,LAMBDA,TAU,KAPPA,EMP_000001,,NO,NO,NO,NO,NO
106653,M,20 a 35 años,Entre 1 y 1.5 SMLV,PI,LAMBDA,ETA,LAMBDA,EMP_000001,,NO,NO,NO,NO,NO
106703,M,36 a 45 años,Menor al SMLV,SIGMA,EPSILON,TAU,ETA,EMP_000001,,NO,NO,NO,NO,NO
106753,F,20 a 35 años,Entre 4 y 6 SMLV,ZETA,LAMBDA,ETA,XI,EMP_000002,,NO,NO,NO,NO,NO
106803,M,36 a 45 años,Entre 1 y 1.5 SMLV,SIGMA,LAMBDA,TAU,ETA,EMP_000001,,NO,NO,NO,NO,NO
106853,M,46 a 55 años,Entre 1 y 1.5 SMLV,SIGMA,RHO,PI,ETA,EMP_000001,BOGOTA D.C.,NO,NO,NO,NO,NO
106903,F,36 a 45 años,Entre 6 y 8 SMLV,ZETA,LAMBDA,ETA,XI,EMP_000001,BOGOTA D.C.,NO,NO,NO,NO,NO
106953,F,46 a 55 años,Menor al SMLV,SIGMA,LAMBDA,TAU,OMEGA,EMP_000001,GIRARDOT,NO,NO,NO,NO,NO
107003,M,Mayor de 55 años,Entre 1 y 1.5 SMLV,SIGMA,LAMBDA,PI,ETA,EMP_000001,BOGOTA D.C.,NO,NO,NO,NO,NO
107053,M,36 a 45 años,Entre 2.5 y 3 SMLV,PI,LAMBDA,PI,UPSILON,EMP_000001,,NO,NO,NO,NO,NO
107103,F,Mayor de 55 años,Entre 3 y 4 SMLV,PI,IOTA,PI,ETA,EMP_000001,BOGOTA D.C.,NO,NO,NO,NO,NO
107153,F,20 a 35 años,Menor al SMLV,SIGMA,LAMBDA,TAU,ETA,EMP_000001,,NO,NO,NO,NO,NO
107203,F,20 a 35 años,Entre 1 y 1.5 SMLV,SIGMA,LAMBDA,TAU,ETA,EMP_000001,,NO,NO,NO,NO,NO
107253,F,36 a 45 años,Entre 4 y 6 SMLV,ZETA,IOTA,PI,XI,EMP_000002,,NO,NO,NO,NO,NO
107303,M,20 a 35 años,Entre 1 y 1.5 SMLV,SIGMA,LAMBDA,ETA,XI,EMP_000002,,NO,NO,NO,NO,NO
107353,M,36 a 45 años,Entre 1 y 1.5 SMLV,SIGMA,LAMBDA,TAU,ETA,EMP_000001,,NO,NO,NO,NO,NO
107403,M,36 a 45 años,Entre 1 y 1.5 SMLV,SIGMA,RHO,TAU,ETA,EMP_000001,BOGOTA D.C.,NO,NO,NO,NO,NO
107453,M,36 a 45 años,Entre 1 y 1.5 SMLV,SIGMA,EPSILON,TAU,KAPPA,EMP_000001,ZIPAQUIRA,NO,NO,NO,NO,NO
107503,M,46 a 55 años,Menor al SMLV,SIGMA,RHO,TAU,ETA,EMP_000001,FACATATIVA,NO,NO,NO,NO,NO
107553,M,Mayor de 55 años,Entre 2 y 2.5 SMLV,PI,LAMBDA,PI,XI,EMP_000002,BOGOTA D.C.,NO,NO,NO,NO,NO
107603,M,36 a 45 años,Entre 2 y 2.5 SMLV,PI,LAMBDA,ETA,ETA,EMP_000001,,NO,NO,NO,NO,NO
107653,M,Mayor de 55 años,Entre 1 y 1.5 SMLV,SIGMA,LAMBDA,PI,XI,EMP_000002,BOGOTA D.C.,NO,NO,NO,NO,NO
107703,M,20 a 35 años,Entre 1 y 1.5 SMLV,SIGMA,LAMBDA,ETA,BETA,EMP_000001,,NO,NO,NO,NO,NO
107753,M,36 a 45 años,Entre 1 y 1.5 SMLV,SIGMA,LAMBDA,PI,ETA,EMP_000001,,NO,NO,NO,NO,NO
107803,M,46 a 55 años,Entre 1 y 1.5 SMLV,PI,IOTA,TAU,LAMBDA,EMP_000001,BOGOTA D.C.,NO,NO,NO,NO,NO
107853,M,46 a 55 años,Entre 1 y 1.5 SMLV,PI,EPSILON,TAU,LAMBDA,EMP_000001,BOGOTA D.C.,NO,NO,NO,NO,NO
107903,M,20 a 35 años,Entre 1 y 1.5 SMLV,SIGMA,LAMBDA,TAU,ETA,EMP_000001,BOGOTA D.C.,NO,NO,NO,NO,NO
107953,F,36 a 45 años,Entre 2 y 2.5 SMLV,PI,LAMBDA,PI,XI,EMP_000002,BOGOTA D.C.,NO,NO,NO,NO,NO
108003,F,Mayor de 55 años,Entre 1.5 y 2 SMLV,SIGMA,IOTA,PI,ETA,EMP_000001,BOGOTA D.C.,NO,NO,NO,NO,NO
108053,M,36 a 45 años,Entre 1 y 1.5 SMLV,SIGMA,RHO,TAU,XI,EMP_000002,FUNZA,NO,NO,NO,NO,NO
108103,M,36 a 45 años,Entre 1.5 y 2 SMLV,SIGMA,EPSILON,PI,UPSILON,EMP_000001,ZIPAQUIRA,NO,NO,NO,NO,NO
108153,M,Mayor de 55 años,Entre 1 y 1.5 SMLV,SIGMA,LAMBDA,PI,XI,EMP_000002,BOGOTA D.C.,NO,NO,NO,NO,NO
108203,F,20 a 35 años,Entre 1 y 1.5 SMLV,SIGMA,LAMBDA,ETA,XI,EMP_000002,BOGOTA D.C.,NO,NO,NO,NO,NO
108253,M,20 a 35 años,Entre 1 y 1.5 SMLV,SIGMA,LAMBDA,ETA,BETA,EMP_000001,,NO,NO,NO,NO,NO
108303,M,36 a 45 años,Entre 1 y 1.5 SMLV,SIGMA,RHO,TAU,DELTA,EMP_000001,BOGOTA D.C.,NO,NO,NO,NO,NO
108353,M,20 a 35 años,Entre 1.5 y 2 SMLV,SIGMA,LAMBDA,ETA,XI,EMP_000002,,NO,NO,NO,NO,NO
108403,M,36 a 45 años,Entre 8 y 10 SMLV,ZETA,LAMBDA,PI,XI,EMP_000002,,NO,NO,NO,NO,NO
108453,M,20 a 35 años,Entre 1 y 1.5 SMLV,SIGMA,LAMBDA,ETA,UPSILON,EMP_000001,,NO,NO,NO,NO,NO
108503,M,20 a 35 años,Entre 1 y 1.5 SMLV,SIGMA,LAMBDA,ETA,XI,EMP_000002,,NO,NO,NO,NO,NO
108553,F,36 a 45 años,Entre 2 y 2.5 SMLV,PI,EPSILON,PI,XI,EMP_000002,,NO,NO,NO,NO,NO
108603,F,Mayor de 55 años,Menor al SMLV,SIGMA,LAMBDA,TAU,ETA,EMP_000001,,NO,NO,NO,NO,NO
108653,F,36 a 45 años,Entre 1 y 1.5 SMLV,SIGMA,RHO,TAU,XI,EMP_000002,,NO,NO,NO,NO,NO
108703,F,46 a 55 años,Entre 2 y 2.5 SMLV,PI,EPSILON,PI,XI,EMP_000002,BOGOTA D.C.,NO,NO,NO,NO,NO
108753,F,36 a 45 años,Entre 1 y 1.5 SMLV,SIGMA,EPSILON,TAU,ETA,EMP_000001,BOGOTA D.C.,NO,NO,NO,NO,NO
108803,M,20 a 35 años,Menor al SMLV,SIGMA,LAMBDA,TAU,ETA,EMP_000001,,NO,NO,NO,NO,NO
108853,M,20 a 35 años,Entre 1 y 1.5 SMLV,SIGMA,LAMBDA,ETA,BETA,EMP_000001,,NO,NO,NO,NO,NO
108903,F,46 a 55 años,Entre 2 y 2.5 SMLV,PI,IOTA,PI,UPSILON,EMP_000001,BOGOTA D.C.,NO,NO,NO,NO,NO
108953,F,20 a 35 años,Entre 1 y 1.5 SMLV,SIGMA,RHO,TAU,XI,EMP_000002,,NO,NO,NO,NO,NO
109003,M,36 a 45 años,Entre 4 y 6 SMLV,ZETA,LAMBDA,PI,XI,EMP_000002,,NO,NO,NO,NO,NO
109053,M,Mayor de 55 años,Entre 1 y 1.5 SMLV,SIGMA,EPSILON,TAU,ETA,EMP_000001,BOGOTA D.C.,NO,NO,NO,NO,NO
109103,M,Mayor de 55 años,Entre 10 y 20 SMLV,ZETA,LAMBDA,PI,XI,EMP_000002,BOGOTA D.C.,NO,NO,NO,NO,NO
109153,M,Mayor de 55 años,Entre 6 y 8 SMLV,ZETA,IOTA,PI,XI,EMP_000002,BOGOTA D.C.,NO,NO,NO,NO,NO
109203,M,36 a 45 años,Entre 1 y 1.5 SMLV,SIGMA,LAMBDA,TAU,OMEGA,EMP_000001,BOGOTA D.C.,NO,NO,NO,NO,NO
109253,M,36 a 45 años,Entre 1 y 1.5 SMLV,SIGMA,LAMBDA,TAU,DELTA,EMP_000001,,NO,NO,NO,NO,NO
109303,M,36 a 45 años,Entre 1 y 1.5 SMLV,SIGMA,RHO,TAU,ETA,EMP_000001,,NO,NO,NO,NO,NO
109353,M,36 a 45 años,Entre 1.5 y 2 SMLV,SIGMA,LAMBDA,PI,UPSILON,EMP_000001,BOGOTA D.C.,NO,NO,NO,NO,NO
109403,F,20 a 35 años,Entre 1 y 1.5 SMLV,SIGMA,LAMBDA,TAU,ETA,EMP_000001,,NO,NO,NO,NO,NO
109453,F,36 a 45 años,Entre 2 y 2.5 SMLV,PI,EPSILON,PI,XI,EMP_000002,,NO,NO,NO,NO,NO
109503,M,36 a 45 años,Entre 1 y 1.5 SMLV,SIGMA,IOTA,TAU,UPSILON,EMP_000001,,NO,NO,NO,NO,NO
109553,M,36 a 45 años,Entre 1 y 1.5 SMLV,SIGMA,CHI,PI,OMEGA,EMP_000001,BOGOTA D.C.,NO,NO,NO,NO,NO
109603,M,Mayor de 55 años,Entre 1.5 y 2 SMLV,SIGMA,IOTA,PI,KAPPA,EMP_000001,,NO,NO,NO,NO,NO
109653,F,46 a 55 años,Entre 3 y 4 SMLV,PI,IOTA,PI,XI,EMP_000002,GUADUAS,NO,NO,NO,NO,NO
109703,F,46 a 55 años,Entre 1 y 1.5 SMLV,SIGMA,LAMBDA,TAU,ETA,EMP_000001,,NO,NO,NO,NO,NO
109753,F,20 a 35 años,Entre 1 y 1.5 SMLV,SIGMA,RHO,TAU,ETA,EMP_000001,BOGOTA D.C.,NO,NO,NO,NO,NO
109803,F,Mayor de 55 años,Entre 1 y 1.5 SMLV,SIGMA,LAMBDA,TAU,ETA,EMP_000001,,NO,NO,NO,NO,NO
109853,M,46 a 55 años,Entre 1.5 y 2 SMLV,SIGMA,EPSILON,PI,DELTA,EMP_000001,CAJICA,NO,NO,NO,NO,NO
109903,F,36 a 45 años,Entre 1 y 1.5 SMLV,SIGMA,LAMBDA,TAU,DELTA,EMP_000001,NARIÑO,NO,NO,NO,NO,NO
109953,M,36 a 45 años,Entre 1.5 y 2 SMLV,PI,LAMBDA,ETA,ETA,EMP_000001,BOGOTA D.C.,NO,NO,NO,NO,NO
110003,M,36 a 45 años,Entre 10 y 20 SMLV,ZETA,RHO,PI,XI,EMP_000001,BOGOTA D.C.,NO,NO,NO,NO,NO
110053,M,36 a 45 años,Entre 1 y 1.5 SMLV,SIGMA,LAMBDA,TAU,UPSILON,EMP_000001,BOGOTA D.C.,NO,NO,NO,NO,NO
110103,M,46 a 55 años,Entre 1.5 y 2 SMLV,SIGMA,RHO,PI,ETA,EMP_000001,,NO,NO,NO,NO,NO
110153,M,46 a 55 años,Entre 1 y 1.5 SMLV,SIGMA,LAMBDA,TAU,ETA,EMP_000001,SOACHA,NO,NO,NO,NO,NO
110203,M,20 a 35 años,Entre 1 y 1.5 SMLV,SIGMA,EPSILON,TAU,DELTA,EMP_000001,,NO,NO,NO,NO,NO
110253,M,46 a 55 años,Entre 1 y 1.5 SMLV,SIGMA,LAMBDA,TAU,UPSILON,EMP_000001,FACATATIVA,NO,NO,NO,NO,NO
110303,M,20 a 35 años,Entre 3 y 4 SMLV,PI,RHO,PI,XI,EMP_000002,,NO,NO,NO,NO,NO
110353,F,20 a 35 años,Entre 1 y 1.5 SMLV,SIGMA,RHO,PI,XI,EMP_000002,,NO,NO,NO,NO,NO
110403,M,46 a 55 años,Entre 2 y 2.5 SMLV,PI,LAMBDA,PI,ETA,EMP_000001,BOGOTA D.C.,NO,NO,NO,NO,NO
110453,F,20 a 35 años,Entre 2 y 2.5 SMLV,PI,LAMBDA,ETA,ETA,EMP_000001,CAJICA,NO,NO,NO,NO,NO
110503,M,20 a 35 años,Entre 1 y 1.5 SMLV,SIGMA,LAMBDA,TAU,UPSILON,EMP_000001,,NO,NO,NO,NO,NO
110553,F,36 a 45 años,Entre 1 y 1.5 SMLV,SIGMA,RHO,TAU,ETA,EMP_000001,BOJACA,NO,NO,NO,NO,NO
110603,F,20 a 35 años,Menor al SMLV,SIGMA,RHO,TAU,ETA,EMP_000001,BOGOTA D.C.,NO,NO,NO,NO,NO
110653,F,20 a 35 años,Entre 1 y 1.5 SMLV,SIGMA,LAMBDA,ETA,PSI,EMP_000001,,NO,NO,NO,NO,NO
110703,F,20 a 35 años,Entre 1 y 1.5 SMLV,SIGMA,THETA,ETA,OMICRON,EMP_000001,,NO,NO,NO,NO,NO
110753,F,20 a 35 años,Entre 1.5 y 2 SMLV,PI,LAMBDA,ETA,ETA,EMP_000001,BOGOTA D.C.,NO,NO,NO,NO,NO
110803,M,20 a 35 años,Entre 1 y 1.5 SMLV,SIGMA,RHO,TAU,UPSILON,EMP_000001,,NO,NO,NO,NO,NO
110853,M,36 a 45 años,Entre 1 y 1.5 SMLV,SIGMA,RHO,TAU,UPSILON,EMP_000001,BOGOTA D.C.,NO,NO,NO,NO,NO
110903,M,36 a 45 años,Entre 1 y 1.5 SMLV,SIGMA,EPSILON,TAU,ETA,EMP_000001,FUSAGASUGA,NO,NO,NO,NO,NO
110953,F,36 a 45 años,Entre 4 y 6 SMLV,ZETA,LAMBDA,PI,XI,EMP_000001,,NO,NO,NO,NO,NO
111003,M,Mayor de 55 años,Entre 1 y 1.5 SMLV,SIGMA,RHO,TAU,ETA,EMP_000001,,NO,NO,NO,NO,NO
111053,F,36 a 45 años,Entre 1 y 1.5 SMLV,PI,LAMBDA,PI,LAMBDA,EMP_000001,BOGOTA D.C.,NO,NO,NO,NO,NO
111103,F,20 a 35 años,Entre 1 y 1.5 SMLV,SIGMA,RHO,TAU,UPSILON,EMP_000001,,NO,NO,NO,NO,NO
111153,M,20 a 35 años,Entre 1.5 y 2 SMLV,SIGMA,LAMBDA,ETA,UPSILON,EMP_000001,,NO,NO,NO,NO,NO
111203,M,20 a 35 años,Entre 1 y 1.5 SMLV,SIGMA,LAMBDA,ETA,BETA,EMP_000001,,NO,NO,NO,NO,NO
111253,F,20 a 35 años,Entre 1.5 y 2 SMLV,SIGMA,LAMBDA,ETA,UPSILON,EMP_000001,,NO,NO,NO,NO,NO
111303,F,20 a 35 años,Menor al SMLV,PI,EPSILON,TAU,LAMBDA,EMP_000001,BOGOTA D.C.,NO,NO,NO,NO,NO
111353,M,20 a 35 años,Entre 1 y 1.5 SMLV,SIGMA,LAMBDA,TAU,DELTA,EMP_000001,,NO,NO,NO,NO,NO
111403,M,36 a 45 años,Entre 1.5 y 2 SMLV,SIGMA,EPSILON,PI,OMEGA,EMP_000001,BOGOTA D.C.,NO,NO,NO,NO,NO
111453,M,36 a 45 años,Entre 1.5 y 2 SMLV,SIGMA,EPSILON,PI,XI,EMP_000001,,NO,NO,NO,NO,NO
111503,F,36 a 45 años,Entre 1.5 y 2 SMLV,SIGMA,LAMBDA,ETA,UPSILON,EMP_000001,BOGOTA D.C.,NO,NO,NO,NO,NO
111553,M,Mayor de 55 años,Entre 1 y 1.5 SMLV,SIGMA,RHO,TAU,ETA,EMP_000001,BOGOTA D.C.,NO,NO,NO,NO,NO
111603,M,Mayor de 55 años,Entre 1.5 y 2 SMLV,SIGMA,RHO,PI,ETA,EMP_000001,BOGOTA D.C.,NO,NO,NO,NO,NO
111653,F,20 a 35 años,Entre 1 y 1.5 SMLV,SIGMA,LAMBDA,ETA,OMEGA,EMP_000001,,NO,NO,NO,NO,NO
111703,F,46 a 55 años,Entre 1 y 1.5 SMLV,SIGMA,LAMBDA,TAU,DELTA,EMP_000001,,NO,NO,NO,NO,NO
111753,F,20 a 35 años,Entre 1 y 1.5 SMLV,SIGMA,RHO,TAU,UPSILON,EMP_000001,,NO,NO,NO,NO,NO
111803,F,36 a 45 años,Entre 3 y 4 SMLV,PI,RHO,PI,ETA,EMP_000001,,NO,NO,NO,NO,NO
111853,M,20 a 35 años,Entre 1 y 1.5 SMLV,SIGMA,RHO,TAU,DELTA,EMP_000001,,NO,NO,NO,NO,NO
111903,F,20 a 35 años,Entre 1.5 y 2 SMLV,PI,RHO,PI,XI,EMP_000002,,NO,NO,NO,NO,NO
111953,M,Mayor de 55 años,Menor al SMLV,SIGMA,IOTA,TAU,KAPPA,EMP_000001,,NO,NO,NO,NO,NO
112003,M,20 a 35 años,Entre 1 y 1.5 SMLV,SIGMA,LAMBDA,ETA,BETA,EMP_000001,,NO,NO,NO,NO,NO
112053,M,20 a 35 años,Entre 1 y 1.5 SMLV,SIGMA,LAMBDA,TAU,ETA,EMP_000001,BOGOTA D.C.,NO,NO,NO,NO,NO
112103,M,36 a 45 años,Entre 1 y 1.5 SMLV,SIGMA,RHO,TAU,UPSILON,EMP_000001,BOGOTA D.C.,NO,NO,NO,NO,NO
112153,F,36 a 45 años,Entre 10 y 20 SMLV,ZETA,CHI,PI,XI,EMP_000002,BOGOTA D.C.,NO,NO,NO,NO,NO
112203,M,46 a 55 años,Entre 1 y 1.5 SMLV,SIGMA,IOTA,PI,DELTA,EMP_000001,,NO,NO,NO,NO,NO
112253,M,36 a 45 años,Entre 1 y 1.5 SMLV,SIGMA,LAMBDA,TAU,ETA,EMP_000001,BOGOTA D.C.,NO,NO,NO,NO,NO
112303,M,36 a 45 años,Entre 1 y 1.5 SMLV,SIGMA,RHO,TAU,UPSILON,EMP_000001,BOGOTA D.C.,NO,NO,NO,NO,NO
112353,M,46 a 55 años,Entre 10 y 20 SMLV,ZETA,RHO,PI,XI,EMP_000002,BOGOTA D.C.,NO,NO,NO,NO,NO
112403,F,36 a 45 años,Menor al SMLV,SIGMA,RHO,TAU,ETA,EMP_000001,BOGOTA D.C.,NO,NO,NO,NO,NO
112453,M,20 a 35 años,Entre 1 y 1.5 SMLV,SIGMA,LAMBDA,ETA,XI,EMP_000001,,NO,NO,NO,NO,NO
112503,M,20 a 35 años,Entre 1 y 1.5 SMLV,SIGMA,LAMBDA,ETA,XI,EMP_000002,,NO,NO,NO,NO,NO
112553,M,20 a 35 años,Entre 1 y 1.5 SMLV,SIGMA,LAMBDA,ETA,BETA,EMP_000001,,NO,NO,NO,NO,NO
112603,M,20 a 35 años,Entre 1 y 1.5 SMLV,SIGMA,LAMBDA,TAU,XI,EMP_000002,BOGOTA D.C.,NO,NO,NO,NO,NO
112653,F,20 a 35 años,Menor al SMLV,SIGMA,LAMBDA,TAU,DELTA,EMP_000001,,NO,NO,NO,NO,NO
112703,F,20 a 35 años,Entre 3 y 4 SMLV,PI,LAMBDA,ETA,ETA,EMP_000001,BOGOTA D.C.,NO,NO,NO,NO,NO
112753,F,20 a 35 años,Entre 1 y 1.5 SMLV,SIGMA,LAMBDA,TAU,UPSILON,EMP_000001,,NO,NO,NO,NO,NO
112803,M,36 a 45 años,Entre 1 y 1.5 SMLV,SIGMA,RHO,TAU,ETA,EMP_000001,EL COLEGIO,NO,NO,NO,NO,NO
112853,M,20 a 35 años,Entre 1 y 1.5 SMLV,SIGMA,RHO,TAU,DELTA,EMP_000001,,NO,NO,NO,NO,NO
112903,M,20 a 35 años,Entre 1 y 1.5 SMLV,SIGMA,LAMBDA,TAU,UPSILON,EMP_000001,,NO,NO,NO,NO,NO
112953,M,20 a 35 años,Entre 1 y 1.5 SMLV,SIGMA,LAMBDA,TAU,UPSILON,EMP_000001,BOGOTA D.C.,NO,NO,NO,NO,NO
113003,M,Menor de 19 años,Entre 1 y 1.5 SMLV,SIGMA,LAMBDA,TAU,UPSILON,EMP_000001,,NO,NO,NO,NO,NO
113053,F,46 a 55 años,Entre 1 y 1.5 SMLV,SIGMA,RHO,TAU,ETA,EMP_000001,,NO,NO,NO,NO,NO
113103,M,20 a 35 años,Entre 4 y 6 SMLV,ZETA,LAMBDA,ETA,XI,EMP_000002,BOGOTA D.C.,NO,NO,NO,NO,NO
113153,F,36 a 45 años,Entre 1.5 y 2 SMLV,SIGMA,CHI,PI,ETA,EMP_000001,BOGOTA D.C.,NO,NO,NO,NO,NO
113203,M,36 a 45 años,Entre 10 y 20 SMLV,ZETA,LAMBDA,PI,ETA,EMP_000001,,NO,NO,NO,NO,NO
113253,M,20 a 35 años,Entre 1 y 1.5 SMLV,SIGMA,LAMBDA,ETA,UPSILON,EMP_000001,BOGOTA D.C.,NO,NO,NO,NO,NO
113303,F,20 a 35 años,Menor al SMLV,SIGMA,LAMBDA,TAU,ETA,EMP_000001,BOGOTA D.C.,NO,NO,NO,NO,NO
113353,M,20 a 35 años,Entre 1 y 1.5 SMLV,SIGMA,LAMBDA,ETA,UPSILON,EMP_000001,BOGOTA D.C.,NO,NO,NO,NO,NO
113403,F,Mayor de 55 años,Entre 6 y 8 SMLV,ZETA,IOTA,PI,XI,EMP_000002,,NO,NO,NO,NO,NO
113453,F,20 a 35 años,Entre 1 y 1.5 SMLV,SIGMA,RHO,TAU,DELTA,EMP_000001,BOGOTA D.C.,NO,NO,NO,NO,NO
113503,M,36 a 45 años,Entre 1 y 1.5 SMLV,SIGMA,RHO,PI,ETA,EMP_000001,,NO,NO,NO,NO,NO
113553,F,36 a 45 años,Entre 2.5 y 3 SMLV,PI,IOTA,PI,XI,EMP_000002,BOGOTA D.C.,NO,NO,NO,NO,NO
113603,M,20 a 35 años,Entre 1 y 1.5 SMLV,SIGMA,LAMBDA,ETA,BETA,EMP_000001,,NO,NO,NO,NO,NO
113653,M,20 a 35 años,Entre 1 y 1.5 SMLV,SIGMA,LAMBDA,ETA,OMEGA,EMP_000001,FUNZA,NO,NO,NO,NO,NO
113703,M,20 a 35 años,Entre 1 y 1.5 SMLV,SIGMA,LAMBDA,ETA,DELTA,EMP_000001,,NO,NO,NO,NO,NO
113753,F,46 a 55 años,Entre 3 y 4 SMLV,PI,RHO,PI,XI,EMP_000002,BOGOTA D.C.,NO,NO,NO,NO,NO
113803,M,46 a 55 años,Entre 1 y 1.5 SMLV,SIGMA,LAMBDA,TAU,UPSILON,EMP_000001,,NO,NO,NO,NO,NO
113853,F,46 a 55 años,Entre 4 y 6 SMLV,ZETA,LAMBDA,PI,UPSILON,EMP_000001,,NO,NO,NO,NO,NO
113903,M,36 a 45 años,Entre 1 y 1.5 SMLV,SIGMA,LAMBDA,TAU,XI,EMP_000001,,NO,NO,NO,NO,NO
113953,M,20 a 35 años,Entre 1 y 1.5 SMLV,SIGMA,LAMBDA,TAU,ETA,EMP_000001,,NO,NO,NO,NO,NO
114003,M,20 a 35 años,Entre 1 y 1.5 SMLV,SIGMA,LAMBDA,ETA,UPSILON,EMP_000001,,NO,NO,NO,NO,NO
114053,M,20 a 35 años,Entre 1.5 y 2 SMLV,PI,LAMBDA,ETA,XI,EMP_000002,,NO,NO,NO,NO,NO
114103,F,Mayor de 55 años,Entre 1 y 1.5 SMLV,SIGMA,LAMBDA,PI,KAPPA,EMP_000001,,NO,NO,NO,NO,NO
114153,F,20 a 35 años,Menor al SMLV,SIGMA,LAMBDA,TAU,UPSILON,EMP_000001,,NO,NO,NO,NO,NO
114203,M,36 a 45 años,Entre 1 y 1.5 SMLV,SIGMA,RHO,TAU,ETA,EMP_000001,BOGOTA D.C.,NO,NO,NO,NO,NO
114253,F,20 a 35 años,Entre 2.5 y 3 SMLV,PI,LAMBDA,ETA,XI,EMP_000002,,NO,NO,NO,NO,NO
114303,M,20 a 35 años,Entre 1 y 1.5 SMLV,SIGMA,LAMBDA,ETA,BETA,EMP_000001,,NO,NO,NO,NO,NO
114353,M,Mayor de 55 años,Entre 3 y 4 SMLV,SIGMA,IOTA,PI,KAPPA,EMP_000001,,NO,NO,NO,NO,NO
114403,F,Mayor de 55 años,Entre 1 y 1.5 SMLV,SIGMA,CHI,PI,UPSILON,EMP_000001,BOGOTA D.C.,NO,NO,NO,NO,NO
114453,F,46 a 55 años,Entre 4 y 6 SMLV,ZETA,LAMBDA,PI,ETA,EMP_000001,BOGOTA D.C.,NO,NO,NO,NO,NO
114503,F,20 a 35 años,Entre 1 y 1.5 SMLV,SIGMA,LAMBDA,TAU,ETA,EMP_000001,,NO,NO,NO,NO,NO
114553,F,46 a 55 años,Entre 6 y 8 SMLV,ZETA,LAMBDA,PI,XI,EMP_000002,BOGOTA D.C.,NO,NO,NO,NO,NO
114603,F,20 a 35 años,Entre 1 y 1.5 SMLV,PI,LAMBDA,ETA,BETA,EMP_000001,,NO,NO,NO,NO,NO
114653,F,36 a 45 años,Entre 1 y 1.5 SMLV,SIGMA,LAMBDA,TAU,DELTA,EMP_000001,,NO,NO,NO,NO,NO
114703,M,20 a 35 años,Entre 1 y 1.5 SMLV,SIGMA,LAMBDA,ETA,BETA,EMP_000001,,NO,NO,NO,NO,NO
114753,F,46 a 55 años,Entre 1.5 y 2 SMLV,PI,IOTA,PI,DELTA,EMP_000001,BOGOTA D.C.,NO,NO,NO,NO,NO
114803,M,20 a 35 años,Entre 1 y 1.5 SMLV,SIGMA,LAMBDA,TAU,XI,EMP_000002,,NO,NO,NO,NO,NO
114853,M,20 a 35 años,Entre 1 y 1.5 SMLV,SIGMA,LAMBDA,ETA,XI,EMP_000002,,NO,NO,NO,NO,NO
114903,M,36 a 45 años,Entre 10 y 20 SMLV,ZETA,EPSILON,PI,XI,EMP_000002,,NO,NO,NO,NO,NO
114953,M,Mayor de 55 años,Entre 1 y 1.5 SMLV,SIGMA,LAMBDA,TAU,ETA,EMP_000001,,NO,NO,NO,NO,NO
115003,M,20 a 35 años,Entre 1 y 1.5 SMLV,SIGMA,LAMBDA,TAU,ETA,EMP_000001,BOGOTA D.C.,NO,NO,NO,NO,NO
115053,M,46 a 55 años,Entre 1 y 1.5 SMLV,SIGMA,RHO,TAU,ETA,EMP_000001,BOGOTA D.C.,NO,NO,NO,NO,NO
115103,M,36 a 45 años,Entre 1.5 y 2 SMLV,SIGMA,EPSILON,PI,XI,EMP_000002,SOACHA,NO,NO,NO,NO,NO
115153,M,46 a 55 años,Entre 1.5 y 2 SMLV,SIGMA,EPSILON,PI,UPSILON,EMP_000001,BOGOTA D.C.,NO,NO,NO,NO,NO
115203,M,20 a 35 años,Entre 1 y 1.5 SMLV,SIGMA,LAMBDA,TAU,ETA,EMP_000001,,NO,NO,NO,NO,NO
115253,M,36 a 45 años,Entre 1 y 1.5 SMLV,SIGMA,LAMBDA,TAU,ETA,EMP_000001,BOGOTA D.C.,NO,NO,NO,NO,NO
115303,F,20 a 35 años,Entre 1 y 1.5 SMLV,SIGMA,LAMBDA,ETA,XI,EMP_000002,,NO,NO,NO,NO,NO
115353,F,20 a 35 años,Entre 1 y 1.5 SMLV,SIGMA,LAMBDA,ETA,DELTA,EMP_000001,,NO,NO,NO,NO,NO
115403,M,20 a 35 años,Entre 1 y 1.5 SMLV,SIGMA,EPSILON,TAU,ETA,EMP_000001,,NO,NO,NO,NO,NO
115453,M,20 a 35 años,Entre 1 y 1.5 SMLV,SIGMA,LAMBDA,TAU,DELTA,EMP_000001,,NO,NO,NO,NO,NO
115503,M,36 a 45 años,Entre 2 y 2.5 SMLV,PI,LAMBDA,PI,DELTA,EMP_000001,,NO,NO,NO,NO,NO
115553,M,Mayor de 55 años,Entre 1.5 y 2 SMLV,SIGMA,IOTA,PI,XI,EMP_000001,SOACHA,NO,NO,NO,NO,NO
115603,M,46 a 55 años,Entre 1 y 1.5 SMLV,SIGMA,LAMBDA,TAU,ETA,EMP_000001,,NO,NO,NO,NO,NO
115653,M,46 a 55 años,Entre 2.5 y 3 SMLV,PI,LAMBDA,PI,XI,EMP_000002,,NO,NO,NO,NO,NO
115703,M,Mayor de 55 años,Entre 1 y 1.5 SMLV,SIGMA,IOTA,PI,KAPPA,EMP_000001,BOGOTA D.C.,NO,NO,NO,NO,NO
115753,M,20 a 35 años,Entre 1.5 y 2 SMLV,SIGMA,LAMBDA,ETA,OMEGA,EMP_000001,,NO,NO,NO,NO,NO
115803,M,36 a 45 años,Entre 1.5 y 2 SMLV,SIGMA,EPSILON,PI,UPSILON,EMP_000001,,NO,NO,NO,NO,NO
115853,F,36 a 45 años,Entre 1.5 y 2 SMLV,SIGMA,RHO,PI,UPSILON,EMP_000001,BOGOTA D.C.,NO,NO,NO,NO,NO
115903,M,20 a 35 años,Entre 1 y 1.5 SMLV,SIGMA,LAMBDA,ETA,DELTA,EMP_000001,BOGOTA D.C.,NO,NO,NO,NO,NO
115953,M,20 a 35 años,Entre 2 y 2.5 SMLV,PI,LAMBDA,ETA,ETA,EMP_000001,,NO,NO,NO,NO,NO
116003,M,Menor de 19 años,Entre 1 y 1.5 SMLV,SIGMA,LAMBDA,TAU,DELTA,EMP_000001,,NO,NO,NO,NO,NO
116053,M,20 a 35 años,Entre 1 y 1.5 SMLV,SIGMA,LAMBDA,ETA,BETA,EMP_000001,,NO,NO,NO,NO,NO
116103,M,20 a 35 años,Entre 1 y 1.5 SMLV,PI,LAMBDA,ETA,ETA,EMP_000001,,NO,NO,NO,NO,NO
116153,F,20 a 35 años,Entre 1 y 1.5 SMLV,SIGMA,LAMBDA,ETA,ETA,EMP_000001,,NO,NO,NO,NO,NO
116203,M,20 a 35 años,Entre 1 y 1.5 SMLV,SIGMA,EPSILON,TAU,ETA,EMP_000001,,NO,NO,NO,NO,NO
116253,M,20 a 35 años,Entre 1 y 1.5 SMLV,SIGMA,LAMBDA,TAU,ETA,EMP_000001,,NO,NO,NO,NO,NO
116303,F,20 a 35 años,Entre 1 y 1.5 SMLV,SIGMA,RHO,TAU,ETA,EMP_000001,,NO,NO,NO,NO,NO
116353,F,36 a 45 años,Entre 1 y 1.5 SMLV,SIGMA,EPSILON,TAU,ETA,EMP_000001,,NO,NO,NO,NO,NO
116403,M,36 a 45 años,Entre 1 y 1.5 SMLV,SIGMA,RHO,TAU,XI,EMP_000002,BOGOTA D.C.,NO,NO,NO,NO,NO
116453,F,20 a 35 años,Entre 1 y 1.5 SMLV,SIGMA,RHO,PI,XI,EMP_000001,,NO,NO,NO,NO,NO
116503,F,20 a 35 años,Entre 1 y 1.5 SMLV,SIGMA,LAMBDA,TAU,ETA,EMP_000001,,NO,NO,NO,NO,NO
116553,F,36 a 45 años,Entre 1.5 y 2 SMLV,SIGMA,RHO,PI,UPSILON,EMP_000001,BOGOTA D.C.,NO,NO,NO,NO,NO
116603,M,36 a 45 años,Entre 1.5 y 2 SMLV,PI,IOTA,PI,ETA,EMP_000001,BOGOTA D.C.,NO,NO,NO,NO,NO
116653,M,Mayor de 55 años,Menor al SMLV,SIGMA,LAMBDA,TAU,KAPPA,EMP_000001,FUNZA,NO,NO,NO,NO,NO
116703,F,Mayor de 55 años,Entre 1 y 1.5 SMLV,SIGMA,LAMBDA,PI,KAPPA,EMP_000001,,NO,NO,NO,NO,NO
116753,M,46 a 55 años,Menor al SMLV,SIGMA,LAMBDA,TAU,OMEGA,EMP_000001,,NO,NO,NO,NO,NO
116803,F,36 a 45 años,Entre 1 y 1.5 SMLV,SIGMA,RHO,TAU,ETA,EMP_000001,BOGOTA D.C.,NO,NO,NO,NO,NO
116853,M,20 a 35 años,Entre 1 y 1.5 SMLV,PI,LAMBDA,TAU,LAMBDA,EMP_000001,BOGOTA D.C.,NO,NO,NO,NO,NO
116903,F,Menor de 19 años,Entre 1 y 1.5 SMLV,SIGMA,LAMBDA,TAU,XI,EMP_000001,,NO,NO,NO,NO,NO
116953,M,Mayor de 55 años,Menor al SMLV,SIGMA,LAMBDA,TAU,ETA,EMP_000001,BOGOTA D.C.,NO,NO,NO,NO,NO
117003,M,Mayor de 55 años,Entre 1 y 1.5 SMLV,SIGMA,LAMBDA,PI,UPSILON,EMP_000001,,NO,NO,NO,NO,NO
117053,M,20 a 35 años,,MU,THETA,OMEGA,OMICRON,EMP_000001,,NO,NO,NO,NO,NO
117103,M,Mayor de 55 años,,MU,THETA,OMEGA,OMICRON,EMP_000001,,NO,NO,NO,NO,NO
117153,M,20 a 35 años,Entre 6 y 8 SMLV,ZETA,LAMBDA,ETA,XI,EMP_000002,,NO,NO,NO,NO,NO
117203,F,46 a 55 años,Entre 1 y 1.5 SMLV,SIGMA,EPSILON,PI,XI,EMP_000002,BOGOTA D.C.,NO,NO,NO,NO,NO
117253,M,36 a 45 años,Entre 2.5 y 3 SMLV,PI,EPSILON,PI,ETA,EMP_000001,BOGOTA D.C.,NO,NO,NO,NO,NO
117303,M,20 a 35 años,Entre 1 y 1.5 SMLV,SIGMA,LAMBDA,TAU,UPSILON,EMP_000001,,NO,NO,NO,NO,NO
117353,M,20 a 35 años,Entre 1 y 1.5 SMLV,SIGMA,LAMBDA,TAU,ETA,EMP_000001,ZIPAQUIRA,NO,NO,NO,NO,NO
117403,F,Mayor de 55 años,Entre 1 y 1.5 SMLV,SIGMA,IOTA,TAU,KAPPA,EMP_000001,,NO,NO,NO,NO,NO
117453,F,Menor de 19 años,Entre 1 y 1.5 SMLV,SIGMA,LAMBDA,TAU,UPSILON,EMP_000002,,NO,NO,NO,NO,NO
117503,M,Mayor de 55 años,Entre 4 y 6 SMLV,ZETA,LAMBDA,PI,XI,EMP_000002,BOGOTA D.C.,NO,NO,NO,NO,NO
117553,M,20 a 35 años,Entre 1 y 1.5 SMLV,SIGMA,LAMBDA,ETA,BETA,EMP_000001,,NO,NO,NO,NO,NO
117603,F,20 a 35 años,Entre 1 y 1.5 SMLV,SIGMA,RHO,PI,DELTA,EMP_000001,BOGOTA D.C.,NO,NO,NO,NO,NO
117653,M,36 a 45 años,Entre 4 y 6 SMLV,PI,LAMBDA,PI,UPSILON,EMP_000001,BOGOTA D.C.,NO,NO,NO,NO,NO
117703,M,20 a 35 años,Entre 6 y 8 SMLV,ZETA,LAMBDA,ETA,UPSILON,EMP_000001,BOGOTA D.C.,NO,NO,NO,NO,NO
117753,M,Mayor de 55 años,Mayor a 30 SMLV,ZETA,LAMBDA,XI,UPSILON,EMP_000001,BOGOTA D.C.,NO,NO,NO,NO,NO
117803,M,36 a 45 años,Entre 1 y 1.5 SMLV,SIGMA,RHO,PI,ETA,EMP_000001,,NO,NO,NO,NO,NO
117853,F,20 a 35 años,Entre 1 y 1.5 SMLV,SIGMA,LAMBDA,TAU,UPSILON,EMP_000001,,NO,NO,NO,NO,NO
117903,M,Mayor de 55 años,Entre 1 y 1.5 SMLV,SIGMA,LAMBDA,TAU,ETA,EMP_000001,,NO,NO,NO,NO,NO
117953,M,36 a 45 años,Entre 4 y 6 SMLV,ZETA,LAMBDA,ETA,XI,EMP_000002,,NO,NO,NO,NO,NO
118003,F,Menor de 19 años,Entre 1 y 1.5 SMLV,SIGMA,LAMBDA,TAU,ETA,EMP_000001,,NO,NO,NO,NO,NO
118053,F,36 a 45 años,Entre 1 y 1.5 SMLV,SIGMA,RHO,TAU,UPSILON,EMP_000001,,NO,NO,NO,NO,NO
118103,M,20 a 35 años,Entre 1 y 1.5 SMLV,SIGMA,LAMBDA,TAU,OMEGA,EMP_000001,,NO,NO,NO,NO,NO
118153,M,20 a 35 años,Entre 1 y 1.5 SMLV,SIGMA,LAMBDA,ETA,BETA,EMP_000001,,NO,NO,NO,NO,NO
118203,F,36 a 45 años,Entre 2.5 y 3 SMLV,PI,LAMBDA,PI,ETA,EMP_000001,BOGOTA D.C.,NO,NO,NO,NO,NO
118253,F,36 a 45 años,Entre 1 y 1.5 SMLV,SIGMA,RHO,TAU,DELTA,EMP_000001,,NO,NO,NO,NO,NO
118303,M,20 a 35 años,Entre 1 y 1.5 SMLV,SIGMA,LAMBDA,TAU,UPSILON,EMP_000001,,NO,NO,NO,NO,NO
118353,M,20 a 35 años,Entre 1 y 1.5 SMLV,SIGMA,LAMBDA,ETA,BETA,EMP_000001,,NO,NO,NO,NO,NO
118403,M,Mayor de 55 años,Menor al SMLV,SIGMA,RHO,TAU,ETA,EMP_000001,BOGOTA D.C.,NO,NO,NO,NO,NO
118453,M,Mayor de 55 años,Entre 2.5 y 3 SMLV,PI,LAMBDA,PI,XI,EMP_000002,,NO,NO,NO,NO,NO
118503,M,20 a 35 años,Entre 1 y 1.5 SMLV,SIGMA,LAMBDA,ETA,BETA,EMP_000001,,NO,NO,NO,NO,NO
118553,M,20 a 35 años,Entre 1 y 1.5 SMLV,SIGMA,LAMBDA,ETA,UPSILON,EMP_000001,BOGOTA D.C.,NO,NO,NO,NO,NO
118603,M,46 a 55 años,Entre 1.5 y 2 SMLV,SIGMA,EPSILON,PI,XI,EMP_000002,BOGOTA D.C.,NO,NO,NO,NO,NO
118653,M,36 a 45 años,Entre 1 y 1.5 SMLV,SIGMA,LAMBDA,ETA,UPSILON,EMP_000001,BOGOTA D.C.,NO,NO,NO,NO,NO
118703,M,Mayor de 55 años,Entre 1 y 1.5 SMLV,SIGMA,IOTA,TAU,UPSILON,EMP_000001,SOACHA,NO,NO,NO,NO,NO
118753,F,20 a 35 años,Entre 1 y 1.5 SMLV,PI,LAMBDA,ETA,BETA,EMP_000001,,NO,NO,NO,NO,NO
118803,M,46 a 55 años,Entre 2.5 y 3 SMLV,PI,RHO,PI,XI,EMP_000002,BOGOTA D.C.,NO,NO,NO,NO,NO
118853,F,Menor de 19 años,Entre 1 y 1.5 SMLV,SIGMA,LAMBDA,TAU,DELTA,EMP_000001,,NO,NO,NO,NO,NO
118903,F,20 a 35 años,Entre 1 y 1.5 SMLV,SIGMA,LAMBDA,TAU,XI,EMP_000002,,NO,NO,NO,NO,NO
118953,M,36 a 45 años,Entre 3 y 4 SMLV,PI,EPSILON,PI,UPSILON,EMP_000001,BOGOTA D.C.,NO,NO,NO,NO,NO
119003,M,36 a 45 años,Entre 2 y 2.5 SMLV,PI,LAMBDA,PI,UPSILON,EMP_000001,,NO,NO,NO,NO,NO
119053,M,Mayor de 55 años,Entre 1 y 1.5 SMLV,SIGMA,LAMBDA,TAU,ETA,EMP_000001,GIRARDOT,NO,NO,NO,NO,NO
119103,M,36 a 45 años,Entre 1 y 1.5 SMLV,SIGMA,LAMBDA,TAU,ETA,EMP_000001,,NO,NO,NO,NO,NO
119153,M,20 a 35 años,Entre 1 y 1.5 SMLV,SIGMA,EPSILON,TAU,UPSILON,EMP_000001,,NO,NO,NO,NO,NO
119203,F,36 a 45 años,Entre 1 y 1.5 SMLV,SIGMA,LAMBDA,PI,UPSILON,EMP_000001,,NO,NO,NO,NO,NO
119253,M,20 a 35 años,Entre 1 y 1.5 SMLV,SIGMA,LAMBDA,ETA,ETA,EMP_000001,,NO,NO,NO,NO,NO
119303,F,46 a 55 años,Entre 1 y 1.5 SMLV,SIGMA,LAMBDA,TAU,DELTA,EMP_000001,,NO,NO,NO,NO,NO
119353,M,20 a 35 años,Entre 1 y 1.5 SMLV,SIGMA,RHO,TAU,ETA,EMP_000001,,NO,NO,NO,NO,NO
119403,F,36 a 45 años,Entre 1 y 1.5 SMLV,SIGMA,RHO,TAU,ETA,EMP_000001,,NO,NO,NO,NO,NO
119453,F,Mayor de 55 años,Entre 2.5 y 3 SMLV,SIGMA,LAMBDA,PI,KAPPA,EMP_000001,,NO,NO,NO,NO,NO
119503,M,20 a 35 años,Entre 1 y 1.5 SMLV,SIGMA,LAMBDA,ETA,UPSILON,EMP_000001,CHIA,NO,NO,NO,NO,NO
119553,M,20 a 35 años,Entre 1 y 1.5 SMLV,SIGMA,LAMBDA,ETA,BETA,EMP_000001,,NO,NO,NO,NO,NO
119603,F,20 a 35 años,Entre 2.5 y 3 SMLV,PI,LAMBDA,ETA,ETA,EMP_000001,,NO,NO,NO,NO,NO
119653,M,36 a 45 años,Entre 1 y 1.5 SMLV,SIGMA,LAMBDA,PI,ETA,EMP_000001,,NO,NO,NO,NO,NO
119703,M,36 a 45 años,Entre 1 y 1.5 SMLV,SIGMA,LAMBDA,TAU,ETA,EMP_000001,,NO,NO,NO,NO,NO
119753,F,46 a 55 años,Entre 1 y 1.5 SMLV,SIGMA,LAMBDA,TAU,OMEGA,EMP_000001,,NO,NO,NO,NO,NO
119803,M,20 a 35 años,Menor al SMLV,SIGMA,LAMBDA,TAU,ETA,EMP_000001,BOGOTA D.C.,NO,NO,NO,NO,NO
119853,F,36 a 45 años,Entre 1 y 1.5 SMLV,SIGMA,RHO,TAU,UPSILON,EMP_000001,,NO,NO,NO,NO,NO
119903,F,20 a 35 años,Entre 1 y 1.5 SMLV,SIGMA,LAMBDA,TAU,XI,EMP_000002,,NO,NO,NO,NO,NO
119953,M,Mayor de 55 años,Entre 1.5 y 2 SMLV,SIGMA,IOTA,PI,DELTA,EMP_000001,BOGOTA D.C.,NO,NO,NO,NO,NO
120003,F,20 a 35 años,Entre 1 y 1.5 SMLV,SIGMA,LAMBDA,ETA,XI,EMP_000002,,NO,NO,NO,NO,NO
120053,F,36 a 45 años,Entre 1 y 1.5 SMLV,SIGMA,LAMBDA,PI,UPSILON,EMP_000001,BOGOTA D.C.,NO,NO,NO,NO,NO
120103,M,20 a 35 años,Entre 1 y 1.5 SMLV,SIGMA,RHO,PI,ETA,EMP_000001,,NO,NO,NO,NO,NO
120153,M,46 a 55 años,Menor al SMLV,SIGMA,LAMBDA,TAU,ETA,EMP_000001,,NO,NO,NO,NO,NO
120203,M,36 a 45 años,Entre 1 y 1.5 SMLV,SIGMA,RHO,TAU,ETA,EMP_000001,,NO,NO,NO,NO,NO
120253,M,20 a 35 años,Entre 1 y 1.5 SMLV,SIGMA,RHO,PI,DELTA,EMP_000001,BOGOTA D.C.,NO,NO,NO,NO,NO
120303,M,36 a 45 años,Entre 1 y 1.5 SMLV,SIGMA,RHO,TAU,XI,EMP_000002,,NO,NO,NO,NO,NO
120353,F,20 a 35 años,Entre 1 y 1.5 SMLV,SIGMA,EPSILON,TAU,ETA,EMP_000001,,NO,NO,NO,NO,NO
120403,M,36 a 45 años,Entre 1 y 1.5 SMLV,SIGMA,LAMBDA,ETA,XI,EMP_000002,SOACHA,NO,NO,NO,NO,NO
120453,M,Mayor de 55 años,Entre 1 y 1.5 SMLV,SIGMA,LAMBDA,PI,UPSILON,EMP_000001,,NO,NO,NO,NO,NO
120503,M,20 a 35 años,Menor al SMLV,SIGMA,EPSILON,TAU,XI,EMP_000002,BOGOTA D.C.,NO,NO,NO,NO,NO
120553,M,46 a 55 años,Entre 1 y 1.5 SMLV,SIGMA,LAMBDA,PI,UPSILON,EMP_000001,BOGOTA D.C.,NO,NO,NO,NO,NO
120603,M,20 a 35 años,Entre 1 y 1.5 SMLV,SIGMA,LAMBDA,TAU,ETA,EMP_000001,,NO,NO,NO,NO,NO
120653,M,20 a 35 años,Entre 2 y 2.5 SMLV,PI,LAMBDA,ETA,ETA,EMP_000001,,NO,NO,NO,NO,NO
120703,M,20 a 35 años,Entre 1.5 y 2 SMLV,SIGMA,RHO,PI,UPSILON,EMP_000001,,NO,NO,NO,NO,NO
120753,M,20 a 35 años,Entre 1 y 1.5 SMLV,SIGMA,EPSILON,TAU,XI,EMP_000002,,NO,NO,NO,NO,NO
120803,F,36 a 45 años,Entre 8 y 10 SMLV,ZETA,IOTA,PI,UPSILON,EMP_000001,BOGOTA D.C.,NO,NO,NO,NO,NO
120853,M,20 a 35 años,Entre 1 y 1.5 SMLV,SIGMA,LAMBDA,ETA,XI,EMP_000002,,NO,NO,NO,NO,NO
120903,M,20 a 35 años,Entre 1 y 1.5 SMLV,SIGMA,EPSILON,TAU,OMEGA,EMP_000001,,NO,NO,NO,NO,NO
120953,F,20 a 35 años,Entre 1 y 1.5 SMLV,SIGMA,LAMBDA,TAU,DELTA,EMP_000001,,NO,NO,NO,NO,NO
121003,F,36 a 45 años,Entre 20 y 30 SMLV,ZETA,LAMBDA,XI,UPSILON,EMP_000001,BOGOTA D.C.,NO,NO,NO,NO,NO
121053,M,Mayor de 55 años,Entre 10 y 20 SMLV,ZETA,EPSILON,PI,DELTA,EMP_000001,BOGOTA D.C.,NO,NO,NO,NO,NO
121103,M,36 a 45 años,Entre 4 y 6 SMLV,ZETA,EPSILON,PI,DELTA,EMP_000001,,NO,NO,NO,NO,NO
121153,M,Mayor de 55 años,Entre 1 y 1.5 SMLV,SIGMA,LAMBDA,TAU,UPSILON,EMP_000001,,NO,NO,NO,NO,NO
121203,M,20 a 35 años,Entre 1 y 1.5 SMLV,SIGMA,LAMBDA,ETA,DELTA,EMP_000001,BOGOTA D.C.,NO,NO,NO,NO,NO
121253,M,Mayor de 55 años,Entre 10 y 20 SMLV,ZETA,LAMBDA,PI,ETA,EMP_000001,BOGOTA D.C.,NO,NO,NO,NO,NO
121303,M,46 a 55 años,Entre 1 y 1.5 SMLV,SIGMA,LAMBDA,PI,BETA,EMP_000001,,NO,NO,NO,NO,NO
121353,M,20 a 35 años,Entre 1 y 1.5 SMLV,SIGMA,LAMBDA,TAU,ETA,EMP_000001,,NO,NO,NO,NO,NO
121403,F,36 a 45 años,,MU,THETA,OMEGA,OMICRON,EMP_000001,,NO,NO,NO,NO,NO
121453,M,36 a 45 años,Menor al SMLV,SIGMA,LAMBDA,TAU,ETA,EMP_000001,BOGOTA D.C.,NO,NO,NO,NO,NO
121503,F,46 a 55 años,Entre 1 y 1.5 SMLV,SIGMA,EPSILON,TAU,DELTA,EMP_000001,BOGOTA D.C.,NO,NO,NO,NO,NO
121553,F,20 a 35 años,Entre 1 y 1.5 SMLV,SIGMA,LAMBDA,TAU,XI,EMP_000002,,NO,NO,NO,NO,NO
121603,F,20 a 35 años,Entre 1 y 1.5 SMLV,SIGMA,RHO,TAU,UPSILON,EMP_000002,,NO,NO,NO,NO,NO
121653,M,Mayor de 55 años,Mayor a 30 SMLV,ZETA,IOTA,XI,UPSILON,EMP_000001,,NO,NO,NO,NO,NO
121703,M,20 a 35 años,Entre 1 y 1.5 SMLV,SIGMA,LAMBDA,TAU,ETA,EMP_000001,BOGOTA D.C.,NO,NO,NO,NO,NO
121753,F,46 a 55 años,Entre 1 y 1.5 SMLV,SIGMA,LAMBDA,TAU,UPSILON,EMP_000002,,NO,NO,NO,NO,NO
121803,F,46 a 55 años,Entre 2.5 y 3 SMLV,PI,LAMBDA,PI,DELTA,EMP_000001,,NO,NO,NO,NO,NO
121853,F,20 a 35 años,Entre 1 y 1.5 SMLV,SIGMA,LAMBDA,ETA,UPSILON,EMP_000001,,NO,NO,NO,NO,NO
121903,M,20 a 35 años,Entre 1 y 1.5 SMLV,SIGMA,LAMBDA,TAU,ETA,EMP_000001,,NO,NO,NO,NO,NO
121953,M,46 a 55 años,Entre 1.5 y 2 SMLV,ZETA,LAMBDA,PI,XI,EMP_000002,BOGOTA D.C.,NO,NO,NO,NO,NO
122003,M,20 a 35 años,Entre 6 y 8 SMLV,ZETA,LAMBDA,ETA,XI,EMP_000002,BOGOTA D.C.,NO,NO,NO,NO,NO
122053,F,36 a 45 años,Entre 1 y 1.5 SMLV,SIGMA,LAMBDA,PI,OMEGA,EMP_000001,BOGOTA D.C.,NO,NO,NO,NO,NO
122103,M,Mayor de 55 años,Entre 1 y 1.5 SMLV,SIGMA,IOTA,TAU,ETA,EMP_000001,BOGOTA D.C.,NO,NO,NO,NO,NO
122153,M,Mayor de 55 años,Entre 1 y 1.5 SMLV,SIGMA,IOTA,TAU,KAPPA,EMP_000001,,NO,NO,NO,NO,NO
122203,M,36 a 45 años,Entre 1 y 1.5 SMLV,SIGMA,LAMBDA,TAU,ETA,EMP_000001,PAIPA,NO,NO,NO,NO,NO
122253,M,20 a 35 años,Entre 3 y 4 SMLV,PI,LAMBDA,ETA,XI,EMP_000002,,NO,NO,NO,NO,NO
122303,M,36 a 45 años,Entre 1 y 1.5 SMLV,SIGMA,LAMBDA,PI,BETA,EMP_000001,,NO,NO,NO,NO,NO
122353,M,20 a 35 años,Menor al SMLV,SIGMA,LAMBDA,TAU,ETA,EMP_000001,VILLA DE SAN DIEGO DE UBATE,NO,NO,NO,NO,NO
122403,F,36 a 45 años,Entre 3 y 4 SMLV,PI,RHO,PI,UPSILON,EMP_000001,,NO,NO,NO,NO,NO
122453,M,20 a 35 años,Entre 1 y 1.5 SMLV,PI,LAMBDA,ETA,LAMBDA,EMP_000001,,NO,NO,NO,NO,NO
122503,F,46 a 55 años,Entre 1 y 1.5 SMLV,SIGMA,CHI,TAU,DELTA,EMP_000001,,NO,NO,NO,NO,NO
122553,M,36 a 45 años,Entre 3 y 4 SMLV,PI,LAMBDA,PI,UPSILON,EMP_000002,BOGOTA D.C.,NO,NO,NO,NO,NO
122603,F,36 a 45 años,Entre 1 y 1.5 SMLV,SIGMA,CHI,TAU,OMEGA,EMP_000001,BOGOTA D.C.,NO,NO,NO,NO,NO
122653,M,36 a 45 años,Entre 1 y 1.5 SMLV,SIGMA,EPSILON,TAU,ETA,EMP_000001,,NO,NO,NO,NO,NO
122703,F,36 a 45 años,Entre 1 y 1.5 SMLV,SIGMA,RHO,TAU,ETA,EMP_000001,MOSQUERA,NO,NO,NO,NO,NO
122753,M,20 a 35 años,Entre 1 y 1.5 SMLV,SIGMA,RHO,TAU,ETA,EMP_000001,,NO,NO,NO,NO,NO
122803,M,20 a 35 años,Entre 1 y 1.5 SMLV,SIGMA,LAMBDA,ETA,ETA,EMP_000001,BOGOTA D.C.,NO,NO,NO,NO,NO
122853,F,46 a 55 años,Entre 1 y 1.5 SMLV,SIGMA,CHI,TAU,ETA,EMP_000001,FUSAGASUGA,NO,NO,NO,NO,NO
122903,F,Menor de 19 años,Entre 1 y 1.5 SMLV,SIGMA,LAMBDA,TAU,XI,EMP_000001,,NO,NO,NO,NO,NO
122953,M,20 a 35 años,Entre 1 y 1.5 SMLV,SIGMA,LAMBDA,ETA,XI,EMP_000002,,NO,NO,NO,NO,NO
123003,M,20 a 35 años,Entre 1 y 1.5 SMLV,SIGMA,LAMBDA,ETA,BETA,EMP_000001,,NO,NO,NO,NO,NO
123053,M,20 a 35 años,Entre 1 y 1.5 SMLV,SIGMA,RHO,TAU,UPSILON,EMP_000001,BOGOTA D.C.,NO,NO,NO,NO,NO
123103,M,20 a 35 años,Entre 1 y 1.5 SMLV,SIGMA,LAMBDA,TAU,UPSILON,EMP_000001,,NO,NO,NO,NO,NO
123153,F,20 a 35 años,Entre 1 y 1.5 SMLV,SIGMA,RHO,TAU,ETA,EMP_000001,,NO,NO,NO,NO,NO
123203,F,Menor de 19 años,Entre 1 y 1.5 SMLV,SIGMA,LAMBDA,ETA,UPSILON,EMP_000001,,NO,NO,NO,NO,NO
123253,M,20 a 35 años,Entre 1 y 1.5 SMLV,PI,LAMBDA,ETA,LAMBDA,EMP_000001,,NO,NO,NO,NO,NO
123303,M,20 a 35 años,Entre 1 y 1.5 SMLV,SIGMA,LAMBDA,TAU,ETA,EMP_000001,,NO,NO,NO,NO,NO
123353,F,20 a 35 años,Entre 1 y 1.5 SMLV,SIGMA,RHO,TAU,XI,EMP_000002,,NO,NO,NO,NO,NO
123403,F,36 a 45 años,Entre 1.5 y 2 SMLV,SIGMA,RHO,PI,PSI,EMP_000001,BOGOTA D.C.,NO,NO,NO,NO,NO
123453,F,20 a 35 años,Entre 1 y 1.5 SMLV,SIGMA,RHO,TAU,UPSILON,EMP_000001,,NO,NO,NO,NO,NO
123503,M,46 a 55 años,Entre 2 y 2.5 SMLV,PI,RHO,PI,UPSILON,EMP_000001,,NO,NO,NO,NO,NO
123553,M,20 a 35 años,Entre 1 y 1.5 SMLV,SIGMA,LAMBDA,TAU,DELTA,EMP_000001,,NO,NO,NO,NO,NO
123603,F,20 a 35 años,Entre 1 y 1.5 SMLV,SIGMA,RHO,TAU,DELTA,EMP_000001,,NO,NO,NO,NO,NO
123653,M,Mayor de 55 años,Menor al SMLV,SIGMA,IOTA,TAU,KAPPA,EMP_000001,,NO,NO,NO,NO,NO
123703,F,36 a 45 años,Entre 1 y 1.5 SMLV,PI,LAMBDA,ETA,LAMBDA,EMP_000001,BOGOTA D.C.,NO,NO,NO,NO,NO
123753,M,46 a 55 años,Menor al SMLV,SIGMA,RHO,TAU,ETA,EMP_000001,BOGOTA D.C.,NO,NO,NO,NO,NO
123803,F,36 a 45 años,Entre 4 y 6 SMLV,ZETA,RHO,PI,PSI,EMP_000001,BOGOTA D.C.,NO,NO,NO,NO,NO
123853,F,36 a 45 años,Entre 1 y 1.5 SMLV,SIGMA,CHI,TAU,ETA,EMP_000001,,NO,NO,NO,NO,NO
123903,F,Mayor de 55 años,Entre 4 y 6 SMLV,ZETA,LAMBDA,PI,OMEGA,EMP_000001,BOGOTA D.C.,NO,NO,NO,NO,NO
123953,F,20 a 35 años,Entre 2.5 y 3 SMLV,PI,LAMBDA,ETA,ETA,EMP_000001,,NO,NO,NO,NO,NO
124003,M,Mayor de 55 años,Menor al SMLV,SIGMA,LAMBDA,TAU,ETA,EMP_000001,BOGOTA D.C.,NO,NO,NO,NO,NO
124053,M,46 a 55 años,Entre 4 y 6 SMLV,ZETA,EPSILON,PI,UPSILON,EMP_000001,BOGOTA D.C.,NO,NO,NO,NO,NO
124103,M,20 a 35 años,Entre 1 y 1.5 SMLV,SIGMA,LAMBDA,TAU,ETA,EMP_000001,,NO,NO,NO,NO,NO
124153,F,Menor de 19 años,Entre 1 y 1.5 SMLV,SIGMA,LAMBDA,TAU,UPSILON,EMP_000001,,NO,NO,NO,NO,NO
124203,M,20 a 35 años,Entre 1 y 1.5 SMLV,SIGMA,LAMBDA,TAU,DELTA,EMP_000001,,NO,NO,NO,NO,NO
124253,F,36 a 45 años,Entre 1 y 1.5 SMLV,SIGMA,EPSILON,TAU,ETA,EMP_000001,BOGOTA D.C.,NO,NO,NO,NO,NO
124303,M,20 a 35 años,Entre 2 y 2.5 SMLV,PI,LAMBDA,ETA,XI,EMP_000002,,NO,NO,NO,NO,NO
124353,M,36 a 45 años,Entre 8 y 10 SMLV,ZETA,IOTA,PI,DELTA,EMP_000001,,NO,NO,NO,NO,NO
124403,M,20 a 35 años,Entre 1 y 1.5 SMLV,SIGMA,LAMBDA,TAU,XI,EMP_000002,BOGOTA D.C.,NO,NO,NO,NO,NO
124453,F,36 a 45 años,Menor al SMLV,SIGMA,RHO,TAU,ETA,EMP_000001,,NO,NO,NO,NO,NO
124503,F,20 a 35 años,Entre 2 y 2.5 SMLV,PI,LAMBDA,ETA,UPSILON,EMP_000001,BOGOTA D.C.,NO,NO,NO,NO,NO
124553,F,20 a 35 años,Entre 1 y 1.5 SMLV,SIGMA,LAMBDA,TAU,ETA,EMP_000001,,NO,NO,NO,NO,NO
124603,M,36 a 45 años,,MU,THETA,OMEGA,OMICRON,EMP_000001,,NO,NO,NO,NO,NO
124653,M,20 a 35 años,Entre 1 y 1.5 SMLV,SIGMA,LAMBDA,TAU,UPSILON,EMP_000002,,NO,NO,NO,NO,NO
124703,M,20 a 35 años,Entre 1 y 1.5 SMLV,SIGMA,LAMBDA,TAU,ETA,EMP_000001,,NO,NO,NO,NO,NO
124753,F,36 a 45 años,Entre 1 y 1.5 SMLV,SIGMA,EPSILON,TAU,BETA,EMP_000001,,NO,NO,NO,NO,NO
124803,M,Mayor de 55 años,Entre 2 y 2.5 SMLV,SIGMA,LAMBDA,PI,KAPPA,EMP_000001,,NO,NO,NO,NO,NO
124853,M,20 a 35 años,Entre 1 y 1.5 SMLV,SIGMA,LAMBDA,TAU,UPSILON,EMP_000001,,NO,NO,NO,NO,NO
124903,M,46 a 55 años,Entre 1 y 1.5 SMLV,SIGMA,IOTA,TAU,ETA,EMP_000001,,NO,NO,NO,NO,NO
124953,M,Mayor de 55 años,Entre 2 y 2.5 SMLV,PI,LAMBDA,PI,ETA,EMP_000001,BOGOTA D.C.,NO,NO,NO,NO,NO
125003,M,46 a 55 años,Entre 1 y 1.5 SMLV,SIGMA,LAMBDA,TAU,ETA,EMP_000001,,NO,NO,NO,NO,NO
125053,F,46 a 55 años,Entre 3 y 4 SMLV,ZETA,LAMBDA,PI,UPSILON,EMP_000001,,NO,NO,NO,NO,NO
125103,F,36 a 45 años,Entre 2 y 2.5 SMLV,PI,RHO,PI,DELTA,EMP_000001,FUSAGASUGA,NO,NO,NO,NO,NO
125153,M,36 a 45 años,Entre 10 y 20 SMLV,ZETA,EPSILON,PI,UPSILON,EMP_000001,BOGOTA D.C.,NO,NO,NO,NO,NO
125203,M,46 a 55 años,Entre 1 y 1.5 SMLV,SIGMA,IOTA,PI,ETA,EMP_000001,BOGOTA D.C.,NO,NO,NO,NO,NO
125253,M,20 a 35 años,Entre 1 y 1.5 SMLV,SIGMA,EPSILON,TAU,UPSILON,EMP_000001,,NO,NO,NO,NO,NO
125303,M,Mayor de 55 años,Entre 1 y 1.5 SMLV,SIGMA,IOTA,TAU,ETA,EMP_000001,,NO,NO,NO,NO,NO
125353,M,Menor de 19 años,Entre 1 y 1.5 SMLV,SIGMA,LAMBDA,TAU,ETA,EMP_000001,,NO,NO,NO,NO,NO
125403,M,46 a 55 años,Entre 1 y 1.5 SMLV,SIGMA,RHO,PI,DELTA,EMP_000001,,NO,NO,NO,NO,NO
125453,F,20 a 35 años,Entre 2 y 2.5 SMLV,PI,LAMBDA,ETA,ETA,EMP_000001,,NO,NO,NO,NO,NO
125503,M,46 a 55 años,Entre 1 y 1.5 SMLV,SIGMA,LAMBDA,TAU,ETA,EMP_000001,,NO,NO,NO,NO,NO
125553,F,20 a 35 años,Entre 1 y 1.5 SMLV,SIGMA,LAMBDA,TAU,XI,EMP_000002,,NO,NO,NO,NO,NO
125603,M,36 a 45 años,Entre 3 y 4 SMLV,PI,LAMBDA,PI,XI,EMP_000002,,NO,NO,NO,NO,NO
125653,M,36 a 45 años,Entre 1 y 1.5 SMLV,SIGMA,RHO,TAU,OMEGA,EMP_000001,BOGOTA D.C.,NO,NO,NO,NO,NO
125703,F,46 a 55 años,Entre 1 y 1.5 SMLV,SIGMA,LAMBDA,TAU,ETA,EMP_000001,BOGOTA D.C.,NO,NO,NO,NO,NO
125753,F,46 a 55 años,Entre 2 y 2.5 SMLV,PI,LAMBDA,PI,ETA,EMP_000001,,NO,NO,NO,NO,NO
125803,M,36 a 45 años,Entre 1 y 1.5 SMLV,SIGMA,LAMBDA,ETA,ETA,EMP_000001,BOGOTA D.C.,NO,NO,NO,NO,NO
125853,F,20 a 35 años,Entre 2 y 2.5 SMLV,PI,LAMBDA,ETA,OMEGA,EMP_000001,,NO,NO,NO,NO,NO
125903,F,20 a 35 años,Entre 1 y 1.5 SMLV,SIGMA,LAMBDA,ETA,UPSILON,EMP_000001,,NO,NO,NO,NO,NO
125953,M,46 a 55 años,Entre 3 y 4 SMLV,ZETA,IOTA,PI,ETA,EMP_000001,,NO,NO,NO,NO,NO
126003,M,20 a 35 años,Entre 1 y 1.5 SMLV,SIGMA,LAMBDA,ETA,ETA,EMP_000001,,NO,NO,NO,NO,NO
126053,F,20 a 35 años,Entre 1 y 1.5 SMLV,SIGMA,LAMBDA,TAU,UPSILON,EMP_000001,,NO,NO,NO,NO,NO
126103,F,46 a 55 años,Entre 1 y 1.5 SMLV,SIGMA,IOTA,PI,ETA,EMP_000001,VERGARA,NO,NO,NO,NO,NO
126153,M,36 a 45 años,Entre 4 y 6 SMLV,ZETA,LAMBDA,PI,UPSILON,EMP_000001,,NO,NO,NO,NO,NO
126203,M,Menor de 19 años,Entre 1 y 1.5 SMLV,SIGMA,LAMBDA,TAU,UPSILON,EMP_000001,,NO,NO,NO,NO,NO
126253,F,20 a 35 años,Entre 1 y 1.5 SMLV,SIGMA,RHO,PI,XI,EMP_000002,FACATATIVA,NO,NO,NO,NO,NO
126303,F,20 a 35 años,,MU,THETA,OMEGA,OMICRON,EMP_000001,,NO,NO,NO,NO,NO
126353,F,20 a 35 años,Menor al SMLV,SIGMA,RHO,TAU,ETA,EMP_000001,,NO,NO,NO,NO,NO
126403,M,20 a 35 años,Entre 1 y 1.5 SMLV,SIGMA,RHO,TAU,UPSILON,EMP_000001,,NO,NO,NO,NO,NO
126453,M,20 a 35 años,Entre 1 y 1.5 SMLV,SIGMA,LAMBDA,ETA,XI,EMP_000002,,NO,NO,NO,NO,NO
126503,M,46 a 55 años,Entre 3 y 4 SMLV,PI,EPSILON,PI,XI,EMP_000002,BOGOTA D.C.,NO,NO,NO,NO,NO
126553,M,36 a 45 años,Entre 2 y 2.5 SMLV,SIGMA,EPSILON,PI,UPSILON,EMP_000001,BOGOTA D.C.,NO,NO,NO,NO,NO
126603,M,20 a 35 años,Entre 1.5 y 2 SMLV,SIGMA,LAMBDA,ETA,UPSILON,EMP_000001,BOGOTA D.C.,NO,NO,NO,NO,NO
126653,M,20 a 35 años,Entre 1 y 1.5 SMLV,SIGMA,LAMBDA,TAU,DELTA,EMP_000001,,NO,NO,NO,NO,NO
126703,M,20 a 35 años,Entre 1 y 1.5 SMLV,SIGMA,LAMBDA,TAU,UPSILON,EMP_000001,,NO,NO,NO,NO,NO
126753,M,46 a 55 años,Entre 1 y 1.5 SMLV,SIGMA,RHO,TAU,ETA,EMP_000001,BOGOTA D.C.,NO,NO,NO,NO,NO
126803,F,Mayor de 55 años,,MU,THETA,OMEGA,OMICRON,EMP_000001,,NO,NO,NO,NO,NO
126853,F,36 a 45 años,Entre 1.5 y 2 SMLV,SIGMA,LAMBDA,PI,OMEGA,EMP_000001,TABIO,NO,NO,NO,NO,NO
126903,F,20 a 35 años,Entre 1.5 y 2 SMLV,SIGMA,LAMBDA,ETA,XI,EMP_000002,,NO,NO,NO,NO,NO
126953,F,20 a 35 años,Entre 1 y 1.5 SMLV,SIGMA,LAMBDA,ETA,PSI,EMP_000001,,NO,NO,NO,NO,NO
127003,M,46 a 55 años,Entre 1 y 1.5 SMLV,SIGMA,LAMBDA,PI,XI,EMP_000002,,NO,NO,NO,NO,NO
127053,F,Mayor de 55 años,Entre 1 y 1.5 SMLV,SIGMA,LAMBDA,TAU,ETA,EMP_000001,,NO,NO,NO,NO,NO
127103,F,36 a 45 años,Menor al SMLV,SIGMA,RHO,TAU,ETA,EMP_000001,BOGOTA D.C.,NO,NO,NO,NO,NO
127153,F,20 a 35 años,Entre 1 y 1.5 SMLV,SIGMA,EPSILON,TAU,ETA,EMP_000001,BOGOTA D.C.,NO,NO,NO,NO,NO
127203,M,46 a 55 años,Entre 6 y 8 SMLV,ZETA,EPSILON,PI,XI,EMP_000002,PACHO,NO,NO,NO,NO,NO
127253,M,36 a 45 años,Entre 1 y 1.5 SMLV,SIGMA,LAMBDA,PI,XI,EMP_000002,,NO,NO,NO,NO,NO
127303,F,36 a 45 años,Entre 1 y 1.5 SMLV,SIGMA,RHO,TAU,ETA,EMP_000001,,NO,NO,NO,NO,NO
127353,F,36 a 45 años,Entre 1 y 1.5 SMLV,SIGMA,RHO,TAU,ETA,EMP_000001,BOGOTA D.C.,NO,NO,NO,NO,NO
127403,M,46 a 55 años,Entre 3 y 4 SMLV,PI,RHO,PI,DELTA,EMP_000001,BOGOTA D.C.,NO,NO,NO,NO,NO
127453,F,20 a 35 años,Menor al SMLV,SIGMA,LAMBDA,TAU,UPSILON,EMP_000001,,NO,NO,NO,NO,NO
127503,M,20 a 35 años,Entre 1 y 1.5 SMLV,SIGMA,RHO,TAU,ETA,EMP_000001,,NO,NO,NO,NO,NO
127553,M,20 a 35 años,Entre 1 y 1.5 SMLV,SIGMA,RHO,TAU,DELTA,EMP_000001,BOGOTA D.C.,NO,NO,NO,NO,NO
127603,F,Mayor de 55 años,Menor al SMLV,SIGMA,IOTA,TAU,KAPPA,EMP_000001,,NO,NO,NO,NO,NO
127653,M,20 a 35 años,Menor al SMLV,SIGMA,LAMBDA,TAU,ETA,EMP_000001,,NO,NO,NO,NO,NO
127703,M,20 a 35 años,Entre 1 y 1.5 SMLV,SIGMA,LAMBDA,TAU,DELTA,EMP_000001,BOGOTA D.C.,NO,NO,NO,NO,NO
127753,M,Menor de 19 años,Entre 1 y 1.5 SMLV,SIGMA,LAMBDA,ETA,DELTA,EMP_000001,,NO,NO,NO,NO,NO
127803,M,36 a 45 años,Entre 1 y 1.5 SMLV,SIGMA,RHO,PI,XI,EMP_000002,BOGOTA D.C.,NO,NO,NO,NO,NO
127853,M,20 a 35 años,Entre 1 y 1.5 SMLV,SIGMA,LAMBDA,TAU,XI,EMP_000001,BOGOTA D.C.,NO,NO,NO,NO,NO
127903,M,36 a 45 años,Entre 1 y 1.5 SMLV,SIGMA,RHO,PI,DELTA,EMP_000001,,NO,NO,NO,NO,NO
127953,F,Mayor de 55 años,Entre 1 y 1.5 SMLV,SIGMA,IOTA,TAU,ETA,EMP_000001,,NO,NO,NO,NO,NO
128003,F,20 a 35 años,Entre 1 y 1.5 SMLV,SIGMA,LAMBDA,ETA,DELTA,EMP_000001,BOGOTA D.C.,NO,NO,NO,NO,NO
128053,M,Mayor de 55 años,Menor al SMLV,SIGMA,LAMBDA,TAU,ETA,EMP_000001,,NO,NO,NO,NO,NO
128103,M,36 a 45 años,Entre 1 y 1.5 SMLV,SIGMA,EPSILON,TAU,UPSILON,EMP_000001,,NO,NO,NO,NO,NO
128153,M,46 a 55 años,Entre 1 y 1.5 SMLV,SIGMA,EPSILON,TAU,XI,EMP_000002,BOGOTA D.C.,NO,NO,NO,NO,NO
128203,F,20 a 35 años,Entre 1 y 1.5 SMLV,SIGMA,LAMBDA,TAU,UPSILON,EMP_000001,,NO,NO,NO,NO,NO
128253,M,20 a 35 años,Entre 2 y 2.5 SMLV,PI,LAMBDA,ETA,UPSILON,EMP_000001,,NO,NO,NO,NO,NO
128303,M,46 a 55 años,Entre 1 y 1.5 SMLV,SIGMA,RHO,TAU,XI,EMP_000002,BOGOTA D.C.,NO,NO,NO,NO,NO
128353,F,36 a 45 años,Entre 3 y 4 SMLV,PI,IOTA,PI,XI,EMP_000002,BOGOTA D.C.,NO,NO,NO,NO,NO
128403,M,36 a 45 años,Entre 1 y 1.5 SMLV,SIGMA,LAMBDA,ETA,BETA,EMP_000001,,NO,NO,NO,NO,NO
128453,F,20 a 35 años,Menor al SMLV,SIGMA,LAMBDA,TAU,ETA,EMP_000001,,NO,NO,NO,NO,NO
128503,M,20 a 35 años,Entre 1 y 1.5 SMLV,SIGMA,LAMBDA,ETA,ETA,EMP_000001,,NO,NO,NO,NO,NO
128553,M,20 a 35 años,Entre 1 y 1.5 SMLV,SIGMA,LAMBDA,ETA,XI,EMP_000002,,NO,NO,NO,NO,NO
128603,F,20 a 35 años,Entre 1 y 1.5 SMLV,SIGMA,LAMBDA,TAU,UPSILON,EMP_000001,,NO,NO,NO,NO,NO
128653,M,Mayor de 55 años,Entre 1 y 1.5 SMLV,SIGMA,EPSILON,TAU,UPSILON,EMP_000001,BOGOTA D.C.,NO,NO,NO,NO,NO
128703,M,46 a 55 años,Entre 1 y 1.5 SMLV,SIGMA,RHO,TAU,ETA,EMP_000001,,NO,NO,NO,NO,NO
128753,F,Mayor de 55 años,Entre 4 y 6 SMLV,SIGMA,IOTA,PI,KAPPA,EMP_000001,,NO,NO,NO,NO,NO
128803,F,20 a 35 años,Entre 1 y 1.5 SMLV,SIGMA,RHO,TAU,UPSILON,EMP_000001,BOGOTA D.C.,NO,NO,NO,NO,NO
128853,M,36 a 45 años,Entre 1 y 1.5 SMLV,SIGMA,LAMBDA,ETA,ETA,EMP_000001,,NO,NO,NO,NO,NO
128903,F,36 a 45 años,Entre 1 y 1.5 SMLV,SIGMA,RHO,TAU,DELTA,EMP_000001,BOGOTA D.C.,NO,NO,NO,NO,NO
128953,F,20 a 35 años,Entre 1 y 1.5 SMLV,SIGMA,RHO,TAU,ETA,EMP_000001,FUSAGASUGA,NO,NO,NO,NO,NO
129003,M,20 a 35 años,Entre 1 y 1.5 SMLV,SIGMA,LAMBDA,TAU,XI,EMP_000002,,NO,NO,NO,NO,NO
129053,M,20 a 35 años,Menor al SMLV,SIGMA,LAMBDA,TAU,ETA,EMP_000001,BOGOTA D.C.,NO,NO,NO,NO,NO
129103,F,36 a 45 años,Entre 1.5 y 2 SMLV,SIGMA,RHO,PI,ETA,EMP_000001,BOGOTA D.C.,NO,NO,NO,NO,NO
129153,F,36 a 45 años,Entre 6 y 8 SMLV,ZETA,LAMBDA,ETA,UPSILON,EMP_000001,BOGOTA D.C.,NO,NO,NO,NO,NO
129203,M,46 a 55 años,Entre 4 y 6 SMLV,ZETA,RHO,PI,OMEGA,EMP_000001,,NO,NO,NO,NO,NO
129253,F,46 a 55 años,Entre 1 y 1.5 SMLV,SIGMA,LAMBDA,TAU,ETA,EMP_000001,BOGOTA D.C.,NO,NO,NO,NO,NO
129303,F,20 a 35 años,Entre 1 y 1.5 SMLV,SIGMA,LAMBDA,ETA,ETA,EMP_000001,,NO,NO,NO,NO,NO
129353,F,20 a 35 años,Entre 1 y 1.5 SMLV,SIGMA,RHO,TAU,UPSILON,EMP_000001,SOACHA,NO,NO,NO,NO,NO
129403,F,20 a 35 años,Entre 1.5 y 2 SMLV,SIGMA,LAMBDA,ETA,UPSILON,EMP_000001,,NO,NO,NO,NO,NO
129453,M,36 a 45 años,Entre 1 y 1.5 SMLV,SIGMA,RHO,TAU,ETA,EMP_000001,BOGOTA D.C.,NO,NO,NO,NO,NO
129503,M,36 a 45 años,Entre 1 y 1.5 SMLV,SIGMA,EPSILON,TAU,OMEGA,EMP_000001,ZIPAQUIRA,NO,NO,NO,NO,NO
129553,M,20 a 35 años,Entre 1 y 1.5 SMLV,SIGMA,LAMBDA,TAU,DELTA,EMP_000001,,NO,NO,NO,NO,NO
129603,M,Mayor de 55 años,Entre 1 y 1.5 SMLV,SIGMA,LAMBDA,TAU,DELTA,EMP_000001,BOGOTA D.C.,NO,NO,NO,NO,NO
129653,F,46 a 55 años,Entre 1 y 1.5 SMLV,SIGMA,EPSILON,TAU,ETA,EMP_000001,BOGOTA D.C.,NO,NO,NO,NO,NO
129703,M,Menor de 19 años,Entre 1 y 1.5 SMLV,SIGMA,LAMBDA,ETA,ETA,EMP_000001,,NO,NO,NO,NO,NO
129753,F,36 a 45 años,Entre 1 y 1.5 SMLV,SIGMA,EPSILON,TAU,UPSILON,EMP_000001,BOGOTA D.C.,NO,NO,NO,NO,NO
129803,M,36 a 45 años,Entre 1 y 1.5 SMLV,SIGMA,RHO,TAU,ETA,EMP_000001,BOGOTA D.C.,NO,NO,NO,NO,NO
129853,M,36 a 45 años,Entre 1 y 1.5 SMLV,SIGMA,RHO,PI,XI,EMP_000001,,NO,NO,NO,NO,NO
129903,F,36 a 45 años,Entre 10 y 20 SMLV,ZETA,LAMBDA,PI,XI,EMP_000001,BOGOTA D.C.,NO,NO,NO,NO,NO
129953,F,Mayor de 55 años,Entre 1 y 1.5 SMLV,SIGMA,LAMBDA,TAU,ETA,EMP_000001,BOGOTA D.C.,NO,NO,NO,NO,NO
130003,M,20 a 35 años,Entre 1 y 1.5 SMLV,SIGMA,LAMBDA,ETA,DELTA,EMP_000001,,NO,NO,NO,NO,NO
130053,M,46 a 55 años,Entre 10 y 20 SMLV,ZETA,LAMBDA,PI,DELTA,EMP_000001,,NO,NO,NO,NO,NO
130103,F,36 a 45 años,Entre 1 y 1.5 SMLV,SIGMA,RHO,PI,DELTA,EMP_000001,,NO,NO,NO,NO,NO
130153,F,Mayor de 55 años,Entre 1 y 1.5 SMLV,SIGMA,IOTA,TAU,ETA,EMP_000001,BOGOTA D.C.,NO,NO,NO,NO,NO
130203,M,46 a 55 años,Entre 2.5 y 3 SMLV,PI,RHO,PI,DELTA,EMP_000001,,NO,NO,NO,NO,NO
130253,M,36 a 45 años,Entre 2 y 2.5 SMLV,PI,LAMBDA,ETA,XI,EMP_000002,BOGOTA D.C.,NO,NO,NO,NO,NO
130303,M,20 a 35 años,Menor al SMLV,SIGMA,LAMBDA,TAU,UPSILON,EMP_000001,,NO,NO,NO,NO,NO
130353,F,20 a 35 años,Entre 1 y 1.5 SMLV,SIGMA,RHO,PI,ETA,EMP_000001,,NO,NO,NO,NO,NO
130403,M,Mayor de 55 años,Entre 1 y 1.5 SMLV,SIGMA,LAMBDA,TAU,ETA,EMP_000001,FUSAGASUGA,NO,NO,NO,NO,NO
130453,M,20 a 35 años,Entre 4 y 6 SMLV,ZETA,LAMBDA,ETA,XI,EMP_000002,,NO,NO,NO,NO,NO
130503,M,20 a 35 años,Entre 1 y 1.5 SMLV,SIGMA,RHO,PI,DELTA,EMP_000001,BOGOTA D.C.,NO,NO,NO,NO,NO
130553,F,20 a 35 años,Entre 1 y 1.5 SMLV,SIGMA,RHO,PI,UPSILON,EMP_000001,,NO,NO,NO,NO,NO
130603,M,46 a 55 años,Entre 1 y 1.5 SMLV,SIGMA,EPSILON,PI,XI,EMP_000002,BOGOTA D.C.,NO,NO,NO,NO,NO
130653,M,Mayor de 55 años,Entre 4 y 6 SMLV,ZETA,EPSILON,PI,ETA,EMP_000001,,NO,NO,NO,NO,NO
130703,F,20 a 35 años,Entre 1 y 1.5 SMLV,SIGMA,LAMBDA,TAU,ETA,EMP_000001,BOGOTA D.C.,NO,NO,NO,NO,NO
130753,F,Mayor de 55 años,Entre 1 y 1.5 SMLV,SIGMA,LAMBDA,TAU,ETA,EMP_000001,BOGOTA D.C.,NO,NO,NO,NO,NO
130803,F,36 a 45 años,Entre 1 y 1.5 SMLV,SIGMA,LAMBDA,PI,XI,EMP_000002,,NO,NO,NO,NO,NO
130853,M,20 a 35 años,Entre 1 y 1.5 SMLV,SIGMA,LAMBDA,TAU,DELTA,EMP_000001,BOGOTA D.C.,NO,NO,NO,NO,NO
130903,M,46 a 55 años,Entre 1 y 1.5 SMLV,SIGMA,IOTA,PI,XI,EMP_000002,BOGOTA D.C.,NO,NO,NO,NO,NO
130953,F,20 a 35 años,Entre 1.5 y 2 SMLV,SIGMA,RHO,PI,ETA,EMP_000001,SOPO,NO,NO,NO,NO,NO
131003,M,46 a 55 años,Entre 1 y 1.5 SMLV,SIGMA,LAMBDA,TAU,ETA,EMP_000001,BOGOTA D.C.,NO,NO,NO,NO,NO
131053,M,20 a 35 años,Entre 1 y 1.5 SMLV,SIGMA,RHO,PI,UPSILON,EMP_000001,,NO,NO,NO,NO,NO
131103,F,46 a 55 años,Entre 1 y 1.5 SMLV,SIGMA,LAMBDA,TAU,ETA,EMP_000001,VILLA DE SAN DIEGO DE UBATE,NO,NO,NO,NO,NO
131153,F,36 a 45 años,Entre 1 y 1.5 SMLV,SIGMA,RHO,PI,XI,EMP_000002,FACATATIVA,NO,NO,NO,NO,NO
131203,M,20 a 35 años,Entre 1 y 1.5 SMLV,SIGMA,LAMBDA,TAU,UPSILON,EMP_000001,,NO,NO,NO,NO,NO
131253,F,20 a 35 años,Entre 1 y 1.5 SMLV,SIGMA,LAMBDA,TAU,ETA,EMP_000001,,NO,NO,NO,NO,NO
131303,M,20 a 35 años,Entre 1 y 1.5 SMLV,SIGMA,LAMBDA,ETA,XI,EMP_000002,BARRANQUILLA,NO,NO,NO,NO,NO
131353,M,20 a 35 años,Menor al SMLV,SIGMA,LAMBDA,ETA,ETA,EMP_000001,,NO,NO,NO,NO,NO
131403,M,Mayor de 55 años,Entre 1 y 1.5 SMLV,SIGMA,LAMBDA,TAU,ETA,EMP_000001,,NO,NO,NO,NO,NO
131453,F,36 a 45 años,Entre 1 y 1.5 SMLV,SIGMA,CHI,TAU,ETA,EMP_000001,BOGOTA D.C.,NO,NO,NO,NO,NO
131503,F,36 a 45 años,Entre 1 y 1.5 SMLV,SIGMA,LAMBDA,TAU,XI,EMP_000002,BOGOTA D.C.,NO,NO,NO,NO,NO
131553,F,Mayor de 55 años,Menor al SMLV,SIGMA,RHO,TAU,ETA,EMP_000001,BOGOTA D.C.,NO,NO,NO,NO,NO
131603,M,20 a 35 años,Entre 1 y 1.5 SMLV,SIGMA,LAMBDA,TAU,ETA,EMP_000001,,NO,NO,NO,NO,NO
131653,F,46 a 55 años,Entre 1 y 1.5 SMLV,SIGMA,LAMBDA,TAU,DELTA,EMP_000001,,NO,NO,NO,NO,NO
131703,F,36 a 45 años,Entre 1 y 1.5 SMLV,SIGMA,LAMBDA,ETA,DELTA,EMP_000001,BOGOTA D.C.,NO,NO,NO,NO,NO
131753,M,36 a 45 años,Menor al SMLV,SIGMA,LAMBDA,TAU,ETA,EMP_000001,,NO,NO,NO,NO,NO
131803,M,46 a 55 años,Entre 1 y 1.5 SMLV,SIGMA,RHO,TAU,DELTA,EMP_000001,BOGOTA D.C.,NO,NO,NO,NO,NO
131853,F,36 a 45 años,Entre 2 y 2.5 SMLV,PI,LAMBDA,PI,PSI,EMP_000001,,NO,NO,NO,NO,NO
131903,F,20 a 35 años,Entre 1 y 1.5 SMLV,SIGMA,LAMBDA,TAU,UPSILON,EMP_000001,,NO,NO,NO,NO,NO
131953,M,36 a 45 años,Entre 1 y 1.5 SMLV,SIGMA,LAMBDA,TAU,ETA,EMP_000001,,NO,NO,NO,NO,NO
132003,F,Mayor de 55 años,Entre 4 y 6 SMLV,ZETA,LAMBDA,PI,XI,EMP_000002,GUACHETA,NO,NO,NO,NO,NO
132053,F,46 a 55 años,Entre 1.5 y 2 SMLV,SIGMA,RHO,PI,XI,EMP_000002,,NO,NO,NO,NO,NO
132103,M,36 a 45 años,Entre 1 y 1.5 SMLV,SIGMA,RHO,TAU,ETA,EMP_000001,BOGOTA D.C.,NO,NO,NO,NO,NO
132153,M,46 a 55 años,Entre 1 y 1.5 SMLV,SIGMA,IOTA,PI,ETA,EMP_000001,,NO,NO,NO,NO,NO
132203,M,20 a 35 años,,MU,THETA,OMEGA,OMICRON,EMP_000001,,NO,NO,NO,NO,NO
132253,F,36 a 45 años,Entre 1 y 1.5 SMLV,SIGMA,LAMBDA,TAU,UPSILON,EMP_000001,,NO,NO,NO,NO,NO
132303,F,46 a 55 años,Entre 1 y 1.5 SMLV,SIGMA,RHO,TAU,ETA,EMP_000001,,NO,NO,NO,NO,NO
132353,M,20 a 35 años,Entre 1 y 1.5 SMLV,SIGMA,LAMBDA,TAU,UPSILON,EMP_000001,,NO,NO,NO,NO,NO
132403,F,20 a 35 años,Entre 1 y 1.5 SMLV,SIGMA,EPSILON,TAU,UPSILON,EMP_000001,BOGOTA D.C.,NO,NO,NO,NO,NO
132453,F,36 a 45 años,Entre 3 y 4 SMLV,PI,LAMBDA,PI,XI,EMP_000002,,NO,NO,NO,NO,NO
132503,M,20 a 35 años,Entre 1 y 1.5 SMLV,SIGMA,LAMBDA,TAU,UPSILON,EMP_000001,,NO,NO,NO,NO,NO
132553,F,36 a 45 años,Entre 1 y 1.5 SMLV,SIGMA,LAMBDA,TAU,ETA,EMP_000001,BOGOTA D.C.,NO,NO,NO,NO,NO
132603,F,20 a 35 años,Menor al SMLV,SIGMA,LAMBDA,TAU,XI,EMP_000002,,NO,NO,NO,NO,NO
132653,M,20 a 35 años,Entre 1 y 1.5 SMLV,SIGMA,RHO,TAU,DELTA,EMP_000001,,NO,NO,NO,NO,NO
132703,F,20 a 35 años,Entre 1 y 1.5 SMLV,SIGMA,LAMBDA,TAU,UPSILON,EMP_000001,,NO,NO,NO,NO,NO
132753,M,Mayor de 55 años,Entre 1 y 1.5 SMLV,SIGMA,LAMBDA,PI,OMEGA,EMP_000001,BOGOTA D.C.,NO,NO,NO,NO,NO
132803,M,36 a 45 años,Entre 1 y 1.5 SMLV,SIGMA,RHO,TAU,XI,EMP_000002,,NO,NO,NO,NO,NO
132853,F,36 a 45 años,Entre 1 y 1.5 SMLV,SIGMA,RHO,TAU,UPSILON,EMP_000001,BOGOTA D.C.,NO,NO,NO,NO,NO
132903,M,36 a 45 años,Entre 1 y 1.5 SMLV,SIGMA,LAMBDA,TAU,ETA,EMP_000001,,NO,NO,NO,NO,NO
132953,F,20 a 35 años,Entre 1 y 1.5 SMLV,PI,LAMBDA,ETA,BETA,EMP_000001,,NO,NO,NO,NO,NO
133003,F,36 a 45 años,Entre 1 y 1.5 SMLV,SIGMA,RHO,TAU,DELTA,EMP_000001,GUACHETA,NO,NO,NO,NO,NO
133053,M,20 a 35 años,Entre 1 y 1.5 SMLV,SIGMA,LAMBDA,ETA,XI,EMP_000001,,NO,NO,NO,NO,NO
133103,M,36 a 45 años,Entre 1 y 1.5 SMLV,SIGMA,LAMBDA,PI,OMEGA,EMP_000001,,NO,NO,NO,NO,NO
133153,F,36 a 45 años,Entre 4 y 6 SMLV,ZETA,LAMBDA,ETA,UPSILON,EMP_000001,BOGOTA D.C.,NO,NO,NO,NO,NO
133203,M,46 a 55 años,Entre 4 y 6 SMLV,ZETA,LAMBDA,PI,XI,EMP_000002,BOGOTA D.C.,NO,NO,NO,NO,NO
133253,F,Mayor de 55 años,Entre 4 y 6 SMLV,ZETA,IOTA,PI,XI,EMP_000002,PACHO,NO,NO,NO,NO,NO
133303,M,20 a 35 años,Entre 1 y 1.5 SMLV,SIGMA,LAMBDA,TAU,DELTA,EMP_000001,,NO,NO,NO,NO,NO
133353,F,36 a 45 años,Entre 1 y 1.5 SMLV,SIGMA,RHO,PI,ETA,EMP_000001,BOGOTA D.C.,NO,NO,NO,NO,NO
133403,M,46 a 55 años,Entre 2 y 2.5 SMLV,PI,LAMBDA,PI,ETA,EMP_000001,BOGOTA D.C.,NO,NO,NO,NO,NO
133453,F,46 a 55 años,Entre 1.5 y 2 SMLV,SIGMA,LAMBDA,PI,ETA,EMP_000001,,NO,NO,NO,NO,NO
133503,F,46 a 55 años,Menor al SMLV,SIGMA,RHO,PI,ETA,EMP_000001,,NO,NO,NO,NO,NO
133553,M,20 a 35 años,Entre 1 y 1.5 SMLV,SIGMA,LAMBDA,TAU,XI,EMP_000002,,NO,NO,NO,NO,NO
133603,F,36 a 45 años,Entre 1 y 1.5 SMLV,SIGMA,RHO,TAU,ETA,EMP_000001,,NO,NO,NO,NO,NO
133653,M,20 a 35 años,Entre 2.5 y 3 SMLV,PI,RHO,PI,XI,EMP_000002,BOGOTA D.C.,NO,NO,NO,NO,NO
133703,F,36 a 45 años,Entre 1 y 1.5 SMLV,SIGMA,RHO,TAU,DELTA,EMP_000001,BOGOTA D.C.,NO,NO,NO,NO,NO
133753,M,20 a 35 años,Entre 1 y 1.5 SMLV,SIGMA,LAMBDA,ETA,UPSILON,EMP_000001,BOGOTA D.C.,NO,NO,NO,NO,NO
133803,M,20 a 35 años,Entre 1 y 1.5 SMLV,SIGMA,LAMBDA,TAU,UPSILON,EMP_000001,BOGOTA D.C.,NO,NO,NO,NO,NO
133853,M,46 a 55 años,Menor al SMLV,SIGMA,LAMBDA,TAU,ETA,EMP_000001,FUNZA,NO,NO,NO,NO,NO
133903,F,Mayor de 55 años,Entre 1 y 1.5 SMLV,SIGMA,IOTA,TAU,KAPPA,EMP_000001,,NO,NO,NO,NO,NO
133953,M,36 a 45 años,Entre 10 y 20 SMLV,ZETA,LAMBDA,ETA,DELTA,EMP_000001,BOGOTA D.C.,NO,NO,NO,NO,NO
134003,M,Mayor de 55 años,Entre 3 y 4 SMLV,SIGMA,IOTA,PI,KAPPA,EMP_000001,BOGOTA D.C.,NO,NO,NO,NO,NO
134053,F,46 a 55 años,Entre 20 y 30 SMLV,ZETA,LAMBDA,XI,XI,EMP_000002,,NO,NO,NO,NO,NO
134103,M,20 a 35 años,Entre 1 y 1.5 SMLV,SIGMA,LAMBDA,ETA,BETA,EMP_000001,,NO,NO,NO,NO,NO
134153,M,Mayor de 55 años,Entre 1.5 y 2 SMLV,SIGMA,IOTA,PI,UPSILON,EMP_000001,BOGOTA D.C.,NO,NO,NO,NO,NO
134203,F,20 a 35 años,Menor al SMLV,SIGMA,RHO,TAU,DELTA,EMP_000001,VILLETA,NO,NO,NO,NO,NO
134253,M,20 a 35 años,Entre 1 y 1.5 SMLV,SIGMA,RHO,TAU,ETA,EMP_000001,BOGOTA D.C.,NO,NO,NO,NO,NO
134303,F,46 a 55 años,Entre 1 y 1.5 SMLV,SIGMA,LAMBDA,TAU,ETA,EMP_000001,,NO,NO,NO,NO,NO
134353,M,46 a 55 años,Entre 1.5 y 2 SMLV,SIGMA,RHO,PI,XI,EMP_000001,,NO,NO,NO,NO,NO
134403,M,20 a 35 años,Entre 1 y 1.5 SMLV,SIGMA,LAMBDA,TAU,OMEGA,EMP_000001,,NO,NO,NO,NO,NO
134453,M,Mayor de 55 años,Menor al SMLV,SIGMA,LAMBDA,TAU,ETA,EMP_000001,,NO,NO,NO,NO,NO
134503,F,20 a 35 años,Menor al SMLV,SIGMA,RHO,TAU,XI,EMP_000002,FUNZA,NO,NO,NO,NO,NO
134553,F,20 a 35 años,Entre 1 y 1.5 SMLV,SIGMA,LAMBDA,TAU,ETA,EMP_000001,BOGOTA D.C.,NO,NO,NO,NO,NO
134603,M,36 a 45 años,Entre 1 y 1.5 SMLV,SIGMA,LAMBDA,TAU,UPSILON,EMP_000002,,NO,NO,NO,NO,NO
134653,M,36 a 45 años,Entre 1 y 1.5 SMLV,SIGMA,EPSILON,TAU,DELTA,EMP_000001,,NO,NO,NO,NO,NO
134703,M,20 a 35 años,Entre 1 y 1.5 SMLV,SIGMA,LAMBDA,ETA,BETA,EMP_000001,,NO,NO,NO,NO,NO
134753,M,46 a 55 años,Entre 1 y 1.5 SMLV,SIGMA,RHO,TAU,ETA,EMP_000001,,NO,NO,NO,NO,NO
134803,F,36 a 45 años,Entre 3 y 4 SMLV,PI,LAMBDA,PI,ETA,EMP_000001,BOGOTA D.C.,NO,NO,NO,NO,NO
134853,F,36 a 45 años,Entre 3 y 4 SMLV,PI,LAMBDA,ETA,XI,EMP_000002,BOGOTA D.C.,NO,NO,NO,NO,NO
134903,F,20 a 35 años,Entre 1 y 1.5 SMLV,SIGMA,RHO,PI,ETA,EMP_000001,BOGOTA D.C.,NO,NO,NO,NO,NO
134953,F,36 a 45 años,Entre 1 y 1.5 SMLV,PI,EPSILON,TAU,LAMBDA,EMP_000001,LA MESA,NO,NO,NO,NO,NO
135003,F,46 a 55 años,Menor al SMLV,SIGMA,RHO,TAU,ETA,EMP_000001,BOGOTA D.C.,NO,NO,NO,NO,NO
135053,M,20 a 35 años,Entre 2.5 y 3 SMLV,PI,EPSILON,PI,XI,EMP_000001,,NO,NO,NO,NO,NO
135103,M,Mayor de 55 años,Entre 1.5 y 2 SMLV,SIGMA,EPSILON,PI,ETA,EMP_000001,,NO,NO,NO,NO,NO
135153,M,36 a 45 años,Menor al SMLV,SIGMA,EPSILON,TAU,ETA,EMP_000001,,NO,NO,NO,NO,NO
135203,M,36 a 45 años,Entre 1 y 1.5 SMLV,SIGMA,LAMBDA,ETA,BETA,EMP_000001,,NO,NO,NO,NO,NO
135253,M,20 a 35 años,Entre 1 y 1.5 SMLV,SIGMA,LAMBDA,ETA,BETA,EMP_000001,,NO,NO,NO,NO,NO
135303,M,20 a 35 años,Entre 1 y 1.5 SMLV,SIGMA,LAMBDA,TAU,UPSILON,EMP_000001,,NO,NO,NO,NO,NO
135353,F,36 a 45 años,Entre 1 y 1.5 SMLV,SIGMA,LAMBDA,TAU,ETA,EMP_000001,,NO,NO,NO,NO,NO
135403,F,20 a 35 años,Entre 2 y 2.5 SMLV,PI,LAMBDA,ETA,UPSILON,EMP_000001,,NO,NO,NO,NO,NO
135453,F,36 a 45 años,Entre 1 y 1.5 SMLV,SIGMA,RHO,TAU,UPSILON,EMP_000001,,NO,NO,NO,NO,NO
135503,M,Mayor de 55 años,Entre 3 y 4 SMLV,PI,LAMBDA,PI,UPSILON,EMP_000001,,NO,NO,NO,NO,NO
135553,M,Mayor de 55 años,Entre 2 y 2.5 SMLV,PI,EPSILON,PI,LAMBDA,EMP_000001,BOGOTA D.C.,NO,NO,NO,NO,NO
135603,M,36 a 45 años,Entre 1 y 1.5 SMLV,SIGMA,EPSILON,TAU,ETA,EMP_000001,SOACHA,NO,NO,NO,NO,NO
135653,M,36 a 45 años,Entre 1 y 1.5 SMLV,SIGMA,LAMBDA,PI,BETA,EMP_000001,,NO,NO,NO,NO,NO
135703,M,36 a 45 años,Entre 1 y 1.5 SMLV,SIGMA,RHO,TAU,ETA,EMP_000001,COGUA,NO,NO,NO,NO,NO
135753,M,20 a 35 años,Entre 1 y 1.5 SMLV,SIGMA,LAMBDA,ETA,BETA,EMP_000001,,NO,NO,NO,NO,NO
135803,M,20 a 35 años,Entre 1 y 1.5 SMLV,PI,LAMBDA,ETA,BETA,EMP_000001,,NO,NO,NO,NO,NO
135853,M,20 a 35 años,Entre 1 y 1.5 SMLV,SIGMA,EPSILON,TAU,UPSILON,EMP_000001,,NO,NO,NO,NO,NO
135903,M,36 a 45 años,Menor al SMLV,SIGMA,LAMBDA,TAU,OMEGA,EMP_000001,,NO,NO,NO,NO,NO
135953,M,20 a 35 años,Entre 1 y 1.5 SMLV,SIGMA,LAMBDA,TAU,ETA,EMP_000001,BOGOTA D.C.,NO,NO,NO,NO,NO
136003,F,36 a 45 años,Entre 1 y 1.5 SMLV,SIGMA,LAMBDA,PI,ETA,EMP_000001,BOGOTA D.C.,NO,NO,NO,NO,NO
136053,F,36 a 45 años,Entre 1 y 1.5 SMLV,PI,LAMBDA,TAU,LAMBDA,EMP_000001,,NO,NO,NO,NO,NO
136103,M,Mayor de 55 años,Entre 2 y 2.5 SMLV,PI,IOTA,PI,ETA,EMP_000001,BOGOTA D.C.,NO,NO,NO,NO,NO
136153,F,Mayor de 55 años,Entre 1 y 1.5 SMLV,SIGMA,IOTA,PI,OMEGA,EMP_000001,BOGOTA D.C.,NO,NO,NO,NO,NO
136203,M,46 a 55 años,Entre 1 y 1.5 SMLV,SIGMA,EPSILON,PI,ETA,EMP_000001,BOGOTA D.C.,NO,NO,NO,NO,NO
136253,M,20 a 35 años,Entre 1 y 1.5 SMLV,SIGMA,LAMBDA,ETA,BETA,EMP_000001,,NO,NO,NO,NO,NO
136303,F,20 a 35 años,Entre 1 y 1.5 SMLV,SIGMA,RHO,TAU,ETA,EMP_000001,MOSQUERA,NO,NO,NO,NO,NO
136353,M,Mayor de 55 años,Entre 1 y 1.5 SMLV,SIGMA,RHO,PI,OMEGA,EMP_000001,,NO,NO,NO,NO,NO
136403,M,36 a 45 años,Entre 1 y 1.5 SMLV,SIGMA,RHO,TAU,XI,EMP_000002,,NO,NO,NO,NO,NO
136453,F,20 a 35 años,Entre 1.5 y 2 SMLV,SIGMA,RHO,PI,ETA,EMP_000001,,NO,NO,NO,NO,NO
136503,M,20 a 35 años,Entre 1 y 1.5 SMLV,SIGMA,RHO,TAU,DELTA,EMP_000001,,NO,NO,NO,NO,NO
136553,M,36 a 45 años,Menor al SMLV,SIGMA,LAMBDA,TAU,UPSILON,EMP_000001,,NO,NO,NO,NO,NO
136603,M,Mayor de 55 años,Entre 1 y 1.5 SMLV,SIGMA,LAMBDA,TAU,KAPPA,EMP_000001,,NO,NO,NO,NO,NO
136653,M,46 a 55 años,Entre 3 y 4 SMLV,PI,CHI,PI,XI,EMP_000002,,NO,NO,NO,NO,NO
136703,M,Mayor de 55 años,Entre 1 y 1.5 SMLV,SIGMA,LAMBDA,TAU,ETA,EMP_000001,BOGOTA D.C.,NO,NO,NO,NO,NO
136753,M,46 a 55 años,Entre 1 y 1.5 SMLV,SIGMA,EPSILON,TAU,UPSILON,EMP_000001,SOACHA,NO,NO,NO,NO,NO
136803,F,46 a 55 años,Entre 1 y 1.5 SMLV,SIGMA,LAMBDA,TAU,UPSILON,EMP_000001,,NO,NO,NO,NO,NO
136853,M,20 a 35 años,Entre 1 y 1.5 SMLV,SIGMA,LAMBDA,ETA,BETA,EMP_000001,,NO,NO,NO,NO,NO
136903,M,46 a 55 años,Entre 1 y 1.5 SMLV,SIGMA,LAMBDA,PI,DELTA,EMP_000001,BOGOTA D.C.,NO,NO,NO,NO,NO
136953,M,36 a 45 años,Entre 1 y 1.5 SMLV,SIGMA,LAMBDA,ETA,DELTA,EMP_000001,TOCANCIPA,NO,NO,NO,NO,NO
137003,M,46 a 55 años,Entre 1 y 1.5 SMLV,SIGMA,LAMBDA,TAU,ETA,EMP_000001,BOGOTA D.C.,NO,NO,NO,NO,NO
137053,F,20 a 35 años,Entre 1 y 1.5 SMLV,SIGMA,RHO,TAU,ETA,EMP_000001,,NO,NO,NO,NO,NO
137103,M,20 a 35 años,Entre 1 y 1.5 SMLV,SIGMA,RHO,PI,UPSILON,EMP_000001,,NO,NO,NO,NO,NO
137153,M,20 a 35 años,Entre 1 y 1.5 SMLV,SIGMA,LAMBDA,ETA,BETA,EMP_000001,,NO,NO,NO,NO,NO
137203,M,20 a 35 años,Entre 1.5 y 2 SMLV,SIGMA,RHO,PI,XI,EMP_000002,BOGOTA D.C.,NO,NO,NO,NO,NO
137253,M,20 a 35 años,Menor al SMLV,SIGMA,LAMBDA,TAU,OMEGA,EMP_000001,SOACHA,NO,NO,NO,NO,NO
137303,F,20 a 35 años,Entre 1 y 1.5 SMLV,SIGMA,LAMBDA,TAU,UPSILON,EMP_000002,,NO,NO,NO,NO,NO
137353,M,20 a 35 años,Entre 1 y 1.5 SMLV,SIGMA,LAMBDA,ETA,BETA,EMP_000001,BOGOTA D.C.,NO,NO,NO,NO,NO
137403,M,46 a 55 años,Entre 10 y 20 SMLV,ZETA,LAMBDA,PI,XI,EMP_000002,,NO,NO,NO,NO,NO
137453,M,Menor de 19 años,Entre 1 y 1.5 SMLV,SIGMA,LAMBDA,TAU,DELTA,EMP_000001,,NO,NO,NO,NO,NO
137503,M,20 a 35 años,Entre 1 y 1.5 SMLV,SIGMA,LAMBDA,TAU,DELTA,EMP_000001,,NO,NO,NO,NO,NO
137553,F,20 a 35 años,Entre 1 y 1.5 SMLV,SIGMA,LAMBDA,TAU,DELTA,EMP_000001,,NO,NO,NO,NO,NO
137603,F,36 a 45 años,Entre 3 y 4 SMLV,PI,LAMBDA,PI,XI,EMP_000002,BOGOTA D.C.,NO,NO,NO,NO,NO
137653,F,46 a 55 años,Entre 1 y 1.5 SMLV,SIGMA,RHO,TAU,ETA,EMP_000001,BOGOTA D.C.,NO,NO,NO,NO,NO
137703,F,20 a 35 años,Entre 1 y 1.5 SMLV,SIGMA,RHO,TAU,UPSILON,EMP_000001,BOGOTA D.C.,NO,NO,NO,NO,NO
137753,F,20 a 35 años,Entre 1 y 1.5 SMLV,SIGMA,RHO,TAU,ETA,EMP_000001,,NO,NO,NO,NO,NO
137803,F,36 a 45 años,Entre 1 y 1.5 SMLV,SIGMA,RHO,TAU,OMEGA,EMP_000001,BOGOTA D.C.,NO,NO,NO,NO,NO
137853,M,46 a 55 años,Entre 1 y 1.5 SMLV,SIGMA,RHO,PI,ETA,EMP_000001,,NO,NO,NO,NO,NO
137903,M,36 a 45 años,Entre 2.5 y 3 SMLV,PI,LAMBDA,PI,XI,EMP_000002,SOACHA,NO,NO,NO,NO,NO
137953,M,36 a 45 años,Entre 1 y 1.5 SMLV,SIGMA,EPSILON,TAU,ETA,EMP_000001,BOGOTA D.C.,NO,NO,NO,NO,NO
138003,F,36 a 45 años,Entre 10 y 20 SMLV,ZETA,LAMBDA,ETA,ETA,EMP_000001,,NO,NO,NO,NO,NO
138053,F,36 a 45 años,Entre 1 y 1.5 SMLV,PI,IOTA,TAU,LAMBDA,EMP_000001,,NO,NO,NO,NO,NO
138103,M,20 a 35 años,Entre 1 y 1.5 SMLV,SIGMA,RHO,TAU,XI,EMP_000002,,NO,NO,NO,NO,NO
138153,M,36 a 45 años,Menor al SMLV,SIGMA,EPSILON,TAU,ETA,EMP_000001,BOGOTA D.C.,NO,NO,NO,NO,NO
138203,F,36 a 45 años,Entre 1 y 1.5 SMLV,SIGMA,EPSILON,TAU,DELTA,EMP_000001,BOGOTA D.C.,NO,NO,NO,NO,NO
138253,M,Mayor de 55 años,Entre 2.5 y 3 SMLV,PI,LAMBDA,PI,ETA,EMP_000001,,NO,NO,NO,NO,NO
138303,M,20 a 35 años,Entre 3 y 4 SMLV,PI,LAMBDA,ETA,DELTA,EMP_000001,,NO,NO,NO,NO,NO
138353,M,36 a 45 años,Entre 1 y 1.5 SMLV,SIGMA,RHO,TAU,ETA,EMP_000001,,NO,NO,NO,NO,NO
138403,M,20 a 35 años,Entre 1 y 1.5 SMLV,SIGMA,RHO,TAU,XI,EMP_000002,BOGOTA D.C.,NO,NO,NO,NO,NO
138453,F,36 a 45 años,Entre 1 y 1.5 SMLV,SIGMA,LAMBDA,TAU,XI,EMP_000001,,NO,NO,NO,NO,NO
138503,F,46 a 55 años,Entre 2 y 2.5 SMLV,PI,LAMBDA,PI,XI,EMP_000002,GIRARDOT,NO,NO,NO,NO,NO
138553,F,46 a 55 años,Entre 1.5 y 2 SMLV,SIGMA,LAMBDA,PI,XI,EMP_000001,,NO,NO,NO,NO,NO
138603,F,20 a 35 años,Entre 1 y 1.5 SMLV,SIGMA,LAMBDA,TAU,ETA,EMP_000001,,NO,NO,NO,NO,NO
138653,F,Mayor de 55 años,Menor al SMLV,SIGMA,LAMBDA,TAU,ETA,EMP_000001,BOGOTA D.C.,NO,NO,NO,NO,NO
138703,M,20 a 35 años,Entre 1 y 1.5 SMLV,SIGMA,LAMBDA,TAU,ETA,EMP_000001,,NO,NO,NO,NO,NO
138753,M,36 a 45 años,Entre 3 y 4 SMLV,PI,LAMBDA,ETA,XI,EMP_000002,BOGOTA D.C.,NO,NO,NO,NO,NO
138803,M,20 a 35 años,Menor al SMLV,SIGMA,RHO,TAU,ETA,EMP_000001,,NO,NO,NO,NO,NO
138853,F,20 a 35 años,Entre 1.5 y 2 SMLV,SIGMA,RHO,PI,UPSILON,EMP_000001,BOGOTA D.C.,NO,NO,NO,NO,NO
138903,F,20 a 35 años,Entre 1 y 1.5 SMLV,SIGMA,RHO,TAU,ETA,EMP_000001,,NO,NO,NO,NO,NO
138953,M,36 a 45 años,Entre 1 y 1.5 SMLV,SIGMA,LAMBDA,TAU,UPSILON,EMP_000001,,NO,NO,NO,NO,NO
139003,M,36 a 45 años,Entre 1 y 1.5 SMLV,SIGMA,RHO,TAU,ETA,EMP_000001,MADRID,NO,NO,NO,NO,NO
139053,M,20 a 35 años,Entre 1 y 1.5 SMLV,SIGMA,LAMBDA,ETA,BETA,EMP_000001,,NO,NO,NO,NO,NO
139103,M,46 a 55 años,Entre 1 y 1.5 SMLV,SIGMA,LAMBDA,PI,UPSILON,EMP_000001,,NO,NO,NO,NO,NO
139153,F,46 a 55 años,Entre 4 y 6 SMLV,ZETA,LAMBDA,PI,XI,EMP_000001,BOGOTA D.C.,NO,NO,NO,NO,NO
139203,M,20 a 35 años,Entre 1 y 1.5 SMLV,SIGMA,LAMBDA,TAU,ETA,EMP_000001,,NO,NO,NO,NO,NO
139253,F,20 a 35 años,Entre 1.5 y 2 SMLV,SIGMA,LAMBDA,ETA,XI,EMP_000002,,NO,NO,NO,NO,NO
139303,M,36 a 45 años,Entre 1 y 1.5 SMLV,SIGMA,RHO,TAU,ETA,EMP_000001,BOGOTA D.C.,NO,NO,NO,NO,NO
139353,M,20 a 35 años,Entre 1 y 1.5 SMLV,SIGMA,LAMBDA,ETA,BETA,EMP_000001,,NO,NO,NO,NO,NO
139403,M,36 a 45 años,Entre 1 y 1.5 SMLV,SIGMA,RHO,PI,ETA,EMP_000001,BOGOTA D.C.,NO,NO,NO,NO,NO
139453,M,36 a 45 años,Entre 1 y 1.5 SMLV,SIGMA,LAMBDA,ETA,BETA,EMP_000001,,NO,NO,NO,NO,NO
139503,F,20 a 35 años,Entre 1 y 1.5 SMLV,SIGMA,LAMBDA,ETA,XI,EMP_000002,,NO,NO,NO,NO,NO
139553,F,36 a 45 años,Entre 2 y 2.5 SMLV,PI,EPSILON,PI,ETA,EMP_000001,,NO,NO,NO,NO,NO
139603,M,Mayor de 55 años,Entre 1 y 1.5 SMLV,SIGMA,LAMBDA,PI,ETA,EMP_000001,BOGOTA D.C.,NO,NO,NO,NO,NO
139653,M,20 a 35 años,Entre 1 y 1.5 SMLV,SIGMA,LAMBDA,ETA,BETA,EMP_000001,,NO,NO,NO,NO,NO
139703,M,46 a 55 años,Entre 1 y 1.5 SMLV,SIGMA,EPSILON,TAU,ETA,EMP_000001,,NO,NO,NO,NO,NO
139753,M,Mayor de 55 años,Entre 1 y 1.5 SMLV,SIGMA,LAMBDA,TAU,UPSILON,EMP_000001,BOGOTA D.C.,NO,NO,NO,NO,NO
139803,F,36 a 45 años,,MU,THETA,OMEGA,OMICRON,EMP_000001,,NO,NO,NO,NO,NO
139853,F,46 a 55 años,Entre 4 y 6 SMLV,ZETA,LAMBDA,PI,ETA,EMP_000001,BOGOTA D.C.,NO,NO,NO,NO,NO
139903,M,20 a 35 años,Entre 1 y 1.5 SMLV,SIGMA,LAMBDA,TAU,XI,EMP_000002,BOGOTA D.C.,NO,NO,NO,NO,NO
139953,M,20 a 35 años,Entre 1 y 1.5 SMLV,SIGMA,LAMBDA,TAU,UPSILON,EMP_000001,,NO,NO,NO,NO,NO
140003,F,36 a 45 años,Entre 1 y 1.5 SMLV,SIGMA,LAMBDA,PI,ETA,EMP_000001,SOACHA,NO,NO,NO,NO,NO
140053,M,Mayor de 55 años,Menor al SMLV,SIGMA,LAMBDA,TAU,KAPPA,EMP_000001,PAIPA,NO,NO,NO,NO,NO
140103,F,20 a 35 años,Entre 1 y 1.5 SMLV,SIGMA,LAMBDA,TAU,ETA,EMP_000001,,NO,NO,NO,NO,NO
140153,F,20 a 35 años,Entre 1 y 1.5 SMLV,SIGMA,LAMBDA,TAU,UPSILON,EMP_000001,,NO,NO,NO,NO,NO
140203,M,Mayor de 55 años,Entre 2.5 y 3 SMLV,SIGMA,LAMBDA,PI,KAPPA,EMP_000001,BOGOTA D.C.,NO,NO,NO,NO,NO
140253,F,20 a 35 años,Entre 1 y 1.5 SMLV,SIGMA,EPSILON,TAU,OMEGA,EMP_000001,,NO,NO,NO,NO,NO
140303,M,46 a 55 años,Entre 1 y 1.5 SMLV,SIGMA,RHO,TAU,UPSILON,EMP_000001,SOACHA,NO,NO,NO,NO,NO
140353,F,36 a 45 años,Entre 1 y 1.5 SMLV,SIGMA,LAMBDA,TAU,ETA,EMP_000001,VILLETA,NO,NO,NO,NO,NO
140403,F,20 a 35 años,Entre 1 y 1.5 SMLV,SIGMA,LAMBDA,TAU,ETA,EMP_000001,BOGOTA D.C.,NO,NO,NO,NO,NO
140453,M,36 a 45 años,Entre 1 y 1.5 SMLV,SIGMA,RHO,TAU,OMEGA,EMP_000001,BOGOTA D.C.,NO,NO,NO,NO,NO
140503,M,36 a 45 años,Entre 1 y 1.5 SMLV,SIGMA,EPSILON,TAU,ETA,EMP_000001,BOGOTA D.C.,NO,NO,NO,NO,NO
140553,M,20 a 35 años,Entre 1 y 1.5 SMLV,SIGMA,THETA,ETA,OMICRON,EMP_000001,,NO,NO,NO,NO,NO
140603,F,36 a 45 años,Entre 2.5 y 3 SMLV,PI,EPSILON,PI,XI,EMP_000001,,NO,NO,NO,NO,NO
140653,M,36 a 45 años,Entre 1 y 1.5 SMLV,SIGMA,LAMBDA,ETA,BETA,EMP_000001,,NO,NO,NO,NO,NO
140703,F,20 a 35 años,Entre 1 y 1.5 SMLV,SIGMA,EPSILON,TAU,UPSILON,EMP_000001,,NO,NO,NO,NO,NO
140753,F,20 a 35 años,Entre 2.5 y 3 SMLV,PI,IOTA,PI,XI,EMP_000002,,NO,NO,NO,NO,NO
140803,F,46 a 55 años,Entre 1 y 1.5 SMLV,SIGMA,RHO,TAU,ETA,EMP_000001,BOGOTA D.C.,NO,NO,NO,NO,NO
140853,M,20 a 35 años,Entre 2.5 y 3 SMLV,PI,LAMBDA,ETA,DELTA,EMP_000001,,NO,NO,NO,NO,NO
140903,M,20 a 35 años,Entre 1 y 1.5 SMLV,SIGMA,LAMBDA,TAU,ETA,EMP_000001,,NO,NO,NO,NO,NO
140953,F,20 a 35 años,Entre 1.5 y 2 SMLV,SIGMA,RHO,PI,ETA,EMP_000001,,NO,NO,NO,NO,NO
141003,F,20 a 35 años,Entre 1 y 1.5 SMLV,SIGMA,RHO,TAU,UPSILON,EMP_000001,,NO,NO,NO,NO,NO
141053,M,46 a 55 años,Entre 1 y 1.5 SMLV,SIGMA,IOTA,PI,DELTA,EMP_000001,SOACHA,NO,NO,NO,NO,NO
141103,M,20 a 35 años,Entre 1 y 1.5 SMLV,SIGMA,LAMBDA,ETA,XI,EMP_000002,,NO,NO,NO,NO,NO
141153,F,20 a 35 años,Entre 1 y 1.5 SMLV,SIGMA,LAMBDA,TAU,XI,EMP_000002,,NO,NO,NO,NO,NO
141203,M,36 a 45 años,Entre 1 y 1.5 SMLV,SIGMA,LAMBDA,TAU,OMEGA,EMP_000001,,NO,NO,NO,NO,NO
141253,F,36 a 45 años,Menor al SMLV,SIGMA,LAMBDA,TAU,UPSILON,EMP_000001,BOGOTA D.C.,NO,NO,NO,NO,NO
141303,M,36 a 45 años,Entre 1 y 1.5 SMLV,SIGMA,RHO,TAU,OMEGA,EMP_000001,BOGOTA D.C.,NO,NO,NO,NO,NO
141353,M,20 a 35 años,Entre 1 y 1.5 SMLV,SIGMA,LAMBDA,ETA,BETA,EMP_000001,,NO,NO,NO,NO,NO
141403,F,46 a 55 años,Entre 1 y 1.5 SMLV,SIGMA,LAMBDA,TAU,ETA,EMP_000001,,NO,NO,NO,NO,NO
141453,F,36 a 45 años,Entre 1 y 1.5 SMLV,SIGMA,RHO,TAU,ETA,EMP_000001,,NO,NO,NO,NO,NO
141503,M,Mayor de 55 años,Entre 6 y 8 SMLV,ZETA,LAMBDA,PI,XI,EMP_000001,,NO,NO,NO,NO,NO
141553,F,36 a 45 años,Entre 2 y 2.5 SMLV,ZETA,LAMBDA,ETA,PSI,EMP_000001,BOGOTA D.C.,NO,NO,NO,NO,NO
141603,M,Menor de 19 años,Entre 1 y 1.5 SMLV,SIGMA,LAMBDA,TAU,XI,EMP_000002,,NO,NO,NO,NO,NO
141653,M,46 a 55 años,Entre 1.5 y 2 SMLV,SIGMA,EPSILON,PI,DELTA,EMP_000001,BOGOTA D.C.,NO,NO,NO,NO,NO
141703,M,20 a 35 años,Entre 1 y 1.5 SMLV,SIGMA,LAMBDA,ETA,BETA,EMP_000001,,NO,NO,NO,NO,NO
141753,F,36 a 45 años,Entre 1 y 1.5 SMLV,SIGMA,LAMBDA,TAU,ETA,EMP_000001,,NO,NO,NO,NO,NO
141803,M,46 a 55 años,Menor al SMLV,SIGMA,LAMBDA,TAU,OMEGA,EMP_000001,BOGOTA D.C.,NO,NO,NO,NO,NO
141853,F,Mayor de 55 años,Entre 3 y 4 SMLV,PI,LAMBDA,PI,XI,EMP_000002,BOGOTA D.C.,NO,NO,NO,NO,NO
141903,M,20 a 35 años,Menor al SMLV,SIGMA,LAMBDA,TAU,UPSILON,EMP_000001,BOGOTA D.C.,NO,NO,NO,NO,NO
141953,M,Mayor de 55 años,Entre 1 y 1.5 SMLV,SIGMA,IOTA,TAU,DELTA,EMP_000001,BOGOTA D.C.,NO,NO,NO,NO,NO
142003,M,Mayor de 55 años,Entre 1 y 1.5 SMLV,SIGMA,EPSILON,PI,ETA,EMP_000001,ZIPAQUIRA,NO,NO,NO,NO,NO
142053,M,20 a 35 años,Entre 3 y 4 SMLV,PI,LAMBDA,ETA,DELTA,EMP_000001,,NO,NO,NO,NO,NO
142103,M,Mayor de 55 años,Menor al SMLV,SIGMA,LAMBDA,TAU,KAPPA,EMP_000001,BOGOTA D.C.,NO,NO,NO,NO,NO
142153,F,46 a 55 años,Entre 3 y 4 SMLV,PI,EPSILON,PI,ETA,EMP_000001,BOGOTA D.C.,NO,NO,NO,NO,NO
142203,M,20 a 35 años,Entre 1 y 1.5 SMLV,SIGMA,LAMBDA,TAU,XI,EMP_000002,BOGOTA D.C.,NO,NO,NO,NO,NO
142253,F,20 a 35 años,Entre 1 y 1.5 SMLV,SIGMA,EPSILON,PI,ETA,EMP_000001,BOGOTA D.C.,NO,NO,NO,NO,NO
142303,F,Mayor de 55 años,Entre 1 y 1.5 SMLV,SIGMA,RHO,TAU,ETA,EMP_000001,BOGOTA D.C.,NO,NO,NO,NO,NO
142353,F,46 a 55 años,Menor al SMLV,SIGMA,LAMBDA,TAU,PSI,EMP_000001,BOGOTA D.C.,NO,NO,NO,NO,NO
142403,F,36 a 45 años,Entre 1.5 y 2 SMLV,SIGMA,RHO,PI,UPSILON,EMP_000001,SILVANIA,NO,NO,NO,NO,NO
142453,F,20 a 35 años,Entre 1 y 1.5 SMLV,SIGMA,EPSILON,TAU,DELTA,EMP_000001,,NO,NO,NO,NO,NO
142503,M,20 a 35 años,Entre 1 y 1.5 SMLV,SIGMA,LAMBDA,ETA,BETA,EMP_000001,,NO,NO,NO,NO,NO
142553,F,20 a 35 años,Entre 1 y 1.5 SMLV,SIGMA,LAMBDA,TAU,UPSILON,EMP_000001,,NO,NO,NO,NO,NO
142603,M,36 a 45 años,Entre 1 y 1.5 SMLV,SIGMA,EPSILON,TAU,UPSILON,EMP_000001,,NO,NO,NO,NO,NO
142653,F,Mayor de 55 años,Entre 2 y 2.5 SMLV,PI,IOTA,PI,ETA,EMP_000001,BOGOTA D.C.,NO,NO,NO,NO,NO
142703,F,20 a 35 años,Entre 1 y 1.5 SMLV,SIGMA,LAMBDA,TAU,UPSILON,EMP_000001,,NO,NO,NO,NO,NO
142753,M,20 a 35 años,Entre 1 y 1.5 SMLV,SIGMA,RHO,PI,ETA,EMP_000001,TOCANCIPA,NO,NO,NO,NO,NO
142803,M,46 a 55 años,Entre 1 y 1.5 SMLV,SIGMA,RHO,TAU,ETA,EMP_000001,BOGOTA D.C.,NO,NO,NO,NO,NO
142853,M,20 a 35 años,Entre 1 y 1.5 SMLV,SIGMA,LAMBDA,TAU,UPSILON,EMP_000001,,NO,NO,NO,NO,NO
142903,F,20 a 35 años,Entre 1.5 y 2 SMLV,SIGMA,RHO,PI,UPSILON,EMP_000001,SOACHA,NO,NO,NO,NO,NO
142953,F,20 a 35 años,Entre 1.5 y 2 SMLV,SIGMA,LAMBDA,ETA,XI,EMP_000002,,NO,NO,NO,NO,NO
143003,F,Mayor de 55 años,Menor al SMLV,PI,LAMBDA,TAU,LAMBDA,EMP_000001,BOGOTA D.C.,NO,NO,NO,NO,NO
143053,M,20 a 35 años,Entre 4 y 6 SMLV,ZETA,LAMBDA,ETA,DELTA,EMP_000001,BOGOTA D.C.,NO,NO,NO,NO,NO
143103,M,20 a 35 años,Entre 1 y 1.5 SMLV,SIGMA,LAMBDA,ETA,ETA,EMP_000001,,NO,NO,NO,NO,NO
143153,F,20 a 35 años,Entre 1 y 1.5 SMLV,SIGMA,LAMBDA,TAU,XI,EMP_000001,,NO,NO,NO,NO,NO
143203,M,20 a 35 años,Entre 1 y 1.5 SMLV,SIGMA,LAMBDA,ETA,XI,EMP_000002,,NO,NO,NO,NO,NO
143253,F,46 a 55 años,Entre 1 y 1.5 SMLV,SIGMA,LAMBDA,TAU,ETA,EMP_000001,,NO,NO,NO,NO,NO
143303,M,20 a 35 años,Entre 1 y 1.5 SMLV,SIGMA,RHO,PI,DELTA,EMP_000001,BOGOTA D.C.,NO,NO,NO,NO,NO
143353,M,46 a 55 años,Entre 1 y 1.5 SMLV,SIGMA,RHO,TAU,ETA,EMP_000001,BOGOTA D.C.,NO,NO,NO,NO,NO
143403,M,20 a 35 años,Entre 1 y 1.5 SMLV,SIGMA,LAMBDA,TAU,UPSILON,EMP_000001,,NO,NO,NO,NO,NO
143453,M,20 a 35 años,Entre 1 y 1.5 SMLV,SIGMA,LAMBDA,TAU,XI,EMP_000002,,NO,NO,NO,NO,NO
143503,F,36 a 45 años,Entre 2 y 2.5 SMLV,PI,RHO,PI,XI,EMP_000002,,NO,NO,NO,NO,NO
143553,F,20 a 35 años,Entre 1 y 1.5 SMLV,SIGMA,RHO,TAU,UPSILON,EMP_000002,,NO,NO,NO,NO,NO
143603,M,20 a 35 años,Entre 1 y 1.5 SMLV,SIGMA,RHO,PI,XI,EMP_000002,,NO,NO,NO,NO,NO
143653,M,Mayor de 55 años,Entre 1 y 1.5 SMLV,SIGMA,EPSILON,PI,UPSILON,EMP_000001,FACATATIVA,NO,NO,NO,NO,NO
143703,M,Mayor de 55 años,Entre 1.5 y 2 SMLV,SIGMA,EPSILON,PI,DELTA,EMP_000001,BOGOTA D.C.,NO,NO,NO,NO,NO
143753,M,36 a 45 años,Entre 1 y 1.5 SMLV,SIGMA,RHO,TAU,UPSILON,EMP_000001,SOACHA,NO,NO,NO,NO,NO
143803,M,Mayor de 55 años,Entre 1 y 1.5 SMLV,SIGMA,EPSILON,TAU,ETA,EMP_000001,BOGOTA D.C.,NO,NO,NO,NO,NO
143853,M,46 a 55 años,Entre 2 y 2.5 SMLV,ZETA,LAMBDA,PI,ETA,EMP_000001,BOGOTA D.C.,NO,NO,NO,NO,NO
143903,F,20 a 35 años,Menor al SMLV,SIGMA,RHO,TAU,UPSILON,EMP_000001,BOGOTA D.C.,NO,NO,NO,NO,NO
143953,M,36 a 45 años,Entre 1 y 1.5 SMLV,SIGMA,LAMBDA,TAU,UPSILON,EMP_000001,BOGOTA D.C.,NO,NO,NO,NO,NO
144003,M,20 a 35 años,Entre 1 y 1.5 SMLV,SIGMA,LAMBDA,TAU,UPSILON,EMP_000001,,NO,NO,NO,NO,NO
144053,M,Mayor de 55 años,Entre 1 y 1.5 SMLV,SIGMA,LAMBDA,TAU,ETA,EMP_000001,,NO,NO,NO,NO,NO
144103,M,Mayor de 55 años,Menor al SMLV,SIGMA,LAMBDA,TAU,ETA,EMP_000001,BOGOTA D.C.,NO,NO,NO,NO,NO
144153,F,20 a 35 años,Entre 1 y 1.5 SMLV,SIGMA,LAMBDA,ETA,PSI,EMP_000001,,NO,NO,NO,NO,NO
144203,M,20 a 35 años,Entre 1 y 1.5 SMLV,PI,EPSILON,TAU,LAMBDA,EMP_000001,,NO,NO,NO,NO,NO
144253,F,36 a 45 años,Entre 1 y 1.5 SMLV,SIGMA,RHO,TAU,ETA,EMP_000001,SOACHA,NO,NO,NO,NO,NO
144303,F,36 a 45 años,Entre 1 y 1.5 SMLV,SIGMA,RHO,TAU,DELTA,EMP_000001,,NO,NO,NO,NO,NO
144353,F,46 a 55 años,Menor al SMLV,SIGMA,LAMBDA,PI,ETA,EMP_000001,,NO,NO,NO,NO,NO
144403,F,36 a 45 años,Entre 1 y 1.5 SMLV,SIGMA,EPSILON,PI,UPSILON,EMP_000001,MOSQUERA,NO,NO,NO,NO,NO
144453,M,20 a 35 años,Entre 1 y 1.5 SMLV,SIGMA,LAMBDA,ETA,BETA,EMP_000001,,NO,NO,NO,NO,NO
144503,M,20 a 35 años,Entre 3 y 4 SMLV,PI,LAMBDA,ETA,XI,EMP_000002,,NO,NO,NO,NO,NO
144553,M,Mayor de 55 años,Entre 1 y 1.5 SMLV,SIGMA,RHO,PI,UPSILON,EMP_000001,FUNZA,NO,NO,NO,NO,NO
144603,M,20 a 35 años,Entre 10 y 20 SMLV,ZETA,RHO,PI,XI,EMP_000002,,NO,NO,NO,NO,NO
144653,F,36 a 45 años,Entre 1 y 1.5 SMLV,SIGMA,LAMBDA,PI,XI,EMP_000002,BOGOTA D.C.,NO,NO,NO,NO,NO
144703,M,36 a 45 años,Entre 1 y 1.5 SMLV,SIGMA,RHO,PI,ETA,EMP_000001,,NO,NO,NO,NO,NO
144753,F,46 a 55 años,Entre 2 y 2.5 SMLV,PI,RHO,PI,DELTA,EMP_000001,BOGOTA D.C.,NO,NO,NO,NO,NO
144803,M,20 a 35 años,Menor al SMLV,SIGMA,RHO,PI,ETA,EMP_000001,,NO,NO,NO,NO,NO
144853,F,46 a 55 años,Entre 1 y 1.5 SMLV,SIGMA,EPSILON,TAU,ETA,EMP_000001,,NO,NO,NO,NO,NO
144903,M,46 a 55 años,Entre 1 y 1.5 SMLV,SIGMA,RHO,TAU,UPSILON,EMP_000001,BOGOTA D.C.,NO,NO,NO,NO,NO
144953,M,46 a 55 años,Entre 1 y 1.5 SMLV,SIGMA,LAMBDA,TAU,ETA,EMP_000001,BOGOTA D.C.,NO,NO,NO,NO,NO
145003,M,36 a 45 años,Entre 1 y 1.5 SMLV,SIGMA,RHO,TAU,UPSILON,EMP_000001,BOGOTA D.C.,NO,NO,NO,NO,NO
145053,F,36 a 45 años,Entre 1.5 y 2 SMLV,PI,EPSILON,PI,UPSILON,EMP_000001,BOGOTA D.C.,NO,NO,NO,NO,NO
145103,M,36 a 45 años,Entre 1 y 1.5 SMLV,SIGMA,LAMBDA,TAU,XI,EMP_000001,SAN JUAN DEL CESAR,NO,NO,NO,NO,NO
145153,F,20 a 35 años,Entre 1 y 1.5 SMLV,SIGMA,LAMBDA,ETA,ETA,EMP_000001,,NO,NO,NO,NO,NO
145203,M,36 a 45 años,Entre 10 y 20 SMLV,ZETA,LAMBDA,ETA,UPSILON,EMP_000001,BOGOTA D.C.,NO,NO,NO,NO,NO
145253,M,46 a 55 años,Entre 10 y 20 SMLV,ZETA,IOTA,PI,DELTA,EMP_000001,,NO,NO,NO,NO,NO
145303,M,46 a 55 años,Entre 1 y 1.5 SMLV,SIGMA,EPSILON,PI,ETA,EMP_000001,,NO,NO,NO,NO,NO
145353,M,46 a 55 años,Entre 1 y 1.5 SMLV,SIGMA,LAMBDA,TAU,ETA,EMP_000001,FUSAGASUGA,NO,NO,NO,NO,NO
145403,F,20 a 35 años,Entre 1 y 1.5 SMLV,SIGMA,LAMBDA,ETA,DELTA,EMP_000001,,NO,NO,NO,NO,NO
145453,M,36 a 45 años,Entre 1 y 1.5 SMLV,SIGMA,RHO,TAU,XI,EMP_000001,,NO,NO,NO,NO,NO
145503,M,46 a 55 años,Entre 1 y 1.5 SMLV,SIGMA,RHO,TAU,UPSILON,EMP_000001,SOACHA,NO,NO,NO,NO,NO
145553,F,36 a 45 años,Entre 1 y 1.5 SMLV,SIGMA,RHO,PI,DELTA,EMP_000001,,NO,NO,NO,NO,NO
145603,F,46 a 55 años,Entre 1.5 y 2 SMLV,SIGMA,LAMBDA,PI,UPSILON,EMP_000001,BOGOTA D.C.,NO,NO,NO,NO,NO
145653,M,Menor de 19 años,Entre 1 y 1.5 SMLV,SIGMA,LAMBDA,TAU,UPSILON,EMP_000001,,NO,NO,NO,NO,NO
145703,M,20 a 35 años,Entre 1 y 1.5 SMLV,SIGMA,LAMBDA,ETA,BETA,EMP_000001,,NO,NO,NO,NO,NO
145753,M,46 a 55 años,Entre 2.5 y 3 SMLV,PI,EPSILON,PI,DELTA,EMP_000001,,NO,NO,NO,NO,NO
145803,M,20 a 35 años,Entre 1 y 1.5 SMLV,SIGMA,LAMBDA,TAU,XI,EMP_000002,,NO,NO,NO,NO,NO
145853,M,20 a 35 años,Entre 1 y 1.5 SMLV,SIGMA,LAMBDA,TAU,ETA,EMP_000001,BOGOTA D.C.,NO,NO,NO,NO,NO
145903,M,20 a 35 años,Entre 1 y 1.5 SMLV,SIGMA,LAMBDA,ETA,XI,EMP_000002,,NO,NO,NO,NO,NO
145953,M,20 a 35 años,Entre 1 y 1.5 SMLV,SIGMA,RHO,TAU,UPSILON,EMP_000001,FACATATIVA,NO,NO,NO,NO,NO
146003,M,36 a 45 años,Entre 1.5 y 2 SMLV,SIGMA,EPSILON,PI,UPSILON,EMP_000001,,NO,NO,NO,NO,NO
146053,M,Mayor de 55 años,Entre 4 y 6 SMLV,ZETA,RHO,PI,ETA,EMP_000001,BOGOTA D.C.,NO,NO,NO,NO,NO
146103,F,20 a 35 años,Entre 1 y 1.5 SMLV,SIGMA,EPSILON,TAU,ETA,EMP_000001,,NO,NO,NO,NO,NO
146153,M,20 a 35 años,Entre 1 y 1.5 SMLV,SIGMA,LAMBDA,TAU,DELTA,EMP_000001,SOACHA,NO,NO,NO,NO,NO
146203,F,20 a 35 años,Entre 1 y 1.5 SMLV,SIGMA,LAMBDA,ETA,XI,EMP_000002,,NO,NO,NO,NO,NO
146253,M,36 a 45 años,Entre 1 y 1.5 SMLV,SIGMA,LAMBDA,TAU,UPSILON,EMP_000001,BOGOTA D.C.,NO,NO,NO,NO,NO
146303,M,20 a 35 años,Entre 1 y 1.5 SMLV,SIGMA,LAMBDA,ETA,ETA,EMP_000001,,NO,NO,NO,NO,NO
146353,M,20 a 35 años,Entre 3 y 4 SMLV,PI,LAMBDA,ETA,XI,EMP_000002,,NO,NO,NO,NO,NO
146403,M,20 a 35 años,Entre 1 y 1.5 SMLV,SIGMA,LAMBDA,ETA,BETA,EMP_000001,,NO,NO,NO,NO,NO
146453,M,46 a 55 años,Entre 10 y 20 SMLV,ZETA,RHO,PI,UPSILON,EMP_000001,BOGOTA D.C.,NO,NO,NO,NO,NO
146503,M,36 a 45 años,Menor al SMLV,SIGMA,LAMBDA,TAU,ETA,EMP_000001,BOGOTA D.C.,NO,NO,NO,NO,NO
146553,F,46 a 55 años,Entre 1.5 y 2 SMLV,PI,RHO,PI,LAMBDA,EMP_000001,,NO,NO,NO,NO,NO
146603,F,36 a 45 años,Entre 1.5 y 2 SMLV,SIGMA,LAMBDA,PI,XI,EMP_000002,BOGOTA D.C.,NO,NO,NO,NO,NO
146653,M,20 a 35 años,Entre 1 y 1.5 SMLV,SIGMA,LAMBDA,TAU,ETA,EMP_000001,,NO,NO,NO,NO,NO
146703,F,20 a 35 años,Entre 1.5 y 2 SMLV,SIGMA,LAMBDA,ETA,ETA,EMP_000001,,NO,NO,NO,NO,NO
146753,M,20 a 35 años,Entre 1 y 1.5 SMLV,SIGMA,LAMBDA,ETA,DELTA,EMP_000001,,NO,NO,NO,NO,NO
146803,F,20 a 35 años,Entre 1 y 1.5 SMLV,SIGMA,RHO,TAU,ETA,EMP_000001,,NO,NO,NO,NO,NO
146853,M,20 a 35 años,Entre 1 y 1.5 SMLV,SIGMA,LAMBDA,ETA,XI,EMP_000002,,NO,NO,NO,NO,NO
146903,M,20 a 35 años,Entre 1.5 y 2 SMLV,SIGMA,LAMBDA,ETA,UPSILON,EMP_000001,BOGOTA D.C.,NO,NO,NO,NO,NO
146953,F,20 a 35 años,Entre 1 y 1.5 SMLV,SIGMA,THETA,ETA,UPSILON,EMP_000001,BOGOTA D.C.,NO,NO,NO,NO,NO
147003,F,20 a 35 años,Entre 1 y 1.5 SMLV,SIGMA,RHO,TAU,ETA,EMP_000001,BOGOTA D.C.,NO,NO,NO,NO,NO
147053,M,20 a 35 años,Entre 1 y 1.5 SMLV,SIGMA,LAMBDA,ETA,UPSILON,EMP_000001,,NO,NO,NO,NO,NO
147103,F,20 a 35 años,Entre 1 y 1.5 SMLV,SIGMA,RHO,TAU,DELTA,EMP_000001,,NO,NO,NO,NO,NO
147153,F,20 a 35 años,Entre 1 y 1.5 SMLV,SIGMA,RHO,TAU,DELTA,EMP_000001,,NO,NO,NO,NO,NO
147203,M,20 a 35 años,Entre 1 y 1.5 SMLV,SIGMA,LAMBDA,TAU,ETA,EMP_000001,,NO,NO,NO,NO,NO
147253,F,Mayor de 55 años,Entre 1 y 1.5 SMLV,SIGMA,LAMBDA,TAU,KAPPA,EMP_000001,,NO,NO,NO,NO,NO
147303,M,20 a 35 años,Entre 1.5 y 2 SMLV,SIGMA,RHO,PI,ETA,EMP_000001,,NO,NO,NO,NO,NO
147353,M,20 a 35 años,Entre 1 y 1.5 SMLV,SIGMA,EPSILON,TAU,ETA,EMP_000001,TOCANCIPA,NO,NO,NO,NO,NO
147403,M,46 a 55 años,Entre 1 y 1.5 SMLV,SIGMA,LAMBDA,TAU,UPSILON,EMP_000001,,NO,NO,NO,NO,NO
147453,F,Menor de 19 años,Entre 1 y 1.5 SMLV,SIGMA,LAMBDA,TAU,OMEGA,EMP_000001,,NO,NO,NO,NO,NO
147503,M,20 a 35 años,Entre 1 y 1.5 SMLV,SIGMA,LAMBDA,TAU,UPSILON,EMP_000001,,NO,NO,NO,NO,NO
147553,F,20 a 35 años,Entre 1 y 1.5 SMLV,SIGMA,EPSILON,TAU,ETA,EMP_000001,BOGOTA D.C.,NO,NO,NO,NO,NO
147603,M,20 a 35 años,Entre 1.5 y 2 SMLV,SIGMA,LAMBDA,ETA,DELTA,EMP_000001,AGUA DE DIOS,NO,NO,NO,NO,NO
147653,F,36 a 45 años,Entre 1.5 y 2 SMLV,SIGMA,RHO,PI,UPSILON,EMP_000001,,NO,NO,NO,NO,NO
147703,F,36 a 45 años,Entre 3 y 4 SMLV,PI,RHO,PI,ETA,EMP_000001,,NO,NO,NO,NO,NO
147753,M,36 a 45 años,Menor al SMLV,SIGMA,EPSILON,TAU,ETA,EMP_000001,BOGOTA D.C.,NO,NO,NO,NO,NO
147803,M,20 a 35 años,Entre 1 y 1.5 SMLV,SIGMA,RHO,TAU,UPSILON,EMP_000001,,NO,NO,NO,NO,NO
147853,M,Mayor de 55 años,Menor al SMLV,SIGMA,LAMBDA,TAU,KAPPA,EMP_000001,BOGOTA D.C.,NO,NO,NO,NO,NO
147903,F,20 a 35 años,Entre 1 y 1.5 SMLV,SIGMA,LAMBDA,TAU,DELTA,EMP_000001,,NO,NO,NO,NO,NO
147953,M,46 a 55 años,Menor al SMLV,SIGMA,EPSILON,PI,ETA,EMP_000001,BOGOTA D.C.,NO,NO,NO,NO,NO
148003,M,20 a 35 años,Entre 1 y 1.5 SMLV,SIGMA,RHO,PI,ETA,EMP_000001,,NO,NO,NO,NO,NO
148053,F,Menor de 19 años,Entre 1 y 1.5 SMLV,SIGMA,LAMBDA,ETA,XI,EMP_000001,,NO,NO,NO,NO,NO
148103,F,36 a 45 años,Entre 1 y 1.5 SMLV,SIGMA,RHO,TAU,UPSILON,EMP_000001,MADRID,NO,NO,NO,NO,NO
148153,F,20 a 35 años,Entre 1 y 1.5 SMLV,SIGMA,LAMBDA,TAU,XI,EMP_000002,,NO,NO,NO,NO,NO
148203,M,36 a 45 años,Entre 1 y 1.5 SMLV,SIGMA,EPSILON,TAU,ETA,EMP_000001,MOSQUERA,NO,NO,NO,NO,NO
148253,M,Menor de 19 años,Entre 1 y 1.5 SMLV,SIGMA,LAMBDA,TAU,XI,EMP_000002,,NO,NO,NO,NO,NO
148303,M,20 a 35 años,Entre 1 y 1.5 SMLV,SIGMA,RHO,TAU,ETA,EMP_000001,SOACHA,NO,NO,NO,NO,NO
148353,F,36 a 45 años,Entre 1 y 1.5 SMLV,SIGMA,LAMBDA,TAU,UPSILON,EMP_000001,,NO,NO,NO,NO,NO
148403,M,20 a 35 años,Entre 1 y 1.5 SMLV,SIGMA,RHO,TAU,ETA,EMP_000001,,NO,NO,NO,NO,NO
148453,M,36 a 45 años,Menor al SMLV,SIGMA,LAMBDA,TAU,OMEGA,EMP_000001,,NO,NO,NO,NO,NO
148503,M,20 a 35 años,Entre 1 y 1.5 SMLV,SIGMA,LAMBDA,ETA,BETA,EMP_000001,,NO,NO,NO,NO,NO
148553,F,20 a 35 años,Entre 1 y 1.5 SMLV,SIGMA,RHO,TAU,UPSILON,EMP_000001,,NO,NO,NO,NO,NO
148603,M,20 a 35 años,Entre 1 y 1.5 SMLV,SIGMA,LAMBDA,ETA,XI,EMP_000001,,NO,NO,NO,NO,NO
148653,M,20 a 35 años,Entre 1 y 1.5 SMLV,SIGMA,LAMBDA,ETA,XI,EMP_000002,,NO,NO,NO,NO,NO
148703,M,20 a 35 años,Entre 1 y 1.5 SMLV,SIGMA,LAMBDA,ETA,BETA,EMP_000001,,NO,NO,NO,NO,NO
148753,F,20 a 35 años,Entre 1 y 1.5 SMLV,PI,LAMBDA,ETA,BETA,EMP_000001,,NO,NO,NO,NO,NO
148803,F,46 a 55 años,Entre 1.5 y 2 SMLV,SIGMA,CHI,PI,ETA,EMP_000001,SOACHA,NO,NO,NO,NO,NO
148853,M,46 a 55 años,Entre 1 y 1.5 SMLV,SIGMA,EPSILON,PI,XI,EMP_000002,,NO,NO,NO,NO,NO
148903,F,36 a 45 años,Entre 1 y 1.5 SMLV,SIGMA,EPSILON,TAU,XI,EMP_000002,FACATATIVA,NO,NO,NO,NO,NO
148953,M,20 a 35 años,Entre 1 y 1.5 SMLV,SIGMA,LAMBDA,ETA,BETA,EMP_000001,,NO,NO,NO,NO,NO
149003,F,20 a 35 años,Entre 2 y 2.5 SMLV,PI,LAMBDA,ETA,DELTA,EMP_000001,,NO,NO,NO,NO,NO
149053,M,36 a 45 años,Entre 1 y 1.5 SMLV,SIGMA,RHO,TAU,DELTA,EMP_000001,BOGOTA D.C.,NO,NO,NO,NO,NO
149103,M,46 a 55 años,Entre 1 y 1.5 SMLV,SIGMA,LAMBDA,TAU,XI,EMP_000001,BOGOTA D.C.,NO,NO,NO,NO,NO
149153,F,20 a 35 años,Entre 1 y 1.5 SMLV,SIGMA,LAMBDA,TAU,ETA,EMP_000001,,NO,NO,NO,NO,NO
149203,M,Mayor de 55 años,Menor al SMLV,SIGMA,IOTA,TAU,KAPPA,EMP_000001,,NO,NO,NO,NO,NO
149253,F,Menor de 19 años,Entre 1 y 1.5 SMLV,SIGMA,LAMBDA,TAU,ETA,EMP_000001,,NO,NO,NO,NO,NO
149303,F,36 a 45 años,Menor al SMLV,SIGMA,LAMBDA,TAU,ETA,EMP_000001,,NO,NO,NO,NO,NO
149353,F,20 a 35 años,Entre 1 y 1.5 SMLV,SIGMA,LAMBDA,TAU,ETA,EMP_000001,,NO,NO,NO,NO,NO
149403,F,36 a 45 años,Entre 1 y 1.5 SMLV,SIGMA,IOTA,PI,UPSILON,EMP_000001,BOGOTA D.C.,NO,NO,NO,NO,NO
149453,M,20 a 35 años,Entre 2 y 2.5 SMLV,PI,LAMBDA,ETA,OMEGA,EMP_000001,FUNZA,NO,NO,NO,NO,NO
149503,F,20 a 35 años,Entre 8 y 10 SMLV,ZETA,LAMBDA,ETA,DELTA,EMP_000001,,NO,NO,NO,NO,NO
149553,F,20 a 35 años,Entre 1 y 1.5 SMLV,SIGMA,RHO,TAU,OMEGA,EMP_000001,MADRID,NO,NO,NO,NO,NO
149603,F,Mayor de 55 años,Entre 3 y 4 SMLV,SIGMA,LAMBDA,PI,KAPPA,EMP_000001,BOGOTA D.C.,NO,NO,NO,NO,NO
149653,F,46 a 55 años,Entre 1 y 1.5 SMLV,SIGMA,LAMBDA,TAU,DELTA,EMP_000001,,NO,NO,NO,NO,NO
149703,M,20 a 35 años,Entre 2 y 2.5 SMLV,PI,LAMBDA,ETA,UPSILON,EMP_000001,,NO,NO,NO,NO,NO
149753,M,20 a 35 años,Entre 1 y 1.5 SMLV,SIGMA,LAMBDA,ETA,ETA,EMP_000001,BOGOTA D.C.,NO,NO,NO,NO,NO
149803,F,Mayor de 55 años,Entre 1 y 1.5 SMLV,SIGMA,LAMBDA,TAU,OMEGA,EMP_000001,FACATATIVA,NO,NO,NO,NO,NO
149853,F,36 a 45 años,Entre 1 y 1.5 SMLV,SIGMA,LAMBDA,PI,ETA,EMP_000001,BOGOTA D.C.,NO,NO,NO,NO,NO
149903,M,36 a 45 años,Entre 1 y 1.5 SMLV,SIGMA,RHO,TAU,DELTA,EMP_000001,BOGOTA D.C.,NO,NO,NO,NO,NO
149953,M,Mayor de 55 años,Menor al SMLV,SIGMA,EPSILON,TAU,DELTA,EMP_000001,FUNZA,NO,NO,NO,NO,NO
150003,F,36 a 45 años,Entre 1 y 1.5 SMLV,SIGMA,LAMBDA,ETA,ETA,EMP_000001,,NO,NO,NO,NO,NO
150053,F,20 a 35 años,Entre 1 y 1.5 SMLV,SIGMA,LAMBDA,TAU,UPSILON,EMP_000001,,NO,NO,NO,NO,NO
150103,F,20 a 35 años,Entre 1 y 1.5 SMLV,SIGMA,LAMBDA,TAU,XI,EMP_000001,BOGOTA D.C.,NO,NO,NO,NO,NO
150153,M,36 a 45 años,Entre 1 y 1.5 SMLV,SIGMA,LAMBDA,ETA,UPSILON,EMP_000001,,NO,NO,NO,NO,NO
150203,F,46 a 55 años,Entre 3 y 4 SMLV,PI,LAMBDA,PI,XI,EMP_000002,BOGOTA D.C.,NO,NO,NO,NO,NO
150253,F,20 a 35 años,Entre 1 y 1.5 SMLV,SIGMA,LAMBDA,TAU,XI,EMP_000002,,NO,NO,NO,NO,NO
150303,M,36 a 45 años,Entre 1 y 1.5 SMLV,SIGMA,EPSILON,TAU,ETA,EMP_000001,BOGOTA D.C.,NO,NO,NO,NO,NO
150353,M,Mayor de 55 años,Entre 1 y 1.5 SMLV,SIGMA,IOTA,TAU,KAPPA,EMP_000001,,NO,NO,NO,NO,NO
150403,M,20 a 35 años,Entre 1 y 1.5 SMLV,SIGMA,LAMBDA,ETA,ETA,EMP_000001,,NO,NO,NO,NO,NO
150453,M,20 a 35 años,Entre 1 y 1.5 SMLV,SIGMA,LAMBDA,ETA,ETA,EMP_000001,,NO,NO,NO,NO,NO
150503,M,20 a 35 años,Entre 1 y 1.5 SMLV,SIGMA,LAMBDA,ETA,BETA,EMP_000001,,NO,NO,NO,NO,NO
150553,M,36 a 45 años,Entre 3 y 4 SMLV,ZETA,LAMBDA,PI,ETA,EMP_000001,,NO,NO,NO,NO,NO
150603,F,36 a 45 años,Entre 1 y 1.5 SMLV,SIGMA,RHO,PI,ETA,EMP_000001,BOGOTA D.C.,NO,NO,NO,NO,NO
150653,M,20 a 35 años,Entre 1 y 1.5 SMLV,SIGMA,LAMBDA,TAU,XI,EMP_000002,,NO,NO,NO,NO,NO
150703,F,20 a 35 años,Entre 1 y 1.5 SMLV,SIGMA,LAMBDA,TAU,XI,EMP_000002,BOGOTA D.C.,NO,NO,NO,NO,NO
150753,M,46 a 55 años,,MU,THETA,OMEGA,OMICRON,EMP_000001,,NO,NO,NO,NO,NO
150803,M,36 a 45 años,Entre 1.5 y 2 SMLV,SIGMA,EPSILON,PI,DELTA,EMP_000001,SOACHA,NO,NO,NO,NO,NO
150853,M,Mayor de 55 años,Entre 1 y 1.5 SMLV,SIGMA,LAMBDA,TAU,ETA,EMP_000001,,NO,NO,NO,NO,NO
150903,M,20 a 35 años,Entre 3 y 4 SMLV,PI,LAMBDA,ETA,UPSILON,EMP_000001,,NO,NO,NO,NO,NO
150953,F,46 a 55 años,Entre 2 y 2.5 SMLV,PI,RHO,PI,DELTA,EMP_000001,FACATATIVA,NO,NO,NO,NO,NO
151003,M,20 a 35 años,Entre 1 y 1.5 SMLV,SIGMA,LAMBDA,ETA,BETA,EMP_000001,,NO,NO,NO,NO,NO
151053,F,36 a 45 años,Entre 4 y 6 SMLV,ZETA,EPSILON,PI,ETA,EMP_000001,BOGOTA D.C.,NO,NO,NO,NO,NO
151103,F,20 a 35 años,Menor al SMLV,SIGMA,LAMBDA,TAU,ETA,EMP_000001,,NO,NO,NO,NO,NO
151153,M,20 a 35 años,Menor al SMLV,SIGMA,LAMBDA,TAU,ETA,EMP_000001,,NO,NO,NO,NO,NO
151203,F,20 a 35 años,Entre 1 y 1.5 SMLV,SIGMA,LAMBDA,TAU,XI,EMP_000001,,NO,NO,NO,NO,NO
151253,F,20 a 35 años,Entre 1.5 y 2 SMLV,SIGMA,LAMBDA,ETA,DELTA,EMP_000001,BOGOTA D.C.,NO,NO,NO,NO,NO
151303,F,20 a 35 años,Entre 1.5 y 2 SMLV,PI,EPSILON,PI,XI,EMP_000001,BOGOTA D.C.,NO,NO,NO,NO,NO
151353,M,Mayor de 55 años,Menor al SMLV,SIGMA,LAMBDA,TAU,ETA,EMP_000001,BOGOTA D.C.,NO,NO,NO,NO,NO
151403,M,20 a 35 años,Entre 1 y 1.5 SMLV,SIGMA,LAMBDA,ETA,UPSILON,EMP_000001,BOGOTA D.C.,NO,NO,NO,NO,NO
151453,M,36 a 45 años,Entre 1 y 1.5 SMLV,SIGMA,LAMBDA,TAU,XI,EMP_000001,BOGOTA D.C.,NO,NO,NO,NO,NO
151503,F,20 a 35 años,Entre 2 y 2.5 SMLV,PI,CHI,PI,XI,EMP_000002,BOGOTA D.C.,NO,NO,NO,NO,NO
151553,M,36 a 45 años,Entre 2 y 2.5 SMLV,PI,RHO,PI,UPSILON,EMP_000001,BOGOTA D.C.,NO,NO,NO,NO,NO
151603,F,20 a 35 años,Entre 1 y 1.5 SMLV,PI,LAMBDA,TAU,LAMBDA,EMP_000001,,NO,NO,NO,NO,NO
151653,M,20 a 35 años,,MU,THETA,OMEGA,OMICRON,EMP_000001,,NO,NO,NO,NO,NO
151703,M,46 a 55 años,Entre 1 y 1.5 SMLV,SIGMA,RHO,TAU,ETA,EMP_000001,,NO,NO,NO,NO,NO
151753,F,20 a 35 años,Entre 1 y 1.5 SMLV,SIGMA,EPSILON,TAU,XI,EMP_000002,,NO,NO,NO,NO,NO
151803,M,36 a 45 años,Entre 1 y 1.5 SMLV,SIGMA,RHO,TAU,UPSILON,EMP_000001,,NO,NO,NO,NO,NO
151853,M,Mayor de 55 años,Entre 1 y 1.5 SMLV,SIGMA,LAMBDA,PI,OMEGA,EMP_000001,,NO,NO,NO,NO,NO
151903,M,46 a 55 años,Entre 3 y 4 SMLV,PI,LAMBDA,PI,XI,EMP_000002,,NO,NO,NO,NO,NO
151953,F,20 a 35 años,Entre 2 y 2.5 SMLV,PI,RHO,PI,DELTA,EMP_000001,BOGOTA D.C.,NO,NO,NO,NO,NO
152003,M,20 a 35 años,Entre 1 y 1.5 SMLV,SIGMA,LAMBDA,ETA,XI,EMP_000002,,NO,NO,NO,NO,NO
152053,F,46 a 55 años,Entre 1 y 1.5 SMLV,SIGMA,RHO,TAU,ETA,EMP_000001,GIRARDOT,NO,NO,NO,NO,NO
152103,M,20 a 35 años,Entre 1 y 1.5 SMLV,SIGMA,LAMBDA,ETA,BETA,EMP_000001,,NO,NO,NO,NO,NO
152153,F,20 a 35 años,Entre 1 y 1.5 SMLV,SIGMA,LAMBDA,TAU,DELTA,EMP_000001,,NO,NO,NO,NO,NO
152203,F,20 a 35 años,Entre 1 y 1.5 SMLV,SIGMA,LAMBDA,TAU,UPSILON,EMP_000001,,NO,NO,NO,NO,NO
152253,M,20 a 35 años,Entre 1 y 1.5 SMLV,SIGMA,LAMBDA,ETA,BETA,EMP_000001,,NO,NO,NO,NO,NO
152303,F,46 a 55 años,Entre 1 y 1.5 SMLV,SIGMA,THETA,TAU,OMICRON,EMP_000001,,NO,NO,NO,NO,NO
152353,F,20 a 35 años,Entre 1 y 1.5 SMLV,SIGMA,LAMBDA,ETA,UPSILON,EMP_000001,,NO,NO,NO,NO,NO
152403,F,20 a 35 años,Entre 1 y 1.5 SMLV,SIGMA,RHO,TAU,XI,EMP_000002,BOGOTA D.C.,NO,NO,NO,NO,NO
152453,M,20 a 35 años,Entre 1 y 1.5 SMLV,SIGMA,LAMBDA,ETA,ETA,EMP_000001,,NO,NO,NO,NO,NO
152503,F,20 a 35 años,,MU,THETA,OMEGA,OMICRON,EMP_000001,,NO,NO,NO,NO,NO
152553,F,Mayor de 55 años,Entre 1 y 1.5 SMLV,SIGMA,LAMBDA,TAU,ETA,EMP_000001,,NO,NO,NO,NO,NO
152603,M,Mayor de 55 años,Menor al SMLV,SIGMA,LAMBDA,TAU,ETA,EMP_000001,BOGOTA D.C.,NO,NO,NO,NO,NO
152653,M,46 a 55 años,Entre 10 y 20 SMLV,ZETA,LAMBDA,PI,UPSILON,EMP_000002,,NO,NO,NO,NO,NO
152703,M,20 a 35 años,Menor al SMLV,SIGMA,LAMBDA,ETA,ETA,EMP_000001,,NO,NO,NO,NO,NO
152753,M,36 a 45 años,Entre 1.5 y 2 SMLV,SIGMA,EPSILON,PI,UPSILON,EMP_000001,BOGOTA D.C.,NO,NO,NO,NO,NO
152803,M,Mayor de 55 años,Entre 1 y 1.5 SMLV,SIGMA,EPSILON,PI,ETA,EMP_000001,,NO,NO,NO,NO,NO
152853,M,20 a 35 años,Entre 1 y 1.5 SMLV,SIGMA,LAMBDA,ETA,ETA,EMP_000001,,NO,NO,NO,NO,NO
152903,F,46 a 55 años,Entre 2 y 2.5 SMLV,PI,LAMBDA,PI,XI,EMP_000002,FUSAGASUGA,NO,NO,NO,NO,NO
152953,M,Mayor de 55 años,Entre 1 y 1.5 SMLV,SIGMA,LAMBDA,PI,ETA,EMP_000001,,NO,NO,NO,NO,NO
153003,M,36 a 45 años,Entre 1 y 1.5 SMLV,SIGMA,RHO,TAU,ETA,EMP_000001,BOGOTA D.C.,NO,NO,NO,NO,NO
153053,M,20 a 35 años,Entre 1 y 1.5 SMLV,SIGMA,RHO,TAU,ETA,EMP_000001,BOGOTA D.C.,NO,NO,NO,NO,NO
153103,M,20 a 35 años,Entre 1 y 1.5 SMLV,SIGMA,LAMBDA,ETA,BETA,EMP_000001,,NO,NO,NO,NO,NO
153153,M,20 a 35 años,Entre 1 y 1.5 SMLV,SIGMA,LAMBDA,ETA,BETA,EMP_000001,,NO,NO,NO,NO,NO
153203,M,20 a 35 años,Entre 1 y 1.5 SMLV,SIGMA,RHO,TAU,UPSILON,EMP_000001,,NO,NO,NO,NO,NO
153253,M,20 a 35 años,Entre 1 y 1.5 SMLV,SIGMA,RHO,TAU,DELTA,EMP_000001,,NO,NO,NO,NO,NO
153303,M,20 a 35 años,Entre 2.5 y 3 SMLV,PI,LAMBDA,ETA,XI,EMP_000001,,NO,NO,NO,NO,NO
153353,M,20 a 35 años,Entre 1 y 1.5 SMLV,SIGMA,LAMBDA,ETA,XI,EMP_000001,,NO,NO,NO,NO,NO
153403,F,20 a 35 años,Entre 1 y 1.5 SMLV,SIGMA,LAMBDA,TAU,UPSILON,EMP_000001,,NO,NO,NO,NO,NO
153453,F,36 a 45 años,Entre 1 y 1.5 SMLV,SIGMA,RHO,TAU,UPSILON,EMP_000001,FACATATIVA,NO,NO,NO,NO,NO
153503,F,20 a 35 años,Menor al SMLV,SIGMA,LAMBDA,TAU,ETA,EMP_000001,,NO,NO,NO,NO,NO
153553,F,20 a 35 años,Entre 1 y 1.5 SMLV,SIGMA,LAMBDA,TAU,UPSILON,EMP_000001,,NO,NO,NO,NO,NO
153603,F,20 a 35 años,Entre 1 y 1.5 SMLV,SIGMA,LAMBDA,ETA,ETA,EMP_000001,,NO,NO,NO,NO,NO
153653,F,20 a 35 años,Entre 1 y 1.5 SMLV,SIGMA,RHO,TAU,DELTA,EMP_000001,,NO,NO,NO,NO,NO
153703,M,Mayor de 55 años,Entre 1.5 y 2 SMLV,SIGMA,LAMBDA,PI,ETA,EMP_000001,,NO,NO,NO,NO,NO
153753,M,20 a 35 años,Entre 1 y 1.5 SMLV,SIGMA,LAMBDA,TAU,ETA,EMP_000001,,NO,NO,NO,NO,NO
153803,M,Mayor de 55 años,Menor al SMLV,SIGMA,LAMBDA,TAU,ETA,EMP_000001,,NO,NO,NO,NO,NO
153853,M,20 a 35 años,Entre 1 y 1.5 SMLV,SIGMA,LAMBDA,TAU,DELTA,EMP_000001,,NO,NO,NO,NO,NO
153903,F,36 a 45 años,Entre 1 y 1.5 SMLV,SIGMA,RHO,TAU,DELTA,EMP_000001,,NO,NO,NO,NO,NO
153953,F,36 a 45 años,Entre 1 y 1.5 SMLV,SIGMA,LAMBDA,TAU,ETA,EMP_000001,,NO,NO,NO,NO,NO
154003,M,20 a 35 años,Entre 1 y 1.5 SMLV,SIGMA,LAMBDA,TAU,ETA,EMP_000001,,NO,NO,NO,NO,NO
154053,M,20 a 35 años,Entre 1 y 1.5 SMLV,SIGMA,RHO,TAU,UPSILON,EMP_000001,,NO,NO,NO,NO,NO
154103,M,Menor de 19 años,Entre 1 y 1.5 SMLV,SIGMA,LAMBDA,TAU,UPSILON,EMP_000001,,NO,NO,NO,NO,NO
154153,F,Menor de 19 años,Entre 1 y 1.5 SMLV,SIGMA,LAMBDA,ETA,XI,EMP_000002,,NO,NO,NO,NO,NO
154203,F,20 a 35 años,Entre 1 y 1.5 SMLV,SIGMA,LAMBDA,TAU,XI,EMP_000002,,NO,NO,NO,NO,NO
154253,M,20 a 35 años,Entre 1 y 1.5 SMLV,SIGMA,LAMBDA,ETA,XI,EMP_000002,,NO,NO,NO,NO,NO
154303,F,20 a 35 años,Menor al SMLV,SIGMA,EPSILON,TAU,ETA,EMP_000001,BOGOTA D.C.,NO,NO,NO,NO,NO
154353,M,20 a 35 años,Entre 1 y 1.5 SMLV,SIGMA,LAMBDA,ETA,BETA,EMP_000001,,NO,NO,NO,NO,NO
154403,M,36 a 45 años,Entre 2.5 y 3 SMLV,PI,LAMBDA,PI,ETA,EMP_000001,BOGOTA D.C.,NO,NO,NO,NO,NO
154453,M,36 a 45 años,Entre 1 y 1.5 SMLV,SIGMA,RHO,PI,UPSILON,EMP_000002,BOGOTA D.C.,NO,NO,NO,NO,NO
154503,F,20 a 35 años,Entre 1 y 1.5 SMLV,SIGMA,LAMBDA,TAU,ETA,EMP_000001,,NO,NO,NO,NO,NO
154553,M,36 a 45 años,Entre 1 y 1.5 SMLV,SIGMA,EPSILON,TAU,ETA,EMP_000001,,NO,NO,NO,NO,NO
154603,M,20 a 35 años,Entre 1 y 1.5 SMLV,SIGMA,RHO,TAU,UPSILON,EMP_000001,,NO,NO,NO,NO,NO
154653,M,20 a 35 años,Entre 1 y 1.5 SMLV,SIGMA,RHO,PI,XI,EMP_000002,,NO,NO,NO,NO,NO
154703,M,20 a 35 años,Entre 1 y 1.5 SMLV,SIGMA,LAMBDA,TAU,XI,EMP_000002,,NO,NO,NO,NO,NO
154753,M,Mayor de 55 años,Entre 1.5 y 2 SMLV,SIGMA,IOTA,PI,KAPPA,EMP_000001,BOGOTA D.C.,NO,NO,NO,NO,NO
154803,M,36 a 45 años,Entre 1 y 1.5 SMLV,SIGMA,LAMBDA,PI,BETA,EMP_000001,,NO,NO,NO,NO,NO
154853,M,20 a 35 años,Entre 1 y 1.5 SMLV,SIGMA,LAMBDA,ETA,ETA,EMP_000001,SOACHA,NO,NO,NO,NO,NO
154903,F,36 a 45 años,Entre 1 y 1.5 SMLV,SIGMA,LAMBDA,TAU,ETA,EMP_000001,,NO,NO,NO,NO,NO
154953,M,20 a 35 años,Entre 1.5 y 2 SMLV,SIGMA,LAMBDA,ETA,XI,EMP_000002,,NO,NO,NO,NO,NO
155003,F,36 a 45 años,Entre 1 y 1.5 SMLV,SIGMA,RHO,TAU,ETA,EMP_000001,BOGOTA D.C.,NO,NO,NO,NO,NO
155053,M,Mayor de 55 años,Entre 10 y 20 SMLV,ZETA,LAMBDA,PI,UPSILON,EMP_000001,BOGOTA D.C.,NO,NO,NO,NO,NO
155103,M,46 a 55 años,Entre 2 y 2.5 SMLV,PI,CHI,PI,ETA,EMP_000001,BOGOTA D.C.,NO,NO,NO,NO,NO
155153,M,36 a 45 años,Entre 1 y 1.5 SMLV,SIGMA,RHO,TAU,ETA,EMP_000001,BOGOTA D.C.,NO,NO,NO,NO,NO
155203,F,20 a 35 años,Entre 1 y 1.5 SMLV,SIGMA,LAMBDA,ETA,XI,EMP_000002,,NO,NO,NO,NO,NO
155253,M,46 a 55 años,Menor al SMLV,SIGMA,LAMBDA,TAU,OMEGA,EMP_000001,BOGOTA D.C.,NO,NO,NO,NO,NO
155303,F,46 a 55 años,Entre 3 y 4 SMLV,PI,LAMBDA,PI,DELTA,EMP_000001,VILLETA,NO,NO,NO,NO,NO
155353,M,20 a 35 años,Entre 2.5 y 3 SMLV,PI,LAMBDA,ETA,DELTA,EMP_000001,,NO,NO,NO,NO,NO
155403,M,Mayor de 55 años,Entre 1 y 1.5 SMLV,SIGMA,IOTA,PI,OMEGA,EMP_000001,,NO,NO,NO,NO,NO
155453,F,Mayor de 55 años,Entre 2 y 2.5 SMLV,PI,IOTA,PI,ETA,EMP_000001,BOGOTA D.C.,NO,NO,NO,NO,NO
155503,M,36 a 45 años,Entre 1 y 1.5 SMLV,SIGMA,LAMBDA,TAU,XI,EMP_000001,,NO,NO,NO,NO,NO
155553,M,46 a 55 años,Entre 1 y 1.5 SMLV,SIGMA,LAMBDA,TAU,ETA,EMP_000001,BOGOTA D.C.,NO,NO,NO,NO,NO
155603,F,20 a 35 años,Entre 1 y 1.5 SMLV,SIGMA,RHO,TAU,DELTA,EMP_000001,,NO,NO,NO,NO,NO
155653,M,36 a 45 años,Entre 1.5 y 2 SMLV,SIGMA,LAMBDA,ETA,UPSILON,EMP_000001,,NO,NO,NO,NO,NO
155703,M,36 a 45 años,Entre 1 y 1.5 SMLV,SIGMA,RHO,TAU,ETA,EMP_000001,,NO,NO,NO,NO,NO
155753,F,20 a 35 años,Entre 1 y 1.5 SMLV,SIGMA,RHO,TAU,XI,EMP_000002,,NO,NO,NO,NO,NO
155803,F,20 a 35 años,Entre 1.5 y 2 SMLV,SIGMA,LAMBDA,ETA,XI,EMP_000002,,NO,NO,NO,NO,NO
155853,M,46 a 55 años,Entre 1 y 1.5 SMLV,SIGMA,LAMBDA,PI,DELTA,EMP_000001,,NO,NO,NO,NO,NO
155903,M,20 a 35 años,Entre 1 y 1.5 SMLV,SIGMA,LAMBDA,ETA,BETA,EMP_000001,,NO,NO,NO,NO,NO
155953,M,36 a 45 años,Entre 1 y 1.5 SMLV,SIGMA,RHO,TAU,DELTA,EMP_000001,BOGOTA D.C.,NO,NO,NO,NO,NO
156003,F,36 a 45 años,Entre 1 y 1.5 SMLV,SIGMA,RHO,TAU,ETA,EMP_000001,,NO,NO,NO,NO,NO
156053,F,36 a 45 años,Menor al SMLV,SIGMA,LAMBDA,TAU,ETA,EMP_000001,,NO,NO,NO,NO,NO
156103,M,20 a 35 años,Entre 1 y 1.5 SMLV,SIGMA,LAMBDA,ETA,XI,EMP_000002,BOGOTA D.C.,NO,NO,NO,NO,NO
156153,M,20 a 35 años,Entre 2 y 2.5 SMLV,PI,LAMBDA,ETA,XI,EMP_000001,,NO,NO,NO,NO,NO
156203,F,20 a 35 años,Entre 1 y 1.5 SMLV,SIGMA,RHO,TAU,DELTA,EMP_000001,,NO,NO,NO,NO,NO
156253,M,20 a 35 años,Entre 1 y 1.5 SMLV,SIGMA,LAMBDA,ETA,OMEGA,EMP_000001,BOGOTA D.C.,NO,NO,NO,NO,NO
156303,M,20 a 35 años,Menor al SMLV,SIGMA,THETA,TAU,ETA,EMP_000001,ZIPAQUIRA,NO,NO,NO,NO,NO
156353,F,46 a 55 años,Entre 1 y 1.5 SMLV,SIGMA,RHO,PI,ETA,EMP_000001,,NO,NO,NO,NO,NO
156403,M,20 a 35 años,Entre 1 y 1.5 SMLV,SIGMA,LAMBDA,ETA,BETA,EMP_000001,,NO,NO,NO,NO,NO
156453,F,20 a 35 años,Entre 1 y 1.5 SMLV,SIGMA,LAMBDA,TAU,ETA,EMP_000001,,NO,NO,NO,NO,NO
156503,M,Mayor de 55 años,Entre 1 y 1.5 SMLV,SIGMA,LAMBDA,PI,UPSILON,EMP_000001,BOGOTA D.C.,NO,NO,NO,NO,NO
156553,F,20 a 35 años,Entre 1 y 1.5 SMLV,SIGMA,LAMBDA,ETA,XI,EMP_000002,,NO,NO,NO,NO,NO
156603,M,20 a 35 años,Entre 4 y 6 SMLV,ZETA,LAMBDA,ETA,UPSILON,EMP_000001,BOGOTA D.C.,NO,NO,NO,NO,NO
156653,M,36 a 45 años,Entre 1 y 1.5 SMLV,SIGMA,LAMBDA,TAU,DELTA,EMP_000001,BOGOTA D.C.,NO,NO,NO,NO,NO
156703,F,36 a 45 años,Entre 1 y 1.5 SMLV,SIGMA,LAMBDA,PI,UPSILON,EMP_000001,AGUA DE DIOS,NO,NO,NO,NO,NO
156753,M,36 a 45 años,Entre 1 y 1.5 SMLV,SIGMA,EPSILON,TAU,ETA,EMP_000001,,NO,NO,NO,NO,NO
156803,F,46 a 55 años,Entre 1.5 y 2 SMLV,SIGMA,EPSILON,PI,ETA,EMP_000001,BOGOTA D.C.,NO,NO,NO,NO,NO
156853,M,36 a 45 años,Entre 4 y 6 SMLV,ZETA,RHO,PI,XI,EMP_000002,MOSQUERA,NO,NO,NO,NO,NO
156903,M,20 a 35 años,Entre 1 y 1.5 SMLV,SIGMA,EPSILON,TAU,ETA,EMP_000001,,NO,NO,NO,NO,NO
156953,M,20 a 35 años,Menor al SMLV,SIGMA,RHO,TAU,ETA,EMP_000001,,NO,NO,NO,NO,NO
157003,M,36 a 45 años,Entre 4 y 6 SMLV,ZETA,RHO,PI,XI,EMP_000002,BOGOTA D.C.,NO,NO,NO,NO,NO
157053,F,36 a 45 años,Entre 1 y 1.5 SMLV,SIGMA,RHO,TAU,ETA,EMP_000001,,NO,NO,NO,NO,NO
157103,F,36 a 45 años,Entre 1 y 1.5 SMLV,SIGMA,RHO,TAU,UPSILON,EMP_000001,BOGOTA D.C.,NO,NO,NO,NO,NO
157153,M,36 a 45 años,Entre 2 y 2.5 SMLV,PI,EPSILON,PI,UPSILON,EMP_000001,,NO,NO,NO,NO,NO
157203,F,46 a 55 años,Entre 2.5 y 3 SMLV,PI,RHO,PI,XI,EMP_000002,,NO,NO,NO,NO,NO
157253,F,36 a 45 años,Entre 2 y 2.5 SMLV,PI,LAMBDA,PI,XI,EMP_000002,BOGOTA D.C.,NO,NO,NO,NO,NO
157303,M,Menor de 19 años,Entre 1 y 1.5 SMLV,SIGMA,LAMBDA,ETA,XI,EMP_000002,,NO,NO,NO,NO,NO
157353,M,20 a 35 años,Entre 1 y 1.5 SMLV,SIGMA,LAMBDA,ETA,BETA,EMP_000001,,NO,NO,NO,NO,NO
157403,F,36 a 45 años,Entre 1 y 1.5 SMLV,SIGMA,RHO,TAU,UPSILON,EMP_000001,,NO,NO,NO,NO,NO
157453,M,20 a 35 años,Entre 1 y 1.5 SMLV,SIGMA,LAMBDA,TAU,ETA,EMP_000001,,NO,NO,NO,NO,NO
157503,M,20 a 35 años,Entre 1 y 1.5 SMLV,SIGMA,LAMBDA,TAU,UPSILON,EMP_000002,,NO,NO,NO,NO,NO
157553,M,20 a 35 años,Entre 1 y 1.5 SMLV,SIGMA,LAMBDA,TAU,UPSILON,EMP_000001,BOGOTA D.C.,NO,NO,NO,NO,NO
157603,F,Mayor de 55 años,Entre 1 y 1.5 SMLV,SIGMA,CHI,TAU,UPSILON,EMP_000001,,NO,NO,NO,NO,NO
157653,M,36 a 45 años,Entre 1 y 1.5 SMLV,SIGMA,RHO,TAU,OMEGA,EMP_000001,BOGOTA D.C.,NO,NO,NO,NO,NO
157703,M,20 a 35 años,Entre 1 y 1.5 SMLV,SIGMA,LAMBDA,ETA,ETA,EMP_000001,,NO,NO,NO,NO,NO
157753,M,20 a 35 años,Entre 1 y 1.5 SMLV,SIGMA,LAMBDA,ETA,XI,EMP_000002,,NO,NO,NO,NO,NO
157803,F,20 a 35 años,Entre 1 y 1.5 SMLV,SIGMA,RHO,TAU,ETA,EMP_000001,BOGOTA D.C.,NO,NO,NO,NO,NO
157853,M,20 a 35 años,Entre 1 y 1.5 SMLV,SIGMA,EPSILON,TAU,UPSILON,EMP_000001,BOGOTA D.C.,NO,NO,NO,NO,NO
157903,M,20 a 35 años,Entre 1 y 1.5 SMLV,SIGMA,LAMBDA,ETA,UPSILON,EMP_000001,,NO,NO,NO,NO,NO
157953,M,20 a 35 años,Entre 1 y 1.5 SMLV,SIGMA,LAMBDA,TAU,ETA,EMP_000001,,NO,NO,NO,NO,NO
158003,F,20 a 35 años,Entre 1 y 1.5 SMLV,PI,CHI,TAU,LAMBDA,EMP_000001,,NO,NO,NO,NO,NO
158053,F,46 a 55 años,Entre 1.5 y 2 SMLV,SIGMA,LAMBDA,PI,ETA,EMP_000001,BOGOTA D.C.,NO,NO,NO,NO,NO
158103,M,20 a 35 años,Entre 1 y 1.5 SMLV,SIGMA,LAMBDA,ETA,OMEGA,EMP_000001,SOACHA,NO,NO,NO,NO,NO
158153,M,20 a 35 años,Entre 3 y 4 SMLV,PI,LAMBDA,ETA,UPSILON,EMP_000001,,NO,NO,NO,NO,NO
158203,M,20 a 35 años,Entre 1 y 1.5 SMLV,SIGMA,LAMBDA,TAU,DELTA,EMP_000001,,NO,NO,NO,NO,NO
158253,F,20 a 35 años,Menor al SMLV,SIGMA,LAMBDA,TAU,OMEGA,EMP_000001,,NO,NO,NO,NO,NO
158303,F,36 a 45 años,Entre 1 y 1.5 SMLV,SIGMA,RHO,PI,XI,EMP_000002,,NO,NO,NO,NO,NO
158353,F,36 a 45 años,Entre 2 y 2.5 SMLV,PI,LAMBDA,PI,UPSILON,EMP_000001,BOGOTA D.C.,NO,NO,NO,NO,NO
158403,M,20 a 35 años,Entre 4 y 6 SMLV,ZETA,LAMBDA,ETA,UPSILON,EMP_000001,BOGOTA D.C.,NO,NO,NO,NO,NO
158453,M,46 a 55 años,Entre 1 y 1.5 SMLV,SIGMA,LAMBDA,PI,ETA,EMP_000001,,NO,NO,NO,NO,NO
158503,M,20 a 35 años,Entre 1.5 y 2 SMLV,SIGMA,LAMBDA,ETA,UPSILON,EMP_000001,,NO,NO,NO,NO,NO
158553,F,36 a 45 años,Entre 1 y 1.5 SMLV,SIGMA,LAMBDA,ETA,ETA,EMP_000001,SOACHA,NO,NO,NO,NO,NO
158603,F,36 a 45 años,Entre 1.5 y 2 SMLV,PI,LAMBDA,PI,UPSILON,EMP_000001,,NO,NO,NO,NO,NO
158653,M,36 a 45 años,Entre 1 y 1.5 SMLV,SIGMA,RHO,PI,DELTA,EMP_000001,,NO,NO,NO,NO,NO
158703,F,20 a 35 años,Entre 1 y 1.5 SMLV,SIGMA,LAMBDA,ETA,XI,EMP_000002,,NO,NO,NO,NO,NO
158753,F,20 a 35 años,Entre 1 y 1.5 SMLV,SIGMA,RHO,TAU,ETA,EMP_000001,BOGOTA D.C.,NO,NO,NO,NO,NO
158803,F,20 a 35 años,Entre 1 y 1.5 SMLV,SIGMA,LAMBDA,TAU,OMEGA,EMP_000001,,NO,NO,NO,NO,NO
158853,M,36 a 45 años,Entre 1 y 1.5 SMLV,SIGMA,LAMBDA,ETA,BETA,EMP_000001,,NO,NO,NO,NO,NO
158903,M,20 a 35 años,Entre 1 y 1.5 SMLV,SIGMA,RHO,TAU,DELTA,EMP_000001,,NO,NO,NO,NO,NO
158953,M,Menor de 19 años,,MU,THETA,OMEGA,OMICRON,EMP_000001,,NO,NO,NO,NO,NO
159003,M,20 a 35 años,Menor al SMLV,SIGMA,LAMBDA,ETA,ETA,EMP_000001,,NO,NO,NO,NO,NO
159053,F,20 a 35 años,Menor al SMLV,SIGMA,LAMBDA,TAU,ETA,EMP_000001,,NO,NO,NO,NO,NO
159103,M,36 a 45 años,Entre 1 y 1.5 SMLV,SIGMA,LAMBDA,TAU,OMEGA,EMP_000001,,NO,NO,NO,NO,NO
159153,M,Mayor de 55 años,Entre 1 y 1.5 SMLV,SIGMA,LAMBDA,TAU,DELTA,EMP_000001,,NO,NO,NO,NO,NO
159203,F,20 a 35 años,Entre 1 y 1.5 SMLV,SIGMA,RHO,TAU,ETA,EMP_000001,BOGOTA D.C.,NO,NO,NO,NO,NO
159253,M,20 a 35 años,Entre 1 y 1.5 SMLV,SIGMA,LAMBDA,TAU,UPSILON,EMP_000001,,NO,NO,NO,NO,NO
159303,F,20 a 35 años,Entre 1 y 1.5 SMLV,PI,LAMBDA,ETA,BETA,EMP_000001,,NO,NO,NO,NO,NO
159353,M,36 a 45 años,Entre 1 y 1.5 SMLV,SIGMA,EPSILON,TAU,ETA,EMP_000001,VILLA DE SAN DIEGO DE UBATE,NO,NO,NO,NO,NO
159403,F,20 a 35 años,Entre 1 y 1.5 SMLV,SIGMA,LAMBDA,TAU,UPSILON,EMP_000001,,NO,NO,NO,NO,NO
159453,F,36 a 45 años,Entre 1 y 1.5 SMLV,SIGMA,RHO,TAU,XI,EMP_000001,BOGOTA D.C.,NO,NO,NO,NO,NO
159503,M,20 a 35 años,Entre 2 y 2.5 SMLV,PI,LAMBDA,ETA,XI,EMP_000002,,NO,NO,NO,NO,NO
159553,M,Mayor de 55 años,Entre 4 y 6 SMLV,ZETA,LAMBDA,PI,UPSILON,EMP_000001,,NO,NO,NO,NO,NO
159603,F,20 a 35 años,Entre 1 y 1.5 SMLV,SIGMA,RHO,TAU,DELTA,EMP_000001,BOGOTA D.C.,NO,NO,NO,NO,NO
159653,M,36 a 45 años,Entre 1 y 1.5 SMLV,SIGMA,RHO,PI,XI,EMP_000002,SOACHA,NO,NO,NO,NO,NO
159703,F,Mayor de 55 años,Entre 1 y 1.5 SMLV,SIGMA,IOTA,TAU,KAPPA,EMP_000001,BOGOTA D.C.,NO,NO,NO,NO,NO
159753,F,36 a 45 años,Entre 1 y 1.5 SMLV,SIGMA,LAMBDA,PI,ETA,EMP_000001,,NO,NO,NO,NO,NO
159803,M,Mayor de 55 años,Entre 1.5 y 2 SMLV,SIGMA,EPSILON,PI,UPSILON,EMP_000001,,NO,NO,NO,NO,NO
159853,M,20 a 35 años,Entre 1 y 1.5 SMLV,SIGMA,LAMBDA,TAU,ETA,EMP_000001,BOGOTA D.C.,NO,NO,NO,NO,NO
159903,M,20 a 35 años,Entre 3 y 4 SMLV,PI,LAMBDA,ETA,UPSILON,EMP_000001,,NO,NO,NO,NO,NO
159953,M,36 a 45 años,Entre 2 y 2.5 SMLV,PI,LAMBDA,PI,UPSILON,EMP_000001,,NO,NO,NO,NO,NO
160003,M,Mayor de 55 años,Entre 1 y 1.5 SMLV,SIGMA,EPSILON,TAU,ETA,EMP_000001,BOGOTA D.C.,NO,NO,NO,NO,NO
160053,M,20 a 35 años,Entre 1 y 1.5 SMLV,SIGMA,LAMBDA,ETA,BETA,EMP_000001,,NO,NO,NO,NO,NO
160103,F,20 a 35 años,Entre 1 y 1.5 SMLV,SIGMA,LAMBDA,TAU,ETA,EMP_000001,,NO,NO,NO,NO,NO
160153,F,46 a 55 años,Entre 1 y 1.5 SMLV,SIGMA,LAMBDA,PI,ETA,EMP_000001,,NO,NO,NO,NO,NO
160203,M,46 a 55 años,Entre 10 y 20 SMLV,ZETA,LAMBDA,PI,DELTA,EMP_000001,,NO,NO,NO,NO,NO
160253,F,46 a 55 años,Entre 2.5 y 3 SMLV,PI,LAMBDA,PI,ETA,EMP_000001,BOGOTA D.C.,NO,NO,NO,NO,NO
160303,F,46 a 55 años,Entre 2 y 2.5 SMLV,PI,LAMBDA,PI,XI,EMP_000002,BOGOTA D.C.,NO,NO,NO,NO,NO
160353,F,46 a 55 años,Entre 1 y 1.5 SMLV,SIGMA,LAMBDA,TAU,ETA,EMP_000001,,NO,NO,NO,NO,NO
160403,M,20 a 35 años,Entre 4 y 6 SMLV,ZETA,LAMBDA,ETA,XI,EMP_000002,BOGOTA D.C.,NO,NO,NO,NO,NO
160453,F,46 a 55 años,Entre 3 y 4 SMLV,PI,LAMBDA,PI,XI,EMP_000002,BOGOTA D.C.,NO,NO,NO,NO,NO
160503,M,46 a 55 años,Entre 1.5 y 2 SMLV,SIGMA,RHO,PI,XI,EMP_000002,,NO,NO,NO,NO,NO
160553,M,46 a 55 años,Entre 1.5 y 2 SMLV,SIGMA,LAMBDA,PI,ETA,EMP_000001,,NO,NO,NO,NO,NO
160603,F,20 a 35 años,Entre 1 y 1.5 SMLV,PI,LAMBDA,ETA,LAMBDA,EMP_000001,BOGOTA D.C.,NO,NO,NO,NO,NO
160653,M,46 a 55 años,Entre 1 y 1.5 SMLV,SIGMA,LAMBDA,TAU,DELTA,EMP_000001,,NO,NO,NO,NO,NO
160703,F,20 a 35 años,Entre 1 y 1.5 SMLV,SIGMA,RHO,TAU,XI,EMP_000002,,NO,NO,NO,NO,NO
160753,F,Mayor de 55 años,Entre 3 y 4 SMLV,SIGMA,IOTA,PI,KAPPA,EMP_000001,BOGOTA D.C.,NO,NO,NO,NO,NO
160803,F,20 a 35 años,Menor al SMLV,SIGMA,LAMBDA,TAU,ETA,EMP_000001,,NO,NO,NO,NO,NO
160853,M,36 a 45 años,Entre 1 y 1.5 SMLV,SIGMA,LAMBDA,ETA,DELTA,EMP_000001,,NO,NO,NO,NO,NO
160903,F,46 a 55 años,Entre 1 y 1.5 SMLV,SIGMA,CHI,TAU,ETA,EMP_000001,BOGOTA D.C.,NO,NO,NO,NO,NO
160953,M,20 a 35 años,Entre 1 y 1.5 SMLV,SIGMA,LAMBDA,ETA,BETA,EMP_000001,,NO,NO,NO,NO,NO
161003,M,20 a 35 años,Entre 1 y 1.5 SMLV,SIGMA,LAMBDA,ETA,XI,EMP_000002,,NO,NO,NO,NO,NO
161053,M,46 a 55 años,Entre 2 y 2.5 SMLV,PI,LAMBDA,PI,UPSILON,EMP_000001,BOGOTA D.C.,NO,NO,NO,NO,NO
161103,M,36 a 45 años,Entre 10 y 20 SMLV,ZETA,LAMBDA,ETA,XI,EMP_000001,,NO,NO,NO,NO,NO
161153,M,46 a 55 años,Entre 1 y 1.5 SMLV,SIGMA,LAMBDA,TAU,UPSILON,EMP_000001,BOGOTA D.C.,NO,NO,NO,NO,NO
161203,F,46 a 55 años,Entre 1 y 1.5 SMLV,SIGMA,RHO,TAU,ETA,EMP_000001,BOGOTA D.C.,NO,NO,NO,NO,NO
161253,F,46 a 55 años,Entre 1 y 1.5 SMLV,SIGMA,EPSILON,TAU,ETA,EMP_000001,ZIPAQUIRA,NO,NO,NO,NO,NO
161303,M,36 a 45 años,Entre 1 y 1.5 SMLV,SIGMA,LAMBDA,PI,DELTA,EMP_000001,BOGOTA D.C.,NO,NO,NO,NO,NO
161353,F,20 a 35 años,Entre 2 y 2.5 SMLV,PI,LAMBDA,ETA,DELTA,EMP_000001,BOGOTA D.C.,NO,NO,NO,NO,NO
161403,F,20 a 35 años,Entre 1 y 1.5 SMLV,SIGMA,LAMBDA,TAU,UPSILON,EMP_000001,,NO,NO,NO,NO,NO
161453,F,20 a 35 años,Entre 1 y 1.5 SMLV,SIGMA,LAMBDA,TAU,UPSILON,EMP_000001,,NO,NO,NO,NO,NO
161503,F,20 a 35 años,Entre 1 y 1.5 SMLV,SIGMA,LAMBDA,TAU,XI,EMP_000002,,NO,NO,NO,NO,NO
161553,M,20 a 35 años,Menor al SMLV,SIGMA,RHO,TAU,ETA,EMP_000001,SOACHA,NO,NO,NO,NO,NO
161603,F,36 a 45 años,Entre 1 y 1.5 SMLV,SIGMA,EPSILON,TAU,ETA,EMP_000001,BOGOTA D.C.,NO,NO,NO,NO,NO
161653,M,20 a 35 años,Entre 1 y 1.5 SMLV,SIGMA,LAMBDA,TAU,XI,EMP_000001,,NO,NO,NO,NO,NO
161703,F,20 a 35 años,Entre 1 y 1.5 SMLV,SIGMA,LAMBDA,ETA,UPSILON,EMP_000001,BOGOTA D.C.,NO,NO,NO,NO,NO
161753,M,20 a 35 años,Entre 1 y 1.5 SMLV,SIGMA,LAMBDA,ETA,ETA,EMP_000001,CAJICA,NO,NO,NO,NO,NO
161803,M,20 a 35 años,Entre 1 y 1.5 SMLV,SIGMA,LAMBDA,ETA,ETA,EMP_000001,,NO,NO,NO,NO,NO
161853,F,20 a 35 años,Entre 3 y 4 SMLV,PI,LAMBDA,ETA,XI,EMP_000002,,NO,NO,NO,NO,NO
161903,F,Mayor de 55 años,Entre 1 y 1.5 SMLV,SIGMA,LAMBDA,TAU,UPSILON,EMP_000001,BOGOTA D.C.,NO,NO,NO,NO,NO
161953,M,20 a 35 años,Entre 4 y 6 SMLV,ZETA,LAMBDA,ETA,XI,EMP_000002,,NO,NO,NO,NO,NO
162003,M,46 a 55 años,Entre 1 y 1.5 SMLV,SIGMA,CHI,TAU,ETA,EMP_000001,BOGOTA D.C.,NO,NO,NO,NO,NO
162053,F,Mayor de 55 años,Entre 2 y 2.5 SMLV,PI,RHO,PI,XI,EMP_000002,BOGOTA D.C.,NO,NO,NO,NO,NO
162103,F,20 a 35 años,Entre 1 y 1.5 SMLV,SIGMA,LAMBDA,TAU,DELTA,EMP_000001,,NO,NO,NO,NO,NO
162153,F,20 a 35 años,Entre 1 y 1.5 SMLV,SIGMA,RHO,TAU,DELTA,EMP_000001,,NO,NO,NO,NO,NO
162203,F,46 a 55 años,Entre 1 y 1.5 SMLV,SIGMA,LAMBDA,TAU,ETA,EMP_000001,,NO,NO,NO,NO,NO
162253,M,46 a 55 años,Entre 1 y 1.5 SMLV,SIGMA,RHO,TAU,DELTA,EMP_000001,,NO,NO,NO,NO,NO
162303,M,20 a 35 años,Entre 3 y 4 SMLV,ZETA,LAMBDA,ETA,ETA,EMP_000001,,NO,NO,NO,NO,NO
162353,M,20 a 35 años,Entre 1 y 1.5 SMLV,SIGMA,LAMBDA,TAU,DELTA,EMP_000001,,NO,NO,NO,NO,NO
162403,M,36 a 45 años,Entre 1 y 1.5 SMLV,SIGMA,LAMBDA,TAU,ETA,EMP_000001,,NO,NO,NO,NO,NO
162453,F,Mayor de 55 años,Entre 1 y 1.5 SMLV,SIGMA,LAMBDA,TAU,ETA,EMP_000001,BOGOTA D.C.,NO,NO,NO,NO,NO
162503,M,20 a 35 años,Entre 1 y 1.5 SMLV,SIGMA,LAMBDA,TAU,UPSILON,EMP_000001,,NO,NO,NO,NO,NO
162553,F,36 a 45 años,Entre 1 y 1.5 SMLV,SIGMA,RHO,TAU,UPSILON,EMP_000001,BOGOTA D.C.,NO,NO,NO,NO,NO
162603,F,20 a 35 años,Entre 3 y 4 SMLV,PI,LAMBDA,ETA,UPSILON,EMP_000001,,NO,NO,NO,NO,NO
162653,F,Mayor de 55 años,Entre 1.5 y 2 SMLV,SIGMA,LAMBDA,PI,KAPPA,EMP_000001,BOGOTA D.C.,NO,NO,NO,NO,NO
162703,M,46 a 55 años,Entre 1.5 y 2 SMLV,SIGMA,LAMBDA,PI,UPSILON,EMP_000001,,NO,NO,NO,NO,NO
162753,F,20 a 35 años,Entre 4 y 6 SMLV,ZETA,RHO,PI,UPSILON,EMP_000001,BOGOTA D.C.,NO,NO,NO,NO,NO
162803,F,36 a 45 años,Entre 1 y 1.5 SMLV,SIGMA,RHO,TAU,DELTA,EMP_000001,,NO,NO,NO,NO,NO
162853,M,36 a 45 años,Menor al SMLV,SIGMA,RHO,TAU,ETA,EMP_000001,BOGOTA D.C.,NO,NO,NO,NO,NO
162903,M,36 a 45 años,Entre 3 y 4 SMLV,PI,CHI,PI,XI,EMP_000002,BOGOTA D.C.,NO,NO,NO,NO,NO
162953,M,20 a 35 años,Entre 4 y 6 SMLV,ZETA,LAMBDA,ETA,UPSILON,EMP_000001,BOGOTA D.C.,NO,NO,NO,NO,NO
163003,M,36 a 45 años,Entre 1 y 1.5 SMLV,SIGMA,RHO,PI,UPSILON,EMP_000001,,NO,NO,NO,NO,NO
163053,M,20 a 35 años,Entre 1 y 1.5 SMLV,SIGMA,LAMBDA,TAU,UPSILON,EMP_000001,BOGOTA D.C.,NO,NO,NO,NO,NO
163103,M,20 a 35 años,Menor al SMLV,SIGMA,EPSILON,TAU,ETA,EMP_000001,,NO,NO,NO,NO,NO
163153,M,46 a 55 años,Entre 1 y 1.5 SMLV,SIGMA,LAMBDA,PI,ETA,EMP_000001,,NO,NO,NO,NO,NO
163203,F,36 a 45 años,Entre 1 y 1.5 SMLV,SIGMA,RHO,TAU,UPSILON,EMP_000001,SOACHA,NO,NO,NO,NO,NO
163253,M,36 a 45 años,Entre 4 y 6 SMLV,ZETA,LAMBDA,PI,UPSILON,EMP_000001,BOGOTA D.C.,NO,NO,NO,NO,NO
163303,M,36 a 45 años,Entre 6 y 8 SMLV,ZETA,LAMBDA,PI,XI,EMP_000002,,NO,NO,NO,NO,NO
163353,F,20 a 35 años,Entre 1 y 1.5 SMLV,SIGMA,LAMBDA,TAU,UPSILON,EMP_000001,,NO,NO,NO,NO,NO
163403,F,Mayor de 55 años,Menor al SMLV,SIGMA,LAMBDA,TAU,KAPPA,EMP_000001,BOGOTA D.C.,NO,NO,NO,NO,NO
163453,M,20 a 35 años,Entre 1 y 1.5 SMLV,SIGMA,LAMBDA,ETA,ETA,EMP_000001,,NO,NO,NO,NO,NO
163503,M,46 a 55 años,Entre 1 y 1.5 SMLV,SIGMA,IOTA,PI,UPSILON,EMP_000001,,NO,NO,NO,NO,NO
163553,F,20 a 35 años,Entre 1 y 1.5 SMLV,SIGMA,RHO,TAU,XI,EMP_000002,BOGOTA D.C.,NO,NO,NO,NO,NO
163603,F,46 a 55 años,Entre 1 y 1.5 SMLV,SIGMA,RHO,TAU,ETA,EMP_000001,BOGOTA D.C.,NO,NO,NO,NO,NO
163653,M,Mayor de 55 años,Entre 1 y 1.5 SMLV,PI,IOTA,TAU,LAMBDA,EMP_000001,CHIA,NO,NO,NO,NO,NO
163703,M,36 a 45 años,Entre 1 y 1.5 SMLV,SIGMA,LAMBDA,TAU,OMEGA,EMP_000001,BOGOTA D.C.,NO,NO,NO,NO,NO
163753,M,20 a 35 años,Menor al SMLV,SIGMA,LAMBDA,TAU,ETA,EMP_000001,,NO,NO,NO,NO,NO
163803,F,20 a 35 años,Entre 1 y 1.5 SMLV,PI,LAMBDA,ETA,BETA,EMP_000001,,NO,NO,NO,NO,NO
163853,M,20 a 35 años,Entre 1 y 1.5 SMLV,SIGMA,RHO,TAU,ETA,EMP_000001,BOGOTA D.C.,NO,NO,NO,NO,NO
163903,F,36 a 45 años,Entre 1 y 1.5 SMLV,SIGMA,RHO,TAU,ETA,EMP_000001,BOGOTA D.C.,NO,NO,NO,NO,NO
163953,F,46 a 55 años,Entre 1.5 y 2 SMLV,SIGMA,LAMBDA,PI,ETA,EMP_000001,BOGOTA D.C.,NO,NO,NO,NO,NO
164003,M,20 a 35 años,Entre 1 y 1.5 SMLV,SIGMA,LAMBDA,ETA,UPSILON,EMP_000001,,NO,NO,NO,NO,NO
164053,M,46 a 55 años,Mayor a 30 SMLV,ZETA,LAMBDA,XI,UPSILON,EMP_000001,,NO,NO,NO,NO,NO
164103,M,20 a 35 años,Entre 1.5 y 2 SMLV,SIGMA,LAMBDA,ETA,XI,EMP_000002,,NO,NO,NO,NO,NO
164153,M,20 a 35 años,Entre 1 y 1.5 SMLV,SIGMA,LAMBDA,ETA,ETA,EMP_000001,,NO,NO,NO,NO,NO
164203,M,20 a 35 años,Menor al SMLV,SIGMA,RHO,TAU,ETA,EMP_000001,,NO,NO,NO,NO,NO
164253,M,36 a 45 años,Entre 1 y 1.5 SMLV,SIGMA,THETA,TAU,OMICRON,EMP_000001,,NO,NO,NO,NO,NO
164303,M,46 a 55 años,Entre 1 y 1.5 SMLV,SIGMA,RHO,TAU,UPSILON,EMP_000001,,NO,NO,NO,NO,NO
164353,M,36 a 45 años,Entre 1 y 1.5 SMLV,SIGMA,LAMBDA,PI,ETA,EMP_000001,BOGOTA D.C.,NO,NO,NO,NO,NO
164403,F,36 a 45 años,Entre 1 y 1.5 SMLV,SIGMA,LAMBDA,TAU,DELTA,EMP_000001,,NO,NO,NO,NO,NO
164453,M,36 a 45 años,Entre 1 y 1.5 SMLV,SIGMA,RHO,TAU,OMEGA,EMP_000001,,NO,NO,NO,NO,NO
164503,F,36 a 45 años,Entre 1 y 1.5 SMLV,SIGMA,RHO,TAU,ETA,EMP_000001,,NO,NO,NO,NO,NO
164553,F,36 a 45 años,Entre 1 y 1.5 SMLV,SIGMA,RHO,PI,ETA,EMP_000001,FACATATIVA,NO,NO,NO,NO,NO
164603,M,36 a 45 años,Entre 2.5 y 3 SMLV,PI,CHI,PI,XI,EMP_000002,BOGOTA D.C.,NO,NO,NO,NO,NO
164653,M,20 a 35 años,Entre 1 y 1.5 SMLV,SIGMA,LAMBDA,TAU,UPSILON,EMP_000001,,NO,NO,NO,NO,NO
164703,F,20 a 35 años,Entre 1 y 1.5 SMLV,SIGMA,EPSILON,TAU,DELTA,EMP_000001,BOGOTA D.C.,NO,NO,NO,NO,NO
164753,M,46 a 55 años,Entre 1 y 1.5 SMLV,SIGMA,CHI,PI,UPSILON,EMP_000001,,NO,NO,NO,NO,NO
164803,M,Mayor de 55 años,Entre 6 y 8 SMLV,ZETA,EPSILON,PI,XI,EMP_000002,BOGOTA D.C.,NO,NO,NO,NO,NO
164853,M,36 a 45 años,Entre 1 y 1.5 SMLV,SIGMA,RHO,TAU,ETA,EMP_000001,,NO,NO,NO,NO,NO
164903,M,36 a 45 años,Entre 1.5 y 2 SMLV,SIGMA,LAMBDA,ETA,XI,EMP_000002,BOGOTA D.C.,NO,NO,NO,NO,NO
164953,F,20 a 35 años,Entre 1 y 1.5 SMLV,SIGMA,LAMBDA,TAU,ETA,EMP_000001,,NO,NO,NO,NO,NO
165003,F,36 a 45 años,Entre 1 y 1.5 SMLV,SIGMA,EPSILON,TAU,ETA,EMP_000001,BOGOTA D.C.,NO,NO,NO,NO,NO
165053,F,20 a 35 años,Entre 1 y 1.5 SMLV,SIGMA,LAMBDA,ETA,XI,EMP_000002,,NO,NO,NO,NO,NO
165103,M,46 a 55 años,Entre 2.5 y 3 SMLV,PI,RHO,PI,LAMBDA,EMP_000001,,NO,NO,NO,NO,NO
165153,M,46 a 55 años,Entre 10 y 20 SMLV,ZETA,LAMBDA,PI,XI,EMP_000002,,NO,NO,NO,NO,NO
165203,F,20 a 35 años,Entre 1 y 1.5 SMLV,SIGMA,LAMBDA,TAU,UPSILON,EMP_000001,,NO,NO,NO,NO,NO
165253,M,36 a 45 años,Entre 2 y 2.5 SMLV,PI,LAMBDA,PI,UPSILON,EMP_000001,,NO,NO,NO,NO,NO
165303,F,46 a 55 años,Entre 4 y 6 SMLV,ZETA,LAMBDA,PI,UPSILON,EMP_000001,,NO,NO,NO,NO,NO
165353,M,36 a 45 años,Entre 2 y 2.5 SMLV,PI,RHO,PI,XI,EMP_000002,BOGOTA D.C.,NO,NO,NO,NO,NO
165403,M,20 a 35 años,Entre 1 y 1.5 SMLV,SIGMA,LAMBDA,TAU,DELTA,EMP_000001,,NO,NO,NO,NO,NO
165453,M,36 a 45 años,Entre 1 y 1.5 SMLV,SIGMA,LAMBDA,ETA,BETA,EMP_000001,,NO,NO,NO,NO,NO
165503,F,46 a 55 años,Entre 1 y 1.5 SMLV,SIGMA,RHO,PI,UPSILON,EMP_000001,BOGOTA D.C.,NO,NO,NO,NO,NO
165553,M,20 a 35 años,Menor al SMLV,SIGMA,LAMBDA,TAU,UPSILON,EMP_000001,,NO,NO,NO,NO,NO
165603,M,20 a 35 años,Entre 1 y 1.5 SMLV,SIGMA,EPSILON,TAU,ETA,EMP_000001,BOGOTA D.C.,NO,NO,NO,NO,NO
165653,M,20 a 35 años,Entre 1 y 1.5 SMLV,SIGMA,RHO,TAU,XI,EMP_000001,,NO,NO,NO,NO,NO
165703,M,20 a 35 años,Entre 1 y 1.5 SMLV,SIGMA,LAMBDA,TAU,XI,EMP_000002,,NO,NO,NO,NO,NO
165753,M,Menor de 19 años,Entre 1 y 1.5 SMLV,SIGMA,LAMBDA,TAU,ETA,EMP_000001,,NO,NO,NO,NO,NO
165803,F,36 a 45 años,Entre 6 y 8 SMLV,ZETA,RHO,PI,DELTA,EMP_000001,,NO,NO,NO,NO,NO
165853,F,20 a 35 años,Entre 1 y 1.5 SMLV,SIGMA,LAMBDA,ETA,PSI,EMP_000001,,NO,NO,NO,NO,NO
165903,M,36 a 45 años,Entre 6 y 8 SMLV,ZETA,LAMBDA,PI,XI,EMP_000002,,NO,NO,NO,NO,NO
165953,F,36 a 45 años,Entre 1 y 1.5 SMLV,SIGMA,LAMBDA,TAU,BETA,EMP_000001,,NO,NO,NO,NO,NO
166003,M,20 a 35 años,Entre 2 y 2.5 SMLV,PI,LAMBDA,ETA,ETA,EMP_000001,BOGOTA D.C.,NO,NO,NO,NO,NO
166053,F,46 a 55 años,Menor al SMLV,SIGMA,LAMBDA,TAU,ETA,EMP_000001,,NO,NO,NO,NO,NO
166103,F,20 a 35 años,Entre 1 y 1.5 SMLV,SIGMA,RHO,TAU,XI,EMP_000002,,NO,NO,NO,NO,NO
166153,M,20 a 35 años,Menor al SMLV,PI,LAMBDA,ETA,OMEGA,EMP_000001,BOGOTA D.C.,NO,NO,NO,NO,NO
166203,M,36 a 45 años,Entre 10 y 20 SMLV,ZETA,LAMBDA,ETA,XI,EMP_000002,BOGOTA D.C.,NO,NO,NO,NO,NO
166253,M,20 a 35 años,Entre 2 y 2.5 SMLV,PI,LAMBDA,ETA,ETA,EMP_000001,,NO,NO,NO,NO,NO
166303,M,20 a 35 años,Menor al SMLV,SIGMA,LAMBDA,TAU,ETA,EMP_000001,BOGOTA D.C.,NO,NO,NO,NO,NO
166353,F,20 a 35 años,Entre 1 y 1.5 SMLV,SIGMA,LAMBDA,TAU,XI,EMP_000001,,NO,NO,NO,NO,NO
166403,M,20 a 35 años,Entre 1 y 1.5 SMLV,SIGMA,LAMBDA,ETA,BETA,EMP_000001,,NO,NO,NO,NO,NO
166453,M,46 a 55 años,Entre 1 y 1.5 SMLV,SIGMA,RHO,TAU,OMEGA,EMP_000001,,NO,NO,NO,NO,NO
166503,F,20 a 35 años,Entre 1.5 y 2 SMLV,SIGMA,RHO,PI,XI,EMP_000002,,NO,NO,NO,NO,NO
166553,M,20 a 35 años,Entre 1 y 1.5 SMLV,SIGMA,LAMBDA,ETA,XI,EMP_000002,,NO,NO,NO,NO,NO
166603,M,20 a 35 años,Entre 1.5 y 2 SMLV,SIGMA,LAMBDA,ETA,XI,EMP_000002,BOGOTA D.C.,NO,NO,NO,NO,NO
166653,F,20 a 35 años,Entre 1 y 1.5 SMLV,PI,LAMBDA,ETA,BETA,EMP_000001,,NO,NO,NO,NO,NO
166703,M,20 a 35 años,Entre 1 y 1.5 SMLV,SIGMA,RHO,TAU,OMEGA,EMP_000001,,NO,NO,NO,NO,NO
166753,M,20 a 35 años,Entre 1 y 1.5 SMLV,SIGMA,LAMBDA,ETA,BETA,EMP_000001,,NO,NO,NO,NO,NO
166803,F,36 a 45 años,Entre 10 y 20 SMLV,ZETA,LAMBDA,PI,UPSILON,EMP_000001,BOGOTA D.C.,NO,NO,NO,NO,NO
166853,F,Mayor de 55 años,Entre 1.5 y 2 SMLV,SIGMA,CHI,PI,ETA,EMP_000001,BOGOTA D.C.,NO,NO,NO,NO,NO
166903,F,20 a 35 años,Entre 1.5 y 2 SMLV,SIGMA,LAMBDA,ETA,DELTA,EMP_000001,BOGOTA D.C.,NO,NO,NO,NO,NO
166953,F,36 a 45 años,Entre 1 y 1.5 SMLV,SIGMA,RHO,TAU,UPSILON,EMP_000001,BOGOTA D.C.,NO,NO,NO,NO,NO
167003,F,36 a 45 años,Entre 1 y 1.5 SMLV,SIGMA,RHO,TAU,ETA,EMP_000001,BOGOTA D.C.,NO,NO,NO,NO,NO
167053,M,Mayor de 55 años,Entre 1.5 y 2 SMLV,SIGMA,IOTA,PI,DELTA,EMP_000001,BOGOTA D.C.,NO,NO,NO,NO,NO
167103,F,20 a 35 años,Entre 1 y 1.5 SMLV,SIGMA,RHO,TAU,XI,EMP_000002,,NO,NO,NO,NO,NO
167153,F,36 a 45 años,Entre 1 y 1.5 SMLV,SIGMA,EPSILON,TAU,ETA,EMP_000001,BOGOTA D.C.,NO,NO,NO,NO,NO
167203,F,36 a 45 años,Menor al SMLV,SIGMA,LAMBDA,TAU,DELTA,EMP_000001,,NO,NO,NO,NO,NO
167253,M,20 a 35 años,Entre 1 y 1.5 SMLV,SIGMA,LAMBDA,TAU,UPSILON,EMP_000001,,NO,NO,NO,NO,NO
167303,M,36 a 45 años,Entre 4 y 6 SMLV,ZETA,LAMBDA,ETA,XI,EMP_000002,BOGOTA D.C.,NO,NO,NO,NO,NO
167353,F,36 a 45 años,Entre 2 y 2.5 SMLV,PI,RHO,PI,ETA,EMP_000001,BOGOTA D.C.,NO,NO,NO,NO,NO
167403,F,Menor de 19 años,Menor al SMLV,SIGMA,LAMBDA,TAU,ETA,EMP_000001,,NO,NO,NO,NO,NO
167453,F,20 a 35 años,Entre 1 y 1.5 SMLV,SIGMA,LAMBDA,TAU,PSI,EMP_000001,,NO,NO,NO,NO,NO
167503,F,20 a 35 años,Entre 1 y 1.5 SMLV,SIGMA,LAMBDA,TAU,ETA,EMP_000001,,NO,NO,NO,NO,NO
167553,F,36 a 45 años,Entre 1 y 1.5 SMLV,SIGMA,RHO,TAU,ETA,EMP_000001,BOGOTA D.C.,NO,NO,NO,NO,NO
167603,F,20 a 35 años,Entre 1 y 1.5 SMLV,SIGMA,LAMBDA,TAU,XI,EMP_000002,,NO,NO,NO,NO,NO
167653,F,36 a 45 años,Entre 6 y 8 SMLV,ZETA,IOTA,PI,XI,EMP_000002,BOGOTA D.C.,NO,NO,NO,NO,NO
167703,F,36 a 45 años,Entre 1 y 1.5 SMLV,SIGMA,RHO,TAU,ETA,EMP_000001,,NO,NO,NO,NO,NO
167753,F,36 a 45 años,Menor al SMLV,SIGMA,RHO,TAU,DELTA,EMP_000001,BOGOTA D.C.,NO,NO,NO,NO,NO
167803,M,20 a 35 años,Entre 1 y 1.5 SMLV,SIGMA,LAMBDA,TAU,UPSILON,EMP_000001,,NO,NO,NO,NO,NO
167853,F,20 a 35 años,Entre 1 y 1.5 SMLV,SIGMA,EPSILON,TAU,ETA,EMP_000001,SOACHA,NO,NO,NO,NO,NO
167903,F,20 a 35 años,Entre 1 y 1.5 SMLV,SIGMA,LAMBDA,TAU,UPSILON,EMP_000001,BOGOTA D.C.,NO,NO,NO,NO,NO
167953,F,36 a 45 años,Entre 1 y 1.5 SMLV,SIGMA,RHO,TAU,UPSILON,EMP_000001,VILLA DE SAN DIEGO DE UBATE,NO,NO,NO,NO,NO
168003,F,36 a 45 años,Entre 1 y 1.5 SMLV,SIGMA,EPSILON,TAU,ETA,EMP_000001,,NO,NO,NO,NO,NO
168053,M,Mayor de 55 años,Entre 1 y 1.5 SMLV,SIGMA,LAMBDA,PI,ETA,EMP_000001,,NO,NO,NO,NO,NO
168103,M,36 a 45 años,Entre 1.5 y 2 SMLV,SIGMA,RHO,PI,ETA,EMP_000001,,NO,NO,NO,NO,NO
168153,M,20 a 35 años,Entre 1 y 1.5 SMLV,SIGMA,LAMBDA,TAU,UPSILON,EMP_000001,SOACHA,NO,NO,NO,NO,NO
168203,M,36 a 45 años,Entre 1 y 1.5 SMLV,SIGMA,LAMBDA,PI,UPSILON,EMP_000001,FACATATIVA,NO,NO,NO,NO,NO
168253,M,46 a 55 años,Menor al SMLV,SIGMA,LAMBDA,TAU,ETA,EMP_000001,,NO,NO,NO,NO,NO
168303,F,20 a 35 años,Entre 1 y 1.5 SMLV,SIGMA,EPSILON,TAU,UPSILON,EMP_000001,,NO,NO,NO,NO,NO
168353,F,Mayor de 55 años,Entre 4 y 6 SMLV,ZETA,CHI,PI,XI,EMP_000001,,NO,NO,NO,NO,NO
168403,F,20 a 35 años,Entre 1 y 1.5 SMLV,SIGMA,LAMBDA,ETA,XI,EMP_000002,,NO,NO,NO,NO,NO
168453,F,20 a 35 años,Entre 1 y 1.5 SMLV,SIGMA,LAMBDA,TAU,UPSILON,EMP_000001,,NO,NO,NO,NO,NO
168503,F,20 a 35 años,Entre 1.5 y 2 SMLV,SIGMA,RHO,PI,UPSILON,EMP_000001,BOGOTA D.C.,NO,NO,NO,NO,NO
168553,F,Mayor de 55 años,Entre 2.5 y 3 SMLV,PI,LAMBDA,PI,XI,EMP_000002,,NO,NO,NO,NO,NO
168603,M,20 a 35 años,Entre 1 y 1.5 SMLV,SIGMA,LAMBDA,TAU,DELTA,EMP_000001,,NO,NO,NO,NO,NO
168653,M,20 a 35 años,Entre 1 y 1.5 SMLV,SIGMA,LAMBDA,TAU,ETA,EMP_000001,,NO,NO,NO,NO,NO
168703,M,36 a 45 años,Entre 1 y 1.5 SMLV,SIGMA,LAMBDA,ETA,UPSILON,EMP_000001,,NO,NO,NO,NO,NO
168753,M,36 a 45 años,Entre 1 y 1.5 SMLV,SIGMA,RHO,TAU,UPSILON,EMP_000001,SOACHA,NO,NO,NO,NO,NO
168803,M,20 a 35 años,Entre 2 y 2.5 SMLV,PI,LAMBDA,ETA,XI,EMP_000002,,NO,NO,NO,NO,NO
168853,M,20 a 35 años,Entre 1 y 1.5 SMLV,SIGMA,CHI,TAU,ETA,EMP_000001,,NO,NO,NO,NO,NO
168903,M,46 a 55 años,Entre 1 y 1.5 SMLV,SIGMA,RHO,TAU,ETA,EMP_000001,MOSQUERA,NO,NO,NO,NO,NO
168953,F,Mayor de 55 años,Entre 1 y 1.5 SMLV,SIGMA,LAMBDA,TAU,ETA,EMP_000001,,NO,NO,NO,NO,NO
169003,F,20 a 35 años,Entre 2.5 y 3 SMLV,PI,LAMBDA,ETA,UPSILON,EMP_000001,,NO,NO,NO,NO,NO
169053,M,36 a 45 años,Menor al SMLV,SIGMA,IOTA,TAU,ETA,EMP_000001,BOGOTA D.C.,NO,NO,NO,NO,NO
169103,M,36 a 45 años,Entre 1 y 1.5 SMLV,SIGMA,RHO,TAU,ETA,EMP_000001,MADRID,NO,NO,NO,NO,NO
169153,F,36 a 45 años,Entre 4 y 6 SMLV,ZETA,LAMBDA,PI,XI,EMP_000002,BOGOTA D.C.,NO,NO,NO,NO,NO
169203,M,36 a 45 años,Entre 2 y 2.5 SMLV,PI,RHO,PI,DELTA,EMP_000001,BOGOTA D.C.,NO,NO,NO,NO,NO
169253,M,Mayor de 55 años,Entre 6 y 8 SMLV,ZETA,EPSILON,PI,XI,EMP_000002,BOGOTA D.C.,NO,NO,NO,NO,NO
169303,M,20 a 35 años,Entre 2 y 2.5 SMLV,PI,LAMBDA,ETA,ETA,EMP_000001,BOGOTA D.C.,NO,NO,NO,NO,NO
169353,F,20 a 35 años,Entre 1 y 1.5 SMLV,SIGMA,EPSILON,TAU,ETA,EMP_000001,,NO,NO,NO,NO,NO
169403,M,20 a 35 años,Entre 1 y 1.5 SMLV,SIGMA,LAMBDA,TAU,OMEGA,EMP_000001,,NO,NO,NO,NO,NO
169453,M,Mayor de 55 años,Menor al SMLV,SIGMA,LAMBDA,TAU,KAPPA,EMP_000001,AGUA DE DIOS,NO,NO,NO,NO,NO
169503,F,36 a 45 años,Entre 1 y 1.5 SMLV,SIGMA,RHO,TAU,UPSILON,EMP_000002,,NO,NO,NO,NO,NO
169553,F,Mayor de 55 años,Entre 1 y 1.5 SMLV,SIGMA,IOTA,TAU,ETA,EMP_000001,BOGOTA D.C.,NO,NO,NO,NO,NO
169603,M,46 a 55 años,Entre 4 y 6 SMLV,ZETA,LAMBDA,PI,XI,EMP_000002,MOSQUERA,NO,NO,NO,NO,NO
169653,M,46 a 55 años,Entre 4 y 6 SMLV,ZETA,EPSILON,PI,DELTA,EMP_000001,BOGOTA D.C.,NO,NO,NO,NO,NO
169703,M,36 a 45 años,Entre 1 y 1.5 SMLV,SIGMA,LAMBDA,PI,UPSILON,EMP_000001,,NO,NO,NO,NO,NO
169753,M,20 a 35 años,Entre 1.5 y 2 SMLV,SIGMA,LAMBDA,ETA,ETA,EMP_000001,,NO,NO,NO,NO,NO
169803,F,20 a 35 años,Entre 1 y 1.5 SMLV,SIGMA,LAMBDA,TAU,XI,EMP_000002,,NO,NO,NO,NO,NO
169853,M,20 a 35 años,Entre 1 y 1.5 SMLV,SIGMA,LAMBDA,TAU,UPSILON,EMP_000001,SOACHA,NO,NO,NO,NO,NO
169903,F,20 a 35 años,Entre 1 y 1.5 SMLV,SIGMA,LAMBDA,TAU,ETA,EMP_000001,BOGOTA D.C.,NO,NO,NO,NO,NO
169953,F,36 a 45 años,Entre 1 y 1.5 SMLV,SIGMA,RHO,PI,ETA,EMP_000001,BOGOTA D.C.,NO,NO,NO,NO,NO
170003,M,46 a 55 años,Entre 1 y 1.5 SMLV,SIGMA,LAMBDA,TAU,ETA,EMP_000001,,NO,NO,NO,NO,NO
170053,F,20 a 35 años,Entre 1 y 1.5 SMLV,SIGMA,LAMBDA,TAU,DELTA,EMP_000001,,NO,NO,NO,NO,NO
170103,M,20 a 35 años,Entre 1 y 1.5 SMLV,SIGMA,LAMBDA,ETA,BETA,EMP_000001,,NO,NO,NO,NO,NO
170153,M,46 a 55 años,Entre 1 y 1.5 SMLV,SIGMA,LAMBDA,TAU,ETA,EMP_000001,,NO,NO,NO,NO,NO
170203,M,20 a 35 años,Entre 2 y 2.5 SMLV,PI,RHO,PI,XI,EMP_000002,CHIA,NO,NO,NO,NO,NO
170253,F,20 a 35 años,Entre 1 y 1.5 SMLV,SIGMA,LAMBDA,TAU,XI,EMP_000002,,NO,NO,NO,NO,NO
170303,F,Mayor de 55 años,Entre 1 y 1.5 SMLV,SIGMA,LAMBDA,TAU,ETA,EMP_000001,,NO,NO,NO,NO,NO
170353,F,Mayor de 55 años,Entre 1 y 1.5 SMLV,SIGMA,LAMBDA,TAU,KAPPA,EMP_000001,,NO,NO,NO,NO,NO
170403,M,20 a 35 años,Entre 1 y 1.5 SMLV,SIGMA,LAMBDA,TAU,ETA,EMP_000001,,NO,NO,NO,NO,NO
170453,F,20 a 35 años,Entre 1 y 1.5 SMLV,PI,EPSILON,PI,ETA,EMP_000001,BOGOTA D.C.,NO,NO,NO,NO,NO
170503,M,36 a 45 años,Entre 2 y 2.5 SMLV,PI,LAMBDA,PI,XI,EMP_000002,BOGOTA D.C.,NO,NO,NO,NO,NO
170553,F,46 a 55 años,Entre 4 y 6 SMLV,ZETA,LAMBDA,PI,XI,EMP_000002,,NO,NO,NO,NO,NO
170603,M,20 a 35 años,Entre 1 y 1.5 SMLV,SIGMA,LAMBDA,TAU,UPSILON,EMP_000001,,NO,NO,NO,NO,NO
170653,M,36 a 45 años,Entre 1 y 1.5 SMLV,SIGMA,LAMBDA,TAU,XI,EMP_000001,,NO,NO,NO,NO,NO
170703,F,20 a 35 años,Entre 1 y 1.5 SMLV,SIGMA,LAMBDA,TAU,ETA,EMP_000001,,NO,NO,NO,NO,NO
170753,M,36 a 45 años,Entre 4 y 6 SMLV,ZETA,EPSILON,PI,XI,EMP_000002,BOGOTA D.C.,NO,NO,NO,NO,NO
170803,F,36 a 45 años,Entre 1 y 1.5 SMLV,SIGMA,RHO,TAU,ETA,EMP_000001,BOGOTA D.C.,NO,NO,NO,NO,NO
170853,F,36 a 45 años,Menor al SMLV,SIGMA,LAMBDA,TAU,ETA,EMP_000001,,NO,NO,NO,NO,NO
170903,F,46 a 55 años,Entre 2.5 y 3 SMLV,PI,LAMBDA,PI,PSI,EMP_000001,,NO,NO,NO,NO,NO
170953,M,46 a 55 años,Menor al SMLV,SIGMA,LAMBDA,TAU,ETA,EMP_000001,BOGOTA D.C.,NO,NO,NO,NO,NO
171003,F,36 a 45 años,Entre 1 y 1.5 SMLV,SIGMA,RHO,TAU,UPSILON,EMP_000001,BOGOTA D.C.,NO,NO,NO,NO,NO
171053,M,20 a 35 años,Entre 1 y 1.5 SMLV,SIGMA,LAMBDA,TAU,DELTA,EMP_000001,,NO,NO,NO,NO,NO
171103,F,36 a 45 años,Entre 10 y 20 SMLV,ZETA,EPSILON,PI,DELTA,EMP_000001,,NO,NO,NO,NO,NO
171153,F,20 a 35 años,Entre 2.5 y 3 SMLV,PI,LAMBDA,ETA,DELTA,EMP_000001,,NO,NO,NO,NO,NO
171203,M,20 a 35 años,Menor al SMLV,SIGMA,LAMBDA,TAU,OMEGA,EMP_000001,,NO,NO,NO,NO,NO
171253,M,20 a 35 años,Entre 1.5 y 2 SMLV,PI,LAMBDA,ETA,UPSILON,EMP_000001,BOGOTA D.C.,NO,NO,NO,NO,NO
171303,F,46 a 55 años,Entre 1 y 1.5 SMLV,SIGMA,LAMBDA,TAU,ETA,EMP_000001,,NO,NO,NO,NO,NO
171353,F,20 a 35 años,Entre 1 y 1.5 SMLV,SIGMA,LAMBDA,TAU,XI,EMP_000002,,NO,NO,NO,NO,NO
171403,M,20 a 35 años,Entre 1 y 1.5 SMLV,SIGMA,LAMBDA,ETA,UPSILON,EMP_000001,BOGOTA D.C.,NO,NO,NO,NO,NO
171453,M,36 a 45 años,Entre 2.5 y 3 SMLV,PI,CHI,PI,XI,EMP_000002,,NO,NO,NO,NO,NO
171503,F,20 a 35 años,Entre 3 y 4 SMLV,ZETA,LAMBDA,ETA,ETA,EMP_000001,,NO,NO,NO,NO,NO
171553,M,36 a 45 años,Entre 1 y 1.5 SMLV,SIGMA,LAMBDA,TAU,ETA,EMP_000001,BOGOTA D.C.,NO,NO,NO,NO,NO
171603,F,20 a 35 años,Entre 1 y 1.5 SMLV,SIGMA,LAMBDA,TAU,DELTA,EMP_000001,,NO,NO,NO,NO,NO
171653,M,36 a 45 años,Entre 1.5 y 2 SMLV,SIGMA,LAMBDA,ETA,ETA,EMP_000001,BOGOTA D.C.,NO,NO,NO,NO,NO
171703,F,Mayor de 55 años,Entre 6 y 8 SMLV,ZETA,LAMBDA,PI,ETA,EMP_000001,,NO,NO,NO,NO,NO
171753,M,20 a 35 años,Entre 10 y 20 SMLV,ZETA,LAMBDA,ETA,XI,EMP_000001,,NO,NO,NO,NO,NO
171803,M,20 a 35 años,Entre 1 y 1.5 SMLV,SIGMA,LAMBDA,ETA,ETA,EMP_000001,BOGOTA D.C.,NO,NO,NO,NO,NO
171853,F,20 a 35 años,Entre 4 y 6 SMLV,ZETA,LAMBDA,ETA,DELTA,EMP_000001,BOGOTA D.C.,NO,NO,NO,NO,NO
171903,M,20 a 35 años,Entre 1 y 1.5 SMLV,SIGMA,LAMBDA,ETA,ETA,EMP_000001,,NO,NO,NO,NO,NO
171953,M,20 a 35 años,Entre 1 y 1.5 SMLV,SIGMA,LAMBDA,ETA,BETA,EMP_000001,,NO,NO,NO,NO,NO
172003,M,20 a 35 años,Menor al SMLV,PI,LAMBDA,TAU,UPSILON,EMP_000001,,NO,NO,NO,NO,NO
172053,F,20 a 35 años,Entre 1 y 1.5 SMLV,SIGMA,LAMBDA,ETA,XI,EMP_000002,,NO,NO,NO,NO,NO
172103,M,36 a 45 años,Entre 1 y 1.5 SMLV,SIGMA,RHO,TAU,ETA,EMP_000001,,NO,NO,NO,NO,NO
172153,M,36 a 45 años,Entre 1 y 1.5 SMLV,SIGMA,LAMBDA,TAU,ETA,EMP_000001,,NO,NO,NO,NO,NO
172203,M,Mayor de 55 años,Entre 4 y 6 SMLV,ZETA,LAMBDA,PI,UPSILON,EMP_000001,,NO,NO,NO,NO,NO
172253,M,20 a 35 años,,MU,THETA,OMEGA,OMICRON,EMP_000001,,NO,NO,NO,NO,NO
172303,M,20 a 35 años,Entre 1 y 1.5 SMLV,SIGMA,LAMBDA,ETA,DELTA,EMP_000001,BOGOTA D.C.,NO,NO,NO,NO,NO
172353,M,Mayor de 55 años,Entre 1 y 1.5 SMLV,SIGMA,RHO,TAU,ETA,EMP_000001,,NO,NO,NO,NO,NO
172403,F,Menor de 19 años,Entre 1 y 1.5 SMLV,SIGMA,LAMBDA,TAU,XI,EMP_000002,,NO,NO,NO,NO,NO
172453,M,20 a 35 años,Entre 1.5 y 2 SMLV,SIGMA,IOTA,PI,UPSILON,EMP_000001,,NO,NO,NO,NO,NO
172503,F,36 a 45 años,Entre 1 y 1.5 SMLV,SIGMA,LAMBDA,TAU,ETA,EMP_000001,,NO,NO,NO,NO,NO
172553,F,36 a 45 años,Entre 1 y 1.5 SMLV,SIGMA,LAMBDA,TAU,DELTA,EMP_000001,ZIPAQUIRA,NO,NO,NO,NO,NO
172603,F,20 a 35 años,Entre 2 y 2.5 SMLV,PI,IOTA,PI,XI,EMP_000002,BOGOTA D.C.,NO,NO,NO,NO,NO
172653,M,20 a 35 años,Entre 1 y 1.5 SMLV,SIGMA,RHO,TAU,DELTA,EMP_000001,,NO,NO,NO,NO,NO
172703,M,Mayor de 55 años,Entre 1 y 1.5 SMLV,SIGMA,LAMBDA,TAU,ETA,EMP_000001,,NO,NO,NO,NO,NO
172753,F,46 a 55 años,Entre 1 y 1.5 SMLV,SIGMA,IOTA,TAU,DELTA,EMP_000001,SOACHA,NO,NO,NO,NO,NO
172803,M,36 a 45 años,Entre 1 y 1.5 SMLV,SIGMA,LAMBDA,TAU,ETA,EMP_000001,BOGOTA D.C.,NO,NO,NO,NO,NO
172853,M,20 a 35 años,Entre 1 y 1.5 SMLV,SIGMA,LAMBDA,ETA,XI,EMP_000002,,NO,NO,NO,NO,NO
172903,M,36 a 45 años,Entre 1 y 1.5 SMLV,SIGMA,IOTA,TAU,ETA,EMP_000001,BOGOTA D.C.,NO,NO,NO,NO,NO
172953,M,20 a 35 años,Entre 2.5 y 3 SMLV,PI,LAMBDA,ETA,XI,EMP_000002,,NO,NO,NO,NO,NO
173003,M,36 a 45 años,Entre 1 y 1.5 SMLV,SIGMA,IOTA,TAU,DELTA,EMP_000001,BOGOTA D.C.,NO,NO,NO,NO,NO
173053,M,20 a 35 años,Entre 2 y 2.5 SMLV,PI,CHI,PI,UPSILON,EMP_000001,,NO,NO,NO,NO,NO
173103,F,Mayor de 55 años,Entre 1 y 1.5 SMLV,SIGMA,LAMBDA,TAU,ETA,EMP_000001,,NO,NO,NO,NO,NO
173153,F,20 a 35 años,Menor al SMLV,SIGMA,LAMBDA,TAU,ETA,EMP_000001,,NO,NO,NO,NO,NO
173203,M,36 a 45 años,Entre 3 y 4 SMLV,ZETA,LAMBDA,PI,ETA,EMP_000001,BOGOTA D.C.,NO,NO,NO,NO,NO
173253,M,36 a 45 años,Entre 1 y 1.5 SMLV,SIGMA,LAMBDA,PI,DELTA,EMP_000001,SOACHA,NO,NO,NO,NO,NO
173303,M,Mayor de 55 años,Entre 1 y 1.5 SMLV,SIGMA,EPSILON,PI,ETA,EMP_000001,BOGOTA D.C.,NO,NO,NO,NO,NO
173353,M,20 a 35 años,Entre 1 y 1.5 SMLV,SIGMA,LAMBDA,TAU,ETA,EMP_000001,,NO,NO,NO,NO,NO
173403,F,20 a 35 años,Entre 2.5 y 3 SMLV,PI,CHI,PI,XI,EMP_000002,,NO,NO,NO,NO,NO
173453,M,20 a 35 años,Entre 1 y 1.5 SMLV,PI,LAMBDA,TAU,LAMBDA,EMP_000001,,NO,NO,NO,NO,NO
173503,F,20 a 35 años,Entre 1 y 1.5 SMLV,PI,LAMBDA,ETA,LAMBDA,EMP_000001,,NO,NO,NO,NO,NO
173553,M,36 a 45 años,Entre 1 y 1.5 SMLV,SIGMA,EPSILON,PI,UPSILON,EMP_000001,FUSAGASUGA,NO,NO,NO,NO,NO
173603,M,20 a 35 años,Menor al SMLV,SIGMA,LAMBDA,TAU,ETA,EMP_000001,,NO,NO,NO,NO,NO
173653,M,20 a 35 años,Entre 1 y 1.5 SMLV,SIGMA,LAMBDA,TAU,ETA,EMP_000001,BOGOTA D.C.,NO,NO,NO,NO,NO
173703,F,Mayor de 55 años,Entre 1 y 1.5 SMLV,PI,EPSILON,TAU,LAMBDA,EMP_000001,,NO,NO,NO,NO,NO
173753,M,20 a 35 años,Entre 1 y 1.5 SMLV,SIGMA,LAMBDA,TAU,ETA,EMP_000001,,NO,NO,NO,NO,NO
173803,F,36 a 45 años,Entre 2.5 y 3 SMLV,PI,RHO,PI,ETA,EMP_000001,,NO,NO,NO,NO,NO
173853,M,46 a 55 años,Entre 20 y 30 SMLV,ZETA,LAMBDA,XI,UPSILON,EMP_000001,,NO,NO,NO,NO,NO
173903,F,46 a 55 años,Entre 1 y 1.5 SMLV,SIGMA,RHO,TAU,ETA,EMP_000001,,NO,NO,NO,NO,NO
173953,M,20 a 35 años,Entre 1 y 1.5 SMLV,SIGMA,LAMBDA,ETA,XI,EMP_000002,,NO,NO,NO,NO,NO
174003,M,20 a 35 años,Entre 1.5 y 2 SMLV,SIGMA,LAMBDA,ETA,ETA,EMP_000001,,NO,NO,NO,NO,NO
174053,F,20 a 35 años,Entre 1 y 1.5 SMLV,SIGMA,LAMBDA,TAU,ETA,EMP_000001,,NO,NO,NO,NO,NO
174103,M,46 a 55 años,Entre 1.5 y 2 SMLV,SIGMA,EPSILON,PI,DELTA,EMP_000001,,NO,NO,NO,NO,NO
174153,F,20 a 35 años,Entre 1 y 1.5 SMLV,SIGMA,IOTA,TAU,ETA,EMP_000001,,NO,NO,NO,NO,NO
174203,M,36 a 45 años,Entre 1.5 y 2 SMLV,SIGMA,EPSILON,PI,ETA,EMP_000001,SOACHA,NO,NO,NO,NO,NO
174253,F,36 a 45 años,Entre 1 y 1.5 SMLV,PI,EPSILON,PI,LAMBDA,EMP_000001,,NO,NO,NO,NO,NO
174303,M,Mayor de 55 años,Entre 1 y 1.5 SMLV,SIGMA,IOTA,PI,DELTA,EMP_000001,,NO,NO,NO,NO,NO
174353,M,36 a 45 años,Entre 2.5 y 3 SMLV,PI,LAMBDA,ETA,XI,EMP_000002,,NO,NO,NO,NO,NO
174403,M,20 a 35 años,Entre 6 y 8 SMLV,ZETA,LAMBDA,ETA,UPSILON,EMP_000001,BOGOTA D.C.,NO,NO,NO,NO,NO
174453,M,20 a 35 años,Entre 1 y 1.5 SMLV,SIGMA,RHO,TAU,ETA,EMP_000001,,NO,NO,NO,NO,NO
174503,M,36 a 45 años,Entre 1 y 1.5 SMLV,SIGMA,EPSILON,TAU,UPSILON,EMP_000001,,NO,NO,NO,NO,NO
174553,M,36 a 45 años,Entre 1 y 1.5 SMLV,SIGMA,RHO,TAU,ETA,EMP_000001,,NO,NO,NO,NO,NO
174603,F,36 a 45 años,Entre 1 y 1.5 SMLV,SIGMA,LAMBDA,TAU,ETA,EMP_000001,,NO,NO,NO,NO,NO
174653,M,20 a 35 años,Entre 1.5 y 2 SMLV,SIGMA,LAMBDA,ETA,UPSILON,EMP_000002,BOGOTA D.C.,NO,NO,NO,NO,NO
174703,F,20 a 35 años,Entre 3 y 4 SMLV,PI,RHO,PI,UPSILON,EMP_000001,MEDELLIN,NO,NO,NO,NO,NO
174753,M,Mayor de 55 años,Entre 1 y 1.5 SMLV,SIGMA,IOTA,PI,ETA,EMP_000001,SOACHA,NO,NO,NO,NO,NO
174803,F,20 a 35 años,Entre 1.5 y 2 SMLV,SIGMA,LAMBDA,ETA,UPSILON,EMP_000001,,NO,NO,NO,NO,NO
174853,F,46 a 55 años,Entre 4 y 6 SMLV,ZETA,RHO,PI,XI,EMP_000002,BOGOTA D.C.,NO,NO,NO,NO,NO
174903,M,36 a 45 años,Menor al SMLV,SIGMA,RHO,TAU,ETA,EMP_000001,BOGOTA D.C.,NO,NO,NO,NO,NO
174953,M,36 a 45 años,Entre 1.5 y 2 SMLV,SIGMA,LAMBDA,PI,DELTA,EMP_000001,,NO,NO,NO,NO,NO
175003,M,46 a 55 años,,MU,THETA,OMEGA,OMICRON,EMP_000001,,NO,NO,NO,NO,NO
175053,M,36 a 45 años,Entre 1 y 1.5 SMLV,SIGMA,RHO,TAU,XI,EMP_000001,BOGOTA D.C.,NO,NO,NO,NO,NO
175103,M,20 a 35 años,Entre 1 y 1.5 SMLV,SIGMA,LAMBDA,TAU,UPSILON,EMP_000001,,NO,NO,NO,NO,NO
175153,F,46 a 55 años,Entre 1 y 1.5 SMLV,SIGMA,RHO,PI,XI,EMP_000002,MOSQUERA,NO,NO,NO,NO,NO
175203,F,20 a 35 años,Entre 1 y 1.5 SMLV,SIGMA,RHO,TAU,OMEGA,EMP_000001,,NO,NO,NO,NO,NO
175253,M,36 a 45 años,Entre 1 y 1.5 SMLV,SIGMA,LAMBDA,ETA,UPSILON,EMP_000001,BOGOTA D.C.,NO,NO,NO,NO,NO
175303,M,36 a 45 años,Menor al SMLV,SIGMA,RHO,TAU,ETA,EMP_000001,BOGOTA D.C.,NO,NO,NO,NO,NO
175353,M,20 a 35 años,Entre 1 y 1.5 SMLV,SIGMA,LAMBDA,TAU,XI,EMP_000002,,NO,NO,NO,NO,NO
175403,M,20 a 35 años,Entre 1 y 1.5 SMLV,SIGMA,LAMBDA,TAU,ETA,EMP_000001,,NO,NO,NO,NO,NO
175453,M,46 a 55 años,Entre 1 y 1.5 SMLV,SIGMA,LAMBDA,PI,UPSILON,EMP_000001,BOGOTA D.C.,NO,NO,NO,NO,NO
175503,M,20 a 35 años,Entre 1 y 1.5 SMLV,SIGMA,LAMBDA,ETA,XI,EMP_000002,,NO,NO,NO,NO,NO
175553,F,36 a 45 años,Entre 4 y 6 SMLV,ZETA,LAMBDA,ETA,UPSILON,EMP_000001,,NO,NO,NO,NO,NO
175603,M,20 a 35 años,Entre 1 y 1.5 SMLV,SIGMA,LAMBDA,ETA,BETA,EMP_000001,,NO,NO,NO,NO,NO
175653,M,36 a 45 años,Entre 1 y 1.5 SMLV,SIGMA,LAMBDA,ETA,UPSILON,EMP_000001,BOGOTA D.C.,NO,NO,NO,NO,NO
175703,M,46 a 55 años,Entre 10 y 20 SMLV,ZETA,RHO,PI,ETA,EMP_000001,BOGOTA D.C.,NO,NO,NO,NO,NO
175753,F,Mayor de 55 años,Entre 1 y 1.5 SMLV,SIGMA,LAMBDA,TAU,UPSILON,EMP_000001,FACATATIVA,NO,NO,NO,NO,NO
175803,M,Mayor de 55 años,Menor al SMLV,SIGMA,RHO,TAU,DELTA,EMP_000001,BOGOTA D.C.,NO,NO,NO,NO,NO
175853,M,36 a 45 años,Menor al SMLV,SIGMA,IOTA,TAU,ETA,EMP_000001,,NO,NO,NO,NO,NO
175903,M,36 a 45 años,Entre 2.5 y 3 SMLV,PI,CHI,PI,UPSILON,EMP_000001,,NO,NO,NO,NO,NO
175953,M,46 a 55 años,Entre 1 y 1.5 SMLV,SIGMA,IOTA,TAU,OMEGA,EMP_000001,BOGOTA D.C.,NO,NO,NO,NO,NO
176003,M,36 a 45 años,Entre 1 y 1.5 SMLV,SIGMA,LAMBDA,TAU,ETA,EMP_000001,,NO,NO,NO,NO,NO
176053,M,20 a 35 años,,MU,THETA,OMEGA,OMICRON,EMP_000001,,NO,NO,NO,NO,NO
176103,M,20 a 35 años,Entre 1 y 1.5 SMLV,SIGMA,LAMBDA,ETA,BETA,EMP_000001,,NO,NO,NO,NO,NO
176153,M,20 a 35 años,Entre 1 y 1.5 SMLV,SIGMA,LAMBDA,ETA,UPSILON,EMP_000001,,NO,NO,NO,NO,NO
176203,M,36 a 45 años,Entre 4 y 6 SMLV,ZETA,IOTA,PI,XI,EMP_000002,BOGOTA D.C.,NO,NO,NO,NO,NO
176253,F,20 a 35 años,Entre 1 y 1.5 SMLV,SIGMA,RHO,TAU,ETA,EMP_000001,GIRARDOT,NO,NO,NO,NO,NO
176303,F,20 a 35 años,Entre 3 y 4 SMLV,PI,LAMBDA,ETA,XI,EMP_000001,,NO,NO,NO,NO,NO
176353,M,20 a 35 años,Entre 2.5 y 3 SMLV,PI,LAMBDA,ETA,XI,EMP_000002,BOGOTA D.C.,NO,NO,NO,NO,NO
176403,M,46 a 55 años,Menor al SMLV,SIGMA,RHO,TAU,ETA,EMP_000001,,NO,NO,NO,NO,NO
176453,M,20 a 35 años,Entre 4 y 6 SMLV,ZETA,LAMBDA,ETA,UPSILON,EMP_000001,SINCELEJO,NO,NO,NO,NO,NO
176503,M,20 a 35 años,Entre 4 y 6 SMLV,ZETA,LAMBDA,ETA,XI,EMP_000002,,NO,NO,NO,NO,NO
176553,M,36 a 45 años,Entre 1 y 1.5 SMLV,SIGMA,EPSILON,TAU,ETA,EMP_000001,,NO,NO,NO,NO,NO
176603,M,36 a 45 años,Entre 1 y 1.5 SMLV,SIGMA,LAMBDA,TAU,UPSILON,EMP_000001,,NO,NO,NO,NO,NO
176653,M,20 a 35 años,,MU,THETA,OMEGA,OMICRON,EMP_000001,,NO,NO,NO,NO,NO
176703,M,46 a 55 años,Entre 1 y 1.5 SMLV,SIGMA,EPSILON,TAU,ETA,EMP_000001,,NO,NO,NO,NO,NO
176753,M,36 a 45 años,Entre 1 y 1.5 SMLV,SIGMA,EPSILON,TAU,UPSILON,EMP_000001,SOACHA,NO,NO,NO,NO,NO
176803,F,20 a 35 años,Entre 1 y 1.5 SMLV,SIGMA,LAMBDA,TAU,XI,EMP_000001,,NO,NO,NO,NO,NO
176853,M,20 a 35 años,Entre 1 y 1.5 SMLV,SIGMA,LAMBDA,ETA,BETA,EMP_000001,,NO,NO,NO,NO,NO
176903,F,46 a 55 años,Entre 1 y 1.5 SMLV,SIGMA,RHO,TAU,ETA,EMP_000001,BOGOTA D.C.,NO,NO,NO,NO,NO
176953,F,46 a 55 años,Menor al SMLV,SIGMA,RHO,TAU,ETA,EMP_000001,,NO,NO,NO,NO,NO
177003,M,20 a 35 años,Entre 1 y 1.5 SMLV,SIGMA,LAMBDA,TAU,UPSILON,EMP_000001,,NO,NO,NO,NO,NO
177053,M,36 a 45 años,Entre 1 y 1.5 SMLV,SIGMA,CHI,PI,XI,EMP_000002,,NO,NO,NO,NO,NO
177103,F,20 a 35 años,,MU,THETA,OMEGA,OMICRON,EMP_000001,,NO,NO,NO,NO,NO
177153,F,36 a 45 años,Entre 1 y 1.5 SMLV,SIGMA,RHO,TAU,ETA,EMP_000001,,NO,NO,NO,NO,NO
177203,F,36 a 45 años,Entre 1.5 y 2 SMLV,SIGMA,LAMBDA,ETA,XI,EMP_000002,,NO,NO,NO,NO,NO
177253,M,20 a 35 años,Entre 1 y 1.5 SMLV,SIGMA,LAMBDA,TAU,XI,EMP_000001,,NO,NO,NO,NO,NO
177303,F,20 a 35 años,Menor al SMLV,SIGMA,RHO,PI,ETA,EMP_000001,CHIA,NO,NO,NO,NO,NO
177353,M,36 a 45 años,Entre 1 y 1.5 SMLV,SIGMA,RHO,PI,XI,EMP_000002,NEMOCON,NO,NO,NO,NO,NO
177403,F,46 a 55 años,Entre 4 y 6 SMLV,ZETA,EPSILON,PI,DELTA,EMP_000001,BOGOTA D.C.,NO,NO,NO,NO,NO
177453,M,46 a 55 años,Menor al SMLV,SIGMA,LAMBDA,TAU,OMEGA,EMP_000001,,NO,NO,NO,NO,NO
177503,M,36 a 45 años,Entre 10 y 20 SMLV,ZETA,LAMBDA,PI,XI,EMP_000002,,NO,NO,NO,NO,NO
177553,F,46 a 55 años,Entre 1 y 1.5 SMLV,SIGMA,RHO,TAU,ETA,EMP_000001,BOGOTA D.C.,NO,NO,NO,NO,NO
177603,F,Mayor de 55 años,Entre 1.5 y 2 SMLV,SIGMA,IOTA,PI,KAPPA,EMP_000001,,NO,NO,NO,NO,NO
177653,M,20 a 35 años,Entre 1 y 1.5 SMLV,SIGMA,LAMBDA,ETA,DELTA,EMP_000001,,NO,NO,NO,NO,NO
177703,M,20 a 35 años,,MU,THETA,OMEGA,OMICRON,EMP_000001,,NO,NO,NO,NO,NO
177753,M,46 a 55 años,Entre 4 y 6 SMLV,ZETA,LAMBDA,PI,XI,EMP_000002,,NO,NO,NO,NO,NO
177803,F,Mayor de 55 años,Entre 1.5 y 2 SMLV,SIGMA,LAMBDA,PI,ETA,EMP_000001,BOGOTA D.C.,NO,NO,NO,NO,NO
177853,F,20 a 35 años,Entre 1 y 1.5 SMLV,SIGMA,LAMBDA,ETA,ETA,EMP_000001,,NO,NO,NO,NO,NO
177903,F,36 a 45 años,Entre 2 y 2.5 SMLV,PI,EPSILON,PI,ETA,EMP_000001,BOGOTA D.C.,NO,NO,NO,NO,NO
177953,M,20 a 35 años,Entre 1 y 1.5 SMLV,SIGMA,LAMBDA,TAU,ETA,EMP_000001,BOGOTA D.C.,NO,NO,NO,NO,NO
178003,M,36 a 45 años,Entre 1 y 1.5 SMLV,SIGMA,CHI,PI,UPSILON,EMP_000001,,NO,NO,NO,NO,NO
178053,F,Mayor de 55 años,Menor al SMLV,SIGMA,LAMBDA,TAU,KAPPA,EMP_000001,FUNZA,NO,NO,NO,NO,NO
178103,F,20 a 35 años,Entre 3 y 4 SMLV,PI,LAMBDA,ETA,XI,EMP_000002,,NO,NO,NO,NO,NO
178153,M,20 a 35 años,Entre 1 y 1.5 SMLV,SIGMA,LAMBDA,TAU,UPSILON,EMP_000001,,NO,NO,NO,NO,NO
178203,F,20 a 35 años,Entre 4 y 6 SMLV,ZETA,LAMBDA,ETA,XI,EMP_000002,BOGOTA D.C.,NO,NO,NO,NO,NO
178253,F,20 a 35 años,Entre 1 y 1.5 SMLV,PI,RHO,TAU,LAMBDA,EMP_000001,,NO,NO,NO,NO,NO
178303,M,Mayor de 55 años,Entre 1.5 y 2 SMLV,PI,EPSILON,PI,XI,EMP_000002,COTA,NO,NO,NO,NO,NO
178353,M,Mayor de 55 años,Entre 1 y 1.5 SMLV,SIGMA,LAMBDA,TAU,DELTA,EMP_000001,BOGOTA D.C.,NO,NO,NO,NO,NO
178403,F,46 a 55 años,Entre 1 y 1.5 SMLV,SIGMA,LAMBDA,TAU,UPSILON,EMP_000001,BOGOTA D.C.,NO,NO,NO,NO,NO
178453,F,20 a 35 años,Entre 1 y 1.5 SMLV,SIGMA,LAMBDA,TAU,XI,EMP_000001,,NO,NO,NO,NO,NO
178503,F,36 a 45 años,Entre 1.5 y 2 SMLV,SIGMA,CHI,PI,ETA,EMP_000001,RICAURTE,NO,NO,NO,NO,NO
178553,M,46 a 55 años,Entre 1 y 1.5 SMLV,SIGMA,EPSILON,TAU,ETA,EMP_000001,BOGOTA D.C.,NO,NO,NO,NO,NO
178603,M,Mayor de 55 años,Menor al SMLV,SIGMA,LAMBDA,TAU,ETA,EMP_000001,,NO,NO,NO,NO,NO
178653,F,46 a 55 años,Entre 3 y 4 SMLV,PI,LAMBDA,PI,UPSILON,EMP_000001,,NO,NO,NO,NO,NO
178703,F,46 a 55 años,Entre 4 y 6 SMLV,ZETA,IOTA,PI,XI,EMP_000001,,NO,NO,NO,NO,NO
178753,F,20 a 35 años,Entre 1 y 1.5 SMLV,SIGMA,LAMBDA,TAU,OMEGA,EMP_000001,,NO,NO,NO,NO,NO
178803,F,20 a 35 años,Entre 1 y 1.5 SMLV,SIGMA,LAMBDA,TAU,XI,EMP_000002,,NO,NO,NO,NO,NO
178853,M,Mayor de 55 años,Entre 1 y 1.5 SMLV,SIGMA,LAMBDA,TAU,ETA,EMP_000001,,NO,NO,NO,NO,NO
178903,M,20 a 35 años,Entre 1 y 1.5 SMLV,SIGMA,LAMBDA,TAU,XI,EMP_000002,,NO,NO,NO,NO,NO
178953,M,Menor de 19 años,,MU,THETA,OMEGA,OMICRON,EMP_000001,,NO,NO,NO,NO,NO
179003,M,20 a 35 años,Entre 1 y 1.5 SMLV,SIGMA,LAMBDA,TAU,ETA,EMP_000001,,NO,NO,NO,NO,NO
179053,F,20 a 35 años,Entre 1 y 1.5 SMLV,SIGMA,RHO,PI,ETA,EMP_000001,BOGOTA D.C.,NO,NO,NO,NO,NO
179103,F,20 a 35 años,Entre 1 y 1.5 SMLV,SIGMA,LAMBDA,TAU,UPSILON,EMP_000001,,NO,NO,NO,NO,NO
179153,F,20 a 35 años,Entre 1 y 1.5 SMLV,SIGMA,RHO,TAU,UPSILON,EMP_000001,,NO,NO,NO,NO,NO
179203,F,36 a 45 años,Entre 2.5 y 3 SMLV,PI,LAMBDA,PI,ETA,EMP_000001,,NO,NO,NO,NO,NO
179253,M,Mayor de 55 años,Entre 1 y 1.5 SMLV,SIGMA,IOTA,TAU,DELTA,EMP_000001,BOGOTA D.C.,NO,NO,NO,NO,NO
179303,M,20 a 35 años,Entre 1 y 1.5 SMLV,SIGMA,LAMBDA,ETA,UPSILON,EMP_000001,,NO,NO,NO,NO,NO
179353,M,36 a 45 años,Menor al SMLV,SIGMA,LAMBDA,TAU,ETA,EMP_000001,,NO,NO,NO,NO,NO
179403,F,20 a 35 años,Entre 1 y 1.5 SMLV,SIGMA,LAMBDA,TAU,ETA,EMP_000001,,NO,NO,NO,NO,NO
179453,M,Mayor de 55 años,Entre 1 y 1.5 SMLV,SIGMA,LAMBDA,PI,ETA,EMP_000001,BOGOTA D.C.,NO,NO,NO,NO,NO
179503,F,36 a 45 años,Menor al SMLV,SIGMA,RHO,TAU,ETA,EMP_000001,,NO,NO,NO,NO,NO
179553,F,Menor de 19 años,Entre 1 y 1.5 SMLV,SIGMA,LAMBDA,TAU,XI,EMP_000001,,NO,NO,NO,NO,NO
179603,M,Mayor de 55 años,Entre 1 y 1.5 SMLV,PI,IOTA,TAU,LAMBDA,EMP_000001,,NO,NO,NO,NO,NO
179653,F,36 a 45 años,Entre 6 y 8 SMLV,ZETA,IOTA,PI,DELTA,EMP_000001,BOGOTA D.C.,NO,NO,NO,NO,NO
179703,M,20 a 35 años,Entre 1 y 1.5 SMLV,SIGMA,LAMBDA,ETA,OMEGA,EMP_000001,,NO,NO,NO,NO,NO
179753,F,46 a 55 años,Entre 1 y 1.5 SMLV,SIGMA,RHO,TAU,UPSILON,EMP_000001,,NO,NO,NO,NO,NO
179803,F,46 a 55 años,Entre 1 y 1.5 SMLV,SIGMA,LAMBDA,TAU,UPSILON,EMP_000001,,NO,NO,NO,NO,NO
179853,M,36 a 45 años,Entre 8 y 10 SMLV,ZETA,RHO,PI,XI,EMP_000002,,NO,NO,NO,NO,NO
179903,M,36 a 45 años,Entre 1 y 1.5 SMLV,SIGMA,LAMBDA,TAU,DELTA,EMP_000001,,NO,NO,NO,NO,NO
179953,M,Mayor de 55 años,Entre 1 y 1.5 SMLV,SIGMA,LAMBDA,TAU,ETA,EMP_000001,,NO,NO,NO,NO,NO
180003,F,20 a 35 años,Entre 2 y 2.5 SMLV,PI,RHO,PI,DELTA,EMP_000001,BOGOTA D.C.,NO,NO,NO,NO,NO
180053,F,20 a 35 años,Entre 1 y 1.5 SMLV,SIGMA,RHO,TAU,XI,EMP_000001,,NO,NO,NO,NO,NO
180103,M,20 a 35 años,Entre 1 y 1.5 SMLV,SIGMA,LAMBDA,ETA,BETA,EMP_000001,,NO,NO,NO,NO,NO
180153,M,20 a 35 años,Entre 1 y 1.5 SMLV,SIGMA,LAMBDA,TAU,XI,EMP_000001,,NO,NO,NO,NO,NO
180203,M,20 a 35 años,,MU,THETA,OMEGA,OMICRON,EMP_000001,,NO,NO,NO,NO,NO
180253,F,46 a 55 años,Entre 3 y 4 SMLV,PI,LAMBDA,PI,XI,EMP_000002,,NO,NO,NO,NO,NO
180303,M,Mayor de 55 años,Entre 1 y 1.5 SMLV,SIGMA,RHO,PI,UPSILON,EMP_000001,,NO,NO,NO,NO,NO
180353,F,36 a 45 años,Entre 1 y 1.5 SMLV,SIGMA,RHO,TAU,UPSILON,EMP_000001,BOGOTA D.C.,NO,NO,NO,NO,NO
180403,F,36 a 45 años,Entre 3 y 4 SMLV,PI,LAMBDA,ETA,XI,EMP_000001,,NO,NO,NO,NO,NO
180453,F,20 a 35 años,Entre 6 y 8 SMLV,ZETA,LAMBDA,ETA,UPSILON,EMP_000001,,NO,NO,NO,NO,NO
180503,M,20 a 35 años,Entre 4 y 6 SMLV,ZETA,LAMBDA,ETA,DELTA,EMP_000001,,NO,NO,NO,NO,NO
180553,M,Mayor de 55 años,Menor al SMLV,SIGMA,IOTA,TAU,DELTA,EMP_000001,,NO,NO,NO,NO,NO
180603,M,46 a 55 años,Entre 3 y 4 SMLV,PI,LAMBDA,PI,UPSILON,EMP_000001,,NO,NO,NO,NO,NO
180653,F,20 a 35 años,Entre 1.5 y 2 SMLV,SIGMA,LAMBDA,ETA,DELTA,EMP_000001,,NO,NO,NO,NO,NO
180703,M,Mayor de 55 años,Entre 1 y 1.5 SMLV,SIGMA,RHO,TAU,UPSILON,EMP_000001,BOGOTA D.C.,NO,NO,NO,NO,NO
180753,F,36 a 45 años,Entre 1 y 1.5 SMLV,SIGMA,LAMBDA,ETA,UPSILON,EMP_000001,,NO,NO,NO,NO,NO
180803,M,36 a 45 años,Entre 1 y 1.5 SMLV,SIGMA,LAMBDA,TAU,ETA,EMP_000001,,NO,NO,NO,NO,NO
180853,F,20 a 35 años,Entre 1 y 1.5 SMLV,SIGMA,LAMBDA,ETA,UPSILON,EMP_000001,,NO,NO,NO,NO,NO
180903,M,20 a 35 años,Entre 1 y 1.5 SMLV,SIGMA,RHO,TAU,DELTA,EMP_000001,BOGOTA D.C.,NO,NO,NO,NO,NO
180953,F,36 a 45 años,Entre 4 y 6 SMLV,ZETA,LAMBDA,PI,UPSILON,EMP_000001,BOGOTA D.C.,NO,NO,NO,NO,NO
181003,M,46 a 55 años,Entre 1.5 y 2 SMLV,SIGMA,IOTA,PI,UPSILON,EMP_000001,,NO,NO,NO,NO,NO
181053,F,36 a 45 años,Entre 1 y 1.5 SMLV,SIGMA,RHO,PI,ETA,EMP_000001,BOGOTA D.C.,NO,NO,NO,NO,NO
181103,M,46 a 55 años,Entre 2 y 2.5 SMLV,PI,IOTA,PI,XI,EMP_000002,,NO,NO,NO,NO,NO
181153,F,46 a 55 años,Entre 20 y 30 SMLV,ZETA,LAMBDA,XI,XI,EMP_000001,,NO,NO,NO,NO,NO
181203,M,20 a 35 años,Entre 1 y 1.5 SMLV,SIGMA,LAMBDA,TAU,ETA,EMP_000001,BOGOTA D.C.,NO,NO,NO,NO,NO
181253,M,20 a 35 años,Entre 1 y 1.5 SMLV,SIGMA,LAMBDA,TAU,XI,EMP_000001,,NO,NO,NO,NO,NO
181303,F,36 a 45 años,Entre 1 y 1.5 SMLV,SIGMA,LAMBDA,TAU,ETA,EMP_000001,,NO,NO,NO,NO,NO
181353,F,20 a 35 años,Entre 3 y 4 SMLV,PI,LAMBDA,ETA,UPSILON,EMP_000001,BOGOTA D.C.,NO,NO,NO,NO,NO
181403,M,36 a 45 años,Menor al SMLV,SIGMA,RHO,TAU,DELTA,EMP_000001,,NO,NO,NO,NO,NO
181453,M,20 a 35 años,Entre 1 y 1.5 SMLV,SIGMA,LAMBDA,TAU,ETA,EMP_000001,,NO,NO,NO,NO,NO
181503,F,Mayor de 55 años,Entre 1 y 1.5 SMLV,SIGMA,RHO,TAU,DELTA,EMP_000001,BOGOTA D.C.,NO,NO,NO,NO,NO
181553,M,36 a 45 años,Entre 10 y 20 SMLV,ZETA,LAMBDA,PI,UPSILON,EMP_000001,BOGOTA D.C.,NO,NO,NO,NO,NO
181603,M,20 a 35 años,Entre 1 y 1.5 SMLV,SIGMA,LAMBDA,ETA,DELTA,EMP_000001,,NO,NO,NO,NO,NO
181653,F,46 a 55 años,Entre 1 y 1.5 SMLV,SIGMA,IOTA,PI,ETA,EMP_000001,BOGOTA D.C.,NO,NO,NO,NO,NO
181703,F,20 a 35 años,Entre 1 y 1.5 SMLV,SIGMA,RHO,TAU,DELTA,EMP_000001,BOGOTA D.C.,NO,NO,NO,NO,NO
181753,M,20 a 35 años,Entre 1 y 1.5 SMLV,SIGMA,RHO,PI,ETA,EMP_000001,BOGOTA D.C.,NO,NO,NO,NO,NO
181803,M,36 a 45 años,Entre 1 y 1.5 SMLV,SIGMA,LAMBDA,ETA,BETA,EMP_000001,,NO,NO,NO,NO,NO
181853,M,36 a 45 años,Entre 2 y 2.5 SMLV,PI,LAMBDA,PI,UPSILON,EMP_000001,BOGOTA D.C.,NO,NO,NO,NO,NO
181903,M,20 a 35 años,Entre 1 y 1.5 SMLV,SIGMA,LAMBDA,ETA,ETA,EMP_000001,BOGOTA D.C.,NO,NO,NO,NO,NO
181953,F,20 a 35 años,Entre 1 y 1.5 SMLV,SIGMA,RHO,TAU,UPSILON,EMP_000001,,NO,NO,NO,NO,NO
182003,M,36 a 45 años,Entre 1 y 1.5 SMLV,SIGMA,LAMBDA,PI,UPSILON,EMP_000001,,NO,NO,NO,NO,NO
182053,F,36 a 45 años,Entre 1 y 1.5 SMLV,PI,LAMBDA,PI,ETA,EMP_000001,,NO,NO,NO,NO,NO
182103,M,20 a 35 años,Menor al SMLV,SIGMA,LAMBDA,TAU,XI,EMP_000002,,NO,NO,NO,NO,NO
182153,M,20 a 35 años,Entre 1 y 1.5 SMLV,SIGMA,LAMBDA,TAU,UPSILON,EMP_000001,,NO,NO,NO,NO,NO
182203,F,20 a 35 años,Entre 1 y 1.5 SMLV,SIGMA,LAMBDA,ETA,DELTA,EMP_000001,,NO,NO,NO,NO,NO
182253,M,36 a 45 años,Entre 1 y 1.5 SMLV,SIGMA,LAMBDA,ETA,BETA,EMP_000001,,NO,NO,NO,NO,NO
182303,M,20 a 35 años,Entre 1 y 1.5 SMLV,SIGMA,EPSILON,TAU,ETA,EMP_000001,,NO,NO,NO,NO,NO
182353,F,20 a 35 años,Entre 1.5 y 2 SMLV,SIGMA,RHO,PI,UPSILON,EMP_000001,,NO,NO,NO,NO,NO
182403,M,36 a 45 años,Entre 2.5 y 3 SMLV,PI,LAMBDA,ETA,UPSILON,EMP_000001,,NO,NO,NO,NO,NO
182453,M,Mayor de 55 años,Entre 1 y 1.5 SMLV,SIGMA,IOTA,PI,KAPPA,EMP_000001,,NO,NO,NO,NO,NO
182503,F,20 a 35 años,Entre 1 y 1.5 SMLV,SIGMA,IOTA,PI,UPSILON,EMP_000001,,NO,NO,NO,NO,NO
182553,F,20 a 35 años,Menor al SMLV,SIGMA,RHO,TAU,OMEGA,EMP_000001,,NO,NO,NO,NO,NO
182603,M,20 a 35 años,,MU,THETA,OMEGA,OMICRON,EMP_000001,,NO,NO,NO,NO,NO
182653,F,36 a 45 años,Entre 1 y 1.5 SMLV,SIGMA,RHO,TAU,ETA,EMP_000001,BOGOTA D.C.,NO,NO,NO,NO,NO
182703,F,20 a 35 años,Entre 1 y 1.5 SMLV,SIGMA,LAMBDA,ETA,XI,EMP_000002,GIRARDOT,NO,NO,NO,NO,NO
182753,M,20 a 35 años,Entre 1 y 1.5 SMLV,SIGMA,LAMBDA,TAU,DELTA,EMP_000001,,NO,NO,NO,NO,NO
182803,F,20 a 35 años,Entre 1 y 1.5 SMLV,SIGMA,RHO,PI,UPSILON,EMP_000001,MOSQUERA,NO,NO,NO,NO,NO
182853,M,20 a 35 años,Entre 1 y 1.5 SMLV,SIGMA,LAMBDA,TAU,ETA,EMP_000001,BOGOTA D.C.,NO,NO,NO,NO,NO
182903,M,Mayor de 55 años,Entre 1 y 1.5 SMLV,SIGMA,LAMBDA,TAU,ETA,EMP_000001,,NO,NO,NO,NO,NO
182953,F,Mayor de 55 años,Entre 1 y 1.5 SMLV,SIGMA,IOTA,TAU,XI,EMP_000002,BOGOTA D.C.,NO,NO,NO,NO,NO
183003,F,36 a 45 años,Entre 1 y 1.5 SMLV,SIGMA,LAMBDA,TAU,ETA,EMP_000001,,NO,NO,NO,NO,NO
183053,F,20 a 35 años,Entre 1 y 1.5 SMLV,SIGMA,LAMBDA,TAU,ETA,EMP_000001,,NO,NO,NO,NO,NO
183103,M,Mayor de 55 años,Entre 1 y 1.5 SMLV,SIGMA,LAMBDA,PI,UPSILON,EMP_000001,MADRID,NO,NO,NO,NO,NO
183153,F,20 a 35 años,Entre 1 y 1.5 SMLV,SIGMA,RHO,TAU,XI,EMP_000002,,NO,NO,NO,NO,NO
183203,M,20 a 35 años,Entre 1 y 1.5 SMLV,SIGMA,LAMBDA,ETA,BETA,EMP_000001,,NO,NO,NO,NO,NO
183253,F,20 a 35 años,Entre 1 y 1.5 SMLV,SIGMA,LAMBDA,ETA,BETA,EMP_000001,,NO,NO,NO,NO,NO
183303,F,36 a 45 años,Entre 1 y 1.5 SMLV,SIGMA,RHO,TAU,OMEGA,EMP_000001,BOGOTA D.C.,NO,NO,NO,NO,NO
183353,M,20 a 35 años,Entre 1 y 1.5 SMLV,SIGMA,RHO,TAU,ETA,EMP_000001,,NO,NO,NO,NO,NO
183403,F,20 a 35 años,Menor al SMLV,SIGMA,EPSILON,TAU,OMEGA,EMP_000001,,NO,NO,NO,NO,NO
183453,M,20 a 35 años,Menor al SMLV,SIGMA,LAMBDA,TAU,OMEGA,EMP_000001,,NO,NO,NO,NO,NO
183503,M,20 a 35 años,Entre 3 y 4 SMLV,PI,LAMBDA,ETA,XI,EMP_000002,,NO,NO,NO,NO,NO
183553,F,20 a 35 años,Entre 1 y 1.5 SMLV,SIGMA,LAMBDA,TAU,ETA,EMP_000001,,NO,NO,NO,NO,NO
183603,M,20 a 35 años,Entre 1 y 1.5 SMLV,SIGMA,LAMBDA,TAU,ETA,EMP_000001,,NO,NO,NO,NO,NO
183653,M,36 a 45 años,Entre 1 y 1.5 SMLV,SIGMA,RHO,TAU,DELTA,EMP_000001,,NO,NO,NO,NO,NO
183703,M,20 a 35 años,Entre 1 y 1.5 SMLV,SIGMA,LAMBDA,TAU,XI,EMP_000002,,NO,NO,NO,NO,NO
183753,M,46 a 55 años,Entre 1 y 1.5 SMLV,SIGMA,IOTA,TAU,OMEGA,EMP_000001,BOGOTA D.C.,NO,NO,NO,NO,NO
183803,M,20 a 35 años,Entre 1 y 1.5 SMLV,SIGMA,LAMBDA,ETA,UPSILON,EMP_000001,,NO,NO,NO,NO,NO
183853,M,46 a 55 años,Entre 1 y 1.5 SMLV,SIGMA,LAMBDA,TAU,ETA,EMP_000001,BOGOTA D.C.,NO,NO,NO,NO,NO
183903,F,20 a 35 años,Entre 2.5 y 3 SMLV,PI,LAMBDA,ETA,DELTA,EMP_000001,BOGOTA D.C.,NO,NO,NO,NO,NO
183953,M,36 a 45 años,Entre 1 y 1.5 SMLV,SIGMA,LAMBDA,TAU,UPSILON,EMP_000001,BOGOTA D.C.,NO,NO,NO,NO,NO
184003,M,36 a 45 años,Entre 1 y 1.5 SMLV,SIGMA,EPSILON,TAU,DELTA,EMP_000001,TOCANCIPA,NO,NO,NO,NO,NO
184053,F,20 a 35 años,Entre 1 y 1.5 SMLV,SIGMA,LAMBDA,ETA,UPSILON,EMP_000001,,NO,NO,NO,NO,NO
184103,F,46 a 55 años,Entre 20 y 30 SMLV,ZETA,LAMBDA,XI,XI,EMP_000002,,NO,NO,NO,NO,NO
184153,F,20 a 35 años,Entre 1 y 1.5 SMLV,SIGMA,EPSILON,PI,ETA,EMP_000001,BOGOTA D.C.,NO,NO,NO,NO,NO
184203,M,Mayor de 55 años,Entre 1 y 1.5 SMLV,SIGMA,RHO,TAU,OMEGA,EMP_000001,GIRARDOT,NO,NO,NO,NO,NO
184253,M,46 a 55 años,Entre 1 y 1.5 SMLV,SIGMA,EPSILON,TAU,UPSILON,EMP_000001,,NO,NO,NO,NO,NO
184303,F,36 a 45 años,Entre 1 y 1.5 SMLV,SIGMA,EPSILON,TAU,ETA,EMP_000001,,NO,NO,NO,NO,NO
184353,F,Mayor de 55 años,Menor al SMLV,SIGMA,LAMBDA,TAU,ETA,EMP_000001,,NO,NO,NO,NO,NO
184403,M,20 a 35 años,Entre 1 y 1.5 SMLV,SIGMA,LAMBDA,ETA,UPSILON,EMP_000001,SOACHA,NO,NO,NO,NO,NO
184453,F,46 a 55 años,Entre 1 y 1.5 SMLV,SIGMA,LAMBDA,TAU,DELTA,EMP_000001,,NO,NO,NO,NO,NO
184503,M,20 a 35 años,Entre 1 y 1.5 SMLV,SIGMA,LAMBDA,TAU,ETA,EMP_000001,BOGOTA D.C.,NO,NO,NO,NO,NO
184553,M,20 a 35 años,Entre 1 y 1.5 SMLV,SIGMA,LAMBDA,TAU,UPSILON,EMP_000001,,NO,NO,NO,NO,NO
184603,M,20 a 35 años,Entre 1 y 1.5 SMLV,SIGMA,LAMBDA,TAU,UPSILON,EMP_000001,,NO,NO,NO,NO,NO
184653,F,46 a 55 años,Entre 1 y 1.5 SMLV,SIGMA,LAMBDA,TAU,ETA,EMP_000001,BOGOTA D.C.,NO,NO,NO,NO,NO
184703,F,20 a 35 años,Entre 1 y 1.5 SMLV,SIGMA,RHO,TAU,DELTA,EMP_000001,,NO,NO,NO,NO,NO
184753,F,36 a 45 años,Entre 2 y 2.5 SMLV,PI,LAMBDA,ETA,XI,EMP_000002,BOGOTA D.C.,NO,NO,NO,NO,NO
184803,F,46 a 55 años,Entre 1 y 1.5 SMLV,SIGMA,RHO,PI,PSI,EMP_000001,BOGOTA D.C.,NO,NO,NO,NO,NO
184853,M,20 a 35 años,Entre 1 y 1.5 SMLV,SIGMA,LAMBDA,ETA,BETA,EMP_000001,,NO,NO,NO,NO,NO
184903,M,20 a 35 años,Entre 1 y 1.5 SMLV,SIGMA,LAMBDA,ETA,BETA,EMP_000001,,NO,NO,NO,NO,NO
184953,M,20 a 35 años,Entre 1 y 1.5 SMLV,SIGMA,RHO,TAU,ETA,EMP_000001,,NO,NO,NO,NO,NO
185003,M,Mayor de 55 años,Entre 1 y 1.5 SMLV,SIGMA,LAMBDA,TAU,DELTA,EMP_000001,BOGOTA D.C.,NO,NO,NO,NO,NO
185053,M,20 a 35 años,Entre 1 y 1.5 SMLV,SIGMA,LAMBDA,TAU,ETA,EMP_000001,,NO,NO,NO,NO,NO
185103,F,46 a 55 años,Entre 1 y 1.5 SMLV,SIGMA,RHO,TAU,UPSILON,EMP_000001,,NO,NO,NO,NO,NO
185153,F,36 a 45 años,Entre 2 y 2.5 SMLV,PI,LAMBDA,ETA,UPSILON,EMP_000001,,NO,NO,NO,NO,NO
185203,M,20 a 35 años,,MU,THETA,OMEGA,OMICRON,EMP_000001,,NO,NO,NO,NO,NO
185253,F,46 a 55 años,Entre 1 y 1.5 SMLV,SIGMA,LAMBDA,TAU,KAPPA,EMP_000001,,NO,NO,NO,NO,NO
185303,M,36 a 45 años,Entre 2.5 y 3 SMLV,PI,LAMBDA,ETA,UPSILON,EMP_000001,BOGOTA D.C.,NO,NO,NO,NO,NO
185353,M,20 a 35 años,Entre 2 y 2.5 SMLV,SIGMA,LAMBDA,ETA,UPSILON,EMP_000001,,NO,NO,NO,NO,NO
185403,M,20 a 35 años,Entre 1 y 1.5 SMLV,SIGMA,RHO,TAU,XI,EMP_000002,BOGOTA D.C.,NO,NO,NO,NO,NO
185453,M,36 a 45 años,Entre 1 y 1.5 SMLV,SIGMA,LAMBDA,ETA,BETA,EMP_000001,,NO,NO,NO,NO,NO
185503,M,36 a 45 años,Entre 1.5 y 2 SMLV,SIGMA,EPSILON,PI,ETA,EMP_000001,BOGOTA D.C.,NO,NO,NO,NO,NO
185553,M,Mayor de 55 años,Entre 1.5 y 2 SMLV,SIGMA,IOTA,PI,KAPPA,EMP_000001,BOGOTA D.C.,NO,NO,NO,NO,NO
185603,F,20 a 35 años,Entre 1 y 1.5 SMLV,SIGMA,LAMBDA,ETA,DELTA,EMP_000001,SOACHA,NO,NO,NO,NO,NO
185653,M,36 a 45 años,Entre 1 y 1.5 SMLV,SIGMA,RHO,PI,DELTA,EMP_000001,,NO,NO,NO,NO,NO
185703,M,36 a 45 años,Entre 1 y 1.5 SMLV,SIGMA,RHO,TAU,ETA,EMP_000001,SOACHA,NO,NO,NO,NO,NO
185753,M,20 a 35 años,Menor al SMLV,SIGMA,LAMBDA,TAU,UPSILON,EMP_000001,,NO,NO,NO,NO,NO
185803,F,36 a 45 años,Entre 1 y 1.5 SMLV,SIGMA,RHO,TAU,ETA,EMP_000001,BOGOTA D.C.,NO,NO,NO,NO,NO
185853,F,46 a 55 años,Entre 1 y 1.5 SMLV,SIGMA,RHO,TAU,ETA,EMP_000001,BOGOTA D.C.,NO,NO,NO,NO,NO
185903,M,36 a 45 años,Entre 2 y 2.5 SMLV,PI,RHO,PI,UPSILON,EMP_000001,BOGOTA D.C.,NO,NO,NO,NO,NO
185953,M,46 a 55 años,Entre 4 y 6 SMLV,ZETA,LAMBDA,PI,XI,EMP_000001,BOGOTA D.C.,NO,NO,NO,NO,NO
186003,M,Mayor de 55 años,Entre 1 y 1.5 SMLV,SIGMA,IOTA,PI,UPSILON,EMP_000001,BOGOTA D.C.,NO,NO,NO,NO,NO
186053,M,20 a 35 años,Menor al SMLV,SIGMA,LAMBDA,TAU,ETA,EMP_000001,,NO,NO,NO,NO,NO
186103,M,20 a 35 años,Entre 1 y 1.5 SMLV,SIGMA,LAMBDA,TAU,XI,EMP_000001,,NO,NO,NO,NO,NO
186153,F,36 a 45 años,Entre 1 y 1.5 SMLV,SIGMA,LAMBDA,TAU,XI,EMP_000002,BOGOTA D.C.,NO,NO,NO,NO,NO
186203,F,Mayor de 55 años,Entre 1 y 1.5 SMLV,SIGMA,LAMBDA,PI,OMEGA,EMP_000001,BOGOTA D.C.,NO,NO,NO,NO,NO
186253,F,Mayor de 55 años,Entre 1 y 1.5 SMLV,SIGMA,LAMBDA,TAU,BETA,EMP_000001,,NO,NO,NO,NO,NO
186303,F,20 a 35 años,Entre 1.5 y 2 SMLV,SIGMA,LAMBDA,ETA,XI,EMP_000002,,NO,NO,NO,NO,NO
186353,M,20 a 35 años,Entre 1 y 1.5 SMLV,SIGMA,LAMBDA,ETA,BETA,EMP_000001,,NO,NO,NO,NO,NO
186403,M,36 a 45 años,Entre 6 y 8 SMLV,ZETA,LAMBDA,ETA,DELTA,EMP_000001,BOGOTA D.C.,NO,NO,NO,NO,NO
186453,F,36 a 45 años,Entre 1 y 1.5 SMLV,SIGMA,LAMBDA,TAU,ETA,EMP_000001,,NO,NO,NO,NO,NO
186503,M,36 a 45 años,Entre 1 y 1.5 SMLV,SIGMA,LAMBDA,PI,UPSILON,EMP_000001,,NO,NO,NO,NO,NO
186553,M,20 a 35 años,Entre 1 y 1.5 SMLV,SIGMA,LAMBDA,TAU,ETA,EMP_000001,,NO,NO,NO,NO,NO
186603,F,20 a 35 años,Entre 1 y 1.5 SMLV,SIGMA,RHO,TAU,ETA,EMP_000001,,NO,NO,NO,NO,NO
186653,M,20 a 35 años,Entre 1 y 1.5 SMLV,SIGMA,RHO,TAU,XI,EMP_000002,,NO,NO,NO,NO,NO
186703,M,20 a 35 años,Entre 1 y 1.5 SMLV,SIGMA,LAMBDA,TAU,UPSILON,EMP_000001,,NO,NO,NO,NO,NO
186753,F,46 a 55 años,Entre 10 y 20 SMLV,ZETA,LAMBDA,PI,PSI,EMP_000001,,NO,NO,NO,NO,NO
186803,M,46 a 55 años,Entre 2 y 2.5 SMLV,PI,LAMBDA,PI,UPSILON,EMP_000001,,NO,NO,NO,NO,NO
186853,F,46 a 55 años,Entre 1 y 1.5 SMLV,SIGMA,RHO,TAU,ETA,EMP_000001,,NO,NO,NO,NO,NO
186903,M,36 a 45 años,Entre 4 y 6 SMLV,ZETA,LAMBDA,ETA,DELTA,EMP_000001,BOGOTA D.C.,NO,NO,NO,NO,NO
186953,F,36 a 45 años,Entre 2.5 y 3 SMLV,PI,RHO,PI,XI,EMP_000002,SOACHA,NO,NO,NO,NO,NO
187003,F,Menor de 19 años,Entre 1 y 1.5 SMLV,SIGMA,LAMBDA,ETA,ETA,EMP_000001,,NO,NO,NO,NO,NO
187053,M,20 a 35 años,Entre 1 y 1.5 SMLV,SIGMA,LAMBDA,ETA,BETA,EMP_000001,,NO,NO,NO,NO,NO
187103,M,20 a 35 años,Entre 1 y 1.5 SMLV,SIGMA,LAMBDA,TAU,UPSILON,EMP_000001,,NO,NO,NO,NO,NO
187153,M,46 a 55 años,Entre 1 y 1.5 SMLV,SIGMA,RHO,TAU,UPSILON,EMP_000001,SOACHA,NO,NO,NO,NO,NO
187203,M,46 a 55 años,Entre 1 y 1.5 SMLV,SIGMA,LAMBDA,PI,UPSILON,EMP_000001,BOGOTA D.C.,NO,NO,NO,NO,NO
187253,F,20 a 35 años,Entre 1 y 1.5 SMLV,SIGMA,LAMBDA,TAU,XI,EMP_000002,,NO,NO,NO,NO,NO
187303,M,Mayor de 55 años,Entre 2.5 y 3 SMLV,SIGMA,LAMBDA,PI,KAPPA,EMP_000001,BOGOTA D.C.,NO,NO,NO,NO,NO
187353,M,46 a 55 años,Entre 2 y 2.5 SMLV,PI,LAMBDA,PI,XI,EMP_000002,BOGOTA D.C.,NO,NO,NO,NO,NO
187403,F,36 a 45 años,Menor al SMLV,SIGMA,RHO,TAU,ETA,EMP_000001,BOGOTA D.C.,NO,NO,NO,NO,NO
187453,F,46 a 55 años,Entre 1 y 1.5 SMLV,SIGMA,IOTA,TAU,ETA,EMP_000001,SUESCA,NO,NO,NO,NO,NO
187503,M,36 a 45 años,Entre 1 y 1.5 SMLV,SIGMA,RHO,PI,UPSILON,EMP_000001,,NO,NO,NO,NO,NO
187553,M,46 a 55 años,Entre 1 y 1.5 SMLV,SIGMA,EPSILON,TAU,DELTA,EMP_000001,BOGOTA D.C.,NO,NO,NO,NO,NO
187603,M,Mayor de 55 años,Menor al SMLV,SIGMA,IOTA,TAU,KAPPA,EMP_000001,BOGOTA D.C.,NO,NO,NO,NO,NO
187653,M,20 a 35 años,Entre 1 y 1.5 SMLV,SIGMA,LAMBDA,ETA,BETA,EMP_000001,,NO,NO,NO,NO,NO
187703,F,20 a 35 años,Entre 1 y 1.5 SMLV,SIGMA,LAMBDA,ETA,ETA,EMP_000001,BOGOTA D.C.,NO,NO,NO,NO,NO
187753,M,20 a 35 años,Entre 1 y 1.5 SMLV,SIGMA,LAMBDA,TAU,ETA,EMP_000001,BOGOTA D.C.,NO,NO,NO,NO,NO
187803,F,Menor de 19 años,Entre 1 y 1.5 SMLV,SIGMA,LAMBDA,ETA,ETA,EMP_000001,,NO,NO,NO,NO,NO
187853,M,36 a 45 años,Entre 3 y 4 SMLV,PI,LAMBDA,ETA,UPSILON,EMP_000001,,NO,NO,NO,NO,NO
187903,M,20 a 35 años,Entre 3 y 4 SMLV,PI,LAMBDA,ETA,XI,EMP_000001,SOACHA,NO,NO,NO,NO,NO
187953,F,20 a 35 años,Entre 1 y 1.5 SMLV,SIGMA,RHO,TAU,DELTA,EMP_000001,,NO,NO,NO,NO,NO
188003,F,20 a 35 años,Entre 1 y 1.5 SMLV,SIGMA,LAMBDA,ETA,BETA,EMP_000001,,NO,NO,NO,NO,NO
188053,M,Mayor de 55 años,Entre 1 y 1.5 SMLV,SIGMA,LAMBDA,TAU,ETA,EMP_000001,,NO,NO,NO,NO,NO
188103,M,46 a 55 años,Entre 2 y 2.5 SMLV,PI,LAMBDA,PI,UPSILON,EMP_000001,BOGOTA D.C.,NO,NO,NO,NO,NO
188153,F,20 a 35 años,Entre 1 y 1.5 SMLV,PI,RHO,TAU,LAMBDA,EMP_000001,SUESCA,NO,NO,NO,NO,NO
188203,F,46 a 55 años,Entre 1 y 1.5 SMLV,SIGMA,IOTA,TAU,KAPPA,EMP_000001,,NO,NO,NO,NO,NO
188253,M,Mayor de 55 años,Entre 1 y 1.5 SMLV,SIGMA,IOTA,TAU,KAPPA,EMP_000001,BOGOTA D.C.,NO,NO,NO,NO,NO
188303,M,20 a 35 años,Entre 1 y 1.5 SMLV,SIGMA,LAMBDA,TAU,DELTA,EMP_000001,,NO,NO,NO,NO,NO
188353,M,36 a 45 años,Entre 1 y 1.5 SMLV,SIGMA,EPSILON,TAU,ETA,EMP_000001,BOGOTA D.C.,NO,NO,NO,NO,NO
188403,F,46 a 55 años,Entre 2 y 2.5 SMLV,PI,EPSILON,PI,XI,EMP_000002,BOGOTA D.C.,NO,NO,NO,NO,NO
188453,M,Mayor de 55 años,Menor al SMLV,SIGMA,LAMBDA,TAU,ETA,EMP_000001,,NO,NO,NO,NO,NO
188503,M,20 a 35 años,,MU,THETA,OMEGA,OMICRON,EMP_000001,,NO,NO,NO,NO,NO
188553,M,36 a 45 años,Entre 1 y 1.5 SMLV,SIGMA,RHO,TAU,UPSILON,EMP_000001,BOGOTA D.C.,NO,NO,NO,NO,NO
188603,F,20 a 35 años,Entre 1 y 1.5 SMLV,SIGMA,EPSILON,TAU,PSI,EMP_000001,,NO,NO,NO,NO,NO
188653,F,20 a 35 años,Entre 1 y 1.5 SMLV,SIGMA,LAMBDA,TAU,XI,EMP_000002,,NO,NO,NO,NO,NO
188703,F,36 a 45 años,Entre 1 y 1.5 SMLV,SIGMA,RHO,TAU,UPSILON,EMP_000001,,NO,NO,NO,NO,NO
188753,M,46 a 55 años,Entre 1 y 1.5 SMLV,SIGMA,LAMBDA,TAU,UPSILON,EMP_000001,BOGOTA D.C.,NO,NO,NO,NO,NO
188803,F,20 a 35 años,Entre 1 y 1.5 SMLV,SIGMA,LAMBDA,ETA,DELTA,EMP_000001,,NO,NO,NO,NO,NO
188853,F,Mayor de 55 años,Entre 1 y 1.5 SMLV,SIGMA,LAMBDA,PI,DELTA,EMP_000001,,NO,NO,NO,NO,NO
188903,F,20 a 35 años,Entre 1 y 1.5 SMLV,SIGMA,LAMBDA,TAU,ETA,EMP_000001,,NO,NO,NO,NO,NO
188953,M,20 a 35 años,Entre 1 y 1.5 SMLV,SIGMA,IOTA,TAU,ETA,EMP_000001,,NO,NO,NO,NO,NO
189003,F,46 a 55 años,Entre 3 y 4 SMLV,PI,RHO,PI,LAMBDA,EMP_000001,BOGOTA D.C.,NO,NO,NO,NO,NO
189053,M,20 a 35 años,Menor al SMLV,SIGMA,LAMBDA,TAU,ETA,EMP_000001,BOGOTA D.C.,NO,NO,NO,NO,NO
189103,F,46 a 55 años,Entre 1 y 1.5 SMLV,SIGMA,RHO,PI,UPSILON,EMP_000001,,NO,NO,NO,NO,NO
189153,M,20 a 35 años,Entre 1 y 1.5 SMLV,PI,LAMBDA,TAU,LAMBDA,EMP_000001,,NO,NO,NO,NO,NO
189203,M,Menor de 19 años,Entre 1 y 1.5 SMLV,SIGMA,LAMBDA,TAU,DELTA,EMP_000001,,NO,NO,NO,NO,NO
189253,F,20 a 35 años,Entre 1 y 1.5 SMLV,SIGMA,LAMBDA,TAU,UPSILON,EMP_000001,BOGOTA D.C.,NO,NO,NO,NO,NO
189303,F,36 a 45 años,Entre 1 y 1.5 SMLV,SIGMA,RHO,TAU,ETA,EMP_000001,TOCANCIPA,NO,NO,NO,NO,NO
189353,M,20 a 35 años,Entre 1 y 1.5 SMLV,SIGMA,LAMBDA,TAU,ETA,EMP_000001,,NO,NO,NO,NO,NO
189403,F,20 a 35 años,Entre 6 y 8 SMLV,ZETA,RHO,PI,XI,EMP_000002,BOGOTA D.C.,NO,NO,NO,NO,NO
189453,F,46 a 55 años,Entre 6 y 8 SMLV,ZETA,LAMBDA,PI,UPSILON,EMP_000001,,NO,NO,NO,NO,NO
189503,M,20 a 35 años,Entre 6 y 8 SMLV,ZETA,LAMBDA,ETA,UPSILON,EMP_000001,BOGOTA D.C.,NO,NO,NO,NO,NO
189553,F,20 a 35 años,Entre 1 y 1.5 SMLV,SIGMA,LAMBDA,TAU,ETA,EMP_000001,SOACHA,NO,NO,NO,NO,NO
189603,M,46 a 55 años,Menor al SMLV,SIGMA,RHO,TAU,ETA,EMP_000001,,NO,NO,NO,NO,NO
189653,M,Mayor de 55 años,Menor al SMLV,SIGMA,LAMBDA,TAU,ETA,EMP_000001,BOGOTA D.C.,NO,NO,NO,NO,NO
189703,M,46 a 55 años,Entre 2 y 2.5 SMLV,PI,EPSILON,PI,ETA,EMP_000001,FACATATIVA,NO,NO,NO,NO,NO
189753,F,20 a 35 años,Entre 1 y 1.5 SMLV,SIGMA,RHO,TAU,DELTA,EMP_000001,BOGOTA D.C.,NO,NO,NO,NO,NO
189803,F,36 a 45 años,Entre 1 y 1.5 SMLV,SIGMA,CHI,TAU,ETA,EMP_000001,BOGOTA D.C.,NO,NO,NO,NO,NO
189853,M,36 a 45 años,Entre 1 y 1.5 SMLV,SIGMA,RHO,TAU,ETA,EMP_000001,,NO,NO,NO,NO,NO
189903,M,20 a 35 años,Entre 1 y 1.5 SMLV,SIGMA,LAMBDA,TAU,XI,EMP_000002,,NO,NO,NO,NO,NO
189953,M,Mayor de 55 años,Entre 1 y 1.5 SMLV,SIGMA,EPSILON,TAU,UPSILON,EMP_000001,FUNZA,NO,NO,NO,NO,NO
190003,F,46 a 55 años,Entre 1 y 1.5 SMLV,SIGMA,RHO,TAU,XI,EMP_000001,,NO,NO,NO,NO,NO
190053,F,46 a 55 años,Entre 2.5 y 3 SMLV,PI,LAMBDA,PI,XI,EMP_000002,,NO,NO,NO,NO,NO
190103,F,36 a 45 años,Entre 1 y 1.5 SMLV,SIGMA,EPSILON,TAU,DELTA,EMP_000001,,NO,NO,NO,NO,NO
190153,F,Mayor de 55 años,Menor al SMLV,SIGMA,LAMBDA,TAU,KAPPA,EMP_000001,BOGOTA D.C.,NO,NO,NO,NO,NO
190203,F,20 a 35 años,Entre 1 y 1.5 SMLV,SIGMA,LAMBDA,TAU,ETA,EMP_000001,BOGOTA D.C.,NO,NO,NO,NO,NO
190253,F,46 a 55 años,Entre 1 y 1.5 SMLV,SIGMA,LAMBDA,TAU,ETA,EMP_000001,,NO,NO,NO,NO,NO
190303,F,36 a 45 años,Entre 1 y 1.5 SMLV,SIGMA,LAMBDA,TAU,UPSILON,EMP_000001,,NO,NO,NO,NO,NO
190353,F,20 a 35 años,Entre 1 y 1.5 SMLV,SIGMA,LAMBDA,ETA,UPSILON,EMP_000001,,NO,NO,NO,NO,NO
190403,F,36 a 45 años,Entre 1 y 1.5 SMLV,SIGMA,RHO,TAU,XI,EMP_000002,,NO,NO,NO,NO,NO
190453,M,36 a 45 años,Entre 1.5 y 2 SMLV,SIGMA,LAMBDA,PI,UPSILON,EMP_000001,,NO,NO,NO,NO,NO
190503,M,20 a 35 años,Entre 1 y 1.5 SMLV,SIGMA,LAMBDA,ETA,XI,EMP_000001,,NO,NO,NO,NO,NO
190553,M,20 a 35 años,Entre 3 y 4 SMLV,ZETA,LAMBDA,ETA,ETA,EMP_000001,,NO,NO,NO,NO,NO
190603,M,Mayor de 55 años,Entre 1 y 1.5 SMLV,SIGMA,IOTA,TAU,DELTA,EMP_000001,BOGOTA D.C.,NO,NO,NO,NO,NO
190653,F,20 a 35 años,Menor al SMLV,SIGMA,LAMBDA,TAU,ETA,EMP_000001,,NO,NO,NO,NO,NO
190703,M,20 a 35 años,Entre 1 y 1.5 SMLV,SIGMA,LAMBDA,ETA,BETA,EMP_000001,,NO,NO,NO,NO,NO
190753,M,20 a 35 años,Entre 1 y 1.5 SMLV,SIGMA,LAMBDA,TAU,XI,EMP_000001,,NO,NO,NO,NO,NO
190803,M,20 a 35 años,Entre 1 y 1.5 SMLV,SIGMA,LAMBDA,ETA,BETA,EMP_000001,,NO,NO,NO,NO,NO
190853,F,36 a 45 años,Entre 1 y 1.5 SMLV,SIGMA,LAMBDA,TAU,XI,EMP_000001,,NO,NO,NO,NO,NO
190903,M,36 a 45 años,Entre 20 y 30 SMLV,ZETA,RHO,XI,DELTA,EMP_000001,BOGOTA D.C.,NO,NO,NO,NO,NO
190953,F,20 a 35 años,Entre 4 y 6 SMLV,ZETA,LAMBDA,ETA,XI,EMP_000002,,NO,NO,NO,NO,NO
191003,F,46 a 55 años,Entre 1 y 1.5 SMLV,SIGMA,LAMBDA,TAU,ETA,EMP_000001,FUNZA,NO,NO,NO,NO,NO
191053,F,36 a 45 años,Entre 10 y 20 SMLV,ZETA,CHI,PI,XI,EMP_000002,ZIPAQUIRA,NO,NO,NO,NO,NO
191103,M,36 a 45 años,Entre 6 y 8 SMLV,ZETA,LAMBDA,ETA,UPSILON,EMP_000001,BOGOTA D.C.,NO,NO,NO,NO,NO
191153,M,20 a 35 años,Entre 2 y 2.5 SMLV,PI,LAMBDA,ETA,ETA,EMP_000001,,NO,NO,NO,NO,NO
191203,F,46 a 55 años,Entre 1 y 1.5 SMLV,SIGMA,LAMBDA,TAU,ETA,EMP_000001,,NO,NO,NO,NO,NO
191253,F,36 a 45 años,Entre 1 y 1.5 SMLV,SIGMA,RHO,TAU,ETA,EMP_000001,,NO,NO,NO,NO,NO
191303,M,36 a 45 años,Entre 1 y 1.5 SMLV,SIGMA,RHO,TAU,OMEGA,EMP_000001,,NO,NO,NO,NO,NO
191353,F,20 a 35 años,Entre 1 y 1.5 SMLV,SIGMA,LAMBDA,ETA,XI,EMP_000002,,NO,NO,NO,NO,NO
191403,F,20 a 35 años,Entre 1 y 1.5 SMLV,SIGMA,LAMBDA,TAU,UPSILON,EMP_000001,,NO,NO,NO,NO,NO
191453,F,20 a 35 años,Menor al SMLV,SIGMA,RHO,TAU,ETA,EMP_000001,,NO,NO,NO,NO,NO
191503,M,20 a 35 años,Menor al SMLV,SIGMA,LAMBDA,TAU,ETA,EMP_000001,,NO,NO,NO,NO,NO
191553,F,20 a 35 años,Entre 2.5 y 3 SMLV,PI,LAMBDA,ETA,OMEGA,EMP_000001,BOGOTA D.C.,NO,NO,NO,NO,NO
191603,M,20 a 35 años,Entre 1 y 1.5 SMLV,SIGMA,LAMBDA,TAU,DELTA,EMP_000001,,NO,NO,NO,NO,NO
191653,F,36 a 45 años,Entre 3 y 4 SMLV,PI,RHO,PI,UPSILON,EMP_000001,,NO,NO,NO,NO,NO
191703,F,20 a 35 años,Entre 1 y 1.5 SMLV,SIGMA,RHO,TAU,DELTA,EMP_000001,,NO,NO,NO,NO,NO
191753,M,Mayor de 55 años,Menor al SMLV,SIGMA,IOTA,TAU,KAPPA,EMP_000001,BOGOTA D.C.,NO,NO,NO,NO,NO
191803,F,Menor de 19 años,Entre 1 y 1.5 SMLV,SIGMA,LAMBDA,ETA,XI,EMP_000002,,NO,NO,NO,NO,NO
191853,M,46 a 55 años,Entre 1 y 1.5 SMLV,SIGMA,RHO,TAU,OMEGA,EMP_000001,FUNZA,NO,NO,NO,NO,NO
191903,M,20 a 35 años,Entre 1 y 1.5 SMLV,SIGMA,LAMBDA,ETA,BETA,EMP_000001,,NO,NO,NO,NO,NO
191953,M,20 a 35 años,Entre 1.5 y 2 SMLV,SIGMA,LAMBDA,ETA,UPSILON,EMP_000001,BOGOTA D.C.,NO,NO,NO,NO,NO
192003,M,20 a 35 años,Entre 1 y 1.5 SMLV,SIGMA,RHO,TAU,ETA,EMP_000001,,NO,NO,NO,NO,NO
192053,F,20 a 35 años,Entre 1 y 1.5 SMLV,SIGMA,RHO,TAU,ETA,EMP_000001,,NO,NO,NO,NO,NO
192103,F,20 a 35 años,Entre 1 y 1.5 SMLV,SIGMA,RHO,TAU,UPSILON,EMP_000001,,NO,NO,NO,NO,NO
192153,F,36 a 45 años,Entre 1 y 1.5 SMLV,SIGMA,RHO,TAU,UPSILON,EMP_000001,ZIPAQUIRA,NO,NO,NO,NO,NO
192203,M,46 a 55 años,Entre 1 y 1.5 SMLV,SIGMA,LAMBDA,PI,ETA,EMP_000001,BOGOTA D.C.,NO,NO,NO,NO,NO
192253,M,36 a 45 años,Menor al SMLV,SIGMA,LAMBDA,TAU,ETA,EMP_000001,BOGOTA D.C.,NO,NO,NO,NO,NO
192303,M,20 a 35 años,Entre 1 y 1.5 SMLV,SIGMA,LAMBDA,TAU,UPSILON,EMP_000001,,NO,NO,NO,NO,NO
192353,M,46 a 55 años,Entre 1 y 1.5 SMLV,SIGMA,LAMBDA,TAU,ETA,EMP_000001,,NO,NO,NO,NO,NO
192403,F,20 a 35 años,Entre 1 y 1.5 SMLV,SIGMA,LAMBDA,TAU,XI,EMP_000002,,NO,NO,NO,NO,NO
192453,M,36 a 45 años,Menor al SMLV,SIGMA,LAMBDA,TAU,ETA,EMP_000001,BOGOTA D.C.,NO,NO,NO,NO,NO
192503,F,Mayor de 55 años,Menor al SMLV,SIGMA,LAMBDA,TAU,KAPPA,EMP_000001,,NO,NO,NO,NO,NO
192553,M,36 a 45 años,Menor al SMLV,SIGMA,LAMBDA,TAU,ETA,EMP_000001,,NO,NO,NO,NO,NO
192603,M,Mayor de 55 años,Entre 1 y 1.5 SMLV,PI,IOTA,TAU,LAMBDA,EMP_000001,BOGOTA D.C.,NO,NO,NO,NO,NO
192653,M,20 a 35 años,Entre 1 y 1.5 SMLV,SIGMA,EPSILON,TAU,BETA,EMP_000001,,NO,NO,NO,NO,NO
192703,M,20 a 35 años,Entre 1 y 1.5 SMLV,SIGMA,LAMBDA,TAU,UPSILON,EMP_000001,,NO,NO,NO,NO,NO
192753,M,46 a 55 años,Entre 3 y 4 SMLV,PI,LAMBDA,PI,UPSILON,EMP_000001,BOGOTA D.C.,NO,NO,NO,NO,NO
192803,F,20 a 35 años,Entre 1 y 1.5 SMLV,SIGMA,RHO,TAU,ETA,EMP_000001,,NO,NO,NO,NO,NO
192853,M,36 a 45 años,Entre 1 y 1.5 SMLV,SIGMA,RHO,PI,OMEGA,EMP_000001,BOGOTA D.C.,NO,NO,NO,NO,NO
192903,M,Menor de 19 años,Entre 1 y 1.5 SMLV,SIGMA,LAMBDA,TAU,ETA,EMP_000001,,NO,NO,NO,NO,NO
192953,F,36 a 45 años,Entre 1 y 1.5 SMLV,SIGMA,RHO,TAU,DELTA,EMP_000001,BOGOTA D.C.,NO,NO,NO,NO,NO
193003,F,20 a 35 años,Entre 1 y 1.5 SMLV,SIGMA,RHO,TAU,OMEGA,EMP_000001,,NO,NO,NO,NO,NO
193053,F,20 a 35 años,Entre 1 y 1.5 SMLV,SIGMA,LAMBDA,TAU,XI,EMP_000002,,NO,NO,NO,NO,NO
193103,F,20 a 35 años,Entre 4 y 6 SMLV,ZETA,LAMBDA,ETA,ETA,EMP_000001,,NO,NO,NO,NO,NO
193153,M,20 a 35 años,Entre 2.5 y 3 SMLV,PI,LAMBDA,ETA,XI,EMP_000002,,NO,NO,NO,NO,NO
193203,M,36 a 45 años,Entre 1 y 1.5 SMLV,SIGMA,LAMBDA,PI,XI,EMP_000002,BOGOTA D.C.,NO,NO,NO,NO,NO
193253,F,20 a 35 años,Entre 1 y 1.5 SMLV,SIGMA,LAMBDA,ETA,XI,EMP_000002,,NO,NO,NO,NO,NO
193303,M,20 a 35 años,Menor al SMLV,SIGMA,IOTA,PI,OMEGA,EMP_000001,,NO,NO,NO,NO,NO
193353,F,36 a 45 años,Entre 2.5 y 3 SMLV,PI,EPSILON,PI,UPSILON,EMP_000001,,NO,NO,NO,NO,NO
193403,F,20 a 35 años,Entre 1 y 1.5 SMLV,SIGMA,RHO,TAU,OMEGA,EMP_000001,,NO,NO,NO,NO,NO
193453,M,20 a 35 años,Entre 2.5 y 3 SMLV,PI,LAMBDA,ETA,XI,EMP_000002,,NO,NO,NO,NO,NO
193503,M,20 a 35 años,Entre 1 y 1.5 SMLV,SIGMA,LAMBDA,ETA,UPSILON,EMP_000001,,NO,NO,NO,NO,NO
193553,M,Mayor de 55 años,Entre 4 y 6 SMLV,ZETA,CHI,PI,UPSILON,EMP_000001,GIRARDOT,NO,NO,NO,NO,NO
193603,M,36 a 45 años,Entre 4 y 6 SMLV,ZETA,RHO,PI,XI,EMP_000002,BOGOTA D.C.,NO,NO,NO,NO,NO
193653,M,20 a 35 años,Entre 1 y 1.5 SMLV,SIGMA,THETA,ETA,OMICRON,EMP_000001,,NO,NO,NO,NO,NO
193703,F,36 a 45 años,Entre 4 y 6 SMLV,ZETA,EPSILON,PI,DELTA,EMP_000001,MOSQUERA,NO,NO,NO,NO,NO
193753,M,36 a 45 años,Entre 1 y 1.5 SMLV,SIGMA,RHO,TAU,ETA,EMP_000001,BOGOTA D.C.,NO,NO,NO,NO,NO
193803,M,20 a 35 años,Entre 1 y 1.5 SMLV,SIGMA,LAMBDA,ETA,BETA,EMP_000001,,NO,NO,NO,NO,NO
193853,F,Mayor de 55 años,Entre 1.5 y 2 SMLV,SIGMA,IOTA,PI,UPSILON,EMP_000001,BOGOTA D.C.,NO,NO,NO,NO,NO
193903,M,36 a 45 años,Entre 4 y 6 SMLV,ZETA,RHO,PI,UPSILON,EMP_000001,CHIA,NO,NO,NO,NO,NO
193953,M,Mayor de 55 años,Menor al SMLV,SIGMA,LAMBDA,TAU,KAPPA,EMP_000001,BOGOTA D.C.,NO,NO,NO,NO,NO
194003,F,20 a 35 años,Entre 1 y 1.5 SMLV,SIGMA,LAMBDA,TAU,UPSILON,EMP_000001,,NO,NO,NO,NO,NO
194053,M,20 a 35 años,Entre 1 y 1.5 SMLV,SIGMA,LAMBDA,TAU,UPSILON,EMP_000001,,NO,NO,NO,NO,NO
194103,M,36 a 45 años,Entre 1 y 1.5 SMLV,SIGMA,LAMBDA,TAU,XI,EMP_000002,,NO,NO,NO,NO,NO
194153,M,20 a 35 años,Entre 3 y 4 SMLV,PI,LAMBDA,ETA,UPSILON,EMP_000001,BOGOTA D.C.,NO,NO,NO,NO,NO
194203,F,46 a 55 años,Entre 4 y 6 SMLV,ZETA,EPSILON,PI,XI,EMP_000002,BOGOTA D.C.,NO,NO,NO,NO,NO
194253,F,Mayor de 55 años,Entre 1 y 1.5 SMLV,SIGMA,IOTA,PI,ETA,EMP_000001,,NO,NO,NO,NO,NO
194303,F,36 a 45 años,Entre 1 y 1.5 SMLV,SIGMA,LAMBDA,ETA,XI,EMP_000002,SOACHA,NO,NO,NO,NO,NO
194353,F,20 a 35 años,Entre 1 y 1.5 SMLV,SIGMA,RHO,PI,ETA,EMP_000001,BOGOTA D.C.,NO,NO,NO,NO,NO
194403,M,20 a 35 años,Entre 3 y 4 SMLV,PI,IOTA,PI,LAMBDA,EMP_000001,,NO,NO,NO,NO,NO
194453,F,20 a 35 años,Entre 1 y 1.5 SMLV,SIGMA,LAMBDA,TAU,XI,EMP_000002,BOGOTA D.C.,NO,NO,NO,NO,NO
194503,F,36 a 45 años,Entre 1.5 y 2 SMLV,SIGMA,RHO,PI,ETA,EMP_000001,BOGOTA D.C.,NO,NO,NO,NO,NO
194553,F,20 a 35 años,Entre 10 y 20 SMLV,ZETA,LAMBDA,ETA,DELTA,EMP_000001,,NO,NO,NO,NO,NO
194603,F,20 a 35 años,Entre 2 y 2.5 SMLV,PI,LAMBDA,ETA,XI,EMP_000002,,NO,NO,NO,NO,NO
194653,M,20 a 35 años,Entre 1 y 1.5 SMLV,SIGMA,LAMBDA,ETA,BETA,EMP_000001,,NO,NO,NO,NO,NO
194703,F,20 a 35 años,Entre 4 y 6 SMLV,ZETA,LAMBDA,ETA,UPSILON,EMP_000001,,NO,NO,NO,NO,NO
194753,M,36 a 45 años,Entre 1 y 1.5 SMLV,SIGMA,EPSILON,TAU,ETA,EMP_000001,,NO,NO,NO,NO,NO
194803,F,46 a 55 años,Entre 4 y 6 SMLV,ZETA,IOTA,PI,XI,EMP_000002,,NO,NO,NO,NO,NO
194853,F,20 a 35 años,Entre 1 y 1.5 SMLV,SIGMA,LAMBDA,TAU,ETA,EMP_000001,,NO,NO,NO,NO,NO
194903,F,20 a 35 años,Menor al SMLV,SIGMA,LAMBDA,TAU,ETA,EMP_000001,,NO,NO,NO,NO,NO
194953,M,36 a 45 años,Menor al SMLV,SIGMA,LAMBDA,TAU,ETA,EMP_000001,BOGOTA D.C.,NO,NO,NO,NO,NO
195003,M,36 a 45 años,Entre 2 y 2.5 SMLV,PI,EPSILON,PI,DELTA,EMP_000001,FUNZA,NO,NO,NO,NO,NO
195053,M,36 a 45 años,Entre 1 y 1.5 SMLV,SIGMA,EPSILON,TAU,ETA,EMP_000001,,NO,NO,NO,NO,NO
195103,M,20 a 35 años,Entre 1 y 1.5 SMLV,SIGMA,EPSILON,TAU,ETA,EMP_000001,BOGOTA D.C.,NO,NO,NO,NO,NO
195153,M,20 a 35 años,Entre 1 y 1.5 SMLV,SIGMA,LAMBDA,ETA,BETA,EMP_000001,,NO,NO,NO,NO,NO
195203,F,Mayor de 55 años,Entre 1 y 1.5 SMLV,SIGMA,LAMBDA,PI,ETA,EMP_000001,,NO,NO,NO,NO,NO
195253,F,20 a 35 años,Entre 1 y 1.5 SMLV,SIGMA,LAMBDA,TAU,ETA,EMP_000001,,NO,NO,NO,NO,NO
195303,F,20 a 35 años,Entre 2 y 2.5 SMLV,PI,EPSILON,PI,XI,EMP_000001,BOGOTA D.C.,NO,NO,NO,NO,NO
195353,F,20 a 35 años,Entre 1 y 1.5 SMLV,SIGMA,RHO,TAU,ETA,EMP_000001,,NO,NO,NO,NO,NO
195403,F,36 a 45 años,Entre 1 y 1.5 SMLV,SIGMA,EPSILON,TAU,ETA,EMP_000001,,NO,NO,NO,NO,NO
195453,M,46 a 55 años,Menor al SMLV,SIGMA,EPSILON,PI,ETA,EMP_000001,BOGOTA D.C.,NO,NO,NO,NO,NO
195503,M,Mayor de 55 años,Entre 1 y 1.5 SMLV,SIGMA,IOTA,TAU,KAPPA,EMP_000001,FUSAGASUGA,NO,NO,NO,NO,NO
195553,M,20 a 35 años,Entre 1 y 1.5 SMLV,SIGMA,LAMBDA,TAU,UPSILON,EMP_000002,,NO,NO,NO,NO,NO
195603,F,Mayor de 55 años,Menor al SMLV,SIGMA,IOTA,TAU,KAPPA,EMP_000001,,NO,NO,NO,NO,NO
195653,M,46 a 55 años,Entre 10 y 20 SMLV,ZETA,RHO,PI,DELTA,EMP_000001,,NO,NO,NO,NO,NO
195703,M,36 a 45 años,Entre 2 y 2.5 SMLV,PI,LAMBDA,ETA,ETA,EMP_000001,BOGOTA D.C.,NO,NO,NO,NO,NO
195753,M,46 a 55 años,Entre 1 y 1.5 SMLV,SIGMA,EPSILON,PI,UPSILON,EMP_000001,BOGOTA D.C.,NO,NO,NO,NO,NO
195803,M,20 a 35 años,Entre 1 y 1.5 SMLV,SIGMA,RHO,TAU,UPSILON,EMP_000001,BOGOTA D.C.,NO,NO,NO,NO,NO
195853,F,Mayor de 55 años,Entre 1.5 y 2 SMLV,SIGMA,IOTA,PI,XI,EMP_000002,PARATEBUENO,NO,NO,NO,NO,NO
195903,F,46 a 55 años,Entre 1.5 y 2 SMLV,SIGMA,LAMBDA,PI,ETA,EMP_000001,BOGOTA D.C.,NO,NO,NO,NO,NO
195953,F,36 a 45 años,Entre 1 y 1.5 SMLV,SIGMA,RHO,PI,XI,EMP_000002,BOGOTA D.C.,NO,NO,NO,NO,NO
196003,M,20 a 35 años,Entre 8 y 10 SMLV,ZETA,CHI,PI,XI,EMP_000002,BOGOTA D.C.,NO,NO,NO,NO,NO
196053,M,36 a 45 años,Menor a 2 SMLV,SIGMA,EPSILON,PI,XI,EMP_000001,BOGOTA D.C.,NO,NO,NO,NO,NO
196103,M,36 a 45 años,Entre 4 y 6 SMLV,ZETA,RHO,PI,XI,EMP_000002,MADRID,NO,NO,NO,NO,NO
196153,F,20 a 35 años,Entre 1 y 1.5 SMLV,SIGMA,RHO,TAU,UPSILON,EMP_000001,,NO,NO,NO,NO,NO
196203,F,46 a 55 años,Entre 10 y 20 SMLV,ZETA,EPSILON,PI,XI,EMP_000002,BOGOTA D.C.,NO,NO,NO,NO,NO
196253,F,36 a 45 años,,MU,THETA,OMEGA,OMICRON,EMP_000001,,NO,NO,NO,NO,NO
196303,F,20 a 35 años,Entre 1 y 1.5 SMLV,SIGMA,LAMBDA,TAU,ETA,EMP_000001,,NO,NO,NO,NO,NO
196353,F,46 a 55 años,Entre 1 y 1.5 SMLV,PI,EPSILON,TAU,LAMBDA,EMP_000001,,NO,NO,NO,NO,NO
196403,M,20 a 35 años,Entre 1.5 y 2 SMLV,SIGMA,EPSILON,PI,ETA,EMP_000001,BOGOTA D.C.,NO,NO,NO,NO,NO
196453,M,46 a 55 años,Entre 1 y 1.5 SMLV,SIGMA,RHO,TAU,ETA,EMP_000001,,NO,NO,NO,NO,NO
196503,M,20 a 35 años,Entre 1 y 1.5 SMLV,SIGMA,LAMBDA,ETA,BETA,EMP_000001,,NO,NO,NO,NO,NO
196553,F,20 a 35 años,Entre 2 y 2.5 SMLV,PI,LAMBDA,ETA,XI,EMP_000001,,NO,NO,NO,NO,NO
196603,F,Mayor de 55 años,Menor al SMLV,SIGMA,LAMBDA,TAU,KAPPA,EMP_000001,,NO,NO,NO,NO,NO
196653,M,20 a 35 años,Entre 1 y 1.5 SMLV,SIGMA,LAMBDA,TAU,UPSILON,EMP_000001,,NO,NO,NO,NO,NO
196703,M,46 a 55 años,Entre 1 y 1.5 SMLV,SIGMA,LAMBDA,TAU,UPSILON,EMP_000001,BOGOTA D.C.,NO,NO,NO,NO,NO
196753,F,20 a 35 años,Entre 1.5 y 2 SMLV,SIGMA,LAMBDA,ETA,DELTA,EMP_000001,,NO,NO,NO,NO,NO
196803,M,36 a 45 años,Entre 1 y 1.5 SMLV,SIGMA,LAMBDA,ETA,BETA,EMP_000001,,NO,NO,NO,NO,NO
196853,M,36 a 45 años,Entre 1 y 1.5 SMLV,SIGMA,RHO,TAU,UPSILON,EMP_000001,BOGOTA D.C.,NO,NO,NO,NO,NO
196903,M,46 a 55 años,Entre 1 y 1.5 SMLV,SIGMA,EPSILON,PI,ETA,EMP_000001,,NO,NO,NO,NO,NO
196953,F,Mayor de 55 años,Entre 1 y 1.5 SMLV,SIGMA,LAMBDA,TAU,ETA,EMP_000001,SOACHA,NO,NO,NO,NO,NO
197003,M,36 a 45 años,Entre 2 y 2.5 SMLV,PI,RHO,PI,XI,EMP_000001,FUSAGASUGA,NO,NO,NO,NO,NO
197053,F,36 a 45 años,Entre 3 y 4 SMLV,PI,LAMBDA,PI,DELTA,EMP_000001,,NO,NO,NO,NO,NO
197103,F,36 a 45 años,Entre 1 y 1.5 SMLV,SIGMA,LAMBDA,TAU,ETA,EMP_000001,BOGOTA D.C.,NO,NO,NO,NO,NO
197153,F,46 a 55 años,Entre 1 y 1.5 SMLV,SIGMA,IOTA,TAU,ETA,EMP_000001,,NO,NO,NO,NO,NO
197203,M,36 a 45 años,Entre 2.5 y 3 SMLV,PI,IOTA,PI,UPSILON,EMP_000001,FUSAGASUGA,NO,NO,NO,NO,NO
197253,M,20 a 35 años,Entre 4 y 6 SMLV,ZETA,LAMBDA,ETA,XI,EMP_000002,,NO,NO,NO,NO,NO
197303,F,36 a 45 años,Entre 1 y 1.5 SMLV,SIGMA,RHO,PI,ETA,EMP_000001,,NO,NO,NO,NO,NO
197353,F,46 a 55 años,Entre 1 y 1.5 SMLV,SIGMA,LAMBDA,TAU,ETA,EMP_000001,BOGOTA D.C.,NO,NO,NO,NO,NO
197403,M,20 a 35 años,Entre 1 y 1.5 SMLV,SIGMA,LAMBDA,ETA,XI,EMP_000002,,NO,NO,NO,NO,NO
197453,F,20 a 35 años,Entre 1 y 1.5 SMLV,SIGMA,RHO,TAU,XI,EMP_000002,,NO,NO,NO,NO,NO
197503,M,20 a 35 años,Entre 1 y 1.5 SMLV,SIGMA,RHO,TAU,ETA,EMP_000001,BOGOTA D.C.,NO,NO,NO,NO,NO
197553,F,46 a 55 años,Entre 20 y 30 SMLV,ZETA,IOTA,XI,XI,EMP_000001,,NO,NO,NO,NO,NO
197603,M,Mayor de 55 años,Menor al SMLV,SIGMA,EPSILON,TAU,DELTA,EMP_000001,,NO,NO,NO,NO,NO
197653,F,46 a 55 años,Entre 1 y 1.5 SMLV,SIGMA,EPSILON,PI,ETA,EMP_000001,,NO,NO,NO,NO,NO
197703,F,20 a 35 años,Entre 3 y 4 SMLV,PI,LAMBDA,ETA,UPSILON,EMP_000001,,NO,NO,NO,NO,NO
197753,M,46 a 55 años,Entre 1 y 1.5 SMLV,PI,IOTA,TAU,LAMBDA,EMP_000001,FUSAGASUGA,NO,NO,NO,NO,NO
197803,F,20 a 35 años,Menor al SMLV,SIGMA,LAMBDA,TAU,ETA,EMP_000001,,NO,NO,NO,NO,NO
197853,F,36 a 45 años,Entre 4 y 6 SMLV,ZETA,LAMBDA,ETA,DELTA,EMP_000001,FLORIDABLANCA,NO,NO,NO,NO,NO
197903,M,20 a 35 años,Entre 1 y 1.5 SMLV,SIGMA,LAMBDA,ETA,UPSILON,EMP_000001,,NO,NO,NO,NO,NO
197953,M,36 a 45 años,Entre 1 y 1.5 SMLV,SIGMA,RHO,TAU,ETA,EMP_000001,,NO,NO,NO,NO,NO
198003,M,20 a 35 años,Entre 1 y 1.5 SMLV,SIGMA,LAMBDA,TAU,OMEGA,EMP_000001,,NO,NO,NO,NO,NO
198053,M,Mayor de 55 años,Menor al SMLV,SIGMA,LAMBDA,TAU,ETA,EMP_000001,,NO,NO,NO,NO,NO
198103,F,36 a 45 años,Entre 1 y 1.5 SMLV,SIGMA,RHO,TAU,ETA,EMP_000001,BOGOTA D.C.,NO,NO,NO,NO,NO
198153,M,20 a 35 años,Entre 1 y 1.5 SMLV,SIGMA,LAMBDA,TAU,UPSILON,EMP_000001,,NO,NO,NO,NO,NO
198203,M,20 a 35 años,Entre 2 y 2.5 SMLV,PI,RHO,PI,UPSILON,EMP_000001,BOGOTA D.C.,NO,NO,NO,NO,NO
198253,M,20 a 35 años,Entre 1 y 1.5 SMLV,SIGMA,LAMBDA,ETA,BETA,EMP_000001,,NO,NO,NO,NO,NO
198303,M,Mayor de 55 años,Entre 8 y 10 SMLV,ZETA,LAMBDA,PI,DELTA,EMP_000001,,NO,NO,NO,NO,NO
198353,M,36 a 45 años,Entre 1.5 y 2 SMLV,SIGMA,RHO,PI,XI,EMP_000002,,NO,NO,NO,NO,NO
198403,F,20 a 35 años,Entre 1 y 1.5 SMLV,SIGMA,LAMBDA,TAU,XI,EMP_000002,,NO,NO,NO,NO,NO
198453,F,Mayor de 55 años,Entre 1 y 1.5 SMLV,SIGMA,LAMBDA,PI,ETA,EMP_000001,BOGOTA D.C.,NO,NO,NO,NO,NO
198503,F,36 a 45 años,Menor al SMLV,SIGMA,RHO,TAU,XI,EMP_000002,BOGOTA D.C.,NO,NO,NO,NO,NO
198553,F,20 a 35 años,Entre 1 y 1.5 SMLV,SIGMA,LAMBDA,TAU,DELTA,EMP_000001,,NO,NO,NO,NO,NO
198603,F,36 a 45 años,Entre 1 y 1.5 SMLV,SIGMA,RHO,TAU,UPSILON,EMP_000001,,NO,NO,NO,NO,NO
198653,M,36 a 45 años,Entre 2 y 2.5 SMLV,PI,LAMBDA,ETA,ETA,EMP_000001,BOGOTA D.C.,NO,NO,NO,NO,NO
198703,F,Mayor de 55 años,Entre 1.5 y 2 SMLV,SIGMA,LAMBDA,PI,KAPPA,EMP_000001,BOGOTA D.C.,NO,NO,NO,NO,NO
198753,M,20 a 35 años,Entre 1 y 1.5 SMLV,SIGMA,EPSILON,TAU,UPSILON,EMP_000001,,NO,NO,NO,NO,NO
198803,F,36 a 45 años,Menor al SMLV,SIGMA,RHO,TAU,ETA,EMP_000001,,NO,NO,NO,NO,NO
198853,M,20 a 35 años,Menor al SMLV,SIGMA,RHO,TAU,ETA,EMP_000001,BOGOTA D.C.,NO,NO,NO,NO,NO
198903,M,20 a 35 años,Entre 1 y 1.5 SMLV,SIGMA,LAMBDA,ETA,BETA,EMP_000001,,NO,NO,NO,NO,NO
198953,M,46 a 55 años,Menor al SMLV,SIGMA,IOTA,TAU,ETA,EMP_000001,BOGOTA D.C.,NO,NO,NO,NO,NO
199003,M,20 a 35 años,Entre 1 y 1.5 SMLV,SIGMA,LAMBDA,ETA,BETA,EMP_000001,,NO,NO,NO,NO,NO
199053,F,46 a 55 años,Entre 1 y 1.5 SMLV,SIGMA,LAMBDA,TAU,ETA,EMP_000001,BOGOTA D.C.,NO,NO,NO,NO,NO
199103,M,20 a 35 años,Menor al SMLV,SIGMA,RHO,TAU,ETA,EMP_000001,BOGOTA D.C.,NO,NO,NO,NO,NO
199153,M,Mayor de 55 años,Entre 2 y 2.5 SMLV,PI,LAMBDA,PI,DELTA,EMP_000001,,NO,NO,NO,NO,NO
199203,M,20 a 35 años,Entre 1 y 1.5 SMLV,SIGMA,LAMBDA,ETA,OMEGA,EMP_000001,,NO,NO,NO,NO,NO
199253,F,Menor de 19 años,,MU,THETA,OMEGA,OMICRON,EMP_000001,,NO,NO,NO,NO,NO
199303,M,46 a 55 años,Entre 1 y 1.5 SMLV,SIGMA,IOTA,TAU,ETA,EMP_000001,,NO,NO,NO,NO,NO
199353,F,20 a 35 años,Entre 1 y 1.5 SMLV,SIGMA,RHO,TAU,UPSILON,EMP_000001,,NO,NO,NO,NO,NO
199403,M,20 a 35 años,Entre 1 y 1.5 SMLV,SIGMA,LAMBDA,TAU,XI,EMP_000002,BOGOTA D.C.,NO,NO,NO,NO,NO
199453,F,20 a 35 años,Entre 1.5 y 2 SMLV,SIGMA,LAMBDA,ETA,XI,EMP_000002,,NO,NO,NO,NO,NO
199503,M,36 a 45 años,Entre 1 y 1.5 SMLV,SIGMA,RHO,TAU,ETA,EMP_000001,BOGOTA D.C.,NO,NO,NO,NO,NO
199553,M,20 a 35 años,Entre 1 y 1.5 SMLV,SIGMA,CHI,TAU,ETA,EMP_000001,,NO,NO,NO,NO,NO
199603,M,46 a 55 años,Entre 1 y 1.5 SMLV,SIGMA,EPSILON,TAU,UPSILON,EMP_000001,BOGOTA D.C.,NO,NO,NO,NO,NO
199653,M,20 a 35 años,Entre 1 y 1.5 SMLV,SIGMA,LAMBDA,TAU,XI,EMP_000002,,NO,NO,NO,NO,NO
199703,M,36 a 45 años,Entre 1 y 1.5 SMLV,SIGMA,LAMBDA,PI,UPSILON,EMP_000001,,NO,NO,NO,NO,NO
199753,F,36 a 45 años,Entre 1 y 1.5 SMLV,SIGMA,LAMBDA,TAU,ETA,EMP_000001,BOGOTA D.C.,NO,NO,NO,NO,NO
199803,M,Mayor de 55 años,Entre 1 y 1.5 SMLV,SIGMA,RHO,TAU,DELTA,EMP_000001,BOGOTA D.C.,NO,NO,NO,NO,NO
199853,F,20 a 35 años,Entre 1 y 1.5 SMLV,SIGMA,RHO,TAU,XI,EMP_000001,,NO,NO,NO,NO,NO
199903,F,20 a 35 años,Entre 1 y 1.5 SMLV,SIGMA,IOTA,TAU,OMEGA,EMP_000001,,NO,NO,NO,NO,NO
199953,F,20 a 35 años,Entre 1 y 1.5 SMLV,SIGMA,LAMBDA,ETA,XI,EMP_000002,,NO,NO,NO,NO,NO
200003,F,20 a 35 años,Entre 1 y 1.5 SMLV,SIGMA,LAMBDA,TAU,DELTA,EMP_000001,,NO,NO,NO,NO,NO
200053,F,20 a 35 años,Entre 2 y 2.5 SMLV,PI,RHO,PI,XI,EMP_000002,BOGOTA D.C.,NO,NO,NO,NO,NO
200103,M,20 a 35 años,Entre 1 y 1.5 SMLV,SIGMA,LAMBDA,TAU,XI,EMP_000002,,NO,NO,NO,NO,NO
200153,M,36 a 45 años,Entre 1 y 1.5 SMLV,SIGMA,RHO,TAU,ETA,EMP_000001,,NO,NO,NO,NO,NO
200203,F,20 a 35 años,Entre 2 y 2.5 SMLV,PI,LAMBDA,ETA,DELTA,EMP_000001,BOGOTA D.C.,NO,NO,NO,NO,NO
200253,M,Mayor de 55 años,Entre 4 y 6 SMLV,ZETA,LAMBDA,PI,XI,EMP_000002,BOGOTA D.C.,NO,NO,NO,NO,NO
200303,F,36 a 45 años,Entre 1 y 1.5 SMLV,PI,EPSILON,TAU,LAMBDA,EMP_000001,,NO,NO,NO,NO,NO
200353,F,46 a 55 años,Entre 1 y 1.5 SMLV,SIGMA,LAMBDA,TAU,ETA,EMP_000001,,NO,NO,NO,NO,NO
200403,M,36 a 45 años,Entre 4 y 6 SMLV,ZETA,LAMBDA,ETA,XI,EMP_000002,BOGOTA D.C.,NO,NO,NO,NO,NO
200453,M,20 a 35 años,Entre 4 y 6 SMLV,ZETA,LAMBDA,ETA,UPSILON,EMP_000001,,NO,NO,NO,NO,NO
200503,M,20 a 35 años,Entre 1 y 1.5 SMLV,SIGMA,LAMBDA,TAU,ETA,EMP_000001,,NO,NO,NO,NO,NO
200553,M,Mayor de 55 años,Entre 1.5 y 2 SMLV,PI,EPSILON,PI,XI,EMP_000002,,NO,NO,NO,NO,NO
200603,M,20 a 35 años,Entre 1 y 1.5 SMLV,SIGMA,LAMBDA,TAU,UPSILON,EMP_000001,,NO,NO,NO,NO,NO
200653,M,20 a 35 años,Entre 1 y 1.5 SMLV,SIGMA,RHO,PI,ETA,EMP_000001,,NO,NO,NO,NO,NO
200703,M,36 a 45 años,Entre 1 y 1.5 SMLV,SIGMA,EPSILON,TAU,ETA,EMP_000001,BOGOTA D.C.,NO,NO,NO,NO,NO
200753,F,20 a 35 años,Entre 1 y 1.5 SMLV,SIGMA,LAMBDA,TAU,ETA,EMP_000001,,NO,NO,NO,NO,NO
200803,M,46 a 55 años,Entre 1 y 1.5 SMLV,SIGMA,CHI,PI,ETA,EMP_000001,,NO,NO,NO,NO,NO
200853,F,Mayor de 55 años,Entre 1 y 1.5 SMLV,SIGMA,LAMBDA,TAU,ETA,EMP_000001,,NO,NO,NO,NO,NO
200903,F,Mayor de 55 años,Entre 1 y 1.5 SMLV,SIGMA,EPSILON,TAU,ETA,EMP_000001,,NO,NO,NO,NO,NO
200953,M,46 a 55 años,Entre 1 y 1.5 SMLV,SIGMA,EPSILON,PI,ETA,EMP_000001,,NO,NO,NO,NO,NO
201003,F,36 a 45 años,Entre 1 y 1.5 SMLV,SIGMA,LAMBDA,TAU,DELTA,EMP_000001,GACHETA,NO,NO,NO,NO,NO
201053,M,36 a 45 años,Entre 10 y 20 SMLV,ZETA,RHO,PI,PSI,EMP_000001,,NO,NO,NO,NO,NO
201103,M,46 a 55 años,Entre 10 y 20 SMLV,ZETA,EPSILON,PI,XI,EMP_000001,BOGOTA D.C.,NO,NO,NO,NO,NO
201153,M,36 a 45 años,Menor al SMLV,SIGMA,THETA,TAU,OMICRON,EMP_000001,BOGOTA D.C.,NO,NO,NO,NO,NO
201203,F,20 a 35 años,Entre 3 y 4 SMLV,PI,LAMBDA,ETA,XI,EMP_000001,SOACHA,NO,NO,NO,NO,NO
201253,F,20 a 35 años,Entre 1 y 1.5 SMLV,SIGMA,RHO,TAU,ETA,EMP_000001,,NO,NO,NO,NO,NO
201303,F,20 a 35 años,Menor al SMLV,SIGMA,RHO,TAU,DELTA,EMP_000001,,NO,NO,NO,NO,NO
201353,F,20 a 35 años,Menor al SMLV,SIGMA,EPSILON,TAU,DELTA,EMP_000001,,NO,NO,NO,NO,NO
201403,F,20 a 35 años,Entre 1 y 1.5 SMLV,SIGMA,LAMBDA,TAU,ETA,EMP_000001,,NO,NO,NO,NO,NO
201453,F,46 a 55 años,Entre 1.5 y 2 SMLV,SIGMA,EPSILON,PI,XI,EMP_000002,,NO,NO,NO,NO,NO
201503,F,20 a 35 años,Entre 2 y 2.5 SMLV,PI,RHO,PI,XI,EMP_000002,SOACHA,NO,NO,NO,NO,NO
201553,F,Mayor de 55 años,Entre 4 y 6 SMLV,SIGMA,IOTA,PI,KAPPA,EMP_000001,BOGOTA D.C.,NO,NO,NO,NO,NO
201603,M,36 a 45 años,Entre 1 y 1.5 SMLV,SIGMA,RHO,TAU,ETA,EMP_000001,BOGOTA D.C.,NO,NO,NO,NO,NO
201653,F,46 a 55 años,Entre 1.5 y 2 SMLV,PI,LAMBDA,PI,LAMBDA,EMP_000001,BOGOTA D.C.,NO,NO,NO,NO,NO
201703,F,46 a 55 años,Entre 1 y 1.5 SMLV,SIGMA,RHO,TAU,ETA,EMP_000001,,NO,NO,NO,NO,NO
201753,M,20 a 35 años,Entre 1 y 1.5 SMLV,SIGMA,RHO,TAU,UPSILON,EMP_000001,BOGOTA D.C.,NO,NO,NO,NO,NO
201803,F,46 a 55 años,Entre 1 y 1.5 SMLV,SIGMA,RHO,TAU,UPSILON,EMP_000001,BOGOTA D.C.,NO,NO,NO,NO,NO
201853,M,46 a 55 años,Entre 1 y 1.5 SMLV,SIGMA,CHI,TAU,UPSILON,EMP_000001,,NO,NO,NO,NO,NO
201903,M,20 a 35 años,Menor al SMLV,SIGMA,LAMBDA,TAU,OMEGA,EMP_000001,BOGOTA D.C.,NO,NO,NO,NO,NO
201953,M,20 a 35 años,Entre 1 y 1.5 SMLV,SIGMA,RHO,TAU,ETA,EMP_000001,,NO,NO,NO,NO,NO
202003,F,36 a 45 años,Entre 1 y 1.5 SMLV,SIGMA,RHO,PI,XI,EMP_000002,,NO,NO,NO,NO,NO
202053,M,Menor de 19 años,Entre 1 y 1.5 SMLV,SIGMA,LAMBDA,TAU,ETA,EMP_000001,,NO,NO,NO,NO,NO
202103,F,Mayor de 55 años,Entre 2.5 y 3 SMLV,PI,LAMBDA,PI,XI,EMP_000002,BOGOTA D.C.,NO,NO,NO,NO,NO
202153,M,20 a 35 años,Menor al SMLV,SIGMA,LAMBDA,TAU,OMEGA,EMP_000001,,NO,NO,NO,NO,NO
202203,M,20 a 35 años,Entre 1 y 1.5 SMLV,SIGMA,LAMBDA,TAU,UPSILON,EMP_000001,,NO,NO,NO,NO,NO
202253,M,Mayor de 55 años,Entre 3 y 4 SMLV,PI,EPSILON,PI,UPSILON,EMP_000001,,NO,NO,NO,NO,NO
202303,M,46 a 55 años,Entre 1 y 1.5 SMLV,PI,IOTA,TAU,LAMBDA,EMP_000001,,NO,NO,NO,NO,NO
202353,M,Mayor de 55 años,Entre 1.5 y 2 SMLV,SIGMA,LAMBDA,PI,ETA,EMP_000001,BOGOTA D.C.,NO,NO,NO,NO,NO
202403,F,36 a 45 años,Entre 2 y 2.5 SMLV,PI,RHO,PI,XI,EMP_000002,GUACHETA,NO,NO,NO,NO,NO
202453,F,36 a 45 años,Entre 2.5 y 3 SMLV,PI,RHO,PI,XI,EMP_000002,SOACHA,NO,NO,NO,NO,NO
202503,M,36 a 45 años,Menor al SMLV,SIGMA,LAMBDA,TAU,OMEGA,EMP_000001,,NO,NO,NO,NO,NO
202553,M,36 a 45 años,Entre 1 y 1.5 SMLV,SIGMA,LAMBDA,TAU,OMEGA,EMP_000001,BOGOTA D.C.,NO,NO,NO,NO,NO
202603,M,20 a 35 años,Entre 1 y 1.5 SMLV,SIGMA,RHO,TAU,DELTA,EMP_000001,BOGOTA D.C.,NO,NO,NO,NO,NO
202653,M,20 a 35 años,Entre 1.5 y 2 SMLV,SIGMA,EPSILON,PI,DELTA,EMP_000001,,NO,NO,NO,NO,NO
202703,F,46 a 55 años,Entre 4 y 6 SMLV,ZETA,THETA,PI,OMICRON,EMP_000001,,NO,NO,NO,NO,NO
202753,F,Menor de 19 años,Entre 1 y 1.5 SMLV,SIGMA,LAMBDA,TAU,UPSILON,EMP_000001,,NO,NO,NO,NO,NO
202803,M,36 a 45 años,Entre 1 y 1.5 SMLV,SIGMA,RHO,PI,XI,EMP_000002,,NO,NO,NO,NO,NO
202853,M,36 a 45 años,Entre 10 y 20 SMLV,ZETA,LAMBDA,ETA,XI,EMP_000002,,NO,NO,NO,NO,NO
202903,F,36 a 45 años,Entre 3 y 4 SMLV,ZETA,RHO,PI,OMEGA,EMP_000001,,NO,NO,NO,NO,NO
202953,F,20 a 35 años,Entre 1 y 1.5 SMLV,SIGMA,LAMBDA,ETA,DELTA,EMP_000001,,NO,NO,NO,NO,NO
203003,M,36 a 45 años,Entre 1.5 y 2 SMLV,SIGMA,EPSILON,PI,UPSILON,EMP_000001,BOGOTA D.C.,NO,NO,NO,NO,NO
203053,F,20 a 35 años,Entre 1 y 1.5 SMLV,SIGMA,LAMBDA,TAU,ETA,EMP_000001,,NO,NO,NO,NO,NO
203103,M,36 a 45 años,Entre 1 y 1.5 SMLV,SIGMA,LAMBDA,ETA,BETA,EMP_000001,,NO,NO,NO,NO,NO
203153,M,36 a 45 años,Entre 2 y 2.5 SMLV,PI,LAMBDA,PI,ETA,EMP_000001,,NO,NO,NO,NO,NO
203203,M,36 a 45 años,Entre 1 y 1.5 SMLV,SIGMA,LAMBDA,ETA,BETA,EMP_000001,,NO,NO,NO,NO,NO
203253,M,20 a 35 años,Entre 1 y 1.5 SMLV,SIGMA,LAMBDA,TAU,ETA,EMP_000001,SOACHA,NO,NO,NO,NO,NO
203303,M,46 a 55 años,Entre 1 y 1.5 SMLV,SIGMA,LAMBDA,TAU,ETA,EMP_000001,,NO,NO,NO,NO,NO
203353,M,20 a 35 años,Entre 1 y 1.5 SMLV,SIGMA,LAMBDA,TAU,XI,EMP_000001,,NO,NO,NO,NO,NO
203403,M,Menor de 19 años,Entre 1 y 1.5 SMLV,SIGMA,LAMBDA,TAU,UPSILON,EMP_000001,,NO,NO,NO,NO,NO
203453,F,Mayor de 55 años,Entre 1 y 1.5 SMLV,SIGMA,LAMBDA,TAU,KAPPA,EMP_000001,BOGOTA D.C.,NO,NO,NO,NO,NO
203503,M,Mayor de 55 años,Menor al SMLV,SIGMA,IOTA,TAU,KAPPA,EMP_000001,BOGOTA D.C.,NO,NO,NO,NO,NO
203553,F,20 a 35 años,,MU,THETA,OMEGA,OMICRON,EMP_000001,,NO,NO,NO,NO,NO
203603,F,20 a 35 años,Entre 1 y 1.5 SMLV,SIGMA,LAMBDA,TAU,UPSILON,EMP_000001,,NO,NO,NO,NO,NO
203653,M,Mayor de 55 años,Entre 1 y 1.5 SMLV,SIGMA,LAMBDA,TAU,ETA,EMP_000001,,NO,NO,NO,NO,NO
203703,F,20 a 35 años,Entre 3 y 4 SMLV,PI,LAMBDA,ETA,ETA,EMP_000001,,NO,NO,NO,NO,NO
203753,M,Mayor de 55 años,Entre 1 y 1.5 SMLV,SIGMA,IOTA,PI,DELTA,EMP_000001,,NO,NO,NO,NO,NO
203803,F,36 a 45 años,Entre 2.5 y 3 SMLV,PI,EPSILON,PI,ETA,EMP_000001,,NO,NO,NO,NO,NO
203853,M,36 a 45 años,Entre 1 y 1.5 SMLV,PI,LAMBDA,TAU,LAMBDA,EMP_000001,,NO,NO,NO,NO,NO
203903,M,Menor de 19 años,Entre 1 y 1.5 SMLV,SIGMA,LAMBDA,ETA,XI,EMP_000001,,NO,NO,NO,NO,NO
203953,M,20 a 35 años,Entre 1 y 1.5 SMLV,SIGMA,LAMBDA,TAU,DELTA,EMP_000001,,NO,NO,NO,NO,NO
204003,F,46 a 55 años,Entre 2 y 2.5 SMLV,PI,EPSILON,PI,PSI,EMP_000001,BOGOTA D.C.,NO,NO,NO,NO,NO
204053,M,20 a 35 años,Menor al SMLV,SIGMA,LAMBDA,TAU,ETA,EMP_000001,SOACHA,NO,NO,NO,NO,NO
204103,M,20 a 35 años,Entre 1 y 1.5 SMLV,SIGMA,RHO,TAU,UPSILON,EMP_000002,BOGOTA D.C.,NO,NO,NO,NO,NO
204153,M,20 a 35 años,Entre 2 y 2.5 SMLV,PI,LAMBDA,ETA,XI,EMP_000002,,NO,NO,NO,NO,NO
204203,M,36 a 45 años,Entre 1 y 1.5 SMLV,SIGMA,LAMBDA,TAU,XI,EMP_000002,,NO,NO,NO,NO,NO
204253,M,20 a 35 años,Entre 1 y 1.5 SMLV,SIGMA,LAMBDA,ETA,BETA,EMP_000001,,NO,NO,NO,NO,NO
204303,F,46 a 55 años,Entre 2.5 y 3 SMLV,PI,EPSILON,PI,XI,EMP_000001,BOGOTA D.C.,NO,NO,NO,NO,NO
204353,M,20 a 35 años,Entre 1 y 1.5 SMLV,SIGMA,LAMBDA,ETA,BETA,EMP_000001,,NO,NO,NO,NO,NO
204403,M,36 a 45 años,Entre 1 y 1.5 SMLV,SIGMA,RHO,TAU,ETA,EMP_000001,,NO,NO,NO,NO,NO
204453,M,20 a 35 años,Menor al SMLV,SIGMA,EPSILON,TAU,ETA,EMP_000001,BOGOTA D.C.,NO,NO,NO,NO,NO
204503,M,Mayor de 55 años,Entre 1 y 1.5 SMLV,SIGMA,LAMBDA,PI,UPSILON,EMP_000001,BOGOTA D.C.,NO,NO,NO,NO,NO
204553,M,20 a 35 años,Entre 1 y 1.5 SMLV,SIGMA,LAMBDA,TAU,XI,EMP_000001,,NO,NO,NO,NO,NO
204603,M,20 a 35 años,Entre 1 y 1.5 SMLV,SIGMA,LAMBDA,TAU,UPSILON,EMP_000001,,NO,NO,NO,NO,NO
204653,M,20 a 35 años,Entre 1 y 1.5 SMLV,SIGMA,LAMBDA,TAU,ETA,EMP_000001,,NO,NO,NO,NO,NO
204703,F,36 a 45 años,Entre 1 y 1.5 SMLV,SIGMA,LAMBDA,TAU,ETA,EMP_000001,,NO,NO,NO,NO,NO
204753,M,20 a 35 años,Entre 1 y 1.5 SMLV,SIGMA,LAMBDA,TAU,DELTA,EMP_000001,BOGOTA D.C.,NO,NO,NO,NO,NO
204803,F,20 a 35 años,Entre 1 y 1.5 SMLV,SIGMA,LAMBDA,TAU,ETA,EMP_000001,,NO,NO,NO,NO,NO
204853,F,36 a 45 años,Entre 1.5 y 2 SMLV,SIGMA,RHO,PI,DELTA,EMP_000001,,NO,NO,NO,NO,NO
204903,F,20 a 35 años,Entre 1 y 1.5 SMLV,SIGMA,LAMBDA,TAU,OMEGA,EMP_000001,,NO,NO,NO,NO,NO
204953,M,20 a 35 años,Entre 1 y 1.5 SMLV,SIGMA,LAMBDA,TAU,ETA,EMP_000001,,NO,NO,NO,NO,NO
205003,M,36 a 45 años,Entre 1 y 1.5 SMLV,SIGMA,RHO,TAU,ETA,EMP_000001,,NO,NO,NO,NO,NO
205053,M,20 a 35 años,Entre 1 y 1.5 SMLV,SIGMA,LAMBDA,ETA,BETA,EMP_000001,,NO,NO,NO,NO,NO
205103,F,20 a 35 años,Entre 1 y 1.5 SMLV,SIGMA,LAMBDA,TAU,XI,EMP_000001,,NO,NO,NO,NO,NO
205153,F,20 a 35 años,Entre 1 y 1.5 SMLV,PI,RHO,TAU,LAMBDA,EMP_000001,,NO,NO,NO,NO,NO
205203,F,36 a 45 años,Entre 3 y 4 SMLV,PI,LAMBDA,ETA,XI,EMP_000002,BOGOTA D.C.,NO,NO,NO,NO,NO
205253,M,20 a 35 años,Entre 1 y 1.5 SMLV,SIGMA,RHO,PI,UPSILON,EMP_000001,BOGOTA D.C.,NO,NO,NO,NO,NO
205303,F,20 a 35 años,Entre 1 y 1.5 SMLV,SIGMA,RHO,TAU,DELTA,EMP_000001,SUESCA,NO,NO,NO,NO,NO
205353,M,36 a 45 años,Menor al SMLV,SIGMA,LAMBDA,TAU,ETA,EMP_000001,,NO,NO,NO,NO,NO
205403,M,46 a 55 años,Entre 1 y 1.5 SMLV,SIGMA,LAMBDA,PI,ETA,EMP_000001,,NO,NO,NO,NO,NO
205453,F,20 a 35 años,Entre 1 y 1.5 SMLV,SIGMA,LAMBDA,TAU,UPSILON,EMP_000001,,NO,NO,NO,NO,NO
205503,F,Mayor de 55 años,Menor al SMLV,SIGMA,LAMBDA,TAU,KAPPA,EMP_000001,BOGOTA D.C.,NO,NO,NO,NO,NO
205553,F,20 a 35 años,Entre 1 y 1.5 SMLV,SIGMA,LAMBDA,ETA,ETA,EMP_000001,BOGOTA D.C.,NO,NO,NO,NO,NO
205603,F,20 a 35 años,Entre 2 y 2.5 SMLV,PI,LAMBDA,ETA,ETA,EMP_000001,BOGOTA D.C.,NO,NO,NO,NO,NO
205653,M,36 a 45 años,Entre 1 y 1.5 SMLV,SIGMA,RHO,TAU,UPSILON,EMP_000001,,NO,NO,NO,NO,NO
205703,M,20 a 35 años,Entre 1 y 1.5 SMLV,SIGMA,LAMBDA,TAU,XI,EMP_000001,,NO,NO,NO,NO,NO
205753,M,Mayor de 55 años,Entre 2.5 y 3 SMLV,SIGMA,IOTA,PI,KAPPA,EMP_000001,BOGOTA D.C.,SI,NO,NO,NO,NO
205803,F,20 a 35 años,Entre 1 y 1.5 SMLV,SIGMA,RHO,PI,ETA,EMP_000001,,NO,NO,NO,NO,NO
205853,M,20 a 35 años,Entre 1 y 1.5 SMLV,SIGMA,CHI,TAU,UPSILON,EMP_000001,,NO,NO,NO,NO,NO
205903,M,46 a 55 años,Entre 1 y 1.5 SMLV,SIGMA,LAMBDA,TAU,DELTA,EMP_000001,BOGOTA D.C.,NO,NO,NO,NO,NO
205953,F,20 a 35 años,Entre 1 y 1.5 SMLV,SIGMA,EPSILON,TAU,ETA,EMP_000001,BOGOTA D.C.,NO,NO,NO,NO,NO
206003,M,20 a 35 años,Entre 1.5 y 2 SMLV,PI,EPSILON,PI,DELTA,EMP_000001,BOGOTA D.C.,NO,NO,NO,NO,NO
206053,F,20 a 35 años,Entre 2 y 2.5 SMLV,PI,LAMBDA,ETA,UPSILON,EMP_000001,BOGOTA D.C.,NO,NO,NO,NO,NO
206103,M,Mayor de 55 años,Entre 1 y 1.5 SMLV,SIGMA,LAMBDA,TAU,KAPPA,EMP_000001,BOGOTA D.C.,NO,NO,NO,NO,NO
206153,F,36 a 45 años,Entre 1 y 1.5 SMLV,SIGMA,RHO,TAU,OMEGA,EMP_000001,GIRARDOT,NO,NO,NO,NO,NO
206203,M,20 a 35 años,Entre 1 y 1.5 SMLV,SIGMA,LAMBDA,ETA,ETA,EMP_000001,,NO,NO,NO,NO,NO
206253,F,46 a 55 años,Entre 1 y 1.5 SMLV,SIGMA,RHO,TAU,ETA,EMP_000001,BOGOTA D.C.,NO,NO,NO,NO,NO
206303,M,20 a 35 años,Entre 4 y 6 SMLV,ZETA,LAMBDA,ETA,XI,EMP_000002,,NO,NO,NO,NO,NO
206353,M,46 a 55 años,Entre 1.5 y 2 SMLV,SIGMA,LAMBDA,PI,UPSILON,EMP_000001,BOGOTA D.C.,NO,NO,NO,NO,NO
206403,F,46 a 55 años,Entre 1 y 1.5 SMLV,PI,LAMBDA,PI,LAMBDA,EMP_000001,BOGOTA D.C.,NO,NO,NO,NO,NO
206453,F,20 a 35 años,Entre 1 y 1.5 SMLV,SIGMA,RHO,TAU,ETA,EMP_000001,,NO,NO,NO,NO,NO
206503,F,36 a 45 años,Entre 1 y 1.5 SMLV,SIGMA,RHO,PI,DELTA,EMP_000001,,NO,NO,NO,NO,NO
206553,M,20 a 35 años,Entre 1.5 y 2 SMLV,SIGMA,LAMBDA,ETA,DELTA,EMP_000001,,NO,NO,NO,NO,NO
206603,M,20 a 35 años,Entre 2 y 2.5 SMLV,PI,LAMBDA,ETA,XI,EMP_000002,BOGOTA D.C.,NO,NO,NO,NO,NO
206653,F,36 a 45 años,Entre 1 y 1.5 SMLV,SIGMA,EPSILON,PI,XI,EMP_000002,BOGOTA D.C.,NO,NO,NO,NO,NO
206703,M,46 a 55 años,Entre 1 y 1.5 SMLV,SIGMA,EPSILON,TAU,XI,EMP_000002,BOGOTA D.C.,NO,NO,NO,NO,NO
206753,M,46 a 55 años,Entre 1.5 y 2 SMLV,SIGMA,IOTA,PI,UPSILON,EMP_000001,BOGOTA D.C.,NO,NO,NO,NO,NO
206803,M,46 a 55 años,Entre 1 y 1.5 SMLV,SIGMA,LAMBDA,TAU,DELTA,EMP_000001,,NO,NO,NO,NO,NO
206853,F,20 a 35 años,Entre 1 y 1.5 SMLV,SIGMA,LAMBDA,TAU,ETA,EMP_000001,,NO,NO,NO,NO,NO
206903,F,36 a 45 años,Entre 1 y 1.5 SMLV,SIGMA,EPSILON,TAU,ETA,EMP_000001,BOGOTA D.C.,NO,NO,NO,NO,NO
206953,F,36 a 45 años,Entre 2 y 2.5 SMLV,PI,CHI,PI,ETA,EMP_000001,BOGOTA D.C.,NO,NO,NO,NO,NO
207003,F,46 a 55 años,Entre 1 y 1.5 SMLV,SIGMA,RHO,PI,ETA,EMP_000001,BOGOTA D.C.,NO,NO,NO,NO,NO
207053,F,46 a 55 años,Entre 3 y 4 SMLV,PI,RHO,PI,XI,EMP_000002,BOGOTA D.C.,NO,NO,NO,NO,NO
207103,M,36 a 45 años,Entre 10 y 20 SMLV,ZETA,LAMBDA,PI,XI,EMP_000001,,NO,NO,NO,NO,NO
207153,F,Mayor de 55 años,Entre 1.5 y 2 SMLV,SIGMA,LAMBDA,PI,KAPPA,EMP_000001,,NO,NO,NO,NO,NO
207203,F,20 a 35 años,Entre 1 y 1.5 SMLV,SIGMA,LAMBDA,ETA,ETA,EMP_000001,,NO,NO,NO,NO,NO
207253,F,20 a 35 años,Entre 1.5 y 2 SMLV,SIGMA,RHO,PI,XI,EMP_000002,BOGOTA D.C.,NO,NO,NO,NO,NO
207303,F,46 a 55 años,Entre 1 y 1.5 SMLV,SIGMA,EPSILON,TAU,DELTA,EMP_000001,BOGOTA D.C.,NO,NO,NO,NO,NO
207353,F,46 a 55 años,Entre 4 y 6 SMLV,ZETA,LAMBDA,PI,XI,EMP_000002,BOGOTA D.C.,NO,NO,NO,NO,NO
207403,M,36 a 45 años,,MU,THETA,OMEGA,OMICRON,EMP_000001,,NO,NO,NO,NO,NO
207453,F,20 a 35 años,Entre 2 y 2.5 SMLV,PI,LAMBDA,ETA,XI,EMP_000002,,NO,NO,NO,NO,NO
207503,F,20 a 35 años,Entre 1 y 1.5 SMLV,SIGMA,RHO,TAU,ETA,EMP_000001,,NO,NO,NO,NO,NO
207553,M,Mayor de 55 años,Entre 3 y 4 SMLV,PI,LAMBDA,PI,ETA,EMP_000001,,NO,NO,NO,NO,NO
207603,M,20 a 35 años,Entre 1 y 1.5 SMLV,SIGMA,LAMBDA,TAU,ETA,EMP_000001,,NO,NO,NO,NO,NO
207653,F,20 a 35 años,Entre 1 y 1.5 SMLV,SIGMA,LAMBDA,ETA,DELTA,EMP_000001,BOGOTA D.C.,NO,NO,NO,NO,NO
207703,M,20 a 35 años,Entre 1 y 1.5 SMLV,SIGMA,CHI,TAU,ETA,EMP_000001,SOACHA,NO,NO,NO,NO,NO
207753,F,20 a 35 años,Entre 2 y 2.5 SMLV,PI,LAMBDA,ETA,XI,EMP_000002,,NO,NO,NO,NO,NO
207803,F,20 a 35 años,Entre 1 y 1.5 SMLV,SIGMA,LAMBDA,ETA,ETA,EMP_000001,FUSAGASUGA,NO,NO,NO,NO,NO
207853,M,20 a 35 años,Entre 1 y 1.5 SMLV,SIGMA,LAMBDA,ETA,DELTA,EMP_000001,,NO,NO,NO,NO,NO
207903,F,20 a 35 años,Entre 1 y 1.5 SMLV,SIGMA,LAMBDA,ETA,DELTA,EMP_000001,,NO,NO,NO,NO,NO
207953,F,20 a 35 años,Entre 3 y 4 SMLV,PI,LAMBDA,ETA,UPSILON,EMP_000001,,NO,NO,NO,NO,NO
208003,M,36 a 45 años,Menor al SMLV,SIGMA,LAMBDA,TAU,ETA,EMP_000001,BOGOTA D.C.,NO,NO,NO,NO,NO
208053,F,Menor de 19 años,Entre 1.5 y 2 SMLV,SIGMA,LAMBDA,ETA,UPSILON,EMP_000001,,NO,NO,NO,NO,NO
208103,F,Mayor de 55 años,Entre 20 y 30 SMLV,ZETA,LAMBDA,XI,DELTA,EMP_000001,,NO,NO,NO,NO,NO
208153,F,36 a 45 años,Entre 2.5 y 3 SMLV,PI,RHO,PI,DELTA,EMP_000001,BOGOTA D.C.,NO,NO,NO,NO,NO
208203,F,20 a 35 años,Entre 2 y 2.5 SMLV,PI,LAMBDA,ETA,OMEGA,EMP_000001,,NO,NO,NO,NO,NO
208253,M,46 a 55 años,Entre 1 y 1.5 SMLV,SIGMA,LAMBDA,TAU,ETA,EMP_000001,,NO,NO,NO,NO,NO
208303,M,36 a 45 años,Entre 1 y 1.5 SMLV,SIGMA,RHO,PI,DELTA,EMP_000001,BOGOTA D.C.,NO,NO,NO,NO,NO
208353,M,20 a 35 años,Entre 1 y 1.5 SMLV,SIGMA,LAMBDA,TAU,ETA,EMP_000001,,NO,NO,NO,NO,NO
208403,M,36 a 45 años,Entre 1 y 1.5 SMLV,SIGMA,CHI,TAU,ETA,EMP_000001,,NO,NO,NO,NO,NO
208453,F,36 a 45 años,Entre 3 y 4 SMLV,PI,LAMBDA,PI,ETA,EMP_000001,BOGOTA D.C.,NO,NO,NO,NO,NO
208503,M,46 a 55 años,Entre 1 y 1.5 SMLV,SIGMA,IOTA,TAU,UPSILON,EMP_000001,BOGOTA D.C.,NO,NO,NO,NO,NO
208553,F,46 a 55 años,Entre 4 y 6 SMLV,ZETA,LAMBDA,PI,XI,EMP_000001,,NO,NO,NO,NO,NO
208603,M,46 a 55 años,Entre 4 y 6 SMLV,ZETA,LAMBDA,PI,XI,EMP_000002,BOGOTA D.C.,NO,NO,NO,NO,NO
208653,F,20 a 35 años,Entre 1 y 1.5 SMLV,SIGMA,LAMBDA,ETA,XI,EMP_000001,,NO,NO,NO,NO,NO
208703,F,20 a 35 años,Entre 1.5 y 2 SMLV,SIGMA,LAMBDA,ETA,UPSILON,EMP_000001,,NO,NO,NO,NO,NO
208753,M,20 a 35 años,Entre 1 y 1.5 SMLV,SIGMA,LAMBDA,ETA,BETA,EMP_000001,,NO,NO,NO,NO,NO
208803,M,20 a 35 años,Entre 1 y 1.5 SMLV,SIGMA,LAMBDA,TAU,XI,EMP_000001,,NO,NO,NO,NO,NO
208853,M,36 a 45 años,Entre 1 y 1.5 SMLV,SIGMA,LAMBDA,TAU,ETA,EMP_000001,BOGOTA D.C.,NO,NO,NO,NO,NO
208903,M,20 a 35 años,Entre 1 y 1.5 SMLV,SIGMA,EPSILON,TAU,UPSILON,EMP_000001,,NO,NO,NO,NO,NO
208953,F,20 a 35 años,Entre 1 y 1.5 SMLV,SIGMA,RHO,TAU,DELTA,EMP_000001,BOGOTA D.C.,NO,NO,NO,NO,NO
209003,M,20 a 35 años,Entre 1 y 1.5 SMLV,SIGMA,RHO,TAU,XI,EMP_000002,,NO,NO,NO,NO,NO
209053,F,20 a 35 años,Entre 1 y 1.5 SMLV,SIGMA,LAMBDA,TAU,UPSILON,EMP_000001,,NO,NO,NO,NO,NO
209103,M,20 a 35 años,Entre 1 y 1.5 SMLV,SIGMA,EPSILON,TAU,ETA,EMP_000001,BOGOTA D.C.,NO,NO,NO,NO,NO
209153,M,46 a 55 años,Entre 1 y 1.5 SMLV,SIGMA,RHO,TAU,UPSILON,EMP_000001,SOACHA,NO,NO,NO,NO,NO
209203,F,20 a 35 años,Entre 1 y 1.5 SMLV,PI,RHO,PI,LAMBDA,EMP_000001,,NO,NO,NO,NO,NO
209253,F,20 a 35 años,Entre 1 y 1.5 SMLV,SIGMA,RHO,TAU,ETA,EMP_000001,,NO,NO,NO,NO,NO
209303,M,36 a 45 años,Entre 2 y 2.5 SMLV,PI,LAMBDA,ETA,XI,EMP_000002,,NO,NO,NO,NO,NO
209353,M,20 a 35 años,Entre 1 y 1.5 SMLV,PI,RHO,PI,UPSILON,EMP_000001,BOGOTA D.C.,NO,NO,NO,NO,NO
209403,M,20 a 35 años,Entre 1 y 1.5 SMLV,SIGMA,RHO,PI,XI,EMP_000002,,NO,NO,NO,NO,NO
209453,F,20 a 35 años,Entre 1 y 1.5 SMLV,SIGMA,CHI,PI,XI,EMP_000001,,NO,NO,NO,NO,NO
209503,F,46 a 55 años,Entre 1 y 1.5 SMLV,SIGMA,CHI,TAU,UPSILON,EMP_000001,,NO,NO,NO,NO,NO
209553,F,Mayor de 55 años,Entre 1 y 1.5 SMLV,SIGMA,LAMBDA,TAU,ETA,EMP_000001,,NO,NO,NO,NO,NO
209603,M,36 a 45 años,Entre 1 y 1.5 SMLV,SIGMA,LAMBDA,ETA,BETA,EMP_000001,,NO,NO,NO,NO,NO
209653,F,20 a 35 años,Entre 1.5 y 2 SMLV,SIGMA,LAMBDA,ETA,XI,EMP_000002,,NO,NO,NO,NO,NO
209703,F,20 a 35 años,Entre 1 y 1.5 SMLV,SIGMA,RHO,PI,ETA,EMP_000001,,NO,NO,NO,NO,NO
209753,M,20 a 35 años,Entre 1 y 1.5 SMLV,SIGMA,RHO,TAU,DELTA,EMP_000001,,NO,NO,NO,NO,NO
209803,M,Mayor de 55 años,Entre 1 y 1.5 SMLV,SIGMA,LAMBDA,TAU,ETA,EMP_000001,,NO,NO,NO,NO,NO
209853,M,20 a 35 años,Entre 1 y 1.5 SMLV,SIGMA,LAMBDA,ETA,BETA,EMP_000001,,NO,NO,NO,NO,NO
209903,F,46 a 55 años,Entre 1 y 1.5 SMLV,SIGMA,RHO,TAU,ETA,EMP_000001,BOGOTA D.C.,NO,NO,NO,NO,NO
209953,F,46 a 55 años,Entre 3 y 4 SMLV,PI,LAMBDA,PI,OMEGA,EMP_000001,BOGOTA D.C.,NO,NO,NO,NO,NO
210003,M,20 a 35 años,Entre 1 y 1.5 SMLV,SIGMA,LAMBDA,TAU,UPSILON,EMP_000001,,NO,NO,NO,NO,NO
210053,M,36 a 45 años,Entre 1 y 1.5 SMLV,SIGMA,LAMBDA,TAU,ETA,EMP_000001,,NO,NO,NO,NO,NO
210103,M,20 a 35 años,Entre 1 y 1.5 SMLV,SIGMA,LAMBDA,TAU,ETA,EMP_000001,BOGOTA D.C.,NO,NO,NO,NO,NO
210153,M,20 a 35 años,Entre 1 y 1.5 SMLV,SIGMA,LAMBDA,ETA,XI,EMP_000002,,NO,NO,NO,NO,NO
210203,M,20 a 35 años,Entre 1.5 y 2 SMLV,SIGMA,RHO,PI,UPSILON,EMP_000001,BOGOTA D.C.,NO,NO,NO,NO,NO
210253,M,46 a 55 años,Entre 1 y 1.5 SMLV,SIGMA,RHO,TAU,UPSILON,EMP_000002,BOGOTA D.C.,NO,NO,NO,NO,NO
210303,M,36 a 45 años,Entre 1 y 1.5 SMLV,SIGMA,LAMBDA,TAU,OMEGA,EMP_000001,BOGOTA D.C.,NO,NO,NO,NO,NO
210353,M,36 a 45 años,Entre 1 y 1.5 SMLV,SIGMA,EPSILON,TAU,UPSILON,EMP_000001,,NO,NO,NO,NO,NO
210403,F,46 a 55 años,Menor al SMLV,SIGMA,LAMBDA,TAU,ETA,EMP_000001,BOGOTA D.C.,NO,NO,NO,NO,NO
210453,M,20 a 35 años,Entre 1 y 1.5 SMLV,SIGMA,LAMBDA,ETA,BETA,EMP_000001,,NO,NO,NO,NO,NO
210503,M,20 a 35 años,Entre 1 y 1.5 SMLV,SIGMA,LAMBDA,ETA,DELTA,EMP_000001,,NO,NO,NO,NO,NO
210553,M,20 a 35 años,Entre 1 y 1.5 SMLV,SIGMA,LAMBDA,TAU,ETA,EMP_000001,,NO,NO,NO,NO,NO
210603,F,20 a 35 años,Entre 1 y 1.5 SMLV,PI,LAMBDA,TAU,LAMBDA,EMP_000001,,NO,NO,NO,NO,NO
210653,M,20 a 35 años,Entre 1 y 1.5 SMLV,SIGMA,CHI,PI,XI,EMP_000002,BOGOTA D.C.,NO,NO,NO,NO,NO
210703,M,Mayor de 55 años,Menor al SMLV,SIGMA,LAMBDA,TAU,OMEGA,EMP_000001,,NO,NO,NO,NO,NO
210753,F,36 a 45 años,Entre 1 y 1.5 SMLV,SIGMA,RHO,TAU,XI,EMP_000002,BOGOTA D.C.,NO,NO,NO,NO,NO
210803,M,36 a 45 años,Entre 2.5 y 3 SMLV,PI,LAMBDA,ETA,UPSILON,EMP_000001,BOGOTA D.C.,NO,NO,NO,NO,NO
210853,M,20 a 35 años,Entre 1 y 1.5 SMLV,SIGMA,LAMBDA,ETA,BETA,EMP_000001,,NO,NO,NO,NO,NO
210903,F,36 a 45 años,Entre 1 y 1.5 SMLV,SIGMA,CHI,TAU,ETA,EMP_000001,MONTERIA,NO,NO,NO,NO,NO
210953,M,36 a 45 años,Entre 1 y 1.5 SMLV,SIGMA,LAMBDA,ETA,BETA,EMP_000001,,NO,NO,NO,NO,NO
211003,M,20 a 35 años,Entre 1 y 1.5 SMLV,SIGMA,LAMBDA,ETA,BETA,EMP_000001,,NO,NO,NO,NO,NO
211053,F,20 a 35 años,Entre 2 y 2.5 SMLV,PI,EPSILON,PI,DELTA,EMP_000001,,NO,NO,NO,NO,NO
211103,F,36 a 45 años,Entre 1 y 1.5 SMLV,SIGMA,RHO,TAU,ETA,EMP_000001,BOGOTA D.C.,NO,NO,NO,NO,NO
211153,F,Mayor de 55 años,Entre 1 y 1.5 SMLV,SIGMA,LAMBDA,TAU,KAPPA,EMP_000001,BOGOTA D.C.,NO,NO,NO,NO,NO
211203,M,46 a 55 años,Entre 10 y 20 SMLV,ZETA,LAMBDA,PI,ETA,EMP_000001,BOGOTA D.C.,NO,NO,NO,NO,NO
211253,M,46 a 55 años,Entre 10 y 20 SMLV,ZETA,RHO,PI,UPSILON,EMP_000001,BOGOTA D.C.,NO,NO,NO,NO,NO
211303,M,46 a 55 años,Entre 1 y 1.5 SMLV,SIGMA,EPSILON,PI,UPSILON,EMP_000001,,NO,NO,NO,NO,NO
211353,F,36 a 45 años,Entre 10 y 20 SMLV,ZETA,RHO,PI,XI,EMP_000002,BOGOTA D.C.,NO,NO,NO,NO,NO
211403,M,46 a 55 años,Entre 1 y 1.5 SMLV,SIGMA,EPSILON,TAU,ETA,EMP_000001,,NO,NO,NO,NO,NO
211453,F,20 a 35 años,Entre 1 y 1.5 SMLV,SIGMA,LAMBDA,ETA,OMEGA,EMP_000001,,NO,NO,NO,NO,NO
211503,M,20 a 35 años,Entre 1 y 1.5 SMLV,SIGMA,LAMBDA,TAU,ETA,EMP_000001,,NO,NO,NO,NO,NO
211553,M,20 a 35 años,Entre 2 y 2.5 SMLV,PI,CHI,PI,XI,EMP_000002,,NO,NO,NO,NO,NO
211603,M,20 a 35 años,Entre 1 y 1.5 SMLV,SIGMA,LAMBDA,ETA,XI,EMP_000002,,NO,NO,NO,NO,NO
211653,F,36 a 45 años,Entre 1.5 y 2 SMLV,SIGMA,LAMBDA,PI,ETA,EMP_000001,BOGOTA D.C.,NO,NO,NO,NO,NO
211703,M,Mayor de 55 años,Entre 1 y 1.5 SMLV,SIGMA,IOTA,TAU,OMEGA,EMP_000001,,NO,NO,NO,NO,NO
211753,F,20 a 35 años,Entre 1 y 1.5 SMLV,SIGMA,LAMBDA,ETA,XI,EMP_000002,BOGOTA D.C.,NO,NO,NO,NO,NO
211803,M,36 a 45 años,Entre 1 y 1.5 SMLV,SIGMA,RHO,TAU,DELTA,EMP_000001,BOGOTA D.C.,NO,NO,NO,NO,NO
211853,F,20 a 35 años,Entre 1 y 1.5 SMLV,SIGMA,LAMBDA,TAU,UPSILON,EMP_000001,,NO,NO,NO,NO,NO
211903,F,20 a 35 años,Entre 2.5 y 3 SMLV,PI,LAMBDA,ETA,XI,EMP_000002,,NO,NO,NO,NO,NO
211953,M,Mayor de 55 años,Entre 1 y 1.5 SMLV,PI,EPSILON,TAU,LAMBDA,EMP_000001,,NO,NO,NO,NO,NO
212003,M,36 a 45 años,Entre 4 y 6 SMLV,ZETA,LAMBDA,PI,UPSILON,EMP_000001,BOGOTA D.C.,NO,NO,NO,NO,NO
212053,M,20 a 35 años,Entre 1 y 1.5 SMLV,SIGMA,EPSILON,TAU,UPSILON,EMP_000001,BOGOTA D.C.,NO,NO,NO,NO,NO
212103,M,36 a 45 años,Entre 1 y 1.5 SMLV,SIGMA,LAMBDA,TAU,ETA,EMP_000001,,NO,NO,NO,NO,NO
212153,M,20 a 35 años,Entre 4 y 6 SMLV,ZETA,LAMBDA,ETA,ETA,EMP_000001,,NO,NO,NO,NO,NO
212203,M,20 a 35 años,Entre 1 y 1.5 SMLV,SIGMA,LAMBDA,TAU,DELTA,EMP_000001,,NO,NO,NO,NO,NO
212253,M,46 a 55 años,Entre 1 y 1.5 SMLV,SIGMA,LAMBDA,PI,ETA,EMP_000001,,NO,NO,NO,NO,NO
212303,M,20 a 35 años,Entre 1 y 1.5 SMLV,SIGMA,LAMBDA,ETA,BETA,EMP_000001,,NO,NO,NO,NO,NO
212353,F,36 a 45 años,Entre 1 y 1.5 SMLV,SIGMA,RHO,PI,XI,EMP_000002,BOGOTA D.C.,NO,NO,NO,NO,NO
212403,M,20 a 35 años,Menor al SMLV,SIGMA,LAMBDA,TAU,DELTA,EMP_000001,,NO,NO,NO,NO,NO
212453,M,36 a 45 años,Entre 1 y 1.5 SMLV,SIGMA,LAMBDA,PI,XI,EMP_000001,SOACHA,NO,NO,NO,NO,NO
212503,M,20 a 35 años,Menor al SMLV,SIGMA,LAMBDA,ETA,ETA,EMP_000001,BOGOTA D.C.,NO,NO,NO,NO,NO
212553,M,Mayor de 55 años,Entre 4 y 6 SMLV,SIGMA,IOTA,PI,KAPPA,EMP_000001,BOGOTA D.C.,NO,NO,NO,NO,NO
212603,M,20 a 35 años,Entre 1 y 1.5 SMLV,SIGMA,EPSILON,TAU,UPSILON,EMP_000001,MOSQUERA,NO,NO,NO,NO,NO
212653,F,36 a 45 años,Entre 1 y 1.5 SMLV,SIGMA,LAMBDA,TAU,XI,EMP_000002,SOACHA,NO,NO,NO,NO,NO
212703,M,36 a 45 años,Entre 1 y 1.5 SMLV,SIGMA,THETA,TAU,OMICRON,EMP_000001,,NO,NO,NO,NO,NO
212753,M,20 a 35 años,,MU,THETA,OMEGA,OMICRON,EMP_000001,,NO,NO,NO,NO,NO
212803,M,36 a 45 años,Entre 1 y 1.5 SMLV,SIGMA,EPSILON,TAU,ETA,EMP_000001,BOGOTA D.C.,NO,NO,NO,NO,NO
212853,F,36 a 45 años,Entre 1 y 1.5 SMLV,SIGMA,RHO,PI,XI,EMP_000002,BOGOTA D.C.,NO,NO,NO,NO,NO
212903,M,20 a 35 años,Entre 1 y 1.5 SMLV,SIGMA,LAMBDA,TAU,UPSILON,EMP_000001,,NO,NO,NO,NO,NO
212953,M,20 a 35 años,Entre 1 y 1.5 SMLV,SIGMA,LAMBDA,ETA,BETA,EMP_000001,,NO,NO,NO,NO,NO
213003,F,20 a 35 años,Entre 2 y 2.5 SMLV,PI,LAMBDA,ETA,XI,EMP_000001,,NO,NO,NO,NO,NO
213053,F,Mayor de 55 años,Entre 1 y 1.5 SMLV,SIGMA,LAMBDA,TAU,ETA,EMP_000001,EL COLEGIO,NO,NO,NO,NO,NO
213103,M,20 a 35 años,Entre 3 y 4 SMLV,ZETA,LAMBDA,ETA,ETA,EMP_000001,,NO,NO,NO,NO,NO
213153,M,36 a 45 años,Entre 2.5 y 3 SMLV,PI,LAMBDA,ETA,XI,EMP_000002,BOGOTA D.C.,NO,NO,NO,NO,NO
213203,F,20 a 35 años,Entre 1 y 1.5 SMLV,SIGMA,LAMBDA,TAU,XI,EMP_000002,,NO,NO,NO,NO,NO
213253,F,20 a 35 años,Entre 1.5 y 2 SMLV,SIGMA,LAMBDA,ETA,UPSILON,EMP_000001,BOGOTA D.C.,NO,NO,NO,NO,NO
213303,F,20 a 35 años,Entre 1 y 1.5 SMLV,SIGMA,LAMBDA,TAU,DELTA,EMP_000001,,NO,NO,NO,NO,NO
213353,M,20 a 35 años,Entre 1 y 1.5 SMLV,SIGMA,RHO,PI,ETA,EMP_000001,,NO,NO,NO,NO,NO
213403,M,20 a 35 años,Entre 1 y 1.5 SMLV,SIGMA,LAMBDA,ETA,BETA,EMP_000001,,NO,NO,NO,NO,NO
213453,F,20 a 35 años,Entre 1 y 1.5 SMLV,SIGMA,LAMBDA,TAU,ETA,EMP_000001,,NO,NO,NO,NO,NO
213503,M,46 a 55 años,Entre 1 y 1.5 SMLV,SIGMA,IOTA,PI,UPSILON,EMP_000001,BOGOTA D.C.,NO,NO,NO,NO,NO
213553,F,20 a 35 años,Entre 1 y 1.5 SMLV,SIGMA,LAMBDA,TAU,ETA,EMP_000001,BOGOTA D.C.,NO,NO,NO,NO,NO
213603,F,46 a 55 años,Entre 1 y 1.5 SMLV,SIGMA,LAMBDA,TAU,UPSILON,EMP_000001,,NO,NO,NO,NO,NO
213653,M,20 a 35 años,Entre 1.5 y 2 SMLV,SIGMA,LAMBDA,ETA,PSI,EMP_000001,,NO,NO,NO,NO,NO
213703,M,20 a 35 años,Entre 3 y 4 SMLV,PI,LAMBDA,ETA,UPSILON,EMP_000001,,NO,NO,NO,NO,NO
213753,F,36 a 45 años,Entre 1 y 1.5 SMLV,SIGMA,EPSILON,PI,ETA,EMP_000001,CHIA,NO,NO,NO,NO,NO
213803,M,46 a 55 años,Entre 10 y 20 SMLV,ZETA,RHO,PI,ETA,EMP_000001,BOGOTA D.C.,NO,NO,NO,NO,NO
213853,F,20 a 35 años,Entre 3 y 4 SMLV,PI,LAMBDA,ETA,UPSILON,EMP_000001,,NO,NO,NO,NO,NO
213903,F,20 a 35 años,Entre 1 y 1.5 SMLV,SIGMA,LAMBDA,TAU,OMEGA,EMP_000001,BOGOTA D.C.,NO,NO,NO,NO,NO
213953,M,20 a 35 años,Entre 1 y 1.5 SMLV,SIGMA,LAMBDA,ETA,BETA,EMP_000001,,NO,NO,NO,NO,NO
214003,M,36 a 45 años,Menor al SMLV,SIGMA,EPSILON,TAU,ETA,EMP_000001,,NO,NO,NO,NO,NO
214053,M,20 a 35 años,Entre 1 y 1.5 SMLV,SIGMA,LAMBDA,TAU,DELTA,EMP_000001,BOGOTA D.C.,NO,NO,NO,NO,NO
214103,F,20 a 35 años,Entre 1.5 y 2 SMLV,SIGMA,LAMBDA,ETA,XI,EMP_000002,,NO,NO,NO,NO,NO
214153,F,46 a 55 años,Entre 1 y 1.5 SMLV,SIGMA,LAMBDA,TAU,ETA,EMP_000001,,NO,NO,NO,NO,NO
214203,F,36 a 45 años,Entre 1 y 1.5 SMLV,SIGMA,RHO,TAU,PSI,EMP_000001,BOGOTA D.C.,NO,NO,NO,NO,NO
214253,F,Mayor de 55 años,Entre 1 y 1.5 SMLV,SIGMA,LAMBDA,TAU,ETA,EMP_000001,,NO,NO,NO,NO,NO
214303,M,36 a 45 años,Entre 1 y 1.5 SMLV,SIGMA,RHO,TAU,ETA,EMP_000001,TUNJA,NO,NO,NO,NO,NO
214353,F,46 a 55 años,Entre 1 y 1.5 SMLV,SIGMA,RHO,TAU,ETA,EMP_000001,BOGOTA D.C.,NO,NO,NO,NO,NO
214403,M,20 a 35 años,Entre 1 y 1.5 SMLV,SIGMA,LAMBDA,TAU,DELTA,EMP_000001,,NO,NO,NO,NO,NO
214453,F,46 a 55 años,Entre 1 y 1.5 SMLV,SIGMA,LAMBDA,PI,DELTA,EMP_000001,,NO,NO,NO,NO,NO
214503,F,20 a 35 años,Entre 2.5 y 3 SMLV,PI,LAMBDA,ETA,XI,EMP_000002,BOGOTA D.C.,NO,NO,NO,NO,NO
214553,M,20 a 35 años,Entre 1 y 1.5 SMLV,SIGMA,LAMBDA,ETA,DELTA,EMP_000001,,NO,NO,NO,NO,NO
214603,F,46 a 55 años,Entre 2 y 2.5 SMLV,PI,EPSILON,PI,XI,EMP_000002,BOGOTA D.C.,NO,NO,NO,NO,NO
214653,M,20 a 35 años,Entre 1 y 1.5 SMLV,SIGMA,LAMBDA,ETA,XI,EMP_000002,BOGOTA D.C.,NO,NO,NO,NO,NO
214703,F,46 a 55 años,Menor al SMLV,SIGMA,LAMBDA,TAU,ETA,EMP_000001,,NO,NO,NO,NO,NO
214753,M,20 a 35 años,Entre 1 y 1.5 SMLV,SIGMA,LAMBDA,TAU,ETA,EMP_000001,,NO,NO,NO,NO,NO
214803,M,20 a 35 años,Entre 1 y 1.5 SMLV,SIGMA,LAMBDA,TAU,ETA,EMP_000001,,NO,NO,NO,NO,NO
214853,M,20 a 35 años,Entre 1 y 1.5 SMLV,SIGMA,LAMBDA,TAU,UPSILON,EMP_000001,,NO,NO,NO,NO,NO
214903,M,Menor de 19 años,Entre 1 y 1.5 SMLV,SIGMA,LAMBDA,TAU,XI,EMP_000001,,NO,NO,NO,NO,NO
214953,M,20 a 35 años,Entre 1 y 1.5 SMLV,SIGMA,LAMBDA,ETA,OMEGA,EMP_000001,,NO,NO,NO,NO,NO
215003,F,20 a 35 años,Entre 1 y 1.5 SMLV,SIGMA,RHO,TAU,UPSILON,EMP_000002,,NO,NO,NO,NO,NO
215053,M,20 a 35 años,Entre 1 y 1.5 SMLV,SIGMA,LAMBDA,ETA,BETA,EMP_000001,,NO,NO,NO,NO,NO
215103,M,36 a 45 años,Entre 3 y 4 SMLV,PI,RHO,PI,DELTA,EMP_000001,BOGOTA D.C.,NO,NO,NO,NO,NO
215153,F,20 a 35 años,Entre 1.5 y 2 SMLV,SIGMA,LAMBDA,ETA,XI,EMP_000002,BOGOTA D.C.,NO,NO,NO,NO,NO
215203,M,20 a 35 años,Entre 1.5 y 2 SMLV,SIGMA,LAMBDA,ETA,UPSILON,EMP_000001,BOGOTA D.C.,NO,NO,NO,NO,NO
215253,F,46 a 55 años,Entre 1 y 1.5 SMLV,SIGMA,IOTA,TAU,ETA,EMP_000001,BOGOTA D.C.,NO,NO,NO,NO,NO
215303,F,36 a 45 años,Entre 10 y 20 SMLV,ZETA,LAMBDA,PI,UPSILON,EMP_000001,BOGOTA D.C.,NO,NO,NO,NO,NO
215353,F,20 a 35 años,Entre 1 y 1.5 SMLV,SIGMA,LAMBDA,ETA,ETA,EMP_000001,,NO,NO,NO,NO,NO
215403,M,36 a 45 años,Entre 1 y 1.5 SMLV,SIGMA,LAMBDA,TAU,XI,EMP_000001,,NO,NO,NO,NO,NO
215453,M,Mayor de 55 años,Entre 1 y 1.5 SMLV,SIGMA,RHO,TAU,XI,EMP_000002,,NO,NO,NO,NO,NO
215503,F,20 a 35 años,Entre 1 y 1.5 SMLV,SIGMA,RHO,TAU,UPSILON,EMP_000001,BOGOTA D.C.,NO,NO,NO,NO,NO
215553,M,Mayor de 55 años,Entre 1 y 1.5 SMLV,PI,IOTA,TAU,LAMBDA,EMP_000001,BOGOTA D.C.,NO,NO,NO,NO,NO
215603,F,46 a 55 años,Entre 1 y 1.5 SMLV,SIGMA,RHO,TAU,XI,EMP_000002,MADRID,NO,NO,NO,NO,NO
215653,F,46 a 55 años,Entre 1 y 1.5 SMLV,SIGMA,LAMBDA,TAU,ETA,EMP_000001,BOGOTA D.C.,NO,NO,NO,NO,NO
215703,M,46 a 55 años,Entre 2 y 2.5 SMLV,PI,LAMBDA,PI,UPSILON,EMP_000001,BOGOTA D.C.,NO,NO,NO,NO,NO
215753,F,46 a 55 años,Entre 1 y 1.5 SMLV,SIGMA,LAMBDA,TAU,DELTA,EMP_000001,,NO,NO,NO,NO,NO
215803,M,Mayor de 55 años,Entre 1 y 1.5 SMLV,SIGMA,LAMBDA,TAU,ETA,EMP_000001,BOGOTA D.C.,NO,NO,NO,NO,NO
215853,M,20 a 35 años,Entre 1 y 1.5 SMLV,SIGMA,LAMBDA,TAU,UPSILON,EMP_000001,,NO,NO,NO,NO,NO
215903,M,20 a 35 años,Entre 1 y 1.5 SMLV,SIGMA,RHO,TAU,UPSILON,EMP_000001,,NO,NO,NO,NO,NO
215953,M,20 a 35 años,Entre 1.5 y 2 SMLV,SIGMA,LAMBDA,ETA,ETA,EMP_000001,,NO,NO,NO,NO,NO
216003,M,46 a 55 años,Entre 1 y 1.5 SMLV,SIGMA,LAMBDA,PI,OMEGA,EMP_000001,BOGOTA D.C.,NO,NO,NO,NO,NO
216053,F,20 a 35 años,Entre 1 y 1.5 SMLV,SIGMA,LAMBDA,TAU,XI,EMP_000001,,NO,NO,NO,NO,NO
216103,F,46 a 55 años,Entre 1 y 1.5 SMLV,PI,LAMBDA,TAU,LAMBDA,EMP_000001,BOGOTA D.C.,NO,NO,NO,NO,NO
216153,M,36 a 45 años,Entre 1 y 1.5 SMLV,PI,RHO,PI,BETA,EMP_000001,,NO,NO,NO,NO,NO
216203,M,36 a 45 años,Entre 1 y 1.5 SMLV,SIGMA,LAMBDA,TAU,ETA,EMP_000001,BOGOTA D.C.,NO,NO,NO,NO,NO
216253,M,46 a 55 años,Entre 2 y 2.5 SMLV,PI,LAMBDA,PI,ETA,EMP_000001,BOGOTA D.C.,NO,NO,NO,NO,NO
216303,M,20 a 35 años,Entre 1 y 1.5 SMLV,SIGMA,LAMBDA,TAU,UPSILON,EMP_000001,,NO,NO,NO,NO,NO
216353,F,20 a 35 años,Entre 1 y 1.5 SMLV,SIGMA,LAMBDA,TAU,XI,EMP_000002,BOGOTA D.C.,NO,NO,NO,NO,NO
216403,M,36 a 45 años,Entre 1 y 1.5 SMLV,SIGMA,LAMBDA,TAU,ETA,EMP_000001,,NO,NO,NO,NO,NO
216453,F,Mayor de 55 años,Entre 1 y 1.5 SMLV,SIGMA,LAMBDA,PI,KAPPA,EMP_000001,BOGOTA D.C.,NO,NO,NO,NO,NO
216503,F,46 a 55 años,Entre 1 y 1.5 SMLV,SIGMA,LAMBDA,TAU,UPSILON,EMP_000002,BOGOTA D.C.,NO,NO,NO,NO,NO
216553,M,46 a 55 años,Entre 1 y 1.5 SMLV,SIGMA,LAMBDA,TAU,ETA,EMP_000001,,NO,NO,NO,NO,NO
216603,F,36 a 45 años,Entre 1 y 1.5 SMLV,SIGMA,LAMBDA,TAU,XI,EMP_000002,,NO,NO,NO,NO,NO
216653,M,20 a 35 años,Entre 1 y 1.5 SMLV,SIGMA,RHO,TAU,UPSILON,EMP_000001,,NO,NO,NO,NO,NO
216703,F,20 a 35 años,Entre 1 y 1.5 SMLV,SIGMA,EPSILON,TAU,DELTA,EMP_000001,,NO,NO,NO,NO,NO
216753,F,20 a 35 años,Entre 1 y 1.5 SMLV,SIGMA,RHO,TAU,XI,EMP_000001,,NO,NO,NO,NO,NO
216803,M,Mayor de 55 años,Entre 8 y 10 SMLV,ZETA,IOTA,PI,UPSILON,EMP_000001,COTA,NO,NO,NO,NO,NO
216853,M,20 a 35 años,Entre 1 y 1.5 SMLV,SIGMA,LAMBDA,ETA,UPSILON,EMP_000001,,NO,NO,NO,NO,NO
216903,M,20 a 35 años,Entre 1 y 1.5 SMLV,SIGMA,RHO,TAU,DELTA,EMP_000001,BOGOTA D.C.,NO,NO,NO,NO,NO
216953,M,20 a 35 años,Entre 1 y 1.5 SMLV,SIGMA,LAMBDA,TAU,ETA,EMP_000001,,NO,NO,NO,NO,NO
217003,F,20 a 35 años,,MU,THETA,OMEGA,OMICRON,EMP_000001,,NO,NO,NO,NO,NO
217053,F,20 a 35 años,Entre 1 y 1.5 SMLV,SIGMA,LAMBDA,ETA,UPSILON,EMP_000001,,NO,NO,NO,NO,NO
217103,M,46 a 55 años,Entre 1 y 1.5 SMLV,SIGMA,LAMBDA,PI,UPSILON,EMP_000001,,NO,NO,NO,NO,NO
217153,F,36 a 45 años,Entre 3 y 4 SMLV,PI,RHO,PI,UPSILON,EMP_000001,BOGOTA D.C.,NO,NO,NO,NO,NO
217203,M,20 a 35 años,Entre 1 y 1.5 SMLV,SIGMA,LAMBDA,TAU,ETA,EMP_000001,,NO,NO,NO,NO,NO
217253,M,20 a 35 años,Entre 1 y 1.5 SMLV,SIGMA,LAMBDA,TAU,ETA,EMP_000001,,NO,NO,NO,NO,NO
217303,M,20 a 35 años,Entre 1 y 1.5 SMLV,SIGMA,RHO,TAU,ETA,EMP_000001,,NO,NO,NO,NO,NO
217353,M,Mayor de 55 años,Entre 1 y 1.5 SMLV,SIGMA,EPSILON,TAU,ETA,EMP_000001,BOGOTA D.C.,NO,NO,NO,NO,NO
217403,M,46 a 55 años,Entre 1.5 y 2 SMLV,SIGMA,LAMBDA,PI,ETA,EMP_000001,MOSQUERA,NO,NO,NO,NO,NO
217453,M,20 a 35 años,Menor al SMLV,SIGMA,EPSILON,TAU,ETA,EMP_000001,BOGOTA D.C.,NO,NO,NO,NO,NO
217503,F,46 a 55 años,Entre 1 y 1.5 SMLV,SIGMA,LAMBDA,PI,ETA,EMP_000001,BOGOTA D.C.,NO,NO,NO,NO,NO
217553,F,20 a 35 años,Entre 1 y 1.5 SMLV,SIGMA,RHO,PI,OMEGA,EMP_000001,,NO,NO,NO,NO,NO
217603,F,36 a 45 años,Entre 4 y 6 SMLV,ZETA,LAMBDA,PI,XI,EMP_000001,,NO,NO,NO,NO,NO
217653,M,20 a 35 años,Entre 1 y 1.5 SMLV,SIGMA,LAMBDA,ETA,BETA,EMP_000001,,NO,NO,NO,NO,NO
217703,F,Mayor de 55 años,Entre 3 y 4 SMLV,ZETA,IOTA,PI,ETA,EMP_000001,BOGOTA D.C.,NO,NO,NO,NO,NO
217753,M,20 a 35 años,Entre 1 y 1.5 SMLV,SIGMA,LAMBDA,ETA,BETA,EMP_000001,,NO,NO,NO,NO,NO
217803,F,20 a 35 años,Menor al SMLV,SIGMA,LAMBDA,TAU,ETA,EMP_000001,,NO,NO,NO,NO,NO
217853,F,46 a 55 años,Entre 4 y 6 SMLV,ZETA,RHO,PI,UPSILON,EMP_000001,BOGOTA D.C.,NO,NO,NO,NO,NO
217903,M,36 a 45 años,Entre 1 y 1.5 SMLV,SIGMA,CHI,TAU,UPSILON,EMP_000001,,NO,NO,NO,NO,NO
217953,M,46 a 55 años,Entre 3 y 4 SMLV,PI,EPSILON,PI,XI,EMP_000002,LA CALERA,NO,NO,NO,NO,NO
218003,F,Mayor de 55 años,Entre 1 y 1.5 SMLV,SIGMA,LAMBDA,TAU,KAPPA,EMP_000001,,NO,NO,NO,NO,NO
218053,M,20 a 35 años,Menor al SMLV,SIGMA,LAMBDA,TAU,ETA,EMP_000001,BOGOTA D.C.,NO,NO,NO,NO,NO
218103,M,36 a 45 años,Entre 1 y 1.5 SMLV,SIGMA,LAMBDA,TAU,ETA,EMP_000001,,NO,NO,NO,NO,NO
218153,F,Mayor de 55 años,Entre 2 y 2.5 SMLV,SIGMA,IOTA,PI,KAPPA,EMP_000001,BOGOTA D.C.,NO,NO,NO,NO,NO
218203,F,20 a 35 años,Entre 1 y 1.5 SMLV,SIGMA,RHO,PI,PSI,EMP_000001,BOGOTA D.C.,NO,NO,NO,NO,NO
218253,F,20 a 35 años,Entre 1 y 1.5 SMLV,SIGMA,RHO,PI,ETA,EMP_000001,,NO,NO,NO,NO,NO
218303,M,36 a 45 años,Entre 8 y 10 SMLV,ZETA,EPSILON,PI,UPSILON,EMP_000001,,NO,NO,NO,NO,NO
218353,M,36 a 45 años,Entre 1 y 1.5 SMLV,SIGMA,RHO,PI,XI,EMP_000001,BOGOTA D.C.,NO,NO,NO,NO,NO
218403,F,20 a 35 años,Entre 1.5 y 2 SMLV,SIGMA,LAMBDA,ETA,ETA,EMP_000001,,NO,NO,NO,NO,NO
218453,M,Mayor de 55 años,Entre 1 y 1.5 SMLV,SIGMA,CHI,TAU,ETA,EMP_000001,BOGOTA D.C.,NO,NO,NO,NO,NO
218503,F,36 a 45 años,Entre 4 y 6 SMLV,ZETA,RHO,PI,XI,EMP_000001,BOGOTA D.C.,NO,NO,NO,NO,NO
218553,F,20 a 35 años,Entre 1 y 1.5 SMLV,SIGMA,RHO,TAU,UPSILON,EMP_000001,,NO,NO,NO,NO,NO
218603,F,20 a 35 años,Entre 2 y 2.5 SMLV,PI,LAMBDA,ETA,UPSILON,EMP_000001,,NO,NO,NO,NO,NO
218653,M,36 a 45 años,Entre 1 y 1.5 SMLV,SIGMA,LAMBDA,ETA,DELTA,EMP_000001,,NO,NO,NO,NO,NO
218703,M,36 a 45 años,Entre 1 y 1.5 SMLV,SIGMA,LAMBDA,PI,DELTA,EMP_000001,BOGOTA D.C.,NO,NO,NO,NO,NO
218753,M,Mayor de 55 años,Menor al SMLV,SIGMA,LAMBDA,TAU,ETA,EMP_000001,BOGOTA D.C.,NO,NO,NO,NO,NO
218803,M,36 a 45 años,Entre 1 y 1.5 SMLV,SIGMA,RHO,TAU,ETA,EMP_000001,,NO,NO,NO,NO,NO
218853,M,20 a 35 años,Entre 1 y 1.5 SMLV,SIGMA,LAMBDA,ETA,XI,EMP_000002,,NO,NO,NO,NO,NO
218903,F,20 a 35 años,Entre 2 y 2.5 SMLV,PI,LAMBDA,ETA,UPSILON,EMP_000002,,NO,NO,NO,NO,NO
218953,M,20 a 35 años,Entre 1 y 1.5 SMLV,SIGMA,LAMBDA,TAU,ETA,EMP_000001,,NO,NO,NO,NO,NO
219003,M,20 a 35 años,Entre 1 y 1.5 SMLV,SIGMA,LAMBDA,TAU,DELTA,EMP_000001,,NO,NO,NO,NO,NO
219053,F,20 a 35 años,Entre 1 y 1.5 SMLV,SIGMA,RHO,TAU,ETA,EMP_000001,BOGOTA D.C.,NO,NO,NO,NO,NO
219103,M,20 a 35 años,Entre 1 y 1.5 SMLV,SIGMA,LAMBDA,ETA,BETA,EMP_000001,,NO,NO,NO,NO,NO
219153,M,36 a 45 años,Entre 1.5 y 2 SMLV,SIGMA,LAMBDA,PI,XI,EMP_000002,BOGOTA D.C.,NO,NO,NO,NO,NO
219203,M,46 a 55 años,Entre 1 y 1.5 SMLV,SIGMA,RHO,TAU,DELTA,EMP_000001,BOGOTA D.C.,NO,NO,NO,NO,NO
219253,M,20 a 35 años,Entre 1 y 1.5 SMLV,SIGMA,LAMBDA,ETA,ETA,EMP_000001,SOACHA,NO,NO,NO,NO,NO
219303,F,Mayor de 55 años,Entre 2.5 y 3 SMLV,PI,LAMBDA,PI,XI,EMP_000002,BOGOTA D.C.,NO,NO,NO,NO,NO
219353,F,36 a 45 años,Entre 10 y 20 SMLV,ZETA,RHO,PI,XI,EMP_000002,,NO,NO,NO,NO,NO
219403,M,20 a 35 años,Entre 1 y 1.5 SMLV,SIGMA,RHO,TAU,DELTA,EMP_000001,,NO,NO,NO,NO,NO
219453,M,20 a 35 años,Entre 1 y 1.5 SMLV,SIGMA,LAMBDA,ETA,UPSILON,EMP_000001,BOGOTA D.C.,NO,NO,NO,NO,NO
219503,M,20 a 35 años,Entre 1 y 1.5 SMLV,SIGMA,EPSILON,TAU,XI,EMP_000002,BOGOTA D.C.,NO,NO,NO,NO,NO
219553,M,Mayor de 55 años,Entre 1 y 1.5 SMLV,PI,IOTA,TAU,LAMBDA,EMP_000001,BOGOTA D.C.,NO,NO,NO,NO,NO
219603,F,46 a 55 años,Entre 1 y 1.5 SMLV,SIGMA,CHI,TAU,ETA,EMP_000001,,NO,NO,NO,NO,NO
219653,F,20 a 35 años,Entre 1.5 y 2 SMLV,SIGMA,RHO,PI,DELTA,EMP_000001,BOGOTA D.C.,NO,NO,NO,NO,NO
219703,M,20 a 35 años,Entre 1 y 1.5 SMLV,SIGMA,RHO,TAU,ETA,EMP_000001,,NO,NO,NO,NO,NO
219753,M,36 a 45 años,Entre 1 y 1.5 SMLV,SIGMA,LAMBDA,PI,ETA,EMP_000001,BOGOTA D.C.,NO,NO,NO,NO,NO
219803,M,36 a 45 años,Entre 1.5 y 2 SMLV,SIGMA,EPSILON,PI,ETA,EMP_000001,EL ROSAL,NO,NO,NO,NO,NO
219853,F,20 a 35 años,Entre 1 y 1.5 SMLV,SIGMA,LAMBDA,TAU,XI,EMP_000001,,NO,NO,NO,NO,NO
219903,M,46 a 55 años,Entre 1 y 1.5 SMLV,SIGMA,LAMBDA,PI,OMEGA,EMP_000001,BOGOTA D.C.,NO,NO,NO,NO,NO
219953,M,36 a 45 años,Entre 3 y 4 SMLV,ZETA,LAMBDA,PI,ETA,EMP_000001,BOGOTA D.C.,NO,NO,NO,NO,NO
220003,F,20 a 35 años,Entre 1 y 1.5 SMLV,SIGMA,LAMBDA,TAU,DELTA,EMP_000001,,NO,NO,NO,NO,NO
220053,F,Mayor de 55 años,Entre 1 y 1.5 SMLV,SIGMA,LAMBDA,TAU,KAPPA,EMP_000001,BOGOTA D.C.,NO,NO,NO,NO,NO
220103,M,20 a 35 años,Entre 1 y 1.5 SMLV,SIGMA,LAMBDA,ETA,DELTA,EMP_000001,,NO,NO,NO,NO,NO
220153,F,46 a 55 años,Entre 1 y 1.5 SMLV,SIGMA,RHO,TAU,UPSILON,EMP_000001,BOGOTA D.C.,NO,NO,NO,NO,NO
220203,F,20 a 35 años,Entre 1 y 1.5 SMLV,SIGMA,RHO,TAU,UPSILON,EMP_000001,SOACHA,NO,NO,NO,NO,NO
220253,F,36 a 45 años,Entre 1 y 1.5 SMLV,SIGMA,LAMBDA,ETA,ETA,EMP_000001,,NO,NO,NO,NO,NO
220303,F,20 a 35 años,Entre 1 y 1.5 SMLV,SIGMA,RHO,PI,UPSILON,EMP_000001,BOGOTA D.C.,NO,NO,NO,NO,NO
220353,M,20 a 35 años,Entre 1 y 1.5 SMLV,PI,LAMBDA,ETA,UPSILON,EMP_000001,BOGOTA D.C.,NO,NO,NO,NO,NO
220403,M,20 a 35 años,Entre 1 y 1.5 SMLV,SIGMA,IOTA,TAU,UPSILON,EMP_000001,,NO,NO,NO,NO,NO
220453,F,20 a 35 años,Entre 1 y 1.5 SMLV,SIGMA,THETA,TAU,OMICRON,EMP_000001,,NO,NO,NO,NO,NO
220503,F,46 a 55 años,Entre 1.5 y 2 SMLV,SIGMA,LAMBDA,PI,UPSILON,EMP_000001,,NO,NO,NO,NO,NO
220553,F,20 a 35 años,Entre 1 y 1.5 SMLV,SIGMA,RHO,PI,XI,EMP_000001,BOGOTA D.C.,NO,NO,NO,NO,NO
220603,M,46 a 55 años,Entre 2 y 2.5 SMLV,PI,RHO,PI,ETA,EMP_000001,BOGOTA D.C.,NO,NO,NO,NO,NO
220653,M,36 a 45 años,Entre 10 y 20 SMLV,ZETA,RHO,PI,XI,EMP_000002,BOGOTA D.C.,NO,NO,NO,NO,NO
220703,F,36 a 45 años,Entre 1 y 1.5 SMLV,SIGMA,RHO,TAU,XI,EMP_000001,SOACHA,NO,NO,NO,NO,NO
220753,M,36 a 45 años,Entre 1 y 1.5 SMLV,SIGMA,LAMBDA,PI,BETA,EMP_000001,,NO,NO,NO,NO,NO
220803,M,46 a 55 años,Entre 2.5 y 3 SMLV,PI,EPSILON,PI,DELTA,EMP_000001,BOGOTA D.C.,NO,NO,NO,NO,NO
220853,M,20 a 35 años,Entre 1 y 1.5 SMLV,SIGMA,LAMBDA,TAU,ETA,EMP_000001,SOACHA,NO,NO,NO,NO,NO
220903,F,36 a 45 años,Entre 1 y 1.5 SMLV,SIGMA,RHO,TAU,ETA,EMP_000001,BOGOTA D.C.,NO,NO,NO,NO,NO
220953,F,20 a 35 años,Entre 1.5 y 2 SMLV,PI,LAMBDA,ETA,ETA,EMP_000001,,NO,NO,NO,NO,NO
221003,M,20 a 35 años,Entre 1 y 1.5 SMLV,SIGMA,LAMBDA,ETA,DELTA,EMP_000001,,NO,NO,NO,NO,NO
221053,M,36 a 45 años,Entre 1 y 1.5 SMLV,SIGMA,EPSILON,TAU,ETA,EMP_000001,,NO,NO,NO,NO,NO
221103,M,36 a 45 años,Entre 1 y 1.5 SMLV,SIGMA,LAMBDA,TAU,XI,EMP_000002,,NO,NO,NO,NO,NO
221153,M,20 a 35 años,Entre 1 y 1.5 SMLV,SIGMA,LAMBDA,ETA,BETA,EMP_000001,,NO,NO,NO,NO,NO
221203,M,36 a 45 años,Entre 2.5 y 3 SMLV,PI,LAMBDA,PI,XI,EMP_000002,CHIA,NO,NO,NO,NO,NO
221253,M,20 a 35 años,Entre 1 y 1.5 SMLV,SIGMA,LAMBDA,TAU,UPSILON,EMP_000001,,NO,NO,NO,NO,NO
221303,F,46 a 55 años,Entre 1 y 1.5 SMLV,SIGMA,LAMBDA,TAU,ETA,EMP_000001,,NO,NO,NO,NO,NO
221353,F,46 a 55 años,Entre 1 y 1.5 SMLV,SIGMA,RHO,TAU,XI,EMP_000002,BOGOTA D.C.,NO,NO,NO,NO,NO
221403,F,46 a 55 años,Menor al SMLV,SIGMA,LAMBDA,TAU,ETA,EMP_000001,,NO,NO,NO,NO,NO
221453,M,20 a 35 años,Entre 1 y 1.5 SMLV,SIGMA,LAMBDA,ETA,BETA,EMP_000001,,NO,NO,NO,NO,NO
221503,M,20 a 35 años,Entre 1 y 1.5 SMLV,SIGMA,LAMBDA,TAU,XI,EMP_000001,,NO,NO,NO,NO,NO
221553,M,Mayor de 55 años,Menor al SMLV,SIGMA,IOTA,TAU,KAPPA,EMP_000001,,NO,NO,NO,NO,NO
221603,F,20 a 35 años,Entre 1 y 1.5 SMLV,SIGMA,LAMBDA,ETA,BETA,EMP_000001,,NO,NO,NO,NO,NO
221653,M,36 a 45 años,Entre 1 y 1.5 SMLV,SIGMA,LAMBDA,TAU,ETA,EMP_000001,,NO,NO,NO,NO,NO
221703,F,36 a 45 años,Entre 1.5 y 2 SMLV,SIGMA,LAMBDA,PI,XI,EMP_000002,BOGOTA D.C.,NO,NO,NO,NO,NO
221753,F,20 a 35 años,Entre 1 y 1.5 SMLV,SIGMA,RHO,TAU,UPSILON,EMP_000002,BOGOTA D.C.,NO,NO,NO,NO,NO
221803,M,Mayor de 55 años,Entre 2 y 2.5 SMLV,PI,LAMBDA,PI,XI,EMP_000002,BOGOTA D.C.,NO,NO,NO,NO,NO
221853,M,Mayor de 55 años,Entre 1 y 1.5 SMLV,SIGMA,EPSILON,PI,ETA,EMP_000001,,NO,NO,NO,NO,NO
221903,M,20 a 35 años,Entre 1 y 1.5 SMLV,SIGMA,LAMBDA,TAU,OMEGA,EMP_000001,,NO,NO,NO,NO,NO
221953,M,20 a 35 años,Entre 1 y 1.5 SMLV,SIGMA,LAMBDA,ETA,BETA,EMP_000001,,NO,NO,NO,NO,NO
222003,M,46 a 55 años,Entre 10 y 20 SMLV,ZETA,LAMBDA,PI,UPSILON,EMP_000001,,NO,NO,NO,NO,NO
222053,F,36 a 45 años,Entre 1 y 1.5 SMLV,SIGMA,RHO,TAU,ETA,EMP_000001,BOGOTA D.C.,NO,NO,NO,NO,NO
222103,F,46 a 55 años,Entre 1 y 1.5 SMLV,SIGMA,IOTA,TAU,DELTA,EMP_000001,BOGOTA D.C.,NO,NO,NO,NO,NO
222153,F,20 a 35 años,Entre 1 y 1.5 SMLV,SIGMA,LAMBDA,TAU,XI,EMP_000002,,NO,NO,NO,NO,NO
222203,M,36 a 45 años,,MU,THETA,OMEGA,OMICRON,EMP_000001,,NO,NO,NO,NO,NO
222253,F,20 a 35 años,Entre 1 y 1.5 SMLV,SIGMA,LAMBDA,ETA,UPSILON,EMP_000001,,NO,NO,NO,NO,NO
222303,F,20 a 35 años,Entre 1 y 1.5 SMLV,SIGMA,RHO,TAU,UPSILON,EMP_000001,,NO,NO,NO,NO,NO
222353,M,20 a 35 años,Entre 1 y 1.5 SMLV,SIGMA,LAMBDA,ETA,UPSILON,EMP_000002,,NO,NO,NO,NO,NO
222403,F,46 a 55 años,Entre 1 y 1.5 SMLV,SIGMA,LAMBDA,TAU,ETA,EMP_000001,FUNZA,NO,NO,NO,NO,NO
222453,F,46 a 55 años,Entre 1.5 y 2 SMLV,PI,LAMBDA,PI,ETA,EMP_000001,BOGOTA D.C.,NO,NO,NO,NO,NO
222503,M,20 a 35 años,Entre 1 y 1.5 SMLV,SIGMA,LAMBDA,ETA,XI,EMP_000002,,NO,NO,NO,NO,NO
222553,F,Mayor de 55 años,Entre 8 y 10 SMLV,ZETA,LAMBDA,PI,XI,EMP_000002,,NO,NO,NO,NO,NO
222603,F,36 a 45 años,Entre 1 y 1.5 SMLV,PI,RHO,TAU,LAMBDA,EMP_000001,BOGOTA D.C.,NO,NO,NO,NO,NO
222653,F,Mayor de 55 años,Entre 2 y 2.5 SMLV,PI,LAMBDA,PI,DELTA,EMP_000001,BOGOTA D.C.,NO,NO,NO,NO,NO
222703,M,Mayor de 55 años,Entre 1 y 1.5 SMLV,SIGMA,LAMBDA,TAU,ETA,EMP_000001,BOGOTA D.C.,NO,NO,NO,NO,NO
222753,M,20 a 35 años,Entre 1 y 1.5 SMLV,SIGMA,LAMBDA,ETA,BETA,EMP_000001,,NO,NO,NO,NO,NO
222803,M,20 a 35 años,Menor al SMLV,SIGMA,LAMBDA,TAU,ETA,EMP_000001,,NO,NO,NO,NO,NO
222853,M,Mayor de 55 años,Entre 2 y 2.5 SMLV,SIGMA,IOTA,PI,KAPPA,EMP_000001,,NO,NO,NO,NO,NO
222903,M,46 a 55 años,Entre 1 y 1.5 SMLV,SIGMA,LAMBDA,PI,ETA,EMP_000001,BOGOTA D.C.,NO,NO,NO,NO,NO
222953,M,20 a 35 años,Entre 1 y 1.5 SMLV,SIGMA,RHO,TAU,XI,EMP_000002,,NO,NO,NO,NO,NO
223003,M,Mayor de 55 años,Entre 1 y 1.5 SMLV,SIGMA,LAMBDA,PI,ETA,EMP_000001,LENGUAZAQUE,NO,NO,NO,NO,NO
223053,M,36 a 45 años,Entre 2.5 y 3 SMLV,PI,LAMBDA,ETA,XI,EMP_000002,,NO,NO,NO,NO,NO
223103,M,46 a 55 años,Menor al SMLV,SIGMA,LAMBDA,TAU,OMEGA,EMP_000001,SOACHA,NO,NO,NO,NO,NO
223153,F,20 a 35 años,Menor al SMLV,SIGMA,LAMBDA,TAU,ETA,EMP_000001,BOGOTA D.C.,NO,NO,NO,NO,NO
223203,F,20 a 35 años,Entre 1 y 1.5 SMLV,SIGMA,LAMBDA,TAU,ETA,EMP_000001,BARRANQUILLA,NO,NO,NO,NO,NO
223253,F,46 a 55 años,Entre 1 y 1.5 SMLV,SIGMA,LAMBDA,TAU,UPSILON,EMP_000001,,NO,NO,NO,NO,NO
223303,F,Mayor de 55 años,Entre 2 y 2.5 SMLV,SIGMA,LAMBDA,PI,KAPPA,EMP_000001,,NO,NO,NO,NO,NO
223353,M,46 a 55 años,Entre 1.5 y 2 SMLV,PI,EPSILON,PI,XI,EMP_000002,SOACHA,NO,NO,NO,NO,NO
223403,F,20 a 35 años,Entre 1 y 1.5 SMLV,SIGMA,RHO,TAU,UPSILON,EMP_000001,FACATATIVA,NO,NO,NO,NO,NO
223453,M,36 a 45 años,Entre 10 y 20 SMLV,ZETA,LAMBDA,PI,XI,EMP_000001,BOGOTA D.C.,NO,NO,NO,NO,NO
223503,M,20 a 35 años,Entre 2.5 y 3 SMLV,PI,LAMBDA,ETA,OMEGA,EMP_000001,,NO,NO,NO,NO,NO
223553,M,Mayor de 55 años,Entre 1 y 1.5 SMLV,SIGMA,IOTA,TAU,OMEGA,EMP_000001,BOGOTA D.C.,NO,NO,NO,NO,NO
223603,F,20 a 35 años,Entre 1 y 1.5 SMLV,SIGMA,LAMBDA,TAU,ETA,EMP_000001,,NO,NO,NO,NO,NO
223653,F,20 a 35 años,Entre 1 y 1.5 SMLV,SIGMA,LAMBDA,TAU,DELTA,EMP_000001,,NO,NO,NO,NO,NO
223703,M,20 a 35 años,Entre 1 y 1.5 SMLV,SIGMA,LAMBDA,TAU,ETA,EMP_000001,,NO,NO,NO,NO,NO
223753,F,20 a 35 años,Entre 1 y 1.5 SMLV,SIGMA,LAMBDA,ETA,XI,EMP_000002,,NO,NO,NO,NO,NO
223803,F,20 a 35 años,Entre 1.5 y 2 SMLV,SIGMA,RHO,PI,DELTA,EMP_000001,,NO,NO,NO,NO,NO
223853,F,20 a 35 años,Entre 1 y 1.5 SMLV,SIGMA,LAMBDA,ETA,ETA,EMP_000001,,NO,NO,NO,NO,NO
223903,M,20 a 35 años,Entre 1 y 1.5 SMLV,SIGMA,RHO,TAU,ETA,EMP_000001,,NO,NO,NO,NO,NO
223953,F,36 a 45 años,Entre 1 y 1.5 SMLV,SIGMA,LAMBDA,TAU,UPSILON,EMP_000001,,NO,NO,NO,NO,NO
224003,F,46 a 55 años,Entre 1 y 1.5 SMLV,SIGMA,RHO,PI,UPSILON,EMP_000001,BOGOTA D.C.,NO,NO,NO,NO,NO
224053,M,36 a 45 años,Entre 1 y 1.5 SMLV,SIGMA,LAMBDA,PI,BETA,EMP_000001,,NO,NO,NO,NO,NO
224103,M,20 a 35 años,Entre 1 y 1.5 SMLV,SIGMA,THETA,TAU,OMICRON,EMP_000001,,NO,NO,NO,NO,NO
224153,M,36 a 45 años,Entre 1 y 1.5 SMLV,PI,RHO,TAU,LAMBDA,EMP_000001,BOGOTA D.C.,NO,NO,NO,NO,NO
224203,F,Mayor de 55 años,Entre 4 y 6 SMLV,ZETA,LAMBDA,PI,XI,EMP_000001,BOGOTA D.C.,NO,NO,NO,NO,NO
224253,M,20 a 35 años,Entre 8 y 10 SMLV,ZETA,LAMBDA,ETA,ETA,EMP_000001,BOGOTA D.C.,NO,NO,NO,NO,NO
224303,M,36 a 45 años,Menor al SMLV,SIGMA,LAMBDA,TAU,ETA,EMP_000001,,NO,NO,NO,NO,NO
224353,M,36 a 45 años,Entre 4 y 6 SMLV,ZETA,LAMBDA,PI,UPSILON,EMP_000001,BOGOTA D.C.,NO,NO,NO,NO,NO
224403,M,Mayor de 55 años,Entre 2.5 y 3 SMLV,PI,LAMBDA,PI,ETA,EMP_000001,,NO,NO,NO,NO,NO
224453,F,20 a 35 años,Entre 1.5 y 2 SMLV,SIGMA,LAMBDA,ETA,XI,EMP_000002,,NO,NO,NO,NO,NO
224503,F,36 a 45 años,Menor al SMLV,SIGMA,RHO,TAU,ETA,EMP_000001,,NO,NO,NO,NO,NO
224553,F,36 a 45 años,Entre 1 y 1.5 SMLV,SIGMA,RHO,TAU,DELTA,EMP_000001,,NO,NO,NO,NO,NO
224603,M,Mayor de 55 años,Entre 1 y 1.5 SMLV,SIGMA,IOTA,TAU,UPSILON,EMP_000001,,NO,NO,NO,NO,NO
224653,M,36 a 45 años,Entre 1 y 1.5 SMLV,SIGMA,CHI,PI,XI,EMP_000001,BOGOTA D.C.,NO,NO,NO,NO,NO
224703,M,20 a 35 años,Entre 1 y 1.5 SMLV,SIGMA,LAMBDA,ETA,BETA,EMP_000001,CALI,NO,NO,NO,NO,NO
224753,M,36 a 45 años,Entre 1 y 1.5 SMLV,SIGMA,LAMBDA,TAU,UPSILON,EMP_000001,BOGOTA D.C.,NO,NO,NO,NO,NO
224803,M,20 a 35 años,Menor al SMLV,SIGMA,LAMBDA,TAU,ETA,EMP_000001,BOGOTA D.C.,NO,NO,NO,NO,NO
224853,M,20 a 35 años,Entre 1 y 1.5 SMLV,SIGMA,LAMBDA,ETA,XI,EMP_000002,,NO,NO,NO,NO,NO
224903,M,20 a 35 años,Menor al SMLV,SIGMA,LAMBDA,TAU,ETA,EMP_000001,,NO,NO,NO,NO,NO
224953,F,46 a 55 años,Entre 1 y 1.5 SMLV,SIGMA,CHI,TAU,ETA,EMP_000001,BOGOTA D.C.,NO,NO,NO,NO,NO
225003,M,Mayor de 55 años,Entre 1 y 1.5 SMLV,SIGMA,IOTA,TAU,KAPPA,EMP_000001,BOGOTA D.C.,NO,NO,NO,NO,NO
225053,F,36 a 45 años,Entre 1 y 1.5 SMLV,SIGMA,RHO,TAU,DELTA,EMP_000001,BOGOTA D.C.,NO,NO,NO,NO,NO
225103,F,46 a 55 años,Entre 1 y 1.5 SMLV,SIGMA,LAMBDA,TAU,ETA,EMP_000001,FUNZA,NO,NO,NO,NO,NO
225153,F,46 a 55 años,Entre 1 y 1.5 SMLV,SIGMA,LAMBDA,TAU,ETA,EMP_000001,GIRARDOT,NO,NO,NO,NO,NO
225203,M,20 a 35 años,Entre 1 y 1.5 SMLV,SIGMA,LAMBDA,ETA,BETA,EMP_000001,BOGOTA D.C.,NO,NO,NO,NO,NO
225253,M,20 a 35 años,Menor al SMLV,PI,RHO,PI,ETA,EMP_000001,,NO,NO,NO,NO,NO
225303,F,46 a 55 años,Entre 1 y 1.5 SMLV,SIGMA,IOTA,TAU,ETA,EMP_000001,BOGOTA D.C.,NO,NO,NO,NO,NO
225353,M,20 a 35 años,Entre 1 y 1.5 SMLV,SIGMA,RHO,TAU,ETA,EMP_000001,BOGOTA D.C.,NO,NO,NO,NO,NO
225403,M,20 a 35 años,Entre 1 y 1.5 SMLV,SIGMA,RHO,TAU,UPSILON,EMP_000001,BOGOTA D.C.,NO,NO,NO,NO,NO
225453,M,20 a 35 años,Entre 1 y 1.5 SMLV,SIGMA,RHO,PI,XI,EMP_000002,BOGOTA D.C.,NO,NO,NO,NO,NO
225503,F,20 a 35 años,Entre 1 y 1.5 SMLV,SIGMA,RHO,TAU,ETA,EMP_000001,BOGOTA D.C.,NO,NO,NO,NO,NO
225553,F,36 a 45 años,Entre 1 y 1.5 SMLV,SIGMA,RHO,TAU,OMEGA,EMP_000001,BOGOTA D.C.,NO,NO,NO,NO,NO
225603,M,20 a 35 años,Entre 1 y 1.5 SMLV,SIGMA,LAMBDA,ETA,XI,EMP_000002,,NO,NO,NO,NO,NO
225653,F,46 a 55 años,Entre 1 y 1.5 SMLV,PI,RHO,TAU,LAMBDA,EMP_000001,FUNZA,NO,NO,NO,NO,NO
225703,M,20 a 35 años,Entre 1 y 1.5 SMLV,SIGMA,LAMBDA,ETA,BETA,EMP_000001,,NO,NO,NO,NO,NO
225753,F,46 a 55 años,Menor al SMLV,SIGMA,IOTA,TAU,ETA,EMP_000001,BOGOTA D.C.,NO,NO,NO,NO,NO
225803,F,20 a 35 años,Entre 3 y 4 SMLV,PI,RHO,PI,XI,EMP_000002,,NO,NO,NO,NO,NO
225853,M,36 a 45 años,Menor al SMLV,SIGMA,EPSILON,TAU,ETA,EMP_000001,BOGOTA D.C.,NO,NO,NO,NO,NO
225903,M,20 a 35 años,Entre 1 y 1.5 SMLV,SIGMA,EPSILON,TAU,DELTA,EMP_000001,BOGOTA D.C.,NO,NO,NO,NO,NO
225953,M,20 a 35 años,Entre 1 y 1.5 SMLV,SIGMA,LAMBDA,ETA,UPSILON,EMP_000001,,NO,NO,NO,NO,NO
226003,M,20 a 35 años,Menor al SMLV,SIGMA,LAMBDA,TAU,ETA,EMP_000001,,NO,NO,NO,NO,NO
226053,M,20 a 35 años,Entre 2.5 y 3 SMLV,PI,LAMBDA,ETA,DELTA,EMP_000001,FUSAGASUGA,NO,NO,NO,NO,NO
226103,F,20 a 35 años,Entre 1 y 1.5 SMLV,SIGMA,LAMBDA,ETA,DELTA,EMP_000001,,NO,NO,NO,NO,NO
226153,F,46 a 55 años,Entre 8 y 10 SMLV,ZETA,LAMBDA,PI,DELTA,EMP_000001,BOGOTA D.C.,NO,NO,NO,NO,NO
226203,F,Mayor de 55 años,Menor al SMLV,SIGMA,LAMBDA,TAU,KAPPA,EMP_000001,,NO,NO,NO,NO,NO
226253,F,36 a 45 años,Entre 1 y 1.5 SMLV,SIGMA,RHO,TAU,UPSILON,EMP_000001,BOGOTA D.C.,NO,NO,NO,NO,NO
226303,M,20 a 35 años,Entre 2 y 2.5 SMLV,PI,LAMBDA,ETA,XI,EMP_000002,,NO,NO,NO,NO,NO
226353,M,20 a 35 años,Entre 1 y 1.5 SMLV,SIGMA,LAMBDA,TAU,UPSILON,EMP_000001,,NO,NO,NO,NO,NO
226403,M,Mayor de 55 años,Entre 1.5 y 2 SMLV,SIGMA,RHO,PI,ETA,EMP_000001,BOGOTA D.C.,NO,NO,NO,NO,NO
226453,M,20 a 35 años,Entre 1 y 1.5 SMLV,SIGMA,LAMBDA,ETA,UPSILON,EMP_000001,,NO,NO,NO,NO,NO
226503,M,36 a 45 años,Entre 1 y 1.5 SMLV,SIGMA,LAMBDA,TAU,ETA,EMP_000001,,NO,NO,NO,NO,NO
226553,F,20 a 35 años,Menor al SMLV,SIGMA,RHO,TAU,ETA,EMP_000001,,NO,NO,NO,NO,NO
226603,M,36 a 45 años,Entre 1 y 1.5 SMLV,SIGMA,RHO,TAU,ETA,EMP_000001,SOACHA,NO,NO,NO,NO,NO
226653,M,20 a 35 años,Entre 1 y 1.5 SMLV,SIGMA,RHO,PI,DELTA,EMP_000001,BOGOTA D.C.,NO,NO,NO,NO,NO
226703,M,20 a 35 años,Menor al SMLV,SIGMA,LAMBDA,TAU,ETA,EMP_000001,,NO,NO,NO,NO,NO
226753,M,20 a 35 años,Entre 1.5 y 2 SMLV,SIGMA,LAMBDA,ETA,DELTA,EMP_000001,,NO,NO,NO,NO,NO
226803,M,Mayor de 55 años,Entre 6 y 8 SMLV,ZETA,RHO,PI,XI,EMP_000002,BOGOTA D.C.,NO,NO,NO,NO,NO
226853,M,36 a 45 años,Entre 4 y 6 SMLV,ZETA,LAMBDA,PI,ETA,EMP_000001,BOGOTA D.C.,NO,NO,NO,NO,NO
226903,M,46 a 55 años,Entre 1 y 1.5 SMLV,SIGMA,LAMBDA,TAU,ETA,EMP_000001,,NO,NO,NO,NO,NO
226953,F,20 a 35 años,Entre 3 y 4 SMLV,PI,LAMBDA,ETA,XI,EMP_000002,,NO,NO,NO,NO,NO
227003,M,46 a 55 años,Entre 1 y 1.5 SMLV,SIGMA,EPSILON,TAU,OMEGA,EMP_000001,GIRARDOT,NO,NO,NO,NO,NO
227053,M,20 a 35 años,Entre 1 y 1.5 SMLV,SIGMA,LAMBDA,ETA,XI,EMP_000002,BOGOTA D.C.,NO,NO,NO,NO,NO
227103,M,20 a 35 años,Entre 1 y 1.5 SMLV,SIGMA,RHO,TAU,DELTA,EMP_000001,ZIPAQUIRA,NO,NO,NO,NO,NO
227153,M,36 a 45 años,Entre 1 y 1.5 SMLV,SIGMA,LAMBDA,ETA,BETA,EMP_000001,,NO,NO,NO,NO,NO
227203,M,20 a 35 años,Entre 1 y 1.5 SMLV,SIGMA,LAMBDA,ETA,BETA,EMP_000001,,NO,NO,NO,NO,NO
227253,M,36 a 45 años,Entre 1 y 1.5 SMLV,SIGMA,RHO,TAU,ETA,EMP_000001,BOGOTA D.C.,NO,NO,NO,NO,NO
227303,M,36 a 45 años,Entre 2 y 2.5 SMLV,PI,LAMBDA,PI,XI,EMP_000002,BOGOTA D.C.,NO,NO,NO,NO,NO
227353,M,Mayor de 55 años,Entre 1 y 1.5 SMLV,SIGMA,IOTA,TAU,DELTA,EMP_000001,SOACHA,NO,NO,NO,NO,NO
227403,F,Mayor de 55 años,Entre 1.5 y 2 SMLV,SIGMA,IOTA,PI,KAPPA,EMP_000001,,NO,NO,NO,NO,NO
227453,M,36 a 45 años,Menor al SMLV,SIGMA,LAMBDA,TAU,XI,EMP_000001,,NO,NO,NO,NO,NO
227503,F,20 a 35 años,Entre 2.5 y 3 SMLV,PI,LAMBDA,ETA,XI,EMP_000002,,NO,NO,NO,NO,NO
227553,M,20 a 35 años,Entre 1 y 1.5 SMLV,SIGMA,LAMBDA,ETA,BETA,EMP_000001,,NO,NO,NO,NO,NO
227603,M,36 a 45 años,Menor al SMLV,SIGMA,LAMBDA,TAU,ETA,EMP_000001,,NO,NO,NO,NO,NO
227653,F,20 a 35 años,Entre 1 y 1.5 SMLV,SIGMA,LAMBDA,ETA,DELTA,EMP_000001,,NO,NO,NO,NO,NO
227703,F,20 a 35 años,Entre 1 y 1.5 SMLV,SIGMA,LAMBDA,ETA,XI,EMP_000002,,NO,NO,NO,NO,NO
227753,F,Mayor de 55 años,Entre 1.5 y 2 SMLV,SIGMA,LAMBDA,PI,KAPPA,EMP_000001,,NO,NO,NO,NO,NO
227803,M,20 a 35 años,Entre 1 y 1.5 SMLV,SIGMA,LAMBDA,ETA,UPSILON,EMP_000001,BOGOTA D.C.,NO,NO,NO,NO,NO
227853,M,20 a 35 años,Entre 1 y 1.5 SMLV,SIGMA,LAMBDA,ETA,BETA,EMP_000001,,NO,NO,NO,NO,NO
227903,F,20 a 35 años,Entre 1 y 1.5 SMLV,SIGMA,RHO,TAU,UPSILON,EMP_000001,ZIPAQUIRA,NO,NO,NO,NO,NO
227953,F,46 a 55 años,Entre 3 y 4 SMLV,ZETA,LAMBDA,PI,XI,EMP_000002,CAJICA,NO,NO,NO,NO,NO
228003,M,20 a 35 años,Entre 4 y 6 SMLV,ZETA,LAMBDA,ETA,UPSILON,EMP_000001,BOGOTA D.C.,NO,NO,NO,NO,NO
228053,F,20 a 35 años,Entre 1 y 1.5 SMLV,SIGMA,RHO,TAU,ETA,EMP_000001,,NO,NO,NO,NO,NO
228103,M,46 a 55 años,Entre 1 y 1.5 SMLV,SIGMA,RHO,TAU,XI,EMP_000002,,NO,NO,NO,NO,NO
228153,M,Mayor de 55 años,Entre 1 y 1.5 SMLV,SIGMA,LAMBDA,TAU,ETA,EMP_000001,BOGOTA D.C.,NO,NO,NO,NO,NO
228203,M,20 a 35 años,Menor al SMLV,SIGMA,LAMBDA,TAU,ETA,EMP_000001,,NO,NO,NO,NO,NO
228253,F,20 a 35 años,Entre 1 y 1.5 SMLV,SIGMA,LAMBDA,TAU,UPSILON,EMP_000001,,NO,NO,NO,NO,NO
228303,M,Mayor de 55 años,Menor al SMLV,PI,IOTA,PI,OMEGA,EMP_000001,BOGOTA D.C.,NO,NO,NO,NO,NO
228353,F,36 a 45 años,Entre 2.5 y 3 SMLV,PI,RHO,PI,XI,EMP_000002,BOGOTA D.C.,NO,NO,NO,NO,NO
228403,F,20 a 35 años,Entre 1 y 1.5 SMLV,SIGMA,RHO,TAU,OMEGA,EMP_000001,,NO,NO,NO,NO,NO
228453,M,46 a 55 años,Entre 4 y 6 SMLV,ZETA,RHO,PI,XI,EMP_000002,BOGOTA D.C.,NO,NO,NO,NO,NO
228503,M,Mayor de 55 años,Entre 1 y 1.5 SMLV,SIGMA,IOTA,TAU,UPSILON,EMP_000001,,NO,NO,NO,NO,NO
228553,M,46 a 55 años,Entre 8 y 10 SMLV,ZETA,LAMBDA,PI,ETA,EMP_000001,,NO,NO,NO,NO,NO
228603,M,36 a 45 años,Entre 1 y 1.5 SMLV,SIGMA,THETA,ETA,OMICRON,EMP_000001,,NO,NO,NO,NO,NO
228653,M,Mayor de 55 años,Entre 4 y 6 SMLV,ZETA,EPSILON,PI,ETA,EMP_000001,BOGOTA D.C.,NO,NO,NO,NO,NO
228703,F,20 a 35 años,,MU,THETA,OMEGA,OMICRON,EMP_000001,,NO,NO,NO,NO,NO
228753,M,20 a 35 años,Entre 1 y 1.5 SMLV,SIGMA,LAMBDA,ETA,BETA,EMP_000001,,NO,NO,NO,NO,NO
228803,F,46 a 55 años,Menor al SMLV,SIGMA,RHO,TAU,ETA,EMP_000001,,NO,NO,NO,NO,NO
228853,M,20 a 35 años,Entre 1 y 1.5 SMLV,SIGMA,LAMBDA,ETA,BETA,EMP_000001,,NO,NO,NO,NO,NO
228903,F,Mayor de 55 años,Entre 4 y 6 SMLV,ZETA,IOTA,PI,XI,EMP_000002,TAUSA,NO,NO,NO,NO,NO
228953,F,46 a 55 años,Entre 1 y 1.5 SMLV,SIGMA,LAMBDA,TAU,ETA,EMP_000001,,NO,NO,NO,NO,NO
229003,F,20 a 35 años,Entre 1 y 1.5 SMLV,SIGMA,RHO,TAU,XI,EMP_000002,,NO,NO,NO,NO,NO
229053,M,20 a 35 años,Menor al SMLV,SIGMA,LAMBDA,TAU,ETA,EMP_000001,BOGOTA D.C.,NO,NO,NO,NO,NO
229103,M,20 a 35 años,Entre 1 y 1.5 SMLV,SIGMA,LAMBDA,TAU,ETA,EMP_000001,BOGOTA D.C.,NO,NO,NO,NO,NO
229153,F,20 a 35 años,Entre 1 y 1.5 SMLV,SIGMA,LAMBDA,TAU,ETA,EMP_000001,,NO,NO,NO,NO,NO
229203,M,36 a 45 años,Menor al SMLV,SIGMA,EPSILON,TAU,ETA,EMP_000001,,NO,NO,NO,NO,NO
229253,F,20 a 35 años,Entre 1 y 1.5 SMLV,SIGMA,LAMBDA,TAU,ETA,EMP_000001,,NO,NO,NO,NO,NO
229303,M,20 a 35 años,Entre 1 y 1.5 SMLV,PI,LAMBDA,TAU,LAMBDA,EMP_000001,,NO,NO,NO,NO,NO
229353,M,20 a 35 años,Entre 1.5 y 2 SMLV,SIGMA,LAMBDA,ETA,XI,EMP_000002,BOGOTA D.C.,NO,NO,NO,NO,NO
229403,F,20 a 35 años,Entre 1 y 1.5 SMLV,SIGMA,LAMBDA,TAU,ETA,EMP_000001,BOGOTA D.C.,NO,NO,NO,NO,NO
229453,M,20 a 35 años,Entre 1 y 1.5 SMLV,SIGMA,LAMBDA,TAU,DELTA,EMP_000001,,NO,NO,NO,NO,NO
229503,M,20 a 35 años,Entre 1 y 1.5 SMLV,SIGMA,LAMBDA,ETA,OMEGA,EMP_000001,,NO,NO,NO,NO,NO
229553,M,20 a 35 años,Entre 2 y 2.5 SMLV,PI,LAMBDA,ETA,ETA,EMP_000001,,NO,NO,NO,NO,NO
229603,M,20 a 35 años,Entre 1 y 1.5 SMLV,SIGMA,RHO,TAU,UPSILON,EMP_000001,BOGOTA D.C.,NO,NO,NO,NO,NO
229653,F,Mayor de 55 años,Entre 1 y 1.5 SMLV,SIGMA,IOTA,TAU,KAPPA,EMP_000001,BOGOTA D.C.,NO,NO,NO,NO,NO
229703,F,36 a 45 años,Entre 1 y 1.5 SMLV,SIGMA,RHO,TAU,UPSILON,EMP_000001,BOGOTA D.C.,NO,NO,NO,NO,NO
229753,M,20 a 35 años,Entre 2.5 y 3 SMLV,PI,LAMBDA,ETA,XI,EMP_000001,,NO,NO,NO,NO,NO
229803,M,20 a 35 años,Entre 1 y 1.5 SMLV,SIGMA,LAMBDA,ETA,ETA,EMP_000001,,NO,NO,NO,NO,NO
229853,F,20 a 35 años,Entre 6 y 8 SMLV,ZETA,LAMBDA,ETA,XI,EMP_000002,,NO,NO,NO,NO,NO
229903,M,36 a 45 años,Entre 1 y 1.5 SMLV,SIGMA,LAMBDA,PI,BETA,EMP_000001,,NO,NO,NO,NO,NO
229953,F,20 a 35 años,Entre 1 y 1.5 SMLV,SIGMA,LAMBDA,TAU,XI,EMP_000002,,NO,NO,NO,NO,NO
230003,M,Menor de 19 años,Entre 1 y 1.5 SMLV,SIGMA,LAMBDA,TAU,XI,EMP_000002,,NO,NO,NO,NO,NO
230053,F,20 a 35 años,Menor al SMLV,SIGMA,LAMBDA,TAU,ETA,EMP_000001,,NO,NO,NO,NO,NO
230103,M,20 a 35 años,Entre 1.5 y 2 SMLV,PI,LAMBDA,ETA,OMEGA,EMP_000001,,NO,NO,NO,NO,NO
230153,F,20 a 35 años,Entre 1 y 1.5 SMLV,SIGMA,RHO,TAU,XI,EMP_000002,,NO,NO,NO,NO,NO
230203,M,20 a 35 años,Entre 1 y 1.5 SMLV,SIGMA,LAMBDA,ETA,UPSILON,EMP_000001,,NO,NO,NO,NO,NO
230253,M,36 a 45 años,Entre 1 y 1.5 SMLV,SIGMA,EPSILON,TAU,ETA,EMP_000001,SOACHA,NO,NO,NO,NO,NO
230303,M,20 a 35 años,Entre 1 y 1.5 SMLV,SIGMA,LAMBDA,ETA,ETA,EMP_000001,,NO,NO,NO,NO,NO
230353,M,Mayor de 55 años,Entre 1 y 1.5 SMLV,SIGMA,LAMBDA,TAU,KAPPA,EMP_000001,BOGOTA D.C.,NO,NO,NO,NO,NO
230403,F,20 a 35 años,Entre 1 y 1.5 SMLV,SIGMA,LAMBDA,TAU,UPSILON,EMP_000001,,NO,NO,NO,NO,NO
230453,M,46 a 55 años,Entre 10 y 20 SMLV,ZETA,IOTA,PI,DELTA,EMP_000001,BOGOTA D.C.,NO,NO,NO,NO,NO
230503,M,36 a 45 años,Entre 2.5 y 3 SMLV,PI,RHO,PI,ETA,EMP_000001,BOGOTA D.C.,NO,NO,NO,NO,NO
230553,F,20 a 35 años,Entre 1 y 1.5 SMLV,SIGMA,THETA,ETA,UPSILON,EMP_000001,,NO,NO,NO,NO,NO
230603,M,36 a 45 años,Entre 1.5 y 2 SMLV,SIGMA,LAMBDA,ETA,DELTA,EMP_000001,,NO,NO,NO,NO,NO
230653,F,36 a 45 años,Menor al SMLV,SIGMA,LAMBDA,TAU,ETA,EMP_000001,,NO,NO,NO,NO,NO
230703,M,20 a 35 años,Entre 1 y 1.5 SMLV,SIGMA,LAMBDA,ETA,BETA,EMP_000001,,NO,NO,NO,NO,NO
230753,F,20 a 35 años,Entre 1 y 1.5 SMLV,SIGMA,LAMBDA,TAU,ETA,EMP_000001,,NO,NO,NO,NO,NO
230803,F,20 a 35 años,Entre 1 y 1.5 SMLV,SIGMA,RHO,TAU,DELTA,EMP_000001,BOGOTA D.C.,NO,NO,NO,NO,NO
230853,F,Mayor de 55 años,Entre 3 y 4 SMLV,SIGMA,LAMBDA,PI,KAPPA,EMP_000001,,NO,NO,NO,NO,NO
230903,F,Mayor de 55 años,Entre 1 y 1.5 SMLV,SIGMA,LAMBDA,TAU,ETA,EMP_000001,,NO,NO,NO,NO,NO
230953,M,20 a 35 años,Entre 1 y 1.5 SMLV,SIGMA,LAMBDA,TAU,DELTA,EMP_000001,,NO,NO,NO,NO,NO
231003,M,20 a 35 años,Entre 1 y 1.5 SMLV,SIGMA,LAMBDA,ETA,ETA,EMP_000001,,NO,NO,NO,NO,NO
231053,F,46 a 55 años,Entre 1 y 1.5 SMLV,SIGMA,RHO,TAU,ETA,EMP_000001,,NO,NO,NO,NO,NO
231103,F,Mayor de 55 años,Entre 1 y 1.5 SMLV,SIGMA,LAMBDA,TAU,ETA,EMP_000001,BOGOTA D.C.,NO,NO,NO,NO,NO
231153,F,36 a 45 años,Entre 1 y 1.5 SMLV,SIGMA,RHO,TAU,ETA,EMP_000001,FUNZA,NO,NO,NO,NO,NO
231203,M,20 a 35 años,Entre 2.5 y 3 SMLV,PI,RHO,PI,XI,EMP_000002,BOGOTA D.C.,NO,NO,NO,NO,NO
231253,F,46 a 55 años,Entre 1 y 1.5 SMLV,SIGMA,LAMBDA,TAU,ETA,EMP_000001,,NO,NO,NO,NO,NO
231303,F,Mayor de 55 años,Entre 1 y 1.5 SMLV,SIGMA,LAMBDA,PI,DELTA,EMP_000001,BOGOTA D.C.,NO,NO,NO,NO,NO
231353,M,20 a 35 años,Entre 1 y 1.5 SMLV,SIGMA,LAMBDA,ETA,BETA,EMP_000001,,NO,NO,NO,NO,NO
231403,M,20 a 35 años,Entre 1 y 1.5 SMLV,SIGMA,LAMBDA,TAU,XI,EMP_000002,,NO,NO,NO,NO,NO
231453,F,20 a 35 años,Entre 1 y 1.5 SMLV,SIGMA,LAMBDA,TAU,ETA,EMP_000001,,NO,NO,NO,NO,NO
231503,F,46 a 55 años,Entre 2.5 y 3 SMLV,PI,LAMBDA,PI,ETA,EMP_000001,,NO,NO,NO,NO,NO
231553,M,20 a 35 años,Menor al SMLV,SIGMA,LAMBDA,TAU,ETA,EMP_000001,BOGOTA D.C.,NO,NO,NO,NO,NO
231603,M,46 a 55 años,Entre 10 y 20 SMLV,ZETA,LAMBDA,PI,UPSILON,EMP_000001,BOGOTA D.C.,NO,NO,NO,NO,NO
231653,M,20 a 35 años,Entre 1 y 1.5 SMLV,SIGMA,RHO,TAU,UPSILON,EMP_000001,BOGOTA D.C.,NO,NO,NO,NO,NO
231703,M,20 a 35 años,Entre 1 y 1.5 SMLV,SIGMA,LAMBDA,TAU,ETA,EMP_000001,,NO,NO,NO,NO,NO
231753,M,Mayor de 55 años,Entre 20 y 30 SMLV,ZETA,IOTA,XI,XI,EMP_000002,,NO,NO,NO,NO,NO
231803,F,20 a 35 años,Entre 2 y 2.5 SMLV,PI,IOTA,PI,DELTA,EMP_000001,,NO,NO,NO,NO,NO
231853,F,46 a 55 años,Entre 1 y 1.5 SMLV,SIGMA,RHO,TAU,DELTA,EMP_000001,,NO,NO,NO,NO,NO
231903,M,20 a 35 años,Entre 1 y 1.5 SMLV,SIGMA,LAMBDA,TAU,UPSILON,EMP_000002,BOGOTA D.C.,NO,NO,NO,NO,NO
231953,M,36 a 45 años,Entre 1 y 1.5 SMLV,SIGMA,EPSILON,TAU,ETA,EMP_000001,BOGOTA D.C.,NO,NO,NO,NO,NO
232003,M,36 a 45 años,Entre 1 y 1.5 SMLV,SIGMA,RHO,TAU,ETA,EMP_000001,BOGOTA D.C.,NO,NO,NO,NO,NO
232053,M,Mayor de 55 años,Entre 1 y 1.5 SMLV,SIGMA,LAMBDA,TAU,ETA,EMP_000001,MOSQUERA,NO,NO,NO,NO,NO
232103,F,46 a 55 años,Entre 3 y 4 SMLV,PI,LAMBDA,PI,XI,EMP_000002,CAJICA,NO,NO,NO,NO,NO
232153,M,20 a 35 años,Entre 1 y 1.5 SMLV,SIGMA,CHI,TAU,OMEGA,EMP_000001,BOGOTA D.C.,NO,NO,NO,NO,NO
232203,F,Mayor de 55 años,Entre 1 y 1.5 SMLV,SIGMA,LAMBDA,TAU,KAPPA,EMP_000001,CHIA,NO,NO,NO,NO,NO
232253,F,46 a 55 años,Entre 1 y 1.5 SMLV,SIGMA,LAMBDA,PI,XI,EMP_000001,BOGOTA D.C.,NO,NO,NO,NO,NO
232303,F,46 a 55 años,Entre 2.5 y 3 SMLV,PI,RHO,PI,UPSILON,EMP_000001,BOGOTA D.C.,NO,NO,NO,NO,NO
232353,M,20 a 35 años,Entre 1 y 1.5 SMLV,SIGMA,LAMBDA,TAU,ETA,EMP_000001,,NO,NO,NO,NO,NO
232403,F,36 a 45 años,Entre 2.5 y 3 SMLV,PI,LAMBDA,PI,DELTA,EMP_000001,BOGOTA D.C.,NO,NO,NO,NO,NO
232453,F,20 a 35 años,Entre 1 y 1.5 SMLV,SIGMA,LAMBDA,TAU,ETA,EMP_000001,,NO,NO,NO,NO,NO
232503,F,36 a 45 años,Entre 1 y 1.5 SMLV,SIGMA,CHI,PI,ETA,EMP_000001,,NO,NO,NO,NO,NO
232553,M,20 a 35 años,Entre 1 y 1.5 SMLV,SIGMA,LAMBDA,TAU,OMEGA,EMP_000001,,NO,NO,NO,NO,NO
232603,F,20 a 35 años,Entre 1 y 1.5 SMLV,SIGMA,RHO,TAU,XI,EMP_000001,BOGOTA D.C.,NO,NO,NO,NO,NO
232653,M,20 a 35 años,Entre 1 y 1.5 SMLV,SIGMA,LAMBDA,ETA,DELTA,EMP_000001,,NO,NO,NO,NO,NO
232703,F,36 a 45 años,Entre 1 y 1.5 SMLV,SIGMA,RHO,TAU,ETA,EMP_000001,MADRID,NO,NO,NO,NO,NO
232753,M,Menor de 19 años,Entre 1.5 y 2 SMLV,SIGMA,LAMBDA,ETA,UPSILON,EMP_000002,,NO,NO,NO,NO,NO
232803,M,20 a 35 años,Entre 1 y 1.5 SMLV,SIGMA,LAMBDA,TAU,UPSILON,EMP_000001,,NO,NO,NO,NO,NO
232853,M,36 a 45 años,Entre 1 y 1.5 SMLV,SIGMA,LAMBDA,TAU,ETA,EMP_000001,BOGOTA D.C.,NO,NO,NO,NO,NO
232903,F,46 a 55 años,Menor al SMLV,SIGMA,LAMBDA,TAU,DELTA,EMP_000001,,NO,NO,NO,NO,NO
232953,M,36 a 45 años,Entre 1 y 1.5 SMLV,PI,LAMBDA,TAU,LAMBDA,EMP_000001,BOGOTA D.C.,NO,NO,NO,NO,NO
233003,F,36 a 45 años,Entre 1 y 1.5 SMLV,SIGMA,LAMBDA,TAU,DELTA,EMP_000001,,NO,NO,NO,NO,NO
233053,M,20 a 35 años,Entre 1 y 1.5 SMLV,SIGMA,LAMBDA,ETA,BETA,EMP_000001,,NO,NO,NO,NO,NO
233103,F,46 a 55 años,Menor al SMLV,SIGMA,LAMBDA,TAU,ETA,EMP_000001,BOGOTA D.C.,NO,NO,NO,NO,NO
233153,M,36 a 45 años,Entre 1 y 1.5 SMLV,SIGMA,RHO,PI,UPSILON,EMP_000001,BOGOTA D.C.,NO,NO,NO,NO,NO
233203,M,36 a 45 años,Entre 1 y 1.5 SMLV,SIGMA,IOTA,PI,ETA,EMP_000001,,NO,NO,NO,NO,NO
233253,M,Mayor de 55 años,Menor al SMLV,SIGMA,LAMBDA,TAU,ETA,EMP_000001,GIRARDOT,NO,NO,NO,NO,NO
233303,M,Mayor de 55 años,Entre 1 y 1.5 SMLV,SIGMA,LAMBDA,TAU,DELTA,EMP_000001,BOGOTA D.C.,NO,NO,NO,NO,NO
233353,F,20 a 35 años,Entre 4 y 6 SMLV,ZETA,RHO,PI,XI,EMP_000002,,NO,NO,NO,NO,NO
233403,M,36 a 45 años,Entre 3 y 4 SMLV,PI,RHO,PI,UPSILON,EMP_000001,MADRID,NO,NO,NO,NO,NO
233453,M,20 a 35 años,Entre 1 y 1.5 SMLV,SIGMA,LAMBDA,ETA,ETA,EMP_000001,,NO,NO,NO,NO,NO
233503,F,46 a 55 años,Entre 1 y 1.5 SMLV,SIGMA,LAMBDA,PI,ETA,EMP_000001,,NO,NO,NO,NO,NO
233553,M,20 a 35 años,Entre 1 y 1.5 SMLV,SIGMA,LAMBDA,TAU,XI,EMP_000001,,NO,NO,NO,NO,NO
233603,M,20 a 35 años,Entre 1 y 1.5 SMLV,SIGMA,IOTA,TAU,DELTA,EMP_000001,BOGOTA D.C.,NO,NO,NO,NO,NO
233653,M,46 a 55 años,Entre 3 y 4 SMLV,PI,LAMBDA,PI,DELTA,EMP_000001,BOGOTA D.C.,NO,NO,NO,NO,NO
233703,M,36 a 45 años,Entre 1 y 1.5 SMLV,SIGMA,CHI,TAU,ETA,EMP_000001,,NO,NO,NO,NO,NO
233753,M,36 a 45 años,Entre 10 y 20 SMLV,ZETA,EPSILON,PI,XI,EMP_000002,,NO,NO,NO,NO,NO
233803,F,36 a 45 años,Entre 4 y 6 SMLV,ZETA,LAMBDA,PI,XI,EMP_000002,,NO,NO,NO,NO,NO
233853,F,36 a 45 años,Entre 2 y 2.5 SMLV,PI,LAMBDA,ETA,OMEGA,EMP_000001,,NO,NO,NO,NO,NO
233903,F,20 a 35 años,Entre 1 y 1.5 SMLV,SIGMA,RHO,TAU,DELTA,EMP_000001,BOGOTA D.C.,NO,NO,NO,NO,NO
233953,M,20 a 35 años,Entre 1.5 y 2 SMLV,SIGMA,LAMBDA,ETA,UPSILON,EMP_000002,,NO,NO,NO,NO,NO
234003,F,46 a 55 años,Entre 1 y 1.5 SMLV,SIGMA,LAMBDA,PI,ETA,EMP_000001,BOGOTA D.C.,NO,NO,NO,NO,NO
234053,M,Mayor de 55 años,Entre 1 y 1.5 SMLV,SIGMA,IOTA,TAU,KAPPA,EMP_000001,BOGOTA D.C.,NO,NO,NO,NO,NO
234103,F,20 a 35 años,Entre 1.5 y 2 SMLV,SIGMA,LAMBDA,ETA,XI,EMP_000001,BOGOTA D.C.,NO,NO,NO,NO,NO
234153,M,20 a 35 años,Entre 1 y 1.5 SMLV,SIGMA,LAMBDA,TAU,ETA,EMP_000001,,NO,NO,NO,NO,NO
234203,M,Mayor de 55 años,Entre 1 y 1.5 SMLV,SIGMA,EPSILON,TAU,XI,EMP_000002,BOGOTA D.C.,NO,NO,NO,NO,NO
234253,M,20 a 35 años,Entre 3 y 4 SMLV,PI,LAMBDA,ETA,UPSILON,EMP_000001,,NO,NO,NO,NO,NO
234303,F,20 a 35 años,Entre 1 y 1.5 SMLV,SIGMA,LAMBDA,ETA,UPSILON,EMP_000001,,NO,NO,NO,NO,NO
234353,F,20 a 35 años,Entre 1 y 1.5 SMLV,SIGMA,RHO,TAU,UPSILON,EMP_000001,BOGOTA D.C.,NO,NO,NO,NO,NO
234403,M,46 a 55 años,Entre 1 y 1.5 SMLV,SIGMA,EPSILON,TAU,ETA,EMP_000001,BOGOTA D.C.,NO,NO,NO,NO,NO
234453,F,46 a 55 años,Entre 1 y 1.5 SMLV,PI,EPSILON,TAU,LAMBDA,EMP_000001,BOGOTA D.C.,NO,NO,NO,NO,NO
234503,F,46 a 55 años,Entre 1 y 1.5 SMLV,SIGMA,LAMBDA,TAU,KAPPA,EMP_000001,BOGOTA D.C.,NO,NO,NO,NO,NO
234553,F,36 a 45 años,Entre 4 y 6 SMLV,ZETA,LAMBDA,ETA,XI,EMP_000002,BOGOTA D.C.,NO,NO,NO,NO,NO
234603,M,36 a 45 años,Entre 1 y 1.5 SMLV,SIGMA,RHO,PI,UPSILON,EMP_000001,MADRID,NO,NO,NO,NO,NO
234653,M,20 a 35 años,Entre 1 y 1.5 SMLV,SIGMA,LAMBDA,TAU,ETA,EMP_000001,,NO,NO,NO,NO,NO
234703,F,46 a 55 años,Entre 4 y 6 SMLV,ZETA,RHO,PI,UPSILON,EMP_000001,BOGOTA D.C.,NO,NO,NO,NO,NO
234753,M,46 a 55 años,Entre 1 y 1.5 SMLV,SIGMA,LAMBDA,TAU,OMEGA,EMP_000001,BOGOTA D.C.,NO,NO,NO,NO,NO
234803,M,Mayor de 55 años,Entre 2.5 y 3 SMLV,PI,IOTA,PI,OMEGA,EMP_000001,BOGOTA D.C.,NO,NO,NO,NO,NO
234853,M,46 a 55 años,Entre 1 y 1.5 SMLV,SIGMA,LAMBDA,PI,DELTA,EMP_000001,BOGOTA D.C.,NO,NO,NO,NO,NO
234903,F,20 a 35 años,Entre 1.5 y 2 SMLV,SIGMA,LAMBDA,ETA,DELTA,EMP_000001,BOGOTA D.C.,NO,NO,NO,NO,NO
234953,F,46 a 55 años,Menor al SMLV,SIGMA,LAMBDA,TAU,ETA,EMP_000001,BOGOTA D.C.,NO,NO,NO,NO,NO
235003,M,Mayor de 55 años,Entre 1.5 y 2 SMLV,SIGMA,LAMBDA,PI,OMEGA,EMP_000001,,NO,NO,NO,NO,NO
235053,F,46 a 55 años,Entre 1 y 1.5 SMLV,SIGMA,RHO,TAU,UPSILON,EMP_000001,,NO,NO,NO,NO,NO
235103,M,20 a 35 años,Entre 1 y 1.5 SMLV,SIGMA,LAMBDA,TAU,ETA,EMP_000001,FUSAGASUGA,NO,NO,NO,NO,NO
235153,M,Mayor de 55 años,Entre 6 y 8 SMLV,ZETA,LAMBDA,PI,DELTA,EMP_000001,BOGOTA D.C.,NO,NO,NO,NO,NO
235203,M,36 a 45 años,Entre 4 y 6 SMLV,ZETA,LAMBDA,ETA,XI,EMP_000002,BOGOTA D.C.,NO,NO,NO,NO,NO
235253,F,46 a 55 años,Entre 1.5 y 2 SMLV,SIGMA,RHO,PI,UPSILON,EMP_000001,,NO,NO,NO,NO,NO
235303,F,20 a 35 años,Entre 1 y 1.5 SMLV,PI,LAMBDA,TAU,LAMBDA,EMP_000001,,NO,NO,NO,NO,NO
235353,F,20 a 35 años,Entre 1 y 1.5 SMLV,SIGMA,LAMBDA,ETA,UPSILON,EMP_000001,,NO,NO,NO,NO,NO
235403,M,46 a 55 años,Entre 1.5 y 2 SMLV,SIGMA,EPSILON,PI,ETA,EMP_000001,BOGOTA D.C.,NO,NO,NO,NO,NO
235453,M,36 a 45 años,Entre 1 y 1.5 SMLV,SIGMA,EPSILON,TAU,DELTA,EMP_000001,BOGOTA D.C.,NO,NO,NO,NO,NO
235503,M,20 a 35 años,Entre 1.5 y 2 SMLV,SIGMA,LAMBDA,ETA,DELTA,EMP_000001,,NO,NO,NO,NO,NO
235553,F,20 a 35 años,Entre 6 y 8 SMLV,ZETA,LAMBDA,ETA,XI,EMP_000001,,NO,NO,NO,NO,NO
235603,M,20 a 35 años,Entre 1 y 1.5 SMLV,SIGMA,LAMBDA,ETA,BETA,EMP_000001,,NO,NO,NO,NO,NO
235653,M,Mayor de 55 años,Entre 1 y 1.5 SMLV,SIGMA,EPSILON,TAU,ETA,EMP_000001,BOGOTA D.C.,NO,NO,NO,NO,NO
235703,M,20 a 35 años,Entre 2 y 2.5 SMLV,PI,IOTA,PI,XI,EMP_000001,,NO,NO,NO,NO,NO
235753,F,36 a 45 años,Entre 1 y 1.5 SMLV,SIGMA,LAMBDA,PI,XI,EMP_000002,,NO,NO,NO,NO,NO
235803,M,20 a 35 años,Entre 1 y 1.5 SMLV,SIGMA,LAMBDA,ETA,BETA,EMP_000001,,NO,NO,NO,NO,NO
235853,M,20 a 35 años,Entre 1 y 1.5 SMLV,SIGMA,LAMBDA,ETA,ETA,EMP_000001,BOGOTA D.C.,NO,NO,NO,NO,NO
235903,M,Mayor de 55 años,Entre 2 y 2.5 SMLV,ZETA,EPSILON,PI,XI,EMP_000002,BOGOTA D.C.,NO,NO,NO,NO,NO
235953,M,36 a 45 años,Entre 1 y 1.5 SMLV,SIGMA,LAMBDA,ETA,BETA,EMP_000001,,NO,NO,NO,NO,NO
236003,M,36 a 45 años,Entre 1 y 1.5 SMLV,SIGMA,EPSILON,TAU,DELTA,EMP_000001,BOGOTA D.C.,NO,NO,NO,NO,NO
236053,F,46 a 55 años,Entre 4 y 6 SMLV,ZETA,LAMBDA,PI,UPSILON,EMP_000001,BOGOTA D.C.,NO,NO,NO,NO,NO
236103,M,20 a 35 años,Menor al SMLV,SIGMA,EPSILON,TAU,ETA,EMP_000001,BOGOTA D.C.,NO,NO,NO,NO,NO
236153,F,20 a 35 años,Entre 1 y 1.5 SMLV,SIGMA,LAMBDA,ETA,UPSILON,EMP_000001,,NO,NO,NO,NO,NO
236203,F,Mayor de 55 años,Entre 1 y 1.5 SMLV,SIGMA,LAMBDA,PI,OMEGA,EMP_000001,BOGOTA D.C.,NO,NO,NO,NO,NO
236253,F,36 a 45 años,Entre 1.5 y 2 SMLV,SIGMA,RHO,PI,DELTA,EMP_000001,,NO,NO,NO,NO,NO
236303,M,36 a 45 años,Entre 1 y 1.5 SMLV,SIGMA,CHI,TAU,ETA,EMP_000001,BOGOTA D.C.,NO,NO,NO,NO,NO
236353,M,36 a 45 años,Entre 1 y 1.5 SMLV,SIGMA,LAMBDA,ETA,DELTA,EMP_000001,,NO,NO,NO,NO,NO
236403,M,20 a 35 años,Entre 1 y 1.5 SMLV,SIGMA,LAMBDA,ETA,ETA,EMP_000001,BOGOTA D.C.,NO,NO,NO,NO,NO
236453,F,20 a 35 años,Entre 2 y 2.5 SMLV,PI,LAMBDA,ETA,DELTA,EMP_000001,,NO,NO,NO,NO,NO
236503,M,36 a 45 años,Entre 1 y 1.5 SMLV,SIGMA,LAMBDA,ETA,UPSILON,EMP_000001,BOGOTA D.C.,NO,NO,NO,NO,NO
236553,M,36 a 45 años,Entre 1 y 1.5 SMLV,SIGMA,RHO,TAU,ETA,EMP_000001,BOGOTA D.C.,NO,NO,NO,NO,NO
236603,F,36 a 45 años,Entre 1.5 y 2 SMLV,SIGMA,EPSILON,PI,ETA,EMP_000001,SOACHA,NO,NO,NO,NO,NO
236653,M,Mayor de 55 años,Entre 1 y 1.5 SMLV,SIGMA,IOTA,PI,ETA,EMP_000001,BOGOTA D.C.,NO,NO,NO,NO,NO
236703,F,36 a 45 años,Entre 1 y 1.5 SMLV,SIGMA,LAMBDA,TAU,ETA,EMP_000001,GRANADA,NO,NO,NO,NO,NO
236753,F,36 a 45 años,Entre 2.5 y 3 SMLV,PI,RHO,PI,UPSILON,EMP_000001,FUSAGASUGA,NO,NO,NO,NO,NO
236803,F,20 a 35 años,Menor al SMLV,SIGMA,RHO,TAU,ETA,EMP_000001,,NO,NO,NO,NO,NO
236853,M,20 a 35 años,Entre 1 y 1.5 SMLV,SIGMA,LAMBDA,ETA,UPSILON,EMP_000001,,NO,NO,NO,NO,NO
236903,M,20 a 35 años,Entre 10 y 20 SMLV,ZETA,LAMBDA,ETA,XI,EMP_000002,BOGOTA D.C.,NO,NO,NO,NO,NO
236953,F,46 a 55 años,Entre 1.5 y 2 SMLV,SIGMA,LAMBDA,PI,ETA,EMP_000001,,NO,NO,NO,NO,NO
237003,M,36 a 45 años,Entre 1 y 1.5 SMLV,SIGMA,EPSILON,TAU,OMEGA,EMP_000001,BOGOTA D.C.,NO,NO,NO,NO,NO
237053,M,20 a 35 años,Entre 4 y 6 SMLV,ZETA,LAMBDA,ETA,XI,EMP_000002,,NO,NO,NO,NO,NO
237103,M,20 a 35 años,Entre 1 y 1.5 SMLV,SIGMA,LAMBDA,ETA,BETA,EMP_000001,,NO,NO,NO,NO,NO
237153,M,Mayor de 55 años,Entre 4 y 6 SMLV,ZETA,IOTA,PI,ETA,EMP_000001,BOGOTA D.C.,NO,NO,NO,NO,NO
237203,M,46 a 55 años,Entre 1 y 1.5 SMLV,SIGMA,LAMBDA,TAU,ETA,EMP_000001,,NO,NO,NO,NO,NO
237253,M,20 a 35 años,Entre 3 y 4 SMLV,PI,LAMBDA,ETA,UPSILON,EMP_000001,,NO,NO,NO,NO,NO
237303,M,Menor de 19 años,Entre 1 y 1.5 SMLV,SIGMA,LAMBDA,TAU,ETA,EMP_000001,,NO,NO,NO,NO,NO
237353,M,20 a 35 años,Entre 1 y 1.5 SMLV,SIGMA,LAMBDA,ETA,UPSILON,EMP_000001,,NO,NO,NO,NO,NO
237403,F,46 a 55 años,Entre 1 y 1.5 SMLV,SIGMA,IOTA,TAU,ETA,EMP_000001,,NO,NO,NO,NO,NO
237453,M,20 a 35 años,Entre 1 y 1.5 SMLV,SIGMA,LAMBDA,ETA,ETA,EMP_000001,,NO,NO,NO,NO,NO
237503,F,Menor de 19 años,Entre 1 y 1.5 SMLV,SIGMA,LAMBDA,TAU,UPSILON,EMP_000001,,NO,NO,NO,NO,NO
237553,F,36 a 45 años,Entre 1 y 1.5 SMLV,SIGMA,LAMBDA,PI,PSI,EMP_000001,,NO,NO,NO,NO,NO
237603,M,36 a 45 años,Entre 2 y 2.5 SMLV,PI,RHO,PI,ETA,EMP_000001,,NO,NO,NO,NO,NO
237653,M,36 a 45 años,Entre 1 y 1.5 SMLV,SIGMA,EPSILON,TAU,ETA,EMP_000001,BOGOTA D.C.,NO,NO,NO,NO,NO
237703,F,36 a 45 años,Entre 1 y 1.5 SMLV,SIGMA,EPSILON,TAU,DELTA,EMP_000001,CHIA,NO,NO,NO,NO,NO
237753,F,20 a 35 años,Entre 1 y 1.5 SMLV,SIGMA,LAMBDA,TAU,UPSILON,EMP_000001,,NO,NO,NO,NO,NO
237803,M,46 a 55 años,Entre 1 y 1.5 SMLV,SIGMA,LAMBDA,TAU,DELTA,EMP_000001,BOGOTA D.C.,NO,NO,NO,NO,NO
237853,M,20 a 35 años,Entre 1 y 1.5 SMLV,SIGMA,LAMBDA,ETA,UPSILON,EMP_000001,,NO,NO,NO,NO,NO
237903,F,Mayor de 55 años,Menor al SMLV,SIGMA,LAMBDA,TAU,KAPPA,EMP_000001,BOGOTA D.C.,NO,NO,NO,NO,NO
237953,F,20 a 35 años,Entre 1 y 1.5 SMLV,SIGMA,RHO,TAU,XI,EMP_000001,,NO,NO,NO,NO,NO
238003,F,20 a 35 años,Entre 2.5 y 3 SMLV,PI,LAMBDA,ETA,DELTA,EMP_000001,BOGOTA D.C.,NO,NO,NO,NO,NO
238053,M,36 a 45 años,Menor al SMLV,SIGMA,LAMBDA,TAU,ETA,EMP_000001,,NO,NO,NO,NO,NO
238103,M,36 a 45 años,Entre 1 y 1.5 SMLV,SIGMA,RHO,TAU,UPSILON,EMP_000001,,NO,NO,NO,NO,NO
238153,F,20 a 35 años,Entre 1 y 1.5 SMLV,SIGMA,LAMBDA,TAU,XI,EMP_000002,,NO,NO,NO,NO,NO
238203,F,36 a 45 años,Menor al SMLV,SIGMA,EPSILON,TAU,ETA,EMP_000001,BOGOTA D.C.,NO,NO,NO,NO,NO
238253,M,20 a 35 años,Entre 1 y 1.5 SMLV,SIGMA,LAMBDA,ETA,BETA,EMP_000001,,NO,NO,NO,NO,NO
238303,M,36 a 45 años,Entre 1 y 1.5 SMLV,SIGMA,LAMBDA,TAU,ETA,EMP_000001,PANDI,NO,NO,NO,NO,NO
238353,M,20 a 35 años,Menor al SMLV,SIGMA,LAMBDA,TAU,DELTA,EMP_000001,,NO,NO,NO,NO,NO
238403,M,20 a 35 años,Entre 1 y 1.5 SMLV,SIGMA,RHO,TAU,ETA,EMP_000001,,NO,NO,NO,NO,NO
238453,M,20 a 35 años,Entre 1 y 1.5 SMLV,SIGMA,LAMBDA,ETA,BETA,EMP_000001,,NO,NO,NO,NO,NO
238503,M,20 a 35 años,Entre 4 y 6 SMLV,ZETA,LAMBDA,ETA,XI,EMP_000001,,NO,NO,NO,NO,NO
238553,F,46 a 55 años,Entre 1 y 1.5 SMLV,SIGMA,LAMBDA,TAU,OMEGA,EMP_000001,BOGOTA D.C.,NO,NO,NO,NO,NO
238603,F,46 a 55 años,Entre 1 y 1.5 SMLV,SIGMA,CHI,TAU,ETA,EMP_000001,BOGOTA D.C.,NO,NO,NO,NO,NO
238653,F,36 a 45 años,Entre 1 y 1.5 SMLV,SIGMA,LAMBDA,TAU,ETA,EMP_000001,,NO,NO,NO,NO,NO
238703,M,46 a 55 años,Entre 1 y 1.5 SMLV,SIGMA,IOTA,TAU,ETA,EMP_000001,BOGOTA D.C.,NO,NO,NO,NO,NO
238753,M,20 a 35 años,Menor al SMLV,SIGMA,LAMBDA,TAU,OMEGA,EMP_000001,,NO,NO,NO,NO,NO
238803,F,Mayor de 55 años,Entre 1 y 1.5 SMLV,SIGMA,LAMBDA,PI,ETA,EMP_000001,,NO,NO,NO,NO,NO
238853,M,46 a 55 años,Entre 2 y 2.5 SMLV,PI,EPSILON,PI,ETA,EMP_000001,BOGOTA D.C.,NO,NO,NO,NO,NO
238903,M,Mayor de 55 años,Entre 1 y 1.5 SMLV,SIGMA,EPSILON,TAU,ETA,EMP_000001,,NO,NO,NO,NO,NO
238953,M,20 a 35 años,Entre 1 y 1.5 SMLV,SIGMA,THETA,ETA,UPSILON,EMP_000002,,NO,NO,NO,NO,NO
239003,F,36 a 45 años,Entre 1 y 1.5 SMLV,SIGMA,EPSILON,TAU,PSI,EMP_000001,BOGOTA D.C.,NO,NO,NO,NO,NO
239053,F,20 a 35 años,Menor al SMLV,SIGMA,LAMBDA,TAU,ETA,EMP_000001,,NO,NO,NO,NO,NO
239103,F,20 a 35 años,Entre 3 y 4 SMLV,PI,RHO,PI,XI,EMP_000002,BOGOTA D.C.,NO,NO,NO,NO,NO
239153,M,36 a 45 años,Entre 1 y 1.5 SMLV,SIGMA,RHO,TAU,UPSILON,EMP_000001,SOACHA,NO,NO,NO,NO,NO
239203,M,46 a 55 años,Entre 4 y 6 SMLV,ZETA,LAMBDA,PI,UPSILON,EMP_000001,,NO,NO,NO,NO,NO
239253,M,46 a 55 años,Entre 1 y 1.5 SMLV,SIGMA,RHO,TAU,ETA,EMP_000001,,NO,NO,NO,NO,NO
239303,M,20 a 35 años,Entre 1 y 1.5 SMLV,SIGMA,RHO,TAU,XI,EMP_000002,,NO,NO,NO,NO,NO
239353,F,36 a 45 años,Entre 10 y 20 SMLV,ZETA,RHO,PI,OMEGA,EMP_000001,,NO,NO,NO,NO,NO
239403,M,36 a 45 años,Entre 1 y 1.5 SMLV,SIGMA,LAMBDA,TAU,UPSILON,EMP_000001,,NO,NO,NO,NO,NO
239453,F,46 a 55 años,Entre 1 y 1.5 SMLV,SIGMA,LAMBDA,PI,DELTA,EMP_000001,BOGOTA D.C.,NO,NO,NO,NO,NO
239503,M,Mayor de 55 años,Entre 1.5 y 2 SMLV,PI,LAMBDA,PI,DELTA,EMP_000001,BOGOTA D.C.,NO,NO,NO,NO,NO
239553,F,36 a 45 años,Entre 1 y 1.5 SMLV,SIGMA,LAMBDA,TAU,ETA,EMP_000001,,NO,NO,NO,NO,NO
239603,M,36 a 45 años,Entre 1 y 1.5 SMLV,SIGMA,CHI,PI,DELTA,EMP_000001,BOGOTA D.C.,NO,NO,NO,NO,NO
239653,M,36 a 45 años,Entre 1 y 1.5 SMLV,SIGMA,LAMBDA,TAU,ETA,EMP_000001,BOGOTA D.C.,NO,NO,NO,NO,NO
239703,M,46 a 55 años,Entre 1 y 1.5 SMLV,SIGMA,LAMBDA,PI,UPSILON,EMP_000001,,NO,NO,NO,NO,NO
239753,M,20 a 35 años,Entre 1 y 1.5 SMLV,SIGMA,LAMBDA,ETA,BETA,EMP_000001,,NO,NO,NO,NO,NO
239803,F,36 a 45 años,Entre 1 y 1.5 SMLV,SIGMA,EPSILON,TAU,OMEGA,EMP_000001,,NO,NO,NO,NO,NO
239853,F,36 a 45 años,Entre 2 y 2.5 SMLV,PI,RHO,PI,UPSILON,EMP_000001,BOGOTA D.C.,NO,NO,NO,NO,NO
239903,M,Mayor de 55 años,Entre 2.5 y 3 SMLV,PI,LAMBDA,PI,UPSILON,EMP_000001,,NO,NO,NO,NO,NO
239953,M,20 a 35 años,Entre 2 y 2.5 SMLV,PI,LAMBDA,ETA,XI,EMP_000002,,NO,NO,NO,NO,NO
240003,M,36 a 45 años,Entre 1.5 y 2 SMLV,SIGMA,EPSILON,PI,XI,EMP_000002,BOGOTA D.C.,NO,NO,NO,NO,NO
240053,M,36 a 45 años,Entre 1.5 y 2 SMLV,SIGMA,RHO,PI,XI,EMP_000002,,NO,NO,NO,NO,NO
240103,F,20 a 35 años,Entre 1 y 1.5 SMLV,SIGMA,RHO,TAU,DELTA,EMP_000001,,NO,NO,NO,NO,NO
240153,M,36 a 45 años,Entre 1 y 1.5 SMLV,SIGMA,LAMBDA,ETA,BETA,EMP_000001,,NO,NO,NO,NO,NO
240203,M,20 a 35 años,Entre 1 y 1.5 SMLV,SIGMA,LAMBDA,TAU,DELTA,EMP_000001,,NO,NO,NO,NO,NO
240253,F,36 a 45 años,Entre 1 y 1.5 SMLV,SIGMA,RHO,TAU,ETA,EMP_000001,,NO,NO,NO,NO,NO
240303,M,Mayor de 55 años,Entre 1 y 1.5 SMLV,SIGMA,IOTA,TAU,KAPPA,EMP_000001,,NO,NO,NO,NO,NO
240353,M,46 a 55 años,Entre 1 y 1.5 SMLV,SIGMA,LAMBDA,TAU,ETA,EMP_000001,,NO,NO,NO,NO,NO
240403,F,20 a 35 años,Entre 1 y 1.5 SMLV,SIGMA,RHO,PI,DELTA,EMP_000001,BOGOTA D.C.,NO,NO,NO,NO,NO
240453,F,20 a 35 años,Entre 1 y 1.5 SMLV,SIGMA,RHO,TAU,UPSILON,EMP_000001,,NO,NO,NO,NO,NO
240503,M,Mayor de 55 años,Entre 1 y 1.5 SMLV,SIGMA,IOTA,TAU,OMEGA,EMP_000001,,NO,NO,NO,NO,NO
240553,M,20 a 35 años,Menor al SMLV,SIGMA,LAMBDA,TAU,ETA,EMP_000001,BOGOTA D.C.,NO,NO,NO,NO,NO
240603,F,20 a 35 años,Entre 1 y 1.5 SMLV,SIGMA,RHO,TAU,UPSILON,EMP_000001,FACATATIVA,NO,NO,NO,NO,NO
240653,M,46 a 55 años,Menor al SMLV,SIGMA,EPSILON,TAU,ETA,EMP_000001,BOGOTA D.C.,NO,NO,NO,NO,NO
240703,F,20 a 35 años,Entre 1 y 1.5 SMLV,SIGMA,EPSILON,TAU,OMEGA,EMP_000001,,NO,NO,NO,NO,NO
240753,M,36 a 45 años,Entre 1 y 1.5 SMLV,SIGMA,RHO,TAU,UPSILON,EMP_000001,BOGOTA D.C.,NO,NO,NO,NO,NO
240803,F,36 a 45 años,Entre 1 y 1.5 SMLV,SIGMA,EPSILON,TAU,DELTA,EMP_000001,,NO,NO,NO,NO,NO
240853,M,20 a 35 años,Entre 1 y 1.5 SMLV,SIGMA,LAMBDA,TAU,UPSILON,EMP_000001,BOGOTA D.C.,NO,NO,NO,NO,NO
240903,M,36 a 45 años,Entre 1 y 1.5 SMLV,SIGMA,LAMBDA,TAU,ETA,EMP_000001,BOGOTA D.C.,NO,NO,NO,NO,NO
240953,F,Mayor de 55 años,Entre 1 y 1.5 SMLV,SIGMA,LAMBDA,TAU,ETA,EMP_000001,BOGOTA D.C.,NO,NO,NO,NO,NO
241003,M,Mayor de 55 años,Entre 4 y 6 SMLV,ZETA,EPSILON,PI,UPSILON,EMP_000001,YOPAL,NO,NO,NO,NO,NO
241053,M,20 a 35 años,,MU,THETA,OMEGA,OMICRON,EMP_000001,,NO,NO,NO,NO,NO
241103,F,20 a 35 años,Entre 1 y 1.5 SMLV,SIGMA,RHO,TAU,XI,EMP_000002,BOGOTA D.C.,NO,NO,NO,NO,NO
241153,M,20 a 35 años,Entre 1 y 1.5 SMLV,SIGMA,LAMBDA,TAU,DELTA,EMP_000001,,NO,NO,NO,NO,NO
241203,M,20 a 35 años,Entre 1 y 1.5 SMLV,SIGMA,LAMBDA,ETA,ETA,EMP_000001,,NO,NO,NO,NO,NO
241253,F,46 a 55 años,Entre 1 y 1.5 SMLV,SIGMA,LAMBDA,TAU,BETA,EMP_000001,,NO,NO,NO,NO,NO
241303,F,Mayor de 55 años,Entre 1 y 1.5 SMLV,SIGMA,LAMBDA,TAU,ETA,EMP_000001,BOGOTA D.C.,NO,NO,NO,NO,NO
241353,F,20 a 35 años,Entre 1 y 1.5 SMLV,SIGMA,RHO,TAU,XI,EMP_000002,,NO,NO,NO,NO,NO
241403,M,46 a 55 años,Entre 1 y 1.5 SMLV,SIGMA,RHO,PI,ETA,EMP_000001,BOGOTA D.C.,NO,NO,NO,NO,NO
241453,F,46 a 55 años,Entre 3 y 4 SMLV,PI,EPSILON,PI,XI,EMP_000002,PACHO,NO,NO,NO,NO,NO
241503,F,20 a 35 años,Entre 1 y 1.5 SMLV,SIGMA,LAMBDA,TAU,ETA,EMP_000001,,NO,NO,NO,NO,NO
241553,F,36 a 45 años,Entre 1 y 1.5 SMLV,SIGMA,RHO,TAU,ETA,EMP_000001,BOGOTA D.C.,NO,NO,NO,NO,NO
241603,M,36 a 45 años,Entre 1 y 1.5 SMLV,SIGMA,LAMBDA,PI,XI,EMP_000002,BOGOTA D.C.,NO,NO,NO,NO,NO
241653,F,Mayor de 55 años,Entre 2 y 2.5 SMLV,SIGMA,IOTA,PI,KAPPA,EMP_000001,BOGOTA D.C.,NO,NO,NO,NO,NO
241703,F,36 a 45 años,Entre 1 y 1.5 SMLV,SIGMA,LAMBDA,TAU,UPSILON,EMP_000001,,NO,NO,NO,NO,NO
241753,M,20 a 35 años,Entre 1.5 y 2 SMLV,PI,EPSILON,PI,ETA,EMP_000001,,NO,NO,NO,NO,NO
241803,M,46 a 55 años,Entre 1 y 1.5 SMLV,SIGMA,EPSILON,TAU,ETA,EMP_000001,,NO,NO,NO,NO,NO
241853,M,36 a 45 años,Entre 1 y 1.5 SMLV,SIGMA,LAMBDA,TAU,ETA,EMP_000001,BOGOTA D.C.,NO,NO,NO,NO,NO
241903,F,46 a 55 años,Entre 1 y 1.5 SMLV,SIGMA,LAMBDA,PI,ETA,EMP_000001,,NO,NO,NO,NO,NO
241953,M,20 a 35 años,Menor al SMLV,SIGMA,LAMBDA,TAU,ETA,EMP_000001,BOGOTA D.C.,NO,NO,NO,NO,NO
242003,F,20 a 35 años,Entre 1 y 1.5 SMLV,SIGMA,RHO,TAU,DELTA,EMP_000001,,NO,NO,NO,NO,NO
242053,M,20 a 35 años,Entre 1 y 1.5 SMLV,SIGMA,EPSILON,TAU,ETA,EMP_000001,,NO,NO,NO,NO,NO
242103,M,20 a 35 años,Entre 1 y 1.5 SMLV,SIGMA,LAMBDA,ETA,DELTA,EMP_000001,,NO,NO,NO,NO,NO
242153,M,20 a 35 años,Entre 1 y 1.5 SMLV,SIGMA,LAMBDA,ETA,XI,EMP_000001,,NO,NO,NO,NO,NO
242203,M,46 a 55 años,Entre 1 y 1.5 SMLV,SIGMA,LAMBDA,TAU,OMEGA,EMP_000001,BOGOTA D.C.,NO,NO,NO,NO,NO
242253,M,Mayor de 55 años,Entre 1 y 1.5 SMLV,SIGMA,RHO,TAU,ETA,EMP_000001,,NO,NO,NO,NO,NO
242303,M,20 a 35 años,Entre 1 y 1.5 SMLV,SIGMA,LAMBDA,ETA,ETA,EMP_000001,BOGOTA D.C.,NO,NO,NO,NO,NO
242353,F,20 a 35 años,Entre 1 y 1.5 SMLV,SIGMA,LAMBDA,TAU,UPSILON,EMP_000002,,NO,NO,NO,NO,NO
242403,F,36 a 45 años,Entre 1 y 1.5 SMLV,SIGMA,RHO,TAU,UPSILON,EMP_000001,,NO,NO,NO,NO,NO
242453,F,36 a 45 años,Entre 1 y 1.5 SMLV,PI,EPSILON,PI,XI,EMP_000002,BOGOTA D.C.,NO,NO,NO,NO,NO
242503,M,20 a 35 años,Entre 1 y 1.5 SMLV,SIGMA,LAMBDA,ETA,BETA,EMP_000001,,NO,NO,NO,NO,NO
242553,M,20 a 35 años,Entre 1 y 1.5 SMLV,SIGMA,LAMBDA,ETA,OMEGA,EMP_000001,BOGOTA D.C.,NO,NO,NO,NO,NO
242603,F,46 a 55 años,Entre 1 y 1.5 SMLV,SIGMA,EPSILON,TAU,ETA,EMP_000001,,NO,NO,NO,NO,NO
242653,F,20 a 35 años,Entre 1 y 1.5 SMLV,SIGMA,LAMBDA,ETA,OMEGA,EMP_000001,FUNZA,NO,NO,NO,NO,NO
242703,F,20 a 35 años,Entre 1 y 1.5 SMLV,SIGMA,LAMBDA,TAU,XI,EMP_000002,,NO,NO,NO,NO,NO
242753,M,36 a 45 años,Entre 1 y 1.5 SMLV,SIGMA,RHO,TAU,ETA,EMP_000001,,NO,NO,NO,NO,NO
242803,F,46 a 55 años,Entre 2.5 y 3 SMLV,PI,RHO,PI,UPSILON,EMP_000001,BOGOTA D.C.,NO,NO,NO,NO,NO
242853,F,20 a 35 años,Entre 1 y 1.5 SMLV,SIGMA,LAMBDA,TAU,XI,EMP_000002,,NO,NO,NO,NO,NO
242903,F,36 a 45 años,Entre 1.5 y 2 SMLV,SIGMA,RHO,PI,DELTA,EMP_000001,,NO,NO,NO,NO,NO
242953,M,36 a 45 años,Entre 1 y 1.5 SMLV,SIGMA,RHO,PI,UPSILON,EMP_000001,MADRID,NO,NO,NO,NO,NO
243003,F,20 a 35 años,Entre 1 y 1.5 SMLV,SIGMA,RHO,TAU,UPSILON,EMP_000001,SIBATE,NO,NO,NO,NO,NO
243053,F,46 a 55 años,Entre 1 y 1.5 SMLV,SIGMA,RHO,TAU,UPSILON,EMP_000001,,NO,NO,NO,NO,NO
243103,F,20 a 35 años,Entre 1 y 1.5 SMLV,SIGMA,LAMBDA,ETA,ETA,EMP_000001,BOGOTA D.C.,NO,NO,NO,NO,NO
243153,M,36 a 45 años,Entre 1 y 1.5 SMLV,SIGMA,LAMBDA,ETA,BETA,EMP_000001,,NO,NO,NO,NO,NO
243203,F,Mayor de 55 años,Entre 6 y 8 SMLV,SIGMA,IOTA,PI,KAPPA,EMP_000001,BOGOTA D.C.,NO,NO,NO,NO,NO
243253,M,Mayor de 55 años,Menor al SMLV,SIGMA,IOTA,TAU,KAPPA,EMP_000001,BOGOTA D.C.,NO,NO,NO,NO,NO
243303,M,20 a 35 años,Entre 1 y 1.5 SMLV,SIGMA,LAMBDA,ETA,BETA,EMP_000001,,NO,NO,NO,NO,NO
243353,F,36 a 45 años,Entre 1 y 1.5 SMLV,SIGMA,RHO,TAU,ETA,EMP_000001,BOGOTA D.C.,NO,NO,NO,NO,NO
243403,F,36 a 45 años,Entre 4 y 6 SMLV,ZETA,LAMBDA,ETA,XI,EMP_000002,,NO,NO,NO,NO,NO
243453,M,20 a 35 años,Entre 1 y 1.5 SMLV,SIGMA,EPSILON,TAU,ETA,EMP_000001,,NO,NO,NO,NO,NO
243503,M,36 a 45 años,Entre 1 y 1.5 SMLV,SIGMA,LAMBDA,PI,UPSILON,EMP_000001,BOGOTA D.C.,NO,NO,NO,NO,NO
243553,M,36 a 45 años,Entre 1 y 1.5 SMLV,SIGMA,LAMBDA,ETA,BETA,EMP_000001,,NO,NO,NO,NO,NO
243603,M,36 a 45 años,Entre 3 y 4 SMLV,PI,IOTA,PI,XI,EMP_000001,,NO,NO,NO,NO,NO
243653,M,46 a 55 años,Entre 1 y 1.5 SMLV,SIGMA,LAMBDA,PI,ETA,EMP_000001,BOGOTA D.C.,NO,NO,NO,NO,NO
243703,M,20 a 35 años,Entre 1 y 1.5 SMLV,SIGMA,LAMBDA,ETA,XI,EMP_000002,BOGOTA D.C.,NO,NO,NO,NO,NO
243753,F,46 a 55 años,Entre 3 y 4 SMLV,PI,EPSILON,PI,XI,EMP_000002,MANTA,NO,NO,NO,NO,NO
243803,M,20 a 35 años,Entre 3 y 4 SMLV,PI,LAMBDA,ETA,XI,EMP_000002,,NO,NO,NO,NO,NO
243853,M,20 a 35 años,Menor al SMLV,SIGMA,LAMBDA,TAU,ETA,EMP_000001,,NO,NO,NO,NO,NO
243903,F,36 a 45 años,Entre 1 y 1.5 SMLV,SIGMA,LAMBDA,ETA,ETA,EMP_000001,,NO,NO,NO,NO,NO
243953,F,Menor de 19 años,Menor al SMLV,SIGMA,LAMBDA,TAU,XI,EMP_000002,,NO,NO,NO,NO,NO
244003,M,46 a 55 años,Entre 2 y 2.5 SMLV,PI,RHO,PI,OMEGA,EMP_000001,BOGOTA D.C.,NO,NO,NO,NO,NO
244053,M,20 a 35 años,Entre 1.5 y 2 SMLV,SIGMA,RHO,PI,OMEGA,EMP_000001,BOGOTA D.C.,NO,NO,NO,NO,NO
244103,M,20 a 35 años,Entre 1 y 1.5 SMLV,SIGMA,LAMBDA,TAU,ETA,EMP_000001,,NO,NO,NO,NO,NO
244153,M,20 a 35 años,Entre 1 y 1.5 SMLV,SIGMA,RHO,TAU,UPSILON,EMP_000001,BOGOTA D.C.,NO,NO,NO,NO,NO
244203,M,36 a 45 años,Entre 3 y 4 SMLV,PI,RHO,PI,UPSILON,EMP_000001,,NO,NO,NO,NO,NO
244253,F,20 a 35 años,Entre 1 y 1.5 SMLV,SIGMA,LAMBDA,TAU,XI,EMP_000002,,NO,NO,NO,NO,NO
244303,F,36 a 45 años,Entre 10 y 20 SMLV,ZETA,LAMBDA,ETA,UPSILON,EMP_000001,,NO,NO,NO,NO,NO
244353,M,36 a 45 años,Menor al SMLV,SIGMA,EPSILON,TAU,ETA,EMP_000001,BOGOTA D.C.,NO,NO,NO,NO,NO
244403,M,20 a 35 años,Entre 1 y 1.5 SMLV,SIGMA,LAMBDA,TAU,UPSILON,EMP_000001,,NO,NO,NO,NO,NO
244453,M,20 a 35 años,Entre 1 y 1.5 SMLV,SIGMA,LAMBDA,TAU,UPSILON,EMP_000001,,NO,NO,NO,NO,NO
244503,M,20 a 35 años,Menor al SMLV,SIGMA,RHO,TAU,ETA,EMP_000001,,NO,NO,NO,NO,NO
244553,F,20 a 35 años,Entre 1 y 1.5 SMLV,SIGMA,RHO,TAU,XI,EMP_000002,,NO,NO,NO,NO,NO
244603,M,Mayor de 55 años,Entre 1 y 1.5 SMLV,PI,IOTA,TAU,LAMBDA,EMP_000001,BOGOTA D.C.,NO,NO,NO,NO,NO
244653,M,Mayor de 55 años,Entre 1 y 1.5 SMLV,SIGMA,LAMBDA,PI,UPSILON,EMP_000001,BOGOTA D.C.,NO,NO,NO,NO,NO
244703,M,20 a 35 años,Entre 1 y 1.5 SMLV,SIGMA,LAMBDA,ETA,BETA,EMP_000001,,NO,NO,NO,NO,NO
244753,M,Mayor de 55 años,Entre 1 y 1.5 SMLV,SIGMA,IOTA,PI,OMEGA,EMP_000001,BOGOTA D.C.,NO,NO,NO,NO,NO
244803,M,20 a 35 años,Entre 1 y 1.5 SMLV,SIGMA,LAMBDA,ETA,BETA,EMP_000001,,NO,NO,NO,NO,NO
244853,M,36 a 45 años,Entre 1 y 1.5 SMLV,SIGMA,RHO,TAU,UPSILON,EMP_000001,BOGOTA D.C.,NO,NO,NO,NO,NO
244903,F,36 a 45 años,Entre 1 y 1.5 SMLV,SIGMA,LAMBDA,PI,ETA,EMP_000001,,NO,NO,NO,NO,NO
244953,F,20 a 35 años,Entre 1 y 1.5 SMLV,SIGMA,LAMBDA,TAU,UPSILON,EMP_000001,,NO,NO,NO,NO,NO
245003,M,20 a 35 años,Entre 1 y 1.5 SMLV,SIGMA,RHO,TAU,UPSILON,EMP_000001,BOGOTA D.C.,NO,NO,NO,NO,NO
245053,F,46 a 55 años,Entre 1 y 1.5 SMLV,SIGMA,LAMBDA,TAU,ETA,EMP_000001,,NO,NO,NO,NO,NO
245103,F,Mayor de 55 años,Menor al SMLV,SIGMA,LAMBDA,TAU,ETA,EMP_000001,BOGOTA D.C.,NO,NO,NO,NO,NO
245153,M,36 a 45 años,Entre 4 y 6 SMLV,ZETA,EPSILON,PI,UPSILON,EMP_000001,BOGOTA D.C.,NO,NO,NO,NO,NO
245203,M,20 a 35 años,Entre 1 y 1.5 SMLV,SIGMA,LAMBDA,ETA,DELTA,EMP_000001,,NO,NO,NO,NO,NO
245253,M,36 a 45 años,Entre 1.5 y 2 SMLV,SIGMA,RHO,PI,OMEGA,EMP_000001,,NO,NO,NO,NO,NO
245303,M,46 a 55 años,Entre 1 y 1.5 SMLV,SIGMA,RHO,TAU,OMEGA,EMP_000001,BOGOTA D.C.,NO,NO,NO,NO,NO
245353,M,46 a 55 años,Entre 1 y 1.5 SMLV,SIGMA,EPSILON,TAU,DELTA,EMP_000001,BOGOTA D.C.,NO,NO,NO,NO,NO
245403,F,46 a 55 años,Entre 1 y 1.5 SMLV,SIGMA,LAMBDA,TAU,XI,EMP_000001,BOGOTA D.C.,NO,NO,NO,NO,NO
245453,F,Mayor de 55 años,Entre 1 y 1.5 SMLV,SIGMA,IOTA,TAU,ETA,EMP_000001,CHIA,NO,NO,NO,NO,NO
245503,F,20 a 35 años,Entre 1 y 1.5 SMLV,SIGMA,LAMBDA,ETA,ETA,EMP_000001,,NO,NO,NO,NO,NO
245553,M,36 a 45 años,Entre 3 y 4 SMLV,PI,RHO,PI,XI,EMP_000002,FACATATIVA,NO,NO,NO,NO,NO
245603,M,20 a 35 años,Entre 1 y 1.5 SMLV,SIGMA,LAMBDA,ETA,XI,EMP_000001,,NO,NO,NO,NO,NO
245653,M,46 a 55 años,Entre 1 y 1.5 SMLV,SIGMA,RHO,TAU,ETA,EMP_000001,BOGOTA D.C.,NO,NO,NO,NO,NO
245703,M,36 a 45 años,Entre 1 y 1.5 SMLV,SIGMA,RHO,TAU,ETA,EMP_000001,FUSAGASUGA,NO,NO,NO,NO,NO
245753,F,20 a 35 años,Entre 1 y 1.5 SMLV,SIGMA,LAMBDA,TAU,ETA,EMP_000001,BOGOTA D.C.,NO,NO,NO,NO,NO
245803,M,20 a 35 años,Menor al SMLV,SIGMA,LAMBDA,TAU,UPSILON,EMP_000001,,NO,NO,NO,NO,NO
245853,M,46 a 55 años,Entre 1 y 1.5 SMLV,SIGMA,LAMBDA,TAU,DELTA,EMP_000001,,NO,NO,NO,NO,NO
245903,M,36 a 45 años,Entre 1 y 1.5 SMLV,SIGMA,RHO,PI,UPSILON,EMP_000001,,NO,NO,NO,NO,NO
245953,M,46 a 55 años,Menor al SMLV,SIGMA,LAMBDA,TAU,ETA,EMP_000001,,NO,NO,NO,NO,NO
246003,M,Mayor de 55 años,Entre 3 y 4 SMLV,PI,LAMBDA,PI,XI,EMP_000002,SUESCA,NO,NO,NO,NO,NO
246053,F,20 a 35 años,Entre 1 y 1.5 SMLV,SIGMA,EPSILON,TAU,DELTA,EMP_000001,,NO,NO,NO,NO,NO
246103,M,20 a 35 años,Entre 1 y 1.5 SMLV,SIGMA,LAMBDA,ETA,BETA,EMP_000001,,NO,NO,NO,NO,NO
246153,M,36 a 45 años,Entre 1 y 1.5 SMLV,SIGMA,RHO,TAU,UPSILON,EMP_000001,BOGOTA D.C.,NO,NO,NO,NO,NO
246203,F,36 a 45 años,Entre 1.5 y 2 SMLV,SIGMA,RHO,PI,DELTA,EMP_000001,,NO,NO,NO,NO,NO
246253,F,20 a 35 años,Entre 1 y 1.5 SMLV,SIGMA,EPSILON,TAU,ETA,EMP_000001,,NO,NO,NO,NO,NO
246303,M,20 a 35 años,Entre 2.5 y 3 SMLV,PI,LAMBDA,ETA,XI,EMP_000002,SOACHA,NO,NO,NO,NO,NO
246353,M,36 a 45 años,Entre 1.5 y 2 SMLV,PI,RHO,PI,ETA,EMP_000001,BOGOTA D.C.,NO,NO,NO,NO,NO
246403,M,36 a 45 años,Menor al SMLV,SIGMA,LAMBDA,TAU,ETA,EMP_000001,,NO,NO,NO,NO,NO
246453,M,36 a 45 años,Entre 1 y 1.5 SMLV,SIGMA,LAMBDA,PI,OMEGA,EMP_000001,CAJICA,NO,NO,NO,NO,NO
246503,M,36 a 45 años,Entre 6 y 8 SMLV,ZETA,LAMBDA,PI,UPSILON,EMP_000001,BOGOTA D.C.,NO,NO,NO,NO,NO
246553,M,20 a 35 años,Entre 1 y 1.5 SMLV,SIGMA,EPSILON,TAU,UPSILON,EMP_000001,,NO,NO,NO,NO,NO
246603,M,36 a 45 años,Entre 1 y 1.5 SMLV,SIGMA,LAMBDA,TAU,UPSILON,EMP_000001,,NO,NO,NO,NO,NO
246653,M,20 a 35 años,Entre 1.5 y 2 SMLV,SIGMA,LAMBDA,ETA,DELTA,EMP_000001,,NO,NO,NO,NO,NO
246703,M,20 a 35 años,Entre 1 y 1.5 SMLV,SIGMA,LAMBDA,TAU,ETA,EMP_000001,,NO,NO,NO,NO,NO
246753,M,36 a 45 años,Entre 10 y 20 SMLV,ZETA,LAMBDA,PI,XI,EMP_000002,,NO,NO,NO,NO,NO
246803,M,46 a 55 años,Menor al SMLV,SIGMA,LAMBDA,TAU,ETA,EMP_000001,,NO,NO,NO,NO,NO
246853,M,20 a 35 años,Entre 1 y 1.5 SMLV,SIGMA,RHO,PI,XI,EMP_000002,,NO,NO,NO,NO,NO
246903,M,46 a 55 años,Entre 10 y 20 SMLV,ZETA,EPSILON,PI,ETA,EMP_000001,BOGOTA D.C.,NO,NO,NO,NO,NO
246953,F,20 a 35 años,Entre 1.5 y 2 SMLV,SIGMA,LAMBDA,ETA,UPSILON,EMP_000001,,NO,NO,NO,NO,NO
247003,M,20 a 35 años,Entre 1 y 1.5 SMLV,SIGMA,LAMBDA,ETA,XI,EMP_000002,,NO,NO,NO,NO,NO
247053,M,20 a 35 años,Entre 1 y 1.5 SMLV,SIGMA,LAMBDA,ETA,BETA,EMP_000001,,NO,NO,NO,NO,NO
247103,M,20 a 35 años,Entre 1 y 1.5 SMLV,SIGMA,LAMBDA,ETA,BETA,EMP_000001,,NO,NO,NO,NO,NO
247153,F,20 a 35 años,Entre 1 y 1.5 SMLV,SIGMA,LAMBDA,TAU,XI,EMP_000002,,NO,NO,NO,NO,NO
247203,F,20 a 35 años,Entre 2.5 y 3 SMLV,PI,LAMBDA,ETA,XI,EMP_000002,,NO,NO,NO,NO,NO
247253,F,20 a 35 años,Entre 1 y 1.5 SMLV,SIGMA,EPSILON,TAU,UPSILON,EMP_000001,BOGOTA D.C.,NO,NO,NO,NO,NO
247303,F,20 a 35 años,Entre 1 y 1.5 SMLV,SIGMA,LAMBDA,ETA,UPSILON,EMP_000001,,NO,NO,NO,NO,NO
247353,F,36 a 45 años,Entre 1 y 1.5 SMLV,SIGMA,EPSILON,TAU,ETA,EMP_000001,MELGAR,NO,NO,NO,NO,NO
247403,M,36 a 45 años,Entre 1 y 1.5 SMLV,SIGMA,EPSILON,PI,UPSILON,EMP_000001,BOGOTA D.C.,NO,NO,NO,NO,NO
247453,F,20 a 35 años,Menor al SMLV,SIGMA,LAMBDA,TAU,UPSILON,EMP_000001,,NO,NO,NO,NO,NO
247503,M,46 a 55 años,Entre 1 y 1.5 SMLV,SIGMA,LAMBDA,TAU,DELTA,EMP_000001,GIRARDOT,NO,NO,NO,NO,NO
247553,M,20 a 35 años,Entre 1 y 1.5 SMLV,SIGMA,RHO,TAU,XI,EMP_000002,,NO,NO,NO,NO,NO
247603,M,46 a 55 años,Entre 2.5 y 3 SMLV,PI,IOTA,PI,UPSILON,EMP_000001,BOGOTA D.C.,NO,NO,NO,NO,NO
247653,M,20 a 35 años,Entre 4 y 6 SMLV,ZETA,LAMBDA,ETA,XI,EMP_000002,,NO,NO,NO,NO,NO
247703,M,46 a 55 años,Entre 1.5 y 2 SMLV,SIGMA,EPSILON,PI,XI,EMP_000002,,NO,NO,NO,NO,NO
247753,F,20 a 35 años,,MU,THETA,OMEGA,OMICRON,EMP_000001,,NO,NO,NO,NO,NO
247803,F,46 a 55 años,Entre 4 y 6 SMLV,ZETA,EPSILON,PI,XI,EMP_000002,FOMEQUE,NO,NO,NO,NO,NO
247853,M,20 a 35 años,Entre 1 y 1.5 SMLV,SIGMA,LAMBDA,TAU,ETA,EMP_000001,,NO,NO,NO,NO,NO
247903,F,20 a 35 años,Entre 3 y 4 SMLV,PI,LAMBDA,ETA,XI,EMP_000002,,NO,NO,NO,NO,NO
247953,F,36 a 45 años,Entre 2 y 2.5 SMLV,PI,RHO,PI,XI,EMP_000002,BOGOTA D.C.,NO,NO,NO,NO,NO
248003,M,20 a 35 años,Menor al SMLV,SIGMA,RHO,TAU,PSI,EMP_000001,GIRARDOT,NO,NO,NO,NO,NO
248053,M,20 a 35 años,Menor al SMLV,SIGMA,RHO,TAU,ETA,EMP_000001,,NO,NO,NO,NO,NO
248103,F,Mayor de 55 años,Entre 1 y 1.5 SMLV,SIGMA,LAMBDA,TAU,ETA,EMP_000001,,NO,NO,NO,NO,NO
248153,M,36 a 45 años,Menor al SMLV,SIGMA,LAMBDA,TAU,ETA,EMP_000001,BOGOTA D.C.,NO,NO,NO,NO,NO
248203,M,20 a 35 años,Entre 1 y 1.5 SMLV,SIGMA,LAMBDA,ETA,XI,EMP_000002,BOGOTA D.C.,NO,NO,NO,NO,NO
248253,F,20 a 35 años,Entre 1 y 1.5 SMLV,SIGMA,RHO,PI,UPSILON,EMP_000001,,NO,NO,NO,NO,NO
248303,F,Mayor de 55 años,Entre 1 y 1.5 SMLV,SIGMA,LAMBDA,TAU,ETA,EMP_000001,,NO,NO,NO,NO,NO
248353,F,20 a 35 años,Entre 1 y 1.5 SMLV,SIGMA,LAMBDA,TAU,ETA,EMP_000001,,NO,NO,NO,NO,NO
248403,M,20 a 35 años,Entre 1.5 y 2 SMLV,SIGMA,LAMBDA,ETA,XI,EMP_000002,BOGOTA D.C.,NO,NO,NO,NO,NO
248453,M,20 a 35 años,Entre 1 y 1.5 SMLV,SIGMA,THETA,TAU,OMICRON,EMP_000001,,NO,NO,NO,NO,NO
248503,F,20 a 35 años,Entre 1 y 1.5 SMLV,SIGMA,LAMBDA,ETA,BETA,EMP_000001,,NO,NO,NO,NO,NO
248553,M,36 a 45 años,Entre 4 y 6 SMLV,ZETA,LAMBDA,ETA,UPSILON,EMP_000001,,NO,NO,NO,NO,NO
248603,M,20 a 35 años,Entre 1 y 1.5 SMLV,SIGMA,RHO,TAU,ETA,EMP_000001,,NO,NO,NO,NO,NO
248653,F,20 a 35 años,Entre 1 y 1.5 SMLV,SIGMA,RHO,TAU,UPSILON,EMP_000001,,NO,NO,NO,NO,NO
248703,M,46 a 55 años,Entre 1 y 1.5 SMLV,SIGMA,LAMBDA,PI,ETA,EMP_000001,BOGOTA D.C.,NO,NO,NO,NO,NO
248753,F,Menor de 19 años,Entre 1.5 y 2 SMLV,SIGMA,LAMBDA,ETA,UPSILON,EMP_000001,,NO,NO,NO,NO,NO
248803,F,20 a 35 años,Entre 1 y 1.5 SMLV,SIGMA,RHO,TAU,UPSILON,EMP_000001,,NO,NO,NO,NO,NO
248853,F,20 a 35 años,Entre 1 y 1.5 SMLV,SIGMA,LAMBDA,TAU,UPSILON,EMP_000002,,NO,NO,NO,NO,NO
248903,M,36 a 45 años,Menor al SMLV,SIGMA,LAMBDA,TAU,ETA,EMP_000001,,NO,NO,NO,NO,NO
248953,M,36 a 45 años,Menor al SMLV,SIGMA,EPSILON,TAU,OMEGA,EMP_000001,BOGOTA D.C.,NO,NO,NO,NO,NO
249003,F,Mayor de 55 años,Menor al SMLV,SIGMA,LAMBDA,TAU,ETA,EMP_000001,,NO,NO,NO,NO,NO
249053,M,36 a 45 años,Entre 1 y 1.5 SMLV,SIGMA,RHO,TAU,DELTA,EMP_000001,BOGOTA D.C.,NO,NO,NO,NO,NO
249103,F,Mayor de 55 años,Entre 1 y 1.5 SMLV,SIGMA,LAMBDA,TAU,ETA,EMP_000001,BOGOTA D.C.,NO,NO,NO,NO,NO
249153,M,46 a 55 años,Entre 1 y 1.5 SMLV,SIGMA,LAMBDA,TAU,ETA,EMP_000001,,NO,NO,NO,NO,NO
249203,M,20 a 35 años,Entre 1 y 1.5 SMLV,SIGMA,RHO,TAU,XI,EMP_000002,,NO,NO,NO,NO,NO
249253,M,Mayor de 55 años,Entre 1 y 1.5 SMLV,SIGMA,LAMBDA,PI,ETA,EMP_000001,,NO,NO,NO,NO,NO
249303,M,20 a 35 años,Entre 1 y 1.5 SMLV,SIGMA,LAMBDA,TAU,ETA,EMP_000001,,NO,NO,NO,NO,NO
249353,F,20 a 35 años,Entre 1.5 y 2 SMLV,SIGMA,LAMBDA,ETA,UPSILON,EMP_000001,,NO,NO,NO,NO,NO
249403,F,20 a 35 años,Entre 1 y 1.5 SMLV,SIGMA,LAMBDA,ETA,DELTA,EMP_000001,BOGOTA D.C.,NO,NO,NO,NO,NO
249453,M,36 a 45 años,Entre 6 y 8 SMLV,ZETA,LAMBDA,ETA,XI,EMP_000002,BOGOTA D.C.,NO,NO,NO,NO,NO
249503,M,20 a 35 años,Entre 3 y 4 SMLV,ZETA,LAMBDA,ETA,ETA,EMP_000001,,NO,NO,NO,NO,NO
249553,M,20 a 35 años,Entre 4 y 6 SMLV,PI,LAMBDA,ETA,XI,EMP_000002,BOGOTA D.C.,NO,NO,NO,NO,NO
249603,F,20 a 35 años,Entre 1 y 1.5 SMLV,SIGMA,LAMBDA,TAU,ETA,EMP_000001,,NO,NO,NO,NO,NO
249653,F,Mayor de 55 años,Entre 1 y 1.5 SMLV,SIGMA,IOTA,PI,ETA,EMP_000001,UBAQUE,NO,NO,NO,NO,NO
249703,F,36 a 45 años,,MU,THETA,OMEGA,OMICRON,EMP_000001,,NO,NO,NO,NO,NO
249753,F,46 a 55 años,Entre 1 y 1.5 SMLV,SIGMA,LAMBDA,PI,DELTA,EMP_000001,BOGOTA D.C.,NO,NO,NO,NO,NO
249803,F,36 a 45 años,Entre 4 y 6 SMLV,ZETA,RHO,PI,XI,EMP_000002,FUSAGASUGA,NO,NO,NO,NO,NO
249853,M,20 a 35 años,Entre 1 y 1.5 SMLV,SIGMA,LAMBDA,TAU,ETA,EMP_000001,,NO,NO,NO,NO,NO
249903,M,46 a 55 años,Entre 1 y 1.5 SMLV,SIGMA,EPSILON,PI,ETA,EMP_000001,RICAURTE,NO,NO,NO,NO,NO
249953,M,20 a 35 años,Entre 1 y 1.5 SMLV,SIGMA,LAMBDA,TAU,ETA,EMP_000001,,NO,NO,NO,NO,NO
250003,F,20 a 35 años,Entre 2.5 y 3 SMLV,PI,RHO,PI,UPSILON,EMP_000001,,NO,NO,NO,NO,NO
250053,M,20 a 35 años,Entre 1 y 1.5 SMLV,SIGMA,RHO,TAU,UPSILON,EMP_000001,MOSQUERA,NO,NO,NO,NO,NO
250103,F,20 a 35 años,Entre 1 y 1.5 SMLV,SIGMA,LAMBDA,TAU,DELTA,EMP_000001,,NO,NO,NO,NO,NO
250153,F,36 a 45 años,Entre 1 y 1.5 SMLV,SIGMA,RHO,TAU,DELTA,EMP_000001,BOGOTA D.C.,NO,NO,NO,NO,NO
250203,M,Mayor de 55 años,Entre 1 y 1.5 SMLV,SIGMA,LAMBDA,TAU,OMEGA,EMP_000001,BOGOTA D.C.,NO,NO,NO,NO,NO
250253,M,20 a 35 años,Entre 1.5 y 2 SMLV,SIGMA,LAMBDA,ETA,UPSILON,EMP_000002,,NO,NO,NO,NO,NO
250303,F,46 a 55 años,Entre 1 y 1.5 SMLV,SIGMA,LAMBDA,TAU,OMEGA,EMP_000001,BOGOTA D.C.,NO,NO,NO,NO,NO
250353,F,Mayor de 55 años,Entre 1.5 y 2 SMLV,SIGMA,LAMBDA,PI,KAPPA,EMP_000001,,NO,NO,NO,NO,NO
250403,F,Mayor de 55 años,Entre 1 y 1.5 SMLV,PI,LAMBDA,TAU,LAMBDA,EMP_000001,,NO,NO,NO,NO,NO
250453,F,36 a 45 años,Entre 1 y 1.5 SMLV,SIGMA,EPSILON,PI,ETA,EMP_000001,BOGOTA D.C.,NO,NO,NO,NO,NO
250503,M,Mayor de 55 años,Entre 1 y 1.5 SMLV,SIGMA,IOTA,TAU,ETA,EMP_000001,BOGOTA D.C.,NO,NO,NO,NO,NO
250553,M,20 a 35 años,Entre 2 y 2.5 SMLV,PI,LAMBDA,ETA,XI,EMP_000001,BOGOTA D.C.,NO,NO,NO,NO,NO
250603,M,20 a 35 años,Entre 1 y 1.5 SMLV,SIGMA,LAMBDA,ETA,BETA,EMP_000001,,NO,NO,NO,NO,NO
250653,F,36 a 45 años,Entre 1 y 1.5 SMLV,SIGMA,RHO,PI,XI,EMP_000002,BOGOTA D.C.,NO,NO,NO,NO,NO
250703,M,20 a 35 años,Entre 1 y 1.5 SMLV,SIGMA,LAMBDA,ETA,BETA,EMP_000001,,NO,NO,NO,NO,NO
250753,F,20 a 35 años,Entre 1 y 1.5 SMLV,SIGMA,LAMBDA,TAU,XI,EMP_000002,,NO,NO,NO,NO,NO
250803,M,20 a 35 años,Entre 1 y 1.5 SMLV,SIGMA,LAMBDA,ETA,BETA,EMP_000001,,NO,NO,NO,NO,NO
250853,F,20 a 35 años,Entre 1 y 1.5 SMLV,SIGMA,EPSILON,TAU,XI,EMP_000001,,NO,NO,NO,NO,NO
250903,M,20 a 35 años,Entre 1 y 1.5 SMLV,SIGMA,LAMBDA,ETA,UPSILON,EMP_000001,,NO,NO,NO,NO,NO
250953,F,36 a 45 años,Entre 1 y 1.5 SMLV,SIGMA,LAMBDA,PI,PSI,EMP_000001,BOGOTA D.C.,NO,NO,NO,NO,NO
251003,M,46 a 55 años,Entre 1 y 1.5 SMLV,SIGMA,LAMBDA,TAU,ETA,EMP_000001,BOGOTA D.C.,NO,NO,NO,NO,NO
251053,M,20 a 35 años,Entre 4 y 6 SMLV,ZETA,LAMBDA,ETA,UPSILON,EMP_000001,,NO,NO,NO,NO,NO
251103,F,46 a 55 años,Entre 1 y 1.5 SMLV,SIGMA,RHO,TAU,UPSILON,EMP_000001,,NO,NO,NO,NO,NO
251153,F,20 a 35 años,Entre 2 y 2.5 SMLV,PI,CHI,PI,UPSILON,EMP_000001,,NO,NO,NO,NO,NO
251203,F,20 a 35 años,Entre 1 y 1.5 SMLV,SIGMA,RHO,TAU,DELTA,EMP_000001,BOGOTA D.C.,NO,NO,NO,NO,NO
251253,M,36 a 45 años,Entre 1 y 1.5 SMLV,SIGMA,EPSILON,TAU,DELTA,EMP_000001,BOGOTA D.C.,NO,NO,NO,NO,NO
251303,F,20 a 35 años,Entre 1 y 1.5 SMLV,SIGMA,RHO,TAU,ETA,EMP_000001,,NO,NO,NO,NO,NO
251353,F,36 a 45 años,Entre 10 y 20 SMLV,ZETA,LAMBDA,PI,XI,EMP_000001,BOGOTA D.C.,NO,NO,NO,NO,NO
251403,F,46 a 55 años,Entre 6 y 8 SMLV,ZETA,RHO,PI,UPSILON,EMP_000001,BOGOTA D.C.,NO,NO,NO,NO,NO
251453,M,36 a 45 años,Entre 1 y 1.5 SMLV,SIGMA,LAMBDA,TAU,DELTA,EMP_000001,,NO,NO,NO,NO,NO
251503,F,20 a 35 años,Entre 1 y 1.5 SMLV,PI,LAMBDA,TAU,LAMBDA,EMP_000001,,NO,NO,NO,NO,NO
251553,M,46 a 55 años,Entre 1 y 1.5 SMLV,SIGMA,EPSILON,TAU,ETA,EMP_000001,BOGOTA D.C.,NO,NO,NO,NO,NO
251603,F,20 a 35 años,Entre 2.5 y 3 SMLV,PI,LAMBDA,ETA,XI,EMP_000002,,NO,NO,NO,NO,NO
251653,F,20 a 35 años,Entre 2 y 2.5 SMLV,PI,LAMBDA,ETA,ETA,EMP_000001,BOGOTA D.C.,NO,NO,NO,NO,NO
251703,F,20 a 35 años,Entre 1 y 1.5 SMLV,SIGMA,LAMBDA,ETA,DELTA,EMP_000001,,NO,NO,NO,NO,NO
251753,F,36 a 45 años,Entre 1.5 y 2 SMLV,SIGMA,LAMBDA,ETA,OMEGA,EMP_000001,,NO,NO,NO,NO,NO
251803,M,20 a 35 años,Entre 1 y 1.5 SMLV,SIGMA,RHO,TAU,DELTA,EMP_000001,BOGOTA D.C.,NO,NO,NO,NO,NO
251853,M,20 a 35 años,Entre 1 y 1.5 SMLV,SIGMA,LAMBDA,TAU,OMEGA,EMP_000001,,NO,NO,NO,NO,NO
251903,M,36 a 45 años,Entre 1 y 1.5 SMLV,SIGMA,RHO,TAU,UPSILON,EMP_000001,BOGOTA D.C.,NO,NO,NO,NO,NO
251953,F,20 a 35 años,Entre 1 y 1.5 SMLV,SIGMA,LAMBDA,ETA,UPSILON,EMP_000001,BOGOTA D.C.,NO,NO,NO,NO,NO
252003,F,Mayor de 55 años,Entre 2 y 2.5 SMLV,PI,LAMBDA,PI,XI,EMP_000001,,NO,NO,NO,NO,NO
252053,M,Mayor de 55 años,Menor al SMLV,SIGMA,IOTA,TAU,ETA,EMP_000001,,NO,NO,NO,NO,NO
252103,M,20 a 35 años,Entre 2.5 y 3 SMLV,PI,LAMBDA,ETA,XI,EMP_000002,,NO,NO,NO,NO,NO
252153,M,Menor de 19 años,Entre 1 y 1.5 SMLV,SIGMA,LAMBDA,TAU,ETA,EMP_000001,,NO,NO,NO,NO,NO
252203,M,20 a 35 años,Entre 1 y 1.5 SMLV,SIGMA,LAMBDA,ETA,ETA,EMP_000001,,NO,NO,NO,NO,NO
252253,M,20 a 35 años,Entre 10 y 20 SMLV,ZETA,LAMBDA,ETA,XI,EMP_000001,,NO,NO,NO,NO,NO
252303,F,46 a 55 años,Entre 1 y 1.5 SMLV,SIGMA,LAMBDA,TAU,DELTA,EMP_000001,,NO,NO,NO,NO,NO
252353,M,46 a 55 años,Menor al SMLV,SIGMA,LAMBDA,TAU,ETA,EMP_000001,,NO,NO,NO,NO,NO
252403,F,36 a 45 años,Entre 1 y 1.5 SMLV,SIGMA,RHO,TAU,ETA,EMP_000001,FLANDES,NO,NO,NO,NO,NO
252453,F,20 a 35 años,Entre 1 y 1.5 SMLV,SIGMA,LAMBDA,TAU,UPSILON,EMP_000001,,NO,NO,NO,NO,NO
252503,F,36 a 45 años,Entre 1 y 1.5 SMLV,PI,LAMBDA,ETA,LAMBDA,EMP_000001,,NO,NO,NO,NO,NO
252553,F,Mayor de 55 años,Entre 1 y 1.5 SMLV,SIGMA,RHO,TAU,ETA,EMP_000001,BOGOTA D.C.,NO,NO,NO,NO,NO
252603,M,46 a 55 años,Entre 1 y 1.5 SMLV,SIGMA,LAMBDA,TAU,ETA,EMP_000001,BOGOTA D.C.,NO,NO,NO,NO,NO
252653,M,20 a 35 años,Menor al SMLV,SIGMA,RHO,TAU,ETA,EMP_000001,,NO,NO,NO,NO,NO
252703,F,36 a 45 años,Entre 4 y 6 SMLV,ZETA,LAMBDA,PI,UPSILON,EMP_000001,,NO,NO,NO,NO,NO
252753,F,20 a 35 años,Entre 2 y 2.5 SMLV,PI,LAMBDA,ETA,XI,EMP_000002,,NO,NO,NO,NO,NO
252803,F,20 a 35 años,Entre 1 y 1.5 SMLV,SIGMA,LAMBDA,TAU,UPSILON,EMP_000002,,NO,NO,NO,NO,NO
252853,F,Mayor de 55 años,Entre 1 y 1.5 SMLV,SIGMA,LAMBDA,TAU,OMEGA,EMP_000001,,NO,NO,NO,NO,NO
252903,F,20 a 35 años,Menor al SMLV,SIGMA,LAMBDA,TAU,XI,EMP_000001,,NO,NO,NO,NO,NO
252953,M,20 a 35 años,Entre 1 y 1.5 SMLV,SIGMA,LAMBDA,TAU,UPSILON,EMP_000001,,NO,NO,NO,NO,NO
253003,M,36 a 45 años,Entre 1 y 1.5 SMLV,SIGMA,RHO,TAU,ETA,EMP_000001,SOACHA,NO,NO,NO,NO,NO
253053,M,20 a 35 años,Entre 1 y 1.5 SMLV,SIGMA,LAMBDA,ETA,BETA,EMP_000001,,NO,NO,NO,NO,NO
253103,F,20 a 35 años,Entre 2 y 2.5 SMLV,PI,LAMBDA,ETA,DELTA,EMP_000001,,NO,NO,NO,NO,NO
253153,F,36 a 45 años,Entre 1 y 1.5 SMLV,SIGMA,LAMBDA,ETA,XI,EMP_000002,BOGOTA D.C.,NO,NO,NO,NO,NO
253203,F,Mayor de 55 años,Entre 1 y 1.5 SMLV,SIGMA,CHI,TAU,ETA,EMP_000001,,NO,NO,NO,NO,NO
253253,F,36 a 45 años,Entre 1 y 1.5 SMLV,SIGMA,LAMBDA,PI,ETA,EMP_000001,BOGOTA D.C.,NO,NO,NO,NO,NO
253303,M,36 a 45 años,Entre 2 y 2.5 SMLV,PI,LAMBDA,ETA,UPSILON,EMP_000002,,NO,NO,NO,NO,NO
253353,F,46 a 55 años,Entre 1 y 1.5 SMLV,SIGMA,LAMBDA,TAU,ETA,EMP_000001,BOGOTA D.C.,NO,NO,NO,NO,NO
253403,M,46 a 55 años,Menor al SMLV,SIGMA,LAMBDA,TAU,ETA,EMP_000001,,NO,NO,NO,NO,NO
253453,M,36 a 45 años,Entre 3 y 4 SMLV,PI,LAMBDA,ETA,DELTA,EMP_000001,LA CALERA,NO,NO,NO,NO,NO
253503,M,20 a 35 años,Menor al SMLV,SIGMA,LAMBDA,TAU,DELTA,EMP_000001,,NO,NO,NO,NO,NO
253553,M,20 a 35 años,Entre 1 y 1.5 SMLV,SIGMA,LAMBDA,TAU,ETA,EMP_000001,,NO,NO,NO,NO,NO
253603,M,20 a 35 años,Entre 1 y 1.5 SMLV,SIGMA,RHO,TAU,OMEGA,EMP_000001,SOACHA,NO,NO,NO,NO,NO
253653,F,20 a 35 años,Entre 1 y 1.5 SMLV,SIGMA,LAMBDA,TAU,UPSILON,EMP_000001,,NO,NO,NO,NO,NO
253703,M,20 a 35 años,Entre 1 y 1.5 SMLV,SIGMA,RHO,TAU,ETA,EMP_000001,MOSQUERA,NO,NO,NO,NO,NO
253753,M,20 a 35 años,Entre 1 y 1.5 SMLV,SIGMA,LAMBDA,ETA,UPSILON,EMP_000001,,NO,NO,NO,NO,NO
253803,F,46 a 55 años,Entre 1 y 1.5 SMLV,SIGMA,RHO,TAU,ETA,EMP_000001,,NO,NO,NO,NO,NO
253853,M,46 a 55 años,Menor al SMLV,SIGMA,EPSILON,TAU,ETA,EMP_000001,,NO,NO,NO,NO,NO
253903,M,36 a 45 años,Entre 1 y 1.5 SMLV,SIGMA,EPSILON,TAU,ETA,EMP_000001,GIRARDOT,NO,NO,NO,NO,NO
253953,M,46 a 55 años,Entre 1 y 1.5 SMLV,SIGMA,IOTA,TAU,ETA,EMP_000001,,NO,NO,NO,NO,NO
254003,F,20 a 35 años,Entre 2 y 2.5 SMLV,PI,LAMBDA,ETA,ETA,EMP_000001,,NO,NO,NO,NO,NO
254053,M,20 a 35 años,Entre 1 y 1.5 SMLV,SIGMA,LAMBDA,TAU,ETA,EMP_000001,,NO,NO,NO,NO,NO
254103,M,20 a 35 años,,MU,THETA,OMEGA,OMICRON,EMP_000001,,NO,NO,NO,NO,NO
254153,M,20 a 35 años,Entre 1 y 1.5 SMLV,SIGMA,LAMBDA,TAU,XI,EMP_000002,,NO,NO,NO,NO,NO
254203,M,20 a 35 años,Entre 1.5 y 2 SMLV,SIGMA,LAMBDA,ETA,XI,EMP_000001,,NO,NO,NO,NO,NO
254253,F,20 a 35 años,Entre 1 y 1.5 SMLV,SIGMA,LAMBDA,TAU,UPSILON,EMP_000001,,NO,NO,NO,NO,NO
254303,F,36 a 45 años,Entre 1 y 1.5 SMLV,SIGMA,RHO,PI,ETA,EMP_000001,BOGOTA D.C.,NO,NO,NO,NO,NO
254353,M,46 a 55 años,Entre 1 y 1.5 SMLV,SIGMA,RHO,PI,ETA,EMP_000001,BOGOTA D.C.,NO,NO,NO,NO,NO
254403,M,20 a 35 años,Entre 1 y 1.5 SMLV,SIGMA,LAMBDA,ETA,BETA,EMP_000001,,NO,NO,NO,NO,NO
254453,F,20 a 35 años,Entre 1 y 1.5 SMLV,SIGMA,RHO,TAU,UPSILON,EMP_000001,MOSQUERA,NO,NO,NO,NO,NO
254503,M,Mayor de 55 años,Entre 1 y 1.5 SMLV,SIGMA,LAMBDA,TAU,ETA,EMP_000001,,NO,NO,NO,NO,NO
254553,M,Menor de 19 años,Menor al SMLV,SIGMA,LAMBDA,TAU,ETA,EMP_000001,,NO,NO,NO,NO,NO
254603,F,36 a 45 años,Entre 1 y 1.5 SMLV,SIGMA,LAMBDA,TAU,ETA,EMP_000001,,NO,NO,NO,NO,NO
254653,M,46 a 55 años,Entre 1 y 1.5 SMLV,SIGMA,IOTA,PI,ETA,EMP_000001,BOGOTA D.C.,NO,NO,NO,NO,NO
254703,M,Mayor de 55 años,Entre 1 y 1.5 SMLV,SIGMA,LAMBDA,TAU,ETA,EMP_000001,,NO,NO,NO,NO,NO
254753,F,46 a 55 años,Entre 2 y 2.5 SMLV,PI,EPSILON,PI,XI,EMP_000002,BOGOTA D.C.,NO,NO,NO,NO,NO
254803,M,20 a 35 años,Entre 1.5 y 2 SMLV,SIGMA,LAMBDA,ETA,UPSILON,EMP_000001,,NO,NO,NO,NO,NO
254853,M,20 a 35 años,Entre 1 y 1.5 SMLV,SIGMA,LAMBDA,TAU,XI,EMP_000002,BOGOTA D.C.,NO,NO,NO,NO,NO
254903,F,20 a 35 años,Entre 1.5 y 2 SMLV,SIGMA,LAMBDA,ETA,XI,EMP_000002,BOGOTA D.C.,NO,NO,NO,NO,NO
254953,F,20 a 35 años,Entre 1 y 1.5 SMLV,SIGMA,LAMBDA,ETA,XI,EMP_000001,BOGOTA D.C.,NO,NO,NO,NO,NO
255003,M,20 a 35 años,Entre 1 y 1.5 SMLV,SIGMA,LAMBDA,ETA,OMEGA,EMP_000001,,NO,NO,NO,NO,NO
255053,M,20 a 35 años,Entre 1 y 1.5 SMLV,SIGMA,LAMBDA,ETA,OMEGA,EMP_000001,BOGOTA D.C.,NO,NO,NO,NO,NO
255103,F,20 a 35 años,Entre 1 y 1.5 SMLV,SIGMA,LAMBDA,ETA,UPSILON,EMP_000001,BOGOTA D.C.,NO,NO,NO,NO,NO
255153,M,Mayor de 55 años,Entre 1 y 1.5 SMLV,PI,LAMBDA,TAU,LAMBDA,EMP_000001,,NO,NO,NO,NO,NO
255203,M,36 a 45 años,Entre 1 y 1.5 SMLV,SIGMA,LAMBDA,ETA,BETA,EMP_000001,,NO,NO,NO,NO,NO
255253,M,20 a 35 años,Entre 1 y 1.5 SMLV,SIGMA,LAMBDA,ETA,DELTA,EMP_000001,,NO,NO,NO,NO,NO
255303,M,20 a 35 años,Entre 1 y 1.5 SMLV,SIGMA,LAMBDA,ETA,UPSILON,EMP_000001,,NO,NO,NO,NO,NO
255353,M,36 a 45 años,Entre 1.5 y 2 SMLV,SIGMA,RHO,PI,ETA,EMP_000001,FACATATIVA,NO,NO,NO,NO,NO
255403,M,20 a 35 años,Entre 1 y 1.5 SMLV,SIGMA,LAMBDA,TAU,DELTA,EMP_000001,,NO,NO,NO,NO,NO
255453,M,20 a 35 años,Entre 1.5 y 2 SMLV,SIGMA,LAMBDA,ETA,UPSILON,EMP_000001,BOGOTA D.C.,NO,NO,NO,NO,NO
255503,M,20 a 35 años,Entre 1 y 1.5 SMLV,SIGMA,LAMBDA,ETA,BETA,EMP_000001,,NO,NO,NO,NO,NO
255553,M,20 a 35 años,Entre 1 y 1.5 SMLV,SIGMA,RHO,PI,ETA,EMP_000001,,NO,NO,NO,NO,NO
255603,M,20 a 35 años,Entre 1 y 1.5 SMLV,SIGMA,LAMBDA,ETA,BETA,EMP_000001,,NO,NO,NO,NO,NO
255653,F,36 a 45 años,Menor al SMLV,SIGMA,EPSILON,TAU,ETA,EMP_000001,BOGOTA D.C.,NO,NO,NO,NO,NO
255703,F,20 a 35 años,Entre 1 y 1.5 SMLV,SIGMA,RHO,TAU,UPSILON,EMP_000001,,NO,NO,NO,NO,NO
255753,F,Mayor de 55 años,Entre 1 y 1.5 SMLV,SIGMA,LAMBDA,TAU,ETA,EMP_000001,BOGOTA D.C.,NO,NO,NO,NO,NO
255803,M,20 a 35 años,Entre 1 y 1.5 SMLV,SIGMA,RHO,TAU,XI,EMP_000002,BOGOTA D.C.,NO,NO,NO,NO,NO
255853,M,20 a 35 años,Entre 1 y 1.5 SMLV,SIGMA,LAMBDA,TAU,DELTA,EMP_000001,,NO,NO,NO,NO,NO
255903,F,36 a 45 años,Entre 1 y 1.5 SMLV,SIGMA,CHI,TAU,UPSILON,EMP_000001,FACATATIVA,NO,NO,NO,NO,NO
255953,F,20 a 35 años,Entre 1 y 1.5 SMLV,SIGMA,RHO,PI,ETA,EMP_000001,,NO,NO,NO,NO,NO
256003,F,36 a 45 años,Menor al SMLV,ZETA,EPSILON,PI,ETA,EMP_000001,BOGOTA D.C.,NO,NO,NO,NO,NO
256053,M,36 a 45 años,Entre 1 y 1.5 SMLV,SIGMA,RHO,TAU,XI,EMP_000002,MOSQUERA,NO,NO,NO,NO,NO
256103,M,20 a 35 años,Entre 1 y 1.5 SMLV,SIGMA,LAMBDA,TAU,ETA,EMP_000001,,NO,NO,NO,NO,NO
256153,F,20 a 35 años,Entre 1 y 1.5 SMLV,PI,LAMBDA,TAU,LAMBDA,EMP_000001,,NO,NO,NO,NO,NO
256203,F,36 a 45 años,Entre 1 y 1.5 SMLV,SIGMA,LAMBDA,TAU,ETA,EMP_000001,,NO,NO,NO,NO,NO
256253,M,36 a 45 años,Entre 1 y 1.5 SMLV,SIGMA,RHO,TAU,UPSILON,EMP_000001,BOGOTA D.C.,NO,NO,NO,NO,NO
256303,M,20 a 35 años,Entre 3 y 4 SMLV,PI,LAMBDA,ETA,UPSILON,EMP_000001,,NO,NO,NO,NO,NO
256353,M,46 a 55 años,Entre 1 y 1.5 SMLV,SIGMA,LAMBDA,TAU,ETA,EMP_000001,,NO,NO,NO,NO,NO
256403,M,20 a 35 años,Entre 1 y 1.5 SMLV,SIGMA,RHO,TAU,ETA,EMP_000001,,NO,NO,NO,NO,NO
256453,M,20 a 35 años,Entre 1 y 1.5 SMLV,SIGMA,LAMBDA,ETA,XI,EMP_000002,,NO,NO,NO,NO,NO
256503,M,20 a 35 años,Entre 2.5 y 3 SMLV,PI,LAMBDA,ETA,XI,EMP_000002,,NO,NO,NO,NO,NO
256553,F,20 a 35 años,Menor al SMLV,SIGMA,RHO,TAU,OMEGA,EMP_000001,,NO,NO,NO,NO,NO
256603,M,Mayor de 55 años,Entre 2 y 2.5 SMLV,PI,EPSILON,PI,UPSILON,EMP_000001,,NO,NO,NO,NO,NO
256653,F,Mayor de 55 años,Menor al SMLV,SIGMA,LAMBDA,TAU,KAPPA,EMP_000001,,NO,NO,NO,NO,NO
256703,M,46 a 55 años,Entre 6 y 8 SMLV,ZETA,RHO,PI,XI,EMP_000002,,NO,NO,NO,NO,NO
256753,M,36 a 45 años,Menor al SMLV,SIGMA,LAMBDA,TAU,ETA,EMP_000001,BOGOTA D.C.,NO,NO,NO,NO,NO
256803,M,20 a 35 años,Entre 1 y 1.5 SMLV,SIGMA,LAMBDA,TAU,UPSILON,EMP_000001,,NO,NO,NO,NO,NO
256853,M,20 a 35 años,Entre 1 y 1.5 SMLV,SIGMA,LAMBDA,ETA,ETA,EMP_000001,BOGOTA D.C.,NO,NO,NO,NO,NO
256903,F,20 a 35 años,Entre 1 y 1.5 SMLV,SIGMA,LAMBDA,TAU,ETA,EMP_000001,,NO,NO,NO,NO,NO
256953,F,20 a 35 años,Entre 1 y 1.5 SMLV,SIGMA,RHO,TAU,ETA,EMP_000001,FUSAGASUGA,NO,NO,NO,NO,NO
257003,M,Menor de 19 años,Entre 1 y 1.5 SMLV,SIGMA,LAMBDA,ETA,DELTA,EMP_000001,,NO,NO,NO,NO,NO
257053,M,20 a 35 años,Entre 1 y 1.5 SMLV,SIGMA,RHO,TAU,ETA,EMP_000001,,NO,NO,NO,NO,NO
257103,M,20 a 35 años,Entre 1 y 1.5 SMLV,SIGMA,RHO,PI,ETA,EMP_000001,SOACHA,NO,NO,NO,NO,NO
257153,F,36 a 45 años,Entre 4 y 6 SMLV,ZETA,LAMBDA,ETA,XI,EMP_000002,BOGOTA D.C.,NO,NO,NO,NO,NO
257203,M,36 a 45 años,Entre 1 y 1.5 SMLV,SIGMA,LAMBDA,TAU,UPSILON,EMP_000001,,NO,NO,NO,NO,NO
257253,F,36 a 45 años,Entre 2 y 2.5 SMLV,PI,LAMBDA,PI,UPSILON,EMP_000001,,NO,NO,NO,NO,NO
257303,F,20 a 35 años,Entre 1 y 1.5 SMLV,SIGMA,RHO,PI,UPSILON,EMP_000001,,NO,NO,NO,NO,NO
257353,M,46 a 55 años,Entre 1 y 1.5 SMLV,SIGMA,EPSILON,TAU,ETA,EMP_000001,BOGOTA D.C.,NO,NO,NO,NO,NO
257403,M,36 a 45 años,Entre 1 y 1.5 SMLV,SIGMA,LAMBDA,TAU,UPSILON,EMP_000001,,NO,NO,NO,NO,NO
257453,M,46 a 55 años,Entre 2 y 2.5 SMLV,PI,LAMBDA,PI,UPSILON,EMP_000001,BOGOTA D.C.,NO,NO,NO,NO,NO
257503,M,20 a 35 años,Entre 1 y 1.5 SMLV,SIGMA,LAMBDA,TAU,OMEGA,EMP_000001,,NO,NO,NO,NO,NO
257553,F,20 a 35 años,Entre 2.5 y 3 SMLV,PI,LAMBDA,ETA,XI,EMP_000002,,NO,NO,NO,NO,NO
257603,M,20 a 35 años,Entre 1 y 1.5 SMLV,SIGMA,LAMBDA,TAU,UPSILON,EMP_000001,,NO,NO,NO,NO,NO
257653,F,36 a 45 años,Entre 1 y 1.5 SMLV,SIGMA,LAMBDA,PI,OMEGA,EMP_000001,BOGOTA D.C.,NO,NO,NO,NO,NO
257703,M,20 a 35 años,Entre 1 y 1.5 SMLV,SIGMA,EPSILON,TAU,UPSILON,EMP_000001,,NO,NO,NO,NO,NO
257753,F,46 a 55 años,Entre 1 y 1.5 SMLV,SIGMA,EPSILON,PI,ETA,EMP_000001,BOGOTA D.C.,NO,NO,NO,NO,NO
257803,M,20 a 35 años,Entre 1 y 1.5 SMLV,SIGMA,RHO,TAU,ETA,EMP_000001,,NO,NO,NO,NO,NO
257853,F,20 a 35 años,Entre 1 y 1.5 SMLV,SIGMA,LAMBDA,ETA,ETA,EMP_000001,,NO,NO,NO,NO,NO
257903,M,20 a 35 años,Entre 1 y 1.5 SMLV,SIGMA,LAMBDA,ETA,BETA,EMP_000001,,NO,NO,NO,NO,NO
257953,F,20 a 35 años,Entre 1.5 y 2 SMLV,PI,LAMBDA,ETA,XI,EMP_000002,,NO,NO,NO,NO,NO
258003,M,36 a 45 años,Entre 1 y 1.5 SMLV,SIGMA,RHO,TAU,ETA,EMP_000001,BOGOTA D.C.,NO,NO,NO,NO,NO
258053,F,36 a 45 años,Entre 1.5 y 2 SMLV,SIGMA,EPSILON,PI,DELTA,EMP_000001,,NO,NO,NO,NO,NO
258103,M,46 a 55 años,Entre 1.5 y 2 SMLV,SIGMA,RHO,PI,XI,EMP_000002,CAJICA,NO,NO,NO,NO,NO
258153,M,20 a 35 años,Entre 2 y 2.5 SMLV,PI,LAMBDA,ETA,XI,EMP_000002,,NO,NO,NO,NO,NO
258203,M,36 a 45 años,Entre 1 y 1.5 SMLV,SIGMA,RHO,PI,UPSILON,EMP_000001,BOGOTA D.C.,NO,NO,NO,NO,NO
258253,M,36 a 45 años,Entre 2.5 y 3 SMLV,PI,RHO,PI,XI,EMP_000002,BOGOTA D.C.,NO,NO,NO,NO,NO
258303,M,36 a 45 años,Entre 1 y 1.5 SMLV,SIGMA,LAMBDA,TAU,BETA,EMP_000001,,NO,NO,NO,NO,NO
258353,M,46 a 55 años,Entre 1 y 1.5 SMLV,SIGMA,EPSILON,TAU,ETA,EMP_000001,BOGOTA D.C.,NO,NO,NO,NO,NO
258403,F,46 a 55 años,Entre 1 y 1.5 SMLV,SIGMA,LAMBDA,TAU,ETA,EMP_000001,BOGOTA D.C.,NO,NO,NO,NO,NO
258453,F,Menor de 19 años,Entre 1 y 1.5 SMLV,SIGMA,LAMBDA,TAU,UPSILON,EMP_000001,,NO,NO,NO,NO,NO
258503,M,20 a 35 años,Entre 1 y 1.5 SMLV,SIGMA,LAMBDA,TAU,ETA,EMP_000001,,NO,NO,NO,NO,NO
258553,F,46 a 55 años,Entre 1 y 1.5 SMLV,SIGMA,EPSILON,TAU,DELTA,EMP_000001,BOGOTA D.C.,NO,NO,NO,NO,NO
258603,M,36 a 45 años,Entre 1 y 1.5 SMLV,SIGMA,LAMBDA,TAU,ETA,EMP_000001,BOGOTA D.C.,NO,NO,NO,NO,NO
258653,F,20 a 35 años,Entre 1 y 1.5 SMLV,SIGMA,RHO,TAU,UPSILON,EMP_000001,,NO,NO,NO,NO,NO
258703,M,20 a 35 años,Entre 1 y 1.5 SMLV,SIGMA,LAMBDA,ETA,BETA,EMP_000001,,NO,NO,NO,NO,NO
258753,F,20 a 35 años,Entre 1 y 1.5 SMLV,SIGMA,RHO,TAU,ETA,EMP_000001,,NO,NO,NO,NO,NO
258803,M,46 a 55 años,Entre 1 y 1.5 SMLV,SIGMA,IOTA,PI,DELTA,EMP_000001,,NO,NO,NO,NO,NO
258853,M,Mayor de 55 años,Menor al SMLV,SIGMA,RHO,TAU,KAPPA,EMP_000001,BOGOTA D.C.,NO,NO,NO,NO,NO
258903,M,20 a 35 años,Entre 1 y 1.5 SMLV,SIGMA,LAMBDA,ETA,OMEGA,EMP_000001,,NO,NO,NO,NO,NO
258953,F,20 a 35 años,Entre 1 y 1.5 SMLV,SIGMA,RHO,TAU,UPSILON,EMP_000001,BOGOTA D.C.,NO,NO,NO,NO,NO
259003,M,46 a 55 años,Entre 1 y 1.5 SMLV,SIGMA,EPSILON,PI,ETA,EMP_000001,,NO,NO,NO,NO,NO
259053,M,36 a 45 años,Entre 1.5 y 2 SMLV,SIGMA,RHO,PI,UPSILON,EMP_000001,BOGOTA D.C.,NO,NO,NO,NO,NO
259103,F,46 a 55 años,Entre 1 y 1.5 SMLV,PI,LAMBDA,TAU,LAMBDA,EMP_000001,,NO,NO,NO,NO,NO
259153,F,20 a 35 años,Entre 1 y 1.5 SMLV,SIGMA,LAMBDA,TAU,DELTA,EMP_000001,,NO,NO,NO,NO,NO
259203,F,20 a 35 años,Entre 1 y 1.5 SMLV,SIGMA,LAMBDA,TAU,DELTA,EMP_000001,,NO,NO,NO,NO,NO
259253,F,20 a 35 años,Entre 1 y 1.5 SMLV,SIGMA,RHO,PI,DELTA,EMP_000001,BOGOTA D.C.,NO,NO,NO,NO,NO
259303,M,36 a 45 años,Menor al SMLV,SIGMA,RHO,TAU,ETA,EMP_000001,BOGOTA D.C.,NO,NO,NO,NO,NO
259353,F,20 a 35 años,Entre 1 y 1.5 SMLV,SIGMA,RHO,TAU,UPSILON,EMP_000001,BOGOTA D.C.,NO,NO,NO,NO,NO
259403,F,20 a 35 años,Entre 1 y 1.5 SMLV,SIGMA,RHO,TAU,OMEGA,EMP_000001,,NO,NO,NO,NO,NO
259453,M,20 a 35 años,Entre 4 y 6 SMLV,ZETA,LAMBDA,ETA,XI,EMP_000001,,NO,NO,NO,NO,NO
259503,M,20 a 35 años,Entre 1 y 1.5 SMLV,SIGMA,RHO,TAU,UPSILON,EMP_000001,BOGOTA D.C.,NO,NO,NO,NO,NO
259553,F,Mayor de 55 años,Entre 1 y 1.5 SMLV,SIGMA,LAMBDA,PI,ETA,EMP_000001,BOGOTA D.C.,NO,NO,NO,NO,NO
259603,M,Mayor de 55 años,Entre 1.5 y 2 SMLV,PI,LAMBDA,PI,ETA,EMP_000001,BOGOTA D.C.,NO,NO,NO,NO,NO
259653,F,20 a 35 años,Entre 1 y 1.5 SMLV,SIGMA,RHO,TAU,XI,EMP_000002,,NO,NO,NO,NO,NO
259703,M,36 a 45 años,Entre 2.5 y 3 SMLV,PI,RHO,PI,ETA,EMP_000001,BOGOTA D.C.,NO,NO,NO,NO,NO
259753,F,Mayor de 55 años,Entre 1.5 y 2 SMLV,SIGMA,IOTA,PI,UPSILON,EMP_000001,BOGOTA D.C.,NO,NO,NO,NO,NO
259803,M,36 a 45 años,Entre 1 y 1.5 SMLV,SIGMA,THETA,ETA,UPSILON,EMP_000001,BOGOTA D.C.,NO,NO,NO,NO,NO
259853,M,Mayor de 55 años,Entre 8 y 10 SMLV,ZETA,IOTA,PI,DELTA,EMP_000001,BOGOTA D.C.,NO,NO,NO,NO,NO
259903,M,20 a 35 años,Entre 1 y 1.5 SMLV,SIGMA,LAMBDA,ETA,UPSILON,EMP_000001,,NO,NO,NO,NO,NO
259953,F,36 a 45 años,Entre 1.5 y 2 SMLV,SIGMA,LAMBDA,PI,XI,EMP_000002,,NO,NO,NO,NO,NO
260003,F,46 a 55 años,Entre 3 y 4 SMLV,PI,CHI,PI,DELTA,EMP_000001,BOGOTA D.C.,NO,NO,NO,NO,NO
260053,F,20 a 35 años,Entre 1 y 1.5 SMLV,SIGMA,RHO,TAU,ETA,EMP_000001,,NO,NO,NO,NO,NO
260103,F,Mayor de 55 años,Entre 1 y 1.5 SMLV,SIGMA,LAMBDA,TAU,ETA,EMP_000001,,NO,NO,NO,NO,NO
260153,M,20 a 35 años,Entre 1 y 1.5 SMLV,SIGMA,LAMBDA,ETA,BETA,EMP_000001,,NO,NO,NO,NO,NO
260203,M,46 a 55 años,Entre 1 y 1.5 SMLV,SIGMA,RHO,TAU,UPSILON,EMP_000001,,NO,NO,NO,NO,NO
260253,M,Mayor de 55 años,Entre 10 y 20 SMLV,ZETA,LAMBDA,PI,XI,EMP_000002,,NO,NO,NO,NO,NO
260303,F,46 a 55 años,Entre 1.5 y 2 SMLV,SIGMA,LAMBDA,PI,UPSILON,EMP_000001,BOGOTA D.C.,NO,NO,NO,NO,NO
260353,F,20 a 35 años,Entre 1.5 y 2 SMLV,PI,LAMBDA,ETA,XI,EMP_000002,,NO,NO,NO,NO,NO
260403,M,46 a 55 años,Entre 2.5 y 3 SMLV,PI,LAMBDA,PI,XI,EMP_000002,BOGOTA D.C.,NO,NO,NO,NO,NO
260453,F,46 a 55 años,Entre 1 y 1.5 SMLV,SIGMA,LAMBDA,PI,DELTA,EMP_000001,CAJICA,NO,NO,NO,NO,NO
260503,M,36 a 45 años,Entre 1 y 1.5 SMLV,SIGMA,LAMBDA,ETA,BETA,EMP_000001,,NO,NO,NO,NO,NO
260553,M,20 a 35 años,Entre 1 y 1.5 SMLV,SIGMA,LAMBDA,ETA,BETA,EMP_000001,,NO,NO,NO,NO,NO
260603,F,20 a 35 años,Entre 2 y 2.5 SMLV,PI,LAMBDA,ETA,XI,EMP_000002,,NO,NO,NO,NO,NO
260653,M,20 a 35 años,Entre 1 y 1.5 SMLV,SIGMA,LAMBDA,TAU,ETA,EMP_000001,,NO,NO,NO,NO,NO
260703,F,36 a 45 años,Entre 1 y 1.5 SMLV,SIGMA,LAMBDA,TAU,DELTA,EMP_000001,BOGOTA D.C.,NO,NO,NO,NO,NO
260753,M,46 a 55 años,Entre 1 y 1.5 SMLV,SIGMA,LAMBDA,PI,ETA,EMP_000001,BOGOTA D.C.,NO,NO,NO,NO,NO
260803,M,46 a 55 años,Entre 1 y 1.5 SMLV,SIGMA,LAMBDA,TAU,ETA,EMP_000001,,NO,NO,NO,NO,NO
260853,F,20 a 35 años,Entre 1 y 1.5 SMLV,PI,LAMBDA,TAU,LAMBDA,EMP_000001,,NO,NO,NO,NO,NO
260903,M,20 a 35 años,Entre 1 y 1.5 SMLV,SIGMA,LAMBDA,ETA,XI,EMP_000001,,NO,NO,NO,NO,NO
260953,F,20 a 35 años,Entre 1 y 1.5 SMLV,SIGMA,LAMBDA,TAU,XI,EMP_000001,,NO,NO,NO,NO,NO
261003,M,46 a 55 años,Entre 1 y 1.5 SMLV,SIGMA,EPSILON,TAU,OMEGA,EMP_000001,MADRID,NO,NO,NO,NO,NO
261053,F,36 a 45 años,Entre 1 y 1.5 SMLV,SIGMA,RHO,TAU,UPSILON,EMP_000001,,NO,NO,NO,NO,NO
261103,M,46 a 55 años,Entre 1 y 1.5 SMLV,SIGMA,LAMBDA,PI,ETA,EMP_000001,BOGOTA D.C.,NO,NO,NO,NO,NO
261153,M,46 a 55 años,Entre 1 y 1.5 SMLV,SIGMA,EPSILON,TAU,OMEGA,EMP_000001,BOGOTA D.C.,NO,NO,NO,NO,NO
261203,M,20 a 35 años,Entre 1.5 y 2 SMLV,SIGMA,RHO,PI,XI,EMP_000002,,NO,NO,NO,NO,NO
261253,F,36 a 45 años,Entre 1 y 1.5 SMLV,SIGMA,RHO,PI,ETA,EMP_000001,BOGOTA D.C.,NO,NO,NO,NO,NO
261303,F,20 a 35 años,Menor al SMLV,SIGMA,LAMBDA,TAU,ETA,EMP_000001,,NO,NO,NO,NO,NO
261353,F,36 a 45 años,Entre 1 y 1.5 SMLV,SIGMA,LAMBDA,ETA,BETA,EMP_000001,,NO,NO,NO,NO,NO
261403,F,20 a 35 años,Entre 1.5 y 2 SMLV,SIGMA,LAMBDA,ETA,OMEGA,EMP_000001,,NO,NO,NO,NO,NO
261453,M,20 a 35 años,Entre 1.5 y 2 SMLV,SIGMA,RHO,PI,XI,EMP_000001,,NO,NO,NO,NO,NO
261503,M,20 a 35 años,Entre 1 y 1.5 SMLV,SIGMA,LAMBDA,ETA,UPSILON,EMP_000001,,NO,NO,NO,NO,NO
261553,M,20 a 35 años,Entre 1 y 1.5 SMLV,SIGMA,LAMBDA,TAU,ETA,EMP_000001,,NO,NO,NO,NO,NO
261603,M,46 a 55 años,Entre 1 y 1.5 SMLV,SIGMA,RHO,TAU,ETA,EMP_000001,,NO,NO,NO,NO,NO
261653,F,20 a 35 años,Entre 1 y 1.5 SMLV,SIGMA,RHO,PI,DELTA,EMP_000001,,NO,NO,NO,NO,NO
261703,F,36 a 45 años,Entre 20 y 30 SMLV,ZETA,EPSILON,XI,DELTA,EMP_000001,,NO,NO,NO,NO,NO
261753,M,20 a 35 años,Entre 1 y 1.5 SMLV,SIGMA,LAMBDA,TAU,UPSILON,EMP_000001,,NO,NO,NO,NO,NO
261803,M,46 a 55 años,Entre 1 y 1.5 SMLV,SIGMA,EPSILON,TAU,XI,EMP_000002,,NO,NO,NO,NO,NO
261853,M,20 a 35 años,Entre 1 y 1.5 SMLV,SIGMA,LAMBDA,ETA,BETA,EMP_000001,,NO,NO,NO,NO,NO
261903,M,20 a 35 años,Entre 4 y 6 SMLV,ZETA,LAMBDA,ETA,XI,EMP_000001,BOGOTA D.C.,NO,NO,NO,NO,NO
261953,F,36 a 45 años,Entre 1 y 1.5 SMLV,SIGMA,LAMBDA,TAU,XI,EMP_000002,,NO,NO,NO,NO,NO
262003,M,20 a 35 años,Entre 2 y 2.5 SMLV,PI,LAMBDA,ETA,XI,EMP_000002,,NO,NO,NO,NO,NO
262053,F,20 a 35 años,Entre 3 y 4 SMLV,PI,LAMBDA,ETA,UPSILON,EMP_000001,MOSQUERA,NO,NO,NO,NO,NO
262103,M,20 a 35 años,Entre 1 y 1.5 SMLV,SIGMA,LAMBDA,TAU,ETA,EMP_000001,,NO,NO,NO,NO,NO
262153,M,Mayor de 55 años,Entre 2 y 2.5 SMLV,SIGMA,IOTA,PI,KAPPA,EMP_000001,,NO,NO,NO,NO,NO
262203,M,20 a 35 años,Entre 1 y 1.5 SMLV,SIGMA,LAMBDA,ETA,ETA,EMP_000001,BOGOTA D.C.,NO,NO,NO,NO,NO
262253,F,20 a 35 años,Entre 1 y 1.5 SMLV,SIGMA,LAMBDA,TAU,ETA,EMP_000001,,NO,NO,NO,NO,NO
262303,M,20 a 35 años,Entre 1 y 1.5 SMLV,SIGMA,LAMBDA,ETA,BETA,EMP_000001,,NO,NO,NO,NO,NO
262353,F,36 a 45 años,Entre 1 y 1.5 SMLV,SIGMA,RHO,PI,ETA,EMP_000001,BOGOTA D.C.,NO,NO,NO,NO,NO
262403,F,36 a 45 años,Entre 1 y 1.5 SMLV,SIGMA,IOTA,PI,ETA,EMP_000001,TENA,NO,NO,NO,NO,NO
262453,F,20 a 35 años,Menor al SMLV,SIGMA,LAMBDA,TAU,XI,EMP_000002,,NO,NO,NO,NO,NO
262503,F,20 a 35 años,Entre 1 y 1.5 SMLV,SIGMA,LAMBDA,TAU,ETA,EMP_000001,,NO,NO,NO,NO,NO
262553,M,20 a 35 años,Entre 1.5 y 2 SMLV,PI,LAMBDA,ETA,XI,EMP_000002,,NO,NO,NO,NO,NO
262603,M,20 a 35 años,Entre 1 y 1.5 SMLV,SIGMA,LAMBDA,TAU,XI,EMP_000001,,NO,NO,NO,NO,NO
262653,F,20 a 35 años,Entre 4 y 6 SMLV,ZETA,LAMBDA,ETA,XI,EMP_000001,,NO,NO,NO,NO,NO
262703,M,20 a 35 años,,MU,THETA,OMEGA,OMICRON,EMP_000001,,NO,NO,NO,NO,NO
262753,M,Mayor de 55 años,Entre 1 y 1.5 SMLV,SIGMA,EPSILON,PI,ETA,EMP_000001,BOGOTA D.C.,NO,NO,NO,NO,NO
262803,F,36 a 45 años,Entre 1 y 1.5 SMLV,SIGMA,LAMBDA,ETA,UPSILON,EMP_000001,BOGOTA D.C.,NO,NO,NO,NO,NO
262853,M,Menor de 19 años,Entre 1 y 1.5 SMLV,SIGMA,LAMBDA,TAU,UPSILON,EMP_000001,,NO,NO,NO,NO,NO
262903,M,46 a 55 años,Entre 2 y 2.5 SMLV,PI,EPSILON,PI,UPSILON,EMP_000001,BOGOTA D.C.,NO,NO,NO,NO,NO
262953,M,36 a 45 años,Menor al SMLV,SIGMA,LAMBDA,TAU,DELTA,EMP_000001,,NO,NO,NO,NO,NO
263003,F,20 a 35 años,Entre 6 y 8 SMLV,ZETA,LAMBDA,ETA,XI,EMP_000002,,NO,NO,NO,NO,NO
263053,F,20 a 35 años,Entre 1 y 1.5 SMLV,SIGMA,EPSILON,TAU,ETA,EMP_000001,,NO,NO,NO,NO,NO
263103,F,20 a 35 años,Entre 1.5 y 2 SMLV,SIGMA,LAMBDA,ETA,DELTA,EMP_000001,MOSQUERA,NO,NO,NO,NO,NO
263153,F,36 a 45 años,Entre 3 y 4 SMLV,PI,RHO,PI,XI,EMP_000002,SOACHA,NO,NO,NO,NO,NO
263203,F,20 a 35 años,Entre 2 y 2.5 SMLV,PI,RHO,PI,XI,EMP_000002,,NO,NO,NO,NO,NO
263253,M,36 a 45 años,Entre 2 y 2.5 SMLV,PI,LAMBDA,PI,XI,EMP_000002,BOGOTA D.C.,NO,NO,NO,NO,NO
263303,M,36 a 45 años,Entre 1 y 1.5 SMLV,SIGMA,RHO,PI,ETA,EMP_000001,,NO,NO,NO,NO,NO
263353,F,46 a 55 años,Entre 1 y 1.5 SMLV,SIGMA,LAMBDA,TAU,ETA,EMP_000001,,NO,NO,NO,NO,NO
263403,M,46 a 55 años,Entre 1 y 1.5 SMLV,SIGMA,LAMBDA,TAU,UPSILON,EMP_000001,,NO,NO,NO,NO,NO
263453,M,Mayor de 55 años,Menor al SMLV,SIGMA,LAMBDA,TAU,ETA,EMP_000001,BOGOTA D.C.,NO,NO,NO,NO,NO
263503,M,Mayor de 55 años,Entre 1 y 1.5 SMLV,SIGMA,IOTA,TAU,KAPPA,EMP_000001,,NO,NO,NO,NO,NO
263553,F,36 a 45 años,Entre 1 y 1.5 SMLV,SIGMA,LAMBDA,TAU,ETA,EMP_000001,BOGOTA D.C.,NO,NO,NO,NO,NO
263603,M,Mayor de 55 años,Entre 3 y 4 SMLV,ZETA,LAMBDA,PI,DELTA,EMP_000001,,NO,NO,NO,NO,NO
263653,M,36 a 45 años,Entre 3 y 4 SMLV,PI,LAMBDA,ETA,OMEGA,EMP_000001,BOGOTA D.C.,NO,NO,NO,NO,NO
263703,F,20 a 35 años,Entre 1 y 1.5 SMLV,SIGMA,LAMBDA,ETA,BETA,EMP_000001,,NO,NO,NO,NO,NO
263753,F,46 a 55 años,Entre 1 y 1.5 SMLV,SIGMA,RHO,TAU,UPSILON,EMP_000001,,NO,NO,NO,NO,NO
263803,M,20 a 35 años,Entre 1 y 1.5 SMLV,PI,RHO,PI,DELTA,EMP_000001,,NO,NO,NO,NO,NO
263853,F,20 a 35 años,Entre 1 y 1.5 SMLV,SIGMA,LAMBDA,TAU,ETA,EMP_000001,BOGOTA D.C.,NO,NO,NO,NO,NO
263903,M,36 a 45 años,Entre 4 y 6 SMLV,ZETA,LAMBDA,ETA,ETA,EMP_000001,BOGOTA D.C.,NO,NO,NO,NO,NO
263953,F,36 a 45 años,Entre 1 y 1.5 SMLV,SIGMA,RHO,TAU,UPSILON,EMP_000001,,NO,NO,NO,NO,NO
264003,M,36 a 45 años,Entre 1 y 1.5 SMLV,SIGMA,IOTA,TAU,ETA,EMP_000001,,NO,NO,NO,NO,NO
264053,M,36 a 45 años,Entre 10 y 20 SMLV,ZETA,LAMBDA,ETA,XI,EMP_000002,,NO,NO,NO,NO,NO
264103,M,46 a 55 años,Menor al SMLV,SIGMA,LAMBDA,TAU,ETA,EMP_000001,,NO,NO,NO,NO,NO
264153,F,20 a 35 años,Entre 1.5 y 2 SMLV,SIGMA,RHO,PI,DELTA,EMP_000001,CHIA,NO,NO,NO,NO,NO
264203,M,36 a 45 años,Menor al SMLV,SIGMA,LAMBDA,TAU,ETA,EMP_000001,BOGOTA D.C.,NO,NO,NO,NO,NO
264253,F,Mayor de 55 años,Entre 1 y 1.5 SMLV,SIGMA,LAMBDA,TAU,KAPPA,EMP_000001,,NO,NO,NO,NO,NO
264303,M,46 a 55 años,Entre 3 y 4 SMLV,PI,LAMBDA,PI,DELTA,EMP_000001,BOGOTA D.C.,NO,NO,NO,NO,NO
264353,F,46 a 55 años,Entre 4 y 6 SMLV,ZETA,LAMBDA,PI,XI,EMP_000001,BOGOTA D.C.,NO,NO,NO,NO,NO
264403,M,20 a 35 años,Entre 1 y 1.5 SMLV,SIGMA,LAMBDA,ETA,BETA,EMP_000001,,NO,NO,NO,NO,NO
264453,M,36 a 45 años,Entre 1 y 1.5 SMLV,SIGMA,LAMBDA,ETA,BETA,EMP_000001,,NO,NO,NO,NO,NO
264503,F,Mayor de 55 años,Menor al SMLV,SIGMA,LAMBDA,TAU,KAPPA,EMP_000001,FUSAGASUGA,NO,NO,NO,NO,NO
264553,F,Mayor de 55 años,Entre 1 y 1.5 SMLV,SIGMA,LAMBDA,TAU,ETA,EMP_000001,,NO,NO,NO,NO,NO
264603,F,20 a 35 años,Menor al SMLV,SIGMA,RHO,TAU,DELTA,EMP_000001,MADRID,NO,NO,NO,NO,NO
264653,M,20 a 35 años,Entre 1 y 1.5 SMLV,SIGMA,LAMBDA,TAU,ETA,EMP_000001,,NO,NO,NO,NO,NO
264703,M,20 a 35 años,Entre 1 y 1.5 SMLV,SIGMA,LAMBDA,ETA,UPSILON,EMP_000002,,NO,NO,NO,NO,NO
264753,M,20 a 35 años,Entre 1 y 1.5 SMLV,SIGMA,LAMBDA,ETA,ETA,EMP_000001,,NO,NO,NO,NO,NO
264803,M,20 a 35 años,Entre 1 y 1.5 SMLV,SIGMA,LAMBDA,ETA,BETA,EMP_000001,,NO,NO,NO,NO,NO
264853,F,46 a 55 años,Entre 2.5 y 3 SMLV,PI,LAMBDA,PI,DELTA,EMP_000001,,NO,NO,NO,NO,NO
264903,M,20 a 35 años,Entre 10 y 20 SMLV,ZETA,RHO,PI,XI,EMP_000002,MOSQUERA,NO,NO,NO,NO,NO
264953,M,46 a 55 años,Entre 1 y 1.5 SMLV,SIGMA,EPSILON,TAU,OMEGA,EMP_000001,,NO,NO,NO,NO,NO
265003,F,Mayor de 55 años,Entre 1 y 1.5 SMLV,PI,IOTA,TAU,LAMBDA,EMP_000001,CAJICA,NO,NO,NO,NO,NO
265053,M,20 a 35 años,Entre 1 y 1.5 SMLV,SIGMA,RHO,TAU,ETA,EMP_000001,,NO,NO,NO,NO,NO
265103,M,20 a 35 años,Entre 3 y 4 SMLV,PI,LAMBDA,ETA,XI,EMP_000002,,NO,NO,NO,NO,NO
265153,F,Mayor de 55 años,Entre 1 y 1.5 SMLV,SIGMA,LAMBDA,PI,ETA,EMP_000001,BOGOTA D.C.,NO,NO,NO,NO,NO
265203,M,46 a 55 años,Entre 4 y 6 SMLV,ZETA,RHO,PI,ETA,EMP_000001,,NO,NO,NO,NO,NO
265253,M,36 a 45 años,Entre 10 y 20 SMLV,ZETA,IOTA,PI,ETA,EMP_000001,,NO,NO,NO,NO,NO
265303,M,36 a 45 años,Entre 1 y 1.5 SMLV,SIGMA,EPSILON,TAU,DELTA,EMP_000001,,NO,NO,NO,NO,NO
265353,M,20 a 35 años,Entre 1 y 1.5 SMLV,SIGMA,LAMBDA,ETA,BETA,EMP_000001,,NO,NO,NO,NO,NO
265403,F,20 a 35 años,Entre 1 y 1.5 SMLV,SIGMA,IOTA,TAU,UPSILON,EMP_000001,,NO,NO,NO,NO,NO
265453,F,46 a 55 años,Entre 1 y 1.5 SMLV,SIGMA,LAMBDA,TAU,UPSILON,EMP_000001,,NO,NO,NO,NO,NO
265503,M,Mayor de 55 años,Entre 3 y 4 SMLV,SIGMA,IOTA,PI,KAPPA,EMP_000001,,NO,NO,NO,NO,NO
265553,F,36 a 45 años,Entre 1 y 1.5 SMLV,SIGMA,RHO,TAU,OMEGA,EMP_000001,,NO,NO,NO,NO,NO
265603,M,46 a 55 años,Entre 3 y 4 SMLV,ZETA,EPSILON,PI,DELTA,EMP_000001,CAJICA,NO,NO,NO,NO,NO
265653,M,36 a 45 años,Menor al SMLV,SIGMA,LAMBDA,TAU,ETA,EMP_000001,BOGOTA D.C.,NO,NO,NO,NO,NO
265703,M,36 a 45 años,Entre 1 y 1.5 SMLV,SIGMA,RHO,TAU,ETA,EMP_000001,,NO,NO,NO,NO,NO
265753,M,36 a 45 años,Entre 1 y 1.5 SMLV,SIGMA,RHO,PI,XI,EMP_000001,BOGOTA D.C.,NO,NO,NO,NO,NO
265803,F,20 a 35 años,Entre 1 y 1.5 SMLV,SIGMA,LAMBDA,TAU,UPSILON,EMP_000001,,NO,NO,NO,NO,NO
265853,F,46 a 55 años,Entre 1 y 1.5 SMLV,SIGMA,IOTA,PI,ETA,EMP_000001,BOGOTA D.C.,NO,NO,NO,NO,NO
265903,F,20 a 35 años,Entre 2.5 y 3 SMLV,PI,LAMBDA,ETA,ETA,EMP_000001,,NO,NO,NO,NO,NO
265953,M,Mayor de 55 años,Entre 8 y 10 SMLV,SIGMA,IOTA,PI,KAPPA,EMP_000001,,NO,NO,NO,NO,NO
266003,M,Mayor de 55 años,Entre 1 y 1.5 SMLV,SIGMA,LAMBDA,PI,ETA,EMP_000001,,NO,NO,NO,NO,NO
266053,M,20 a 35 años,Entre 1 y 1.5 SMLV,SIGMA,LAMBDA,TAU,ETA,EMP_000001,,NO,NO,NO,NO,NO
266103,M,Mayor de 55 años,Entre 1 y 1.5 SMLV,SIGMA,RHO,TAU,ETA,EMP_000001,BOGOTA D.C.,NO,NO,NO,NO,NO
266153,F,36 a 45 años,Entre 2.5 y 3 SMLV,PI,RHO,PI,UPSILON,EMP_000001,BOGOTA D.C.,NO,NO,NO,NO,NO
266203,M,36 a 45 años,Entre 1 y 1.5 SMLV,SIGMA,RHO,TAU,ETA,EMP_000001,BOGOTA D.C.,NO,NO,NO,NO,NO
266253,F,20 a 35 años,Entre 1 y 1.5 SMLV,SIGMA,LAMBDA,ETA,ETA,EMP_000001,BOGOTA D.C.,NO,NO,NO,NO,NO
266303,F,46 a 55 años,Entre 3 y 4 SMLV,PI,EPSILON,PI,UPSILON,EMP_000001,,NO,NO,NO,NO,NO
266353,M,Mayor de 55 años,Entre 1 y 1.5 SMLV,SIGMA,LAMBDA,PI,XI,EMP_000002,BOGOTA D.C.,NO,NO,NO,NO,NO
266403,F,20 a 35 años,Entre 6 y 8 SMLV,ZETA,LAMBDA,ETA,XI,EMP_000002,,NO,NO,NO,NO,NO
266453,M,20 a 35 años,Entre 1 y 1.5 SMLV,PI,LAMBDA,TAU,LAMBDA,EMP_000001,,NO,NO,NO,NO,NO
266503,F,Mayor de 55 años,Entre 1 y 1.5 SMLV,SIGMA,RHO,TAU,ETA,EMP_000001,BOGOTA D.C.,NO,NO,NO,NO,NO
266553,F,20 a 35 años,Entre 1 y 1.5 SMLV,SIGMA,EPSILON,PI,DELTA,EMP_000001,BOGOTA D.C.,NO,NO,NO,NO,NO
266603,M,36 a 45 años,Entre 1 y 1.5 SMLV,SIGMA,LAMBDA,TAU,DELTA,EMP_000001,,NO,NO,NO,NO,NO
266653,F,20 a 35 años,Entre 1 y 1.5 SMLV,SIGMA,LAMBDA,TAU,ETA,EMP_000001,,NO,NO,NO,NO,NO
266703,M,Mayor de 55 años,Entre 1 y 1.5 SMLV,SIGMA,LAMBDA,PI,ETA,EMP_000001,,NO,NO,NO,NO,NO
266753,F,36 a 45 años,Entre 1.5 y 2 SMLV,SIGMA,EPSILON,PI,ETA,EMP_000001,BOGOTA D.C.,NO,NO,NO,NO,NO
266803,M,36 a 45 años,Entre 1 y 1.5 SMLV,SIGMA,CHI,TAU,OMEGA,EMP_000001,,NO,NO,NO,NO,NO
266853,M,20 a 35 años,Entre 2 y 2.5 SMLV,PI,RHO,PI,XI,EMP_000001,FUSAGASUGA,NO,NO,NO,NO,NO
266903,F,20 a 35 años,Entre 1 y 1.5 SMLV,SIGMA,LAMBDA,ETA,DELTA,EMP_000001,BOGOTA D.C.,NO,NO,NO,NO,NO
266953,M,46 a 55 años,Entre 1 y 1.5 SMLV,PI,LAMBDA,PI,LAMBDA,EMP_000001,,NO,NO,NO,NO,NO
267003,M,46 a 55 años,Entre 1 y 1.5 SMLV,SIGMA,LAMBDA,TAU,KAPPA,EMP_000001,,NO,NO,NO,NO,NO
267053,F,Mayor de 55 años,Entre 3 y 4 SMLV,SIGMA,LAMBDA,PI,KAPPA,EMP_000001,,NO,NO,NO,NO,NO
267103,F,20 a 35 años,Entre 1 y 1.5 SMLV,SIGMA,THETA,TAU,OMICRON,EMP_000001,,NO,NO,NO,NO,NO
267153,M,20 a 35 años,Menor al SMLV,SIGMA,LAMBDA,TAU,ETA,EMP_000001,,NO,NO,NO,NO,NO
267203,M,Mayor de 55 años,Entre 1 y 1.5 SMLV,SIGMA,RHO,TAU,UPSILON,EMP_000001,BOGOTA D.C.,NO,NO,NO,NO,NO
267253,M,20 a 35 años,Entre 2 y 2.5 SMLV,PI,LAMBDA,ETA,UPSILON,EMP_000001,,NO,NO,NO,NO,NO
267303,M,20 a 35 años,Menor al SMLV,SIGMA,LAMBDA,TAU,ETA,EMP_000001,,NO,NO,NO,NO,NO
267353,F,Mayor de 55 años,Entre 1.5 y 2 SMLV,SIGMA,LAMBDA,PI,XI,EMP_000002,BOGOTA D.C.,NO,NO,NO,NO,NO
267403,M,36 a 45 años,Entre 4 y 6 SMLV,ZETA,LAMBDA,PI,UPSILON,EMP_000001,,NO,NO,NO,NO,NO
267453,M,20 a 35 años,Entre 1.5 y 2 SMLV,PI,RHO,PI,XI,EMP_000001,,NO,NO,NO,NO,NO
267503,M,20 a 35 años,Entre 3 y 4 SMLV,PI,LAMBDA,ETA,ETA,EMP_000001,,NO,NO,NO,NO,NO
267553,M,Mayor de 55 años,Entre 1 y 1.5 SMLV,SIGMA,LAMBDA,TAU,OMEGA,EMP_000001,BOGOTA D.C.,NO,NO,NO,NO,NO
267603,F,20 a 35 años,Entre 1.5 y 2 SMLV,SIGMA,LAMBDA,ETA,XI,EMP_000002,,NO,NO,NO,NO,NO
267653,F,20 a 35 años,Entre 1 y 1.5 SMLV,SIGMA,RHO,TAU,XI,EMP_000002,,NO,NO,NO,NO,NO
267703,M,20 a 35 años,Entre 1 y 1.5 SMLV,SIGMA,LAMBDA,ETA,BETA,EMP_000001,,NO,NO,NO,NO,NO
267753,M,Mayor de 55 años,Entre 3 y 4 SMLV,PI,IOTA,PI,ETA,EMP_000001,BOGOTA D.C.,NO,NO,NO,NO,NO
267803,F,20 a 35 años,Entre 1.5 y 2 SMLV,SIGMA,LAMBDA,ETA,ETA,EMP_000001,,NO,NO,NO,NO,NO
267853,M,Mayor de 55 años,Entre 2 y 2.5 SMLV,PI,LAMBDA,PI,XI,EMP_000002,BOGOTA D.C.,NO,NO,NO,NO,NO
267903,F,36 a 45 años,Entre 2 y 2.5 SMLV,PI,EPSILON,PI,OMEGA,EMP_000001,,NO,NO,NO,NO,NO
267953,F,36 a 45 años,Entre 1 y 1.5 SMLV,SIGMA,RHO,TAU,KAPPA,EMP_000001,,NO,NO,NO,NO,NO
268003,F,46 a 55 años,Menor al SMLV,SIGMA,LAMBDA,TAU,ETA,EMP_000001,,NO,NO,NO,NO,NO
268053,M,36 a 45 años,Entre 1 y 1.5 SMLV,SIGMA,LAMBDA,TAU,XI,EMP_000001,,NO,NO,NO,NO,NO
268103,M,20 a 35 años,Entre 1 y 1.5 SMLV,SIGMA,EPSILON,TAU,UPSILON,EMP_000001,BOGOTA D.C.,NO,NO,NO,NO,NO
268153,M,20 a 35 años,Entre 1 y 1.5 SMLV,PI,LAMBDA,TAU,LAMBDA,EMP_000001,,NO,NO,NO,NO,NO
268203,M,36 a 45 años,Entre 1 y 1.5 SMLV,SIGMA,RHO,TAU,ETA,EMP_000001,,NO,NO,NO,NO,NO
268253,M,20 a 35 años,Entre 1 y 1.5 SMLV,SIGMA,RHO,TAU,XI,EMP_000001,,NO,NO,NO,NO,NO
268303,F,46 a 55 años,Menor al SMLV,SIGMA,LAMBDA,TAU,ETA,EMP_000001,BOGOTA D.C.,NO,NO,NO,NO,NO
268353,M,36 a 45 años,Entre 3 y 4 SMLV,PI,LAMBDA,PI,ETA,EMP_000001,,NO,NO,NO,NO,NO
268403,M,46 a 55 años,Entre 1.5 y 2 SMLV,PI,IOTA,PI,DELTA,EMP_000001,,NO,NO,NO,NO,NO
268453,M,20 a 35 años,Entre 1 y 1.5 SMLV,SIGMA,LAMBDA,TAU,ETA,EMP_000001,,NO,NO,NO,NO,NO
268503,F,Mayor de 55 años,Entre 1 y 1.5 SMLV,SIGMA,IOTA,TAU,DELTA,EMP_000001,BOGOTA D.C.,NO,NO,NO,NO,NO
268553,F,46 a 55 años,Entre 1 y 1.5 SMLV,SIGMA,LAMBDA,PI,UPSILON,EMP_000001,BOGOTA D.C.,NO,NO,NO,NO,NO
268603,M,46 a 55 años,Menor al SMLV,SIGMA,LAMBDA,TAU,ETA,EMP_000001,,NO,NO,NO,NO,NO
268653,F,20 a 35 años,Entre 4 y 6 SMLV,ZETA,CHI,PI,DELTA,EMP_000001,,NO,NO,NO,NO,NO
268703,F,20 a 35 años,Entre 1 y 1.5 SMLV,SIGMA,LAMBDA,ETA,UPSILON,EMP_000001,,NO,NO,NO,NO,NO
268753,M,36 a 45 años,Entre 10 y 20 SMLV,ZETA,LAMBDA,PI,XI,EMP_000002,,NO,NO,NO,NO,NO
268803,M,Mayor de 55 años,Menor al SMLV,SIGMA,LAMBDA,TAU,ETA,EMP_000001,,NO,NO,NO,NO,NO
268853,M,36 a 45 años,Entre 1.5 y 2 SMLV,SIGMA,RHO,PI,UPSILON,EMP_000001,,NO,NO,NO,NO,NO
268903,M,Mayor de 55 años,Entre 2.5 y 3 SMLV,PI,LAMBDA,PI,ETA,EMP_000001,BOGOTA D.C.,NO,NO,NO,NO,NO
268953,M,36 a 45 años,Entre 1 y 1.5 SMLV,SIGMA,LAMBDA,PI,BETA,EMP_000001,,NO,NO,NO,NO,NO
269003,M,46 a 55 años,Entre 1 y 1.5 SMLV,SIGMA,LAMBDA,PI,ETA,EMP_000001,BOGOTA D.C.,NO,NO,NO,NO,NO
269053,M,46 a 55 años,Menor al SMLV,SIGMA,LAMBDA,TAU,OMEGA,EMP_000001,BOGOTA D.C.,NO,NO,NO,NO,NO
269103,M,36 a 45 años,Entre 1 y 1.5 SMLV,SIGMA,RHO,TAU,DELTA,EMP_000001,CAJICA,NO,NO,NO,NO,NO
269153,M,36 a 45 años,Entre 1 y 1.5 SMLV,SIGMA,RHO,TAU,UPSILON,EMP_000001,,NO,NO,NO,NO,NO
269203,M,20 a 35 años,Entre 1 y 1.5 SMLV,SIGMA,RHO,PI,ETA,EMP_000001,BOGOTA D.C.,NO,NO,NO,NO,NO
269253,F,20 a 35 años,Entre 1 y 1.5 SMLV,SIGMA,RHO,TAU,XI,EMP_000001,,NO,NO,NO,NO,NO
269303,M,20 a 35 años,Entre 1 y 1.5 SMLV,SIGMA,LAMBDA,TAU,ETA,EMP_000001,BOGOTA D.C.,NO,NO,NO,NO,NO
269353,M,46 a 55 años,Entre 2 y 2.5 SMLV,PI,LAMBDA,PI,DELTA,EMP_000001,,NO,NO,NO,NO,NO
269403,M,36 a 45 años,Entre 1 y 1.5 SMLV,SIGMA,LAMBDA,TAU,ETA,EMP_000001,BOGOTA D.C.,NO,NO,NO,NO,NO
269453,M,46 a 55 años,Entre 1.5 y 2 SMLV,SIGMA,EPSILON,PI,UPSILON,EMP_000001,BOGOTA D.C.,NO,NO,NO,NO,NO
269503,M,Mayor de 55 años,Entre 1 y 1.5 SMLV,SIGMA,LAMBDA,TAU,ETA,EMP_000001,,NO,NO,NO,NO,NO
269553,M,46 a 55 años,Entre 1 y 1.5 SMLV,SIGMA,EPSILON,PI,UPSILON,EMP_000001,BOGOTA D.C.,NO,NO,NO,NO,NO
269603,M,20 a 35 años,Entre 4 y 6 SMLV,ZETA,LAMBDA,ETA,UPSILON,EMP_000001,,NO,NO,NO,NO,NO
269653,M,Mayor de 55 años,Entre 1 y 1.5 SMLV,SIGMA,IOTA,TAU,KAPPA,EMP_000001,,NO,NO,NO,NO,NO
269703,M,20 a 35 años,Entre 1 y 1.5 SMLV,SIGMA,LAMBDA,TAU,UPSILON,EMP_000001,BOGOTA D.C.,NO,NO,NO,NO,NO
269753,F,20 a 35 años,Entre 1 y 1.5 SMLV,SIGMA,RHO,TAU,DELTA,EMP_000001,,NO,NO,NO,NO,NO
269803,F,46 a 55 años,Entre 1 y 1.5 SMLV,SIGMA,EPSILON,TAU,DELTA,EMP_000001,BOGOTA D.C.,NO,NO,NO,NO,NO
269853,F,46 a 55 años,Entre 3 y 4 SMLV,PI,IOTA,PI,XI,EMP_000002,BOGOTA D.C.,NO,NO,NO,NO,NO
269903,M,36 a 45 años,Entre 1 y 1.5 SMLV,SIGMA,LAMBDA,TAU,ETA,EMP_000001,,NO,NO,NO,NO,NO
269953,F,20 a 35 años,Entre 1 y 1.5 SMLV,SIGMA,EPSILON,TAU,ETA,EMP_000001,,NO,NO,NO,NO,NO
270003,F,36 a 45 años,Entre 1 y 1.5 SMLV,SIGMA,RHO,TAU,DELTA,EMP_000001,,NO,NO,NO,NO,NO
270053,F,36 a 45 años,Menor al SMLV,SIGMA,RHO,TAU,OMEGA,EMP_000001,,NO,NO,NO,NO,NO
270103,M,20 a 35 años,Entre 1 y 1.5 SMLV,SIGMA,LAMBDA,ETA,XI,EMP_000002,,NO,NO,NO,NO,NO
270153,F,20 a 35 años,,MU,THETA,OMEGA,OMICRON,EMP_000001,,NO,NO,NO,NO,NO
270203,F,46 a 55 años,Entre 1 y 1.5 SMLV,SIGMA,EPSILON,TAU,UPSILON,EMP_000001,FACATATIVA,NO,NO,NO,NO,NO
270253,M,46 a 55 años,Entre 1 y 1.5 SMLV,SIGMA,LAMBDA,TAU,ETA,EMP_000001,,NO,NO,NO,NO,NO
270303,M,46 a 55 años,Entre 3 y 4 SMLV,PI,LAMBDA,PI,DELTA,EMP_000001,BOGOTA D.C.,NO,NO,NO,NO,NO
270353,M,36 a 45 años,Entre 1 y 1.5 SMLV,SIGMA,RHO,TAU,ETA,EMP_000001,BOGOTA D.C.,NO,NO,NO,NO,NO
270403,M,36 a 45 años,Menor al SMLV,PI,RHO,TAU,ETA,EMP_000001,BOGOTA D.C.,NO,NO,NO,NO,NO
270453,M,Mayor de 55 años,Entre 1 y 1.5 SMLV,SIGMA,LAMBDA,TAU,UPSILON,EMP_000001,BOGOTA D.C.,NO,NO,NO,NO,NO
270503,M,20 a 35 años,Entre 1 y 1.5 SMLV,SIGMA,LAMBDA,ETA,BETA,EMP_000001,,NO,NO,NO,NO,NO
270553,F,36 a 45 años,Entre 1 y 1.5 SMLV,SIGMA,RHO,TAU,UPSILON,EMP_000001,BOGOTA D.C.,NO,NO,NO,NO,NO
270603,F,20 a 35 años,Entre 1.5 y 2 SMLV,SIGMA,LAMBDA,ETA,ETA,EMP_000001,,NO,NO,NO,NO,NO
270653,M,Mayor de 55 años,Menor al SMLV,SIGMA,IOTA,TAU,KAPPA,EMP_000001,,NO,NO,NO,NO,NO
270703,M,20 a 35 años,Entre 1 y 1.5 SMLV,SIGMA,RHO,TAU,OMEGA,EMP_000001,BOGOTA D.C.,NO,NO,NO,NO,NO
270753,M,20 a 35 años,Entre 1 y 1.5 SMLV,SIGMA,LAMBDA,ETA,OMEGA,EMP_000001,,NO,NO,NO,NO,NO
270803,F,46 a 55 años,Entre 1 y 1.5 SMLV,PI,EPSILON,TAU,LAMBDA,EMP_000001,,NO,NO,NO,NO,NO
270853,M,46 a 55 años,Entre 1 y 1.5 SMLV,SIGMA,LAMBDA,TAU,ETA,EMP_000001,,NO,NO,NO,NO,NO
270903,M,36 a 45 años,Entre 1 y 1.5 SMLV,SIGMA,LAMBDA,TAU,ETA,EMP_000001,,NO,NO,NO,NO,NO
270953,F,46 a 55 años,Entre 20 y 30 SMLV,ZETA,EPSILON,XI,ETA,EMP_000001,BOGOTA D.C.,NO,NO,NO,NO,NO
271003,M,20 a 35 años,Entre 1 y 1.5 SMLV,SIGMA,LAMBDA,TAU,DELTA,EMP_000001,,NO,NO,NO,NO,NO
271053,M,20 a 35 años,Entre 1 y 1.5 SMLV,SIGMA,LAMBDA,ETA,DELTA,EMP_000001,,NO,NO,NO,NO,NO
271103,F,20 a 35 años,Entre 1 y 1.5 SMLV,SIGMA,LAMBDA,ETA,UPSILON,EMP_000001,,NO,NO,NO,NO,NO
271153,M,20 a 35 años,Menor a 2 SMLV,SIGMA,THETA,TAU,UPSILON,EMP_000001,BOGOTA D.C.,NO,NO,NO,NO,NO
271203,F,20 a 35 años,Menor al SMLV,SIGMA,LAMBDA,TAU,UPSILON,EMP_000001,BOGOTA D.C.,NO,NO,NO,NO,NO
271253,M,36 a 45 años,Entre 1 y 1.5 SMLV,SIGMA,LAMBDA,ETA,BETA,EMP_000001,,NO,NO,NO,NO,NO
271303,F,Mayor de 55 años,Entre 1 y 1.5 SMLV,SIGMA,LAMBDA,TAU,ETA,EMP_000001,,NO,NO,NO,NO,NO
271353,M,36 a 45 años,Entre 10 y 20 SMLV,ZETA,LAMBDA,ETA,UPSILON,EMP_000001,,NO,NO,NO,NO,NO
271403,F,36 a 45 años,Entre 1.5 y 2 SMLV,SIGMA,LAMBDA,PI,XI,EMP_000002,BOGOTA D.C.,NO,NO,NO,NO,NO
271453,F,Mayor de 55 años,Entre 1 y 1.5 SMLV,PI,LAMBDA,TAU,LAMBDA,EMP_000001,,NO,NO,NO,NO,NO
271503,M,20 a 35 años,Entre 1 y 1.5 SMLV,SIGMA,LAMBDA,TAU,ETA,EMP_000001,,NO,NO,NO,NO,NO
271553,M,46 a 55 años,Entre 1 y 1.5 SMLV,SIGMA,LAMBDA,TAU,ETA,EMP_000001,,NO,NO,NO,NO,NO
271603,M,36 a 45 años,Entre 4 y 6 SMLV,ZETA,LAMBDA,PI,UPSILON,EMP_000002,BOGOTA D.C.,NO,NO,NO,NO,NO
271653,M,36 a 45 años,Entre 1 y 1.5 SMLV,SIGMA,RHO,TAU,ETA,EMP_000001,BOGOTA D.C.,NO,NO,NO,NO,NO
271703,F,20 a 35 años,Entre 1 y 1.5 SMLV,SIGMA,LAMBDA,TAU,ETA,EMP_000001,BOGOTA D.C.,NO,NO,NO,NO,NO
271753,M,20 a 35 años,Entre 1 y 1.5 SMLV,SIGMA,LAMBDA,ETA,DELTA,EMP_000001,,NO,NO,NO,NO,NO
271803,M,20 a 35 años,Entre 1 y 1.5 SMLV,SIGMA,RHO,TAU,ETA,EMP_000001,,NO,NO,NO,NO,NO
271853,F,46 a 55 años,Entre 4 y 6 SMLV,ZETA,LAMBDA,PI,DELTA,EMP_000001,SOACHA,NO,NO,NO,NO,NO
271903,F,20 a 35 años,Entre 1 y 1.5 SMLV,SIGMA,LAMBDA,ETA,UPSILON,EMP_000001,,NO,NO,NO,NO,NO
271953,F,20 a 35 años,Entre 1 y 1.5 SMLV,SIGMA,LAMBDA,TAU,UPSILON,EMP_000001,,NO,NO,NO,NO,NO
272003,M,20 a 35 años,Entre 1 y 1.5 SMLV,SIGMA,LAMBDA,ETA,DELTA,EMP_000001,,NO,NO,NO,NO,NO
272053,M,46 a 55 años,Entre 1 y 1.5 SMLV,SIGMA,LAMBDA,PI,DELTA,EMP_000001,,NO,NO,NO,NO,NO
272103,F,20 a 35 años,Entre 1 y 1.5 SMLV,SIGMA,RHO,PI,UPSILON,EMP_000001,BOGOTA D.C.,NO,NO,NO,NO,NO
272153,F,46 a 55 años,Entre 4 y 6 SMLV,ZETA,EPSILON,PI,XI,EMP_000002,FUNZA,NO,NO,NO,NO,NO
272203,M,Mayor de 55 años,Entre 1 y 1.5 SMLV,SIGMA,LAMBDA,PI,UPSILON,EMP_000001,BOGOTA D.C.,NO,NO,NO,NO,NO
272253,F,Menor de 19 años,Entre 1 y 1.5 SMLV,SIGMA,LAMBDA,TAU,XI,EMP_000001,,NO,NO,NO,NO,NO
272303,F,36 a 45 años,Entre 1 y 1.5 SMLV,SIGMA,RHO,TAU,DELTA,EMP_000001,,NO,NO,NO,NO,NO
272353,F,20 a 35 años,Entre 1 y 1.5 SMLV,SIGMA,LAMBDA,ETA,XI,EMP_000002,BOGOTA D.C.,NO,NO,NO,NO,NO
272403,F,20 a 35 años,Entre 1 y 1.5 SMLV,PI,RHO,TAU,LAMBDA,EMP_000001,BOGOTA D.C.,NO,NO,NO,NO,NO
272453,F,20 a 35 años,Entre 6 y 8 SMLV,ZETA,LAMBDA,ETA,UPSILON,EMP_000001,,NO,NO,NO,NO,NO
272503,F,36 a 45 años,Entre 3 y 4 SMLV,PI,IOTA,PI,XI,EMP_000002,,NO,NO,NO,NO,NO
272553,F,20 a 35 años,Entre 1 y 1.5 SMLV,SIGMA,LAMBDA,ETA,UPSILON,EMP_000001,,NO,NO,NO,NO,NO
272603,F,36 a 45 años,Entre 2.5 y 3 SMLV,PI,RHO,PI,ETA,EMP_000001,BOGOTA D.C.,NO,NO,NO,NO,NO
272653,M,Mayor de 55 años,Entre 1.5 y 2 SMLV,PI,IOTA,PI,UPSILON,EMP_000001,FUNZA,NO,NO,NO,NO,NO
272703,F,Mayor de 55 años,Entre 1 y 1.5 SMLV,SIGMA,CHI,TAU,ETA,EMP_000001,BOGOTA D.C.,NO,NO,NO,NO,NO
272753,M,20 a 35 años,Entre 1 y 1.5 SMLV,SIGMA,LAMBDA,TAU,DELTA,EMP_000001,,NO,NO,NO,NO,NO
272803,M,Mayor de 55 años,Entre 6 y 8 SMLV,ZETA,LAMBDA,PI,ETA,EMP_000001,BOGOTA D.C.,NO,NO,NO,NO,NO
272853,M,46 a 55 años,Entre 1 y 1.5 SMLV,SIGMA,LAMBDA,TAU,XI,EMP_000002,BOGOTA D.C.,NO,NO,NO,NO,NO
272903,F,20 a 35 años,Entre 1.5 y 2 SMLV,PI,EPSILON,PI,DELTA,EMP_000001,BOGOTA D.C.,NO,NO,NO,NO,NO
272953,M,20 a 35 años,Entre 1 y 1.5 SMLV,SIGMA,LAMBDA,TAU,OMEGA,EMP_000001,,NO,NO,NO,NO,NO
273003,M,Mayor de 55 años,Entre 1 y 1.5 SMLV,SIGMA,EPSILON,TAU,ETA,EMP_000001,BOGOTA D.C.,NO,NO,NO,NO,NO
273053,F,36 a 45 años,Entre 1 y 1.5 SMLV,SIGMA,EPSILON,TAU,ETA,EMP_000001,,NO,NO,NO,NO,NO
273103,M,36 a 45 años,Entre 3 y 4 SMLV,PI,LAMBDA,ETA,ETA,EMP_000001,,NO,NO,NO,NO,NO
273153,M,20 a 35 años,Entre 1.5 y 2 SMLV,PI,LAMBDA,ETA,XI,EMP_000002,,NO,NO,NO,NO,NO
273203,F,Mayor de 55 años,Entre 3 y 4 SMLV,PI,LAMBDA,PI,UPSILON,EMP_000001,BOGOTA D.C.,NO,NO,NO,NO,NO
273253,M,36 a 45 años,Entre 1 y 1.5 SMLV,SIGMA,EPSILON,TAU,ETA,EMP_000001,BOGOTA D.C.,NO,NO,NO,NO,NO
273303,M,Mayor de 55 años,Entre 1 y 1.5 SMLV,SIGMA,LAMBDA,TAU,ETA,EMP_000001,,NO,NO,NO,NO,NO
273353,F,36 a 45 años,Entre 1 y 1.5 SMLV,SIGMA,LAMBDA,TAU,ETA,EMP_000001,BOGOTA D.C.,NO,NO,NO,NO,NO
273403,F,46 a 55 años,Entre 1 y 1.5 SMLV,SIGMA,LAMBDA,TAU,OMEGA,EMP_000001,SIBATE,NO,NO,NO,NO,NO
273453,M,20 a 35 años,Entre 1 y 1.5 SMLV,SIGMA,LAMBDA,ETA,XI,EMP_000002,,NO,NO,NO,NO,NO
273503,M,20 a 35 años,Entre 1 y 1.5 SMLV,SIGMA,LAMBDA,TAU,DELTA,EMP_000001,VILLA DE SAN DIEGO DE UBATE,NO,NO,NO,NO,NO
273553,M,20 a 35 años,Entre 1 y 1.5 SMLV,SIGMA,LAMBDA,TAU,OMEGA,EMP_000001,BOGOTA D.C.,NO,NO,NO,NO,NO
273603,M,36 a 45 años,Entre 2 y 2.5 SMLV,PI,LAMBDA,ETA,UPSILON,EMP_000001,TOCANCIPA,NO,NO,NO,NO,NO
273653,F,Mayor de 55 años,Entre 1 y 1.5 SMLV,SIGMA,LAMBDA,TAU,OMEGA,EMP_000001,GIRARDOT,NO,NO,NO,NO,NO
273703,F,36 a 45 años,Entre 1 y 1.5 SMLV,SIGMA,LAMBDA,ETA,DELTA,EMP_000001,,NO,NO,NO,NO,NO
273753,F,36 a 45 años,Entre 1 y 1.5 SMLV,SIGMA,RHO,TAU,UPSILON,EMP_000001,SOACHA,NO,NO,NO,NO,NO
273803,F,46 a 55 años,Entre 1.5 y 2 SMLV,SIGMA,LAMBDA,PI,UPSILON,EMP_000001,,NO,NO,NO,NO,NO
273853,M,46 a 55 años,Entre 1 y 1.5 SMLV,SIGMA,EPSILON,TAU,DELTA,EMP_000001,,NO,NO,NO,NO,NO
273903,M,46 a 55 años,Entre 1 y 1.5 SMLV,SIGMA,EPSILON,TAU,XI,EMP_000002,,NO,NO,NO,NO,NO
273953,F,46 a 55 años,Menor al SMLV,SIGMA,EPSILON,TAU,ETA,EMP_000001,BOGOTA D.C.,NO,NO,NO,NO,NO
274003,M,Mayor de 55 años,,MU,THETA,OMEGA,OMICRON,EMP_000001,,NO,NO,NO,NO,NO
274053,F,20 a 35 años,Entre 1 y 1.5 SMLV,SIGMA,LAMBDA,ETA,UPSILON,EMP_000001,,NO,NO,NO,NO,NO
274103,F,20 a 35 años,Entre 1 y 1.5 SMLV,SIGMA,LAMBDA,TAU,UPSILON,EMP_000001,,NO,NO,NO,NO,NO
274153,M,20 a 35 años,Entre 1 y 1.5 SMLV,SIGMA,LAMBDA,ETA,BETA,EMP_000001,,NO,NO,NO,NO,NO
274203,M,36 a 45 años,Entre 1 y 1.5 SMLV,SIGMA,EPSILON,TAU,OMEGA,EMP_000001,,NO,NO,NO,NO,NO
274253,M,20 a 35 años,Entre 1 y 1.5 SMLV,SIGMA,LAMBDA,TAU,DELTA,EMP_000001,,NO,NO,NO,NO,NO
274303,F,Mayor de 55 años,Menor al SMLV,SIGMA,IOTA,TAU,KAPPA,EMP_000001,BOGOTA D.C.,NO,NO,NO,NO,NO
274353,M,36 a 45 años,Entre 6 y 8 SMLV,ZETA,LAMBDA,PI,UPSILON,EMP_000001,,NO,NO,NO,NO,NO
274403,F,36 a 45 años,Entre 1 y 1.5 SMLV,SIGMA,RHO,TAU,UPSILON,EMP_000001,CAJICA,NO,NO,NO,NO,NO
274453,M,Mayor de 55 años,Entre 1 y 1.5 SMLV,SIGMA,LAMBDA,PI,UPSILON,EMP_000001,,NO,NO,NO,NO,NO
274503,F,20 a 35 años,Entre 1 y 1.5 SMLV,SIGMA,RHO,TAU,XI,EMP_000002,SOACHA,NO,NO,NO,NO,NO
274553,M,20 a 35 años,Entre 1 y 1.5 SMLV,SIGMA,LAMBDA,ETA,BETA,EMP_000001,,NO,NO,NO,NO,NO
274603,F,20 a 35 años,Entre 1.5 y 2 SMLV,SIGMA,EPSILON,PI,XI,EMP_000001,,NO,NO,NO,NO,NO
274653,F,20 a 35 años,Entre 1 y 1.5 SMLV,SIGMA,RHO,TAU,ETA,EMP_000001,,NO,NO,NO,NO,NO
274703,M,20 a 35 años,Entre 1 y 1.5 SMLV,SIGMA,LAMBDA,TAU,XI,EMP_000001,BOGOTA D.C.,NO,NO,NO,NO,NO
274753,M,20 a 35 años,Entre 1 y 1.5 SMLV,SIGMA,RHO,TAU,ETA,EMP_000001,EL ROSAL,NO,NO,NO,NO,NO
274803,F,46 a 55 años,Entre 3 y 4 SMLV,PI,IOTA,PI,DELTA,EMP_000001,BOGOTA D.C.,NO,NO,NO,NO,NO
274853,M,46 a 55 años,Entre 1 y 1.5 SMLV,SIGMA,LAMBDA,TAU,ETA,EMP_000001,,NO,NO,NO,NO,NO
274903,M,Mayor de 55 años,Entre 2.5 y 3 SMLV,PI,LAMBDA,PI,DELTA,EMP_000001,BOGOTA D.C.,NO,NO,NO,NO,NO
274953,M,36 a 45 años,Menor al SMLV,SIGMA,LAMBDA,TAU,ETA,EMP_000001,BOGOTA D.C.,NO,NO,NO,NO,NO
275003,M,20 a 35 años,Entre 1.5 y 2 SMLV,SIGMA,LAMBDA,ETA,ETA,EMP_000001,,NO,NO,NO,NO,NO
275053,M,46 a 55 años,Entre 1 y 1.5 SMLV,SIGMA,EPSILON,TAU,UPSILON,EMP_000001,SOACHA,NO,NO,NO,NO,NO
275103,M,36 a 45 años,Entre 1 y 1.5 SMLV,SIGMA,IOTA,TAU,ETA,EMP_000001,BOGOTA D.C.,NO,NO,NO,NO,NO
275153,F,Mayor de 55 años,Entre 1 y 1.5 SMLV,SIGMA,LAMBDA,TAU,ETA,EMP_000001,BOGOTA D.C.,NO,NO,NO,NO,NO
275203,F,Mayor de 55 años,Entre 1.5 y 2 SMLV,SIGMA,LAMBDA,PI,ETA,EMP_000001,,NO,NO,NO,NO,NO
275253,F,20 a 35 años,Entre 1 y 1.5 SMLV,SIGMA,RHO,PI,UPSILON,EMP_000001,MOSQUERA,NO,NO,NO,NO,NO
275303,F,20 a 35 años,Entre 1 y 1.5 SMLV,SIGMA,LAMBDA,TAU,ETA,EMP_000001,,NO,NO,NO,NO,NO
275353,M,Mayor de 55 años,Entre 1.5 y 2 SMLV,SIGMA,LAMBDA,PI,ETA,EMP_000001,,NO,NO,NO,NO,NO
275403,F,36 a 45 años,Entre 1 y 1.5 SMLV,SIGMA,EPSILON,PI,ETA,EMP_000001,BOGOTA D.C.,NO,NO,NO,NO,NO
275453,F,20 a 35 años,Entre 1 y 1.5 SMLV,SIGMA,LAMBDA,TAU,ETA,EMP_000001,,NO,NO,NO,NO,NO
275503,M,20 a 35 años,Entre 1 y 1.5 SMLV,SIGMA,LAMBDA,ETA,ETA,EMP_000001,,NO,NO,NO,NO,NO
275553,M,20 a 35 años,Entre 1 y 1.5 SMLV,SIGMA,LAMBDA,TAU,UPSILON,EMP_000001,FUNZA,NO,NO,NO,NO,NO
275603,M,46 a 55 años,Menor al SMLV,PI,LAMBDA,PI,XI,EMP_000002,,NO,NO,NO,NO,NO
275653,F,Mayor de 55 años,Entre 1 y 1.5 SMLV,SIGMA,LAMBDA,TAU,XI,EMP_000002,BOGOTA D.C.,NO,NO,NO,NO,NO
275703,M,Mayor de 55 años,Entre 1 y 1.5 SMLV,SIGMA,LAMBDA,PI,ETA,EMP_000001,,NO,NO,NO,NO,NO
275753,M,36 a 45 años,Entre 1.5 y 2 SMLV,SIGMA,EPSILON,PI,UPSILON,EMP_000001,BOGOTA D.C.,NO,NO,NO,NO,NO
275803,M,Mayor de 55 años,Entre 1 y 1.5 SMLV,SIGMA,IOTA,PI,KAPPA,EMP_000001,BOGOTA D.C.,NO,NO,NO,NO,NO
275853,F,Menor de 19 años,Entre 1 y 1.5 SMLV,SIGMA,LAMBDA,TAU,ETA,EMP_000001,,NO,NO,NO,NO,NO
275903,F,46 a 55 años,Entre 1 y 1.5 SMLV,SIGMA,EPSILON,TAU,ETA,EMP_000001,BOGOTA D.C.,NO,NO,NO,NO,NO
275953,M,46 a 55 años,Entre 1 y 1.5 SMLV,SIGMA,RHO,TAU,ETA,EMP_000001,ANAPOIMA,NO,NO,NO,NO,NO
276003,M,36 a 45 años,Entre 1 y 1.5 SMLV,SIGMA,EPSILON,TAU,UPSILON,EMP_000001,,NO,NO,NO,NO,NO
276053,F,20 a 35 años,Entre 1 y 1.5 SMLV,PI,LAMBDA,ETA,BETA,EMP_000001,,NO,NO,NO,NO,NO
276103,M,36 a 45 años,Entre 2 y 2.5 SMLV,PI,EPSILON,PI,ETA,EMP_000001,BOGOTA D.C.,NO,NO,NO,NO,NO
276153,M,20 a 35 años,Menor al SMLV,SIGMA,RHO,TAU,ETA,EMP_000001,,NO,NO,NO,NO,NO
276203,M,36 a 45 años,Entre 1 y 1.5 SMLV,SIGMA,LAMBDA,TAU,UPSILON,EMP_000001,,NO,NO,NO,NO,NO
276253,M,36 a 45 años,Entre 1 y 1.5 SMLV,SIGMA,RHO,TAU,ETA,EMP_000001,BOGOTA D.C.,NO,NO,NO,NO,NO
276303,M,46 a 55 años,Entre 1 y 1.5 SMLV,SIGMA,LAMBDA,PI,ETA,EMP_000001,BOGOTA D.C.,NO,NO,NO,NO,NO
276353,M,Mayor de 55 años,Entre 2 y 2.5 SMLV,PI,RHO,PI,UPSILON,EMP_000001,FUSAGASUGA,NO,NO,NO,NO,NO
276403,M,20 a 35 años,Entre 1 y 1.5 SMLV,SIGMA,LAMBDA,ETA,BETA,EMP_000001,,NO,NO,NO,NO,NO
276453,F,36 a 45 años,Entre 1 y 1.5 SMLV,SIGMA,RHO,PI,UPSILON,EMP_000001,BOGOTA D.C.,NO,NO,NO,NO,NO
276503,M,20 a 35 años,Entre 1 y 1.5 SMLV,SIGMA,LAMBDA,ETA,XI,EMP_000002,,NO,NO,NO,NO,NO
276553,F,36 a 45 años,Entre 1 y 1.5 SMLV,SIGMA,RHO,TAU,ETA,EMP_000001,BOGOTA D.C.,NO,NO,NO,NO,NO
276603,F,20 a 35 años,Entre 1.5 y 2 SMLV,PI,LAMBDA,ETA,XI,EMP_000002,,NO,NO,NO,NO,NO
276653,F,20 a 35 años,Menor al SMLV,SIGMA,RHO,TAU,XI,EMP_000002,BOGOTA D.C.,NO,NO,NO,NO,NO
276703,F,20 a 35 años,Entre 1 y 1.5 SMLV,SIGMA,RHO,TAU,XI,EMP_000002,,NO,NO,NO,NO,NO
276753,M,20 a 35 años,Entre 2 y 2.5 SMLV,PI,LAMBDA,ETA,XI,EMP_000002,,NO,NO,NO,NO,NO
276803,F,20 a 35 años,Entre 3 y 4 SMLV,PI,RHO,PI,XI,EMP_000002,QUETAME,NO,NO,NO,NO,NO
276853,F,20 a 35 años,Entre 1 y 1.5 SMLV,SIGMA,RHO,TAU,UPSILON,EMP_000001,ZIPAQUIRA,NO,NO,NO,NO,NO
276903,M,20 a 35 años,Entre 1 y 1.5 SMLV,SIGMA,LAMBDA,ETA,BETA,EMP_000001,,NO,NO,NO,NO,NO
276953,M,Mayor de 55 años,Entre 1 y 1.5 SMLV,SIGMA,EPSILON,TAU,DELTA,EMP_000001,BOGOTA D.C.,NO,NO,NO,NO,NO
277003,M,20 a 35 años,Entre 1 y 1.5 SMLV,SIGMA,LAMBDA,TAU,UPSILON,EMP_000001,,NO,NO,NO,NO,NO
277053,M,Mayor de 55 años,Entre 1.5 y 2 SMLV,SIGMA,LAMBDA,PI,XI,EMP_000002,BOGOTA D.C.,NO,NO,NO,NO,NO
277103,M,20 a 35 años,Entre 3 y 4 SMLV,PI,LAMBDA,ETA,XI,EMP_000002,BOGOTA D.C.,NO,NO,NO,NO,NO
277153,M,20 a 35 años,Entre 1 y 1.5 SMLV,SIGMA,LAMBDA,ETA,DELTA,EMP_000001,,NO,NO,NO,NO,NO
277203,M,20 a 35 años,Entre 1 y 1.5 SMLV,SIGMA,LAMBDA,TAU,XI,EMP_000002,,NO,NO,NO,NO,NO
277253,M,20 a 35 años,Entre 1 y 1.5 SMLV,SIGMA,LAMBDA,TAU,DELTA,EMP_000001,,NO,NO,NO,NO,NO
277303,F,Mayor de 55 años,Menor al SMLV,SIGMA,IOTA,TAU,ETA,EMP_000001,BOGOTA D.C.,NO,NO,NO,NO,NO
277353,F,36 a 45 años,Entre 2 y 2.5 SMLV,PI,LAMBDA,ETA,DELTA,EMP_000001,BOGOTA D.C.,NO,NO,NO,NO,NO
277403,F,Mayor de 55 años,Menor al SMLV,SIGMA,LAMBDA,TAU,KAPPA,EMP_000001,BOGOTA D.C.,NO,NO,NO,NO,NO
277453,M,46 a 55 años,Entre 1 y 1.5 SMLV,SIGMA,EPSILON,TAU,ETA,EMP_000001,GIRARDOT,NO,NO,NO,NO,NO
277503,F,20 a 35 años,Entre 1 y 1.5 SMLV,SIGMA,RHO,TAU,UPSILON,EMP_000001,,NO,NO,NO,NO,NO
277553,M,20 a 35 años,Entre 1 y 1.5 SMLV,SIGMA,LAMBDA,ETA,BETA,EMP_000001,,NO,NO,NO,NO,NO
277603,F,46 a 55 años,Entre 1 y 1.5 SMLV,SIGMA,RHO,TAU,ETA,EMP_000001,,NO,NO,NO,NO,NO
277653,F,36 a 45 años,Entre 1 y 1.5 SMLV,SIGMA,RHO,PI,UPSILON,EMP_000001,,NO,NO,NO,NO,NO
277703,M,46 a 55 años,Entre 3 y 4 SMLV,PI,LAMBDA,PI,XI,EMP_000002,BOGOTA D.C.,NO,NO,NO,NO,NO
277753,M,20 a 35 años,Entre 1 y 1.5 SMLV,SIGMA,LAMBDA,TAU,ETA,EMP_000001,BOGOTA D.C.,NO,NO,NO,NO,NO
277803,M,36 a 45 años,Entre 1.5 y 2 SMLV,SIGMA,RHO,PI,UPSILON,EMP_000001,,NO,NO,NO,NO,NO
277853,F,36 a 45 años,Entre 3 y 4 SMLV,ZETA,RHO,PI,ETA,EMP_000001,BOGOTA D.C.,NO,NO,NO,NO,NO
277903,M,36 a 45 años,Entre 1 y 1.5 SMLV,SIGMA,EPSILON,TAU,ETA,EMP_000001,BOGOTA D.C.,NO,NO,NO,NO,NO
277953,M,46 a 55 años,Entre 1.5 y 2 SMLV,SIGMA,LAMBDA,PI,DELTA,EMP_000001,BOGOTA D.C.,NO,NO,NO,NO,NO
278003,M,20 a 35 años,Entre 1 y 1.5 SMLV,SIGMA,RHO,TAU,UPSILON,EMP_000001,,NO,NO,NO,NO,NO
278053,M,36 a 45 años,Entre 2.5 y 3 SMLV,PI,RHO,PI,DELTA,EMP_000001,BOGOTA D.C.,NO,NO,NO,NO,NO
278103,M,Mayor de 55 años,Entre 1 y 1.5 SMLV,SIGMA,IOTA,TAU,ETA,EMP_000001,BOGOTA D.C.,NO,NO,NO,NO,NO
278153,F,46 a 55 años,Entre 1 y 1.5 SMLV,SIGMA,LAMBDA,TAU,DELTA,EMP_000001,,NO,NO,NO,NO,NO
278203,M,46 a 55 años,Entre 1 y 1.5 SMLV,SIGMA,RHO,TAU,ETA,EMP_000001,,NO,NO,NO,NO,NO
278253,M,20 a 35 años,Entre 1 y 1.5 SMLV,SIGMA,LAMBDA,ETA,BETA,EMP_000001,,NO,NO,NO,NO,NO
278303,F,20 a 35 años,Entre 1 y 1.5 SMLV,SIGMA,LAMBDA,TAU,UPSILON,EMP_000001,,NO,NO,NO,NO,NO
278353,F,20 a 35 años,Entre 1 y 1.5 SMLV,SIGMA,LAMBDA,TAU,DELTA,EMP_000001,,NO,NO,NO,NO,NO
278403,F,36 a 45 años,Entre 1 y 1.5 SMLV,SIGMA,RHO,TAU,ETA,EMP_000001,,NO,NO,NO,NO,NO
278453,M,20 a 35 años,Entre 1 y 1.5 SMLV,SIGMA,LAMBDA,TAU,ETA,EMP_000001,BOGOTA D.C.,NO,NO,NO,NO,NO
278503,F,36 a 45 años,Entre 1 y 1.5 SMLV,SIGMA,LAMBDA,ETA,ETA,EMP_000001,,NO,NO,NO,NO,NO
278553,M,20 a 35 años,Entre 1 y 1.5 SMLV,SIGMA,LAMBDA,TAU,XI,EMP_000002,,NO,NO,NO,NO,NO
278603,M,Mayor de 55 años,Entre 1 y 1.5 SMLV,SIGMA,LAMBDA,TAU,ETA,EMP_000001,SOACHA,NO,NO,NO,NO,NO
278653,F,46 a 55 años,Entre 1.5 y 2 SMLV,SIGMA,LAMBDA,PI,UPSILON,EMP_000001,BOGOTA D.C.,NO,NO,NO,NO,NO
278703,F,36 a 45 años,Entre 1 y 1.5 SMLV,SIGMA,RHO,PI,XI,EMP_000002,,NO,NO,NO,NO,NO
278753,M,20 a 35 años,Entre 1.5 y 2 SMLV,SIGMA,LAMBDA,ETA,DELTA,EMP_000001,,NO,NO,NO,NO,NO
278803,M,36 a 45 años,Entre 3 y 4 SMLV,PI,LAMBDA,ETA,UPSILON,EMP_000001,,NO,NO,NO,NO,NO
278853,F,20 a 35 años,Entre 1 y 1.5 SMLV,SIGMA,LAMBDA,TAU,ETA,EMP_000001,,NO,NO,NO,NO,NO
278903,F,36 a 45 años,Entre 1 y 1.5 SMLV,SIGMA,RHO,TAU,UPSILON,EMP_000001,SOACHA,NO,NO,NO,NO,NO
278953,M,20 a 35 años,Menor al SMLV,SIGMA,RHO,PI,ETA,EMP_000001,,NO,NO,NO,NO,NO
279003,F,20 a 35 años,Entre 1 y 1.5 SMLV,SIGMA,RHO,TAU,UPSILON,EMP_000001,,NO,NO,NO,NO,NO
279053,M,Menor de 19 años,Entre 1 y 1.5 SMLV,SIGMA,LAMBDA,TAU,DELTA,EMP_000001,,NO,NO,NO,NO,NO
279103,F,20 a 35 años,Entre 1 y 1.5 SMLV,SIGMA,RHO,TAU,ETA,EMP_000001,CUCUNUBA,NO,NO,NO,NO,NO
279153,F,46 a 55 años,Entre 1 y 1.5 SMLV,SIGMA,LAMBDA,TAU,ETA,EMP_000001,BOGOTA D.C.,NO,NO,NO,NO,NO
279203,M,20 a 35 años,Entre 2 y 2.5 SMLV,PI,RHO,PI,ETA,EMP_000001,BOGOTA D.C.,NO,NO,NO,NO,NO
279253,M,20 a 35 años,Entre 1.5 y 2 SMLV,SIGMA,LAMBDA,ETA,XI,EMP_000002,,NO,NO,NO,NO,NO
279303,M,Mayor de 55 años,Entre 1 y 1.5 SMLV,SIGMA,LAMBDA,PI,ETA,EMP_000001,,NO,NO,NO,NO,NO
279353,F,46 a 55 años,Entre 1 y 1.5 SMLV,SIGMA,CHI,TAU,ETA,EMP_000001,LA CALERA,NO,NO,NO,NO,NO
279403,M,36 a 45 años,Entre 1 y 1.5 SMLV,SIGMA,LAMBDA,TAU,ETA,EMP_000001,BOGOTA D.C.,NO,NO,NO,NO,NO
279453,F,Mayor de 55 años,Entre 1 y 1.5 SMLV,SIGMA,RHO,TAU,KAPPA,EMP_000001,,NO,NO,NO,NO,NO
279503,M,Mayor de 55 años,Menor al SMLV,SIGMA,EPSILON,TAU,ETA,EMP_000001,,NO,NO,NO,NO,NO
279553,F,36 a 45 años,Entre 1 y 1.5 SMLV,SIGMA,LAMBDA,TAU,ETA,EMP_000001,BOGOTA D.C.,NO,NO,NO,NO,NO
279603,F,46 a 55 años,Entre 1 y 1.5 SMLV,SIGMA,LAMBDA,TAU,ETA,EMP_000001,,NO,NO,NO,NO,NO
279653,M,46 a 55 años,Entre 1.5 y 2 SMLV,SIGMA,CHI,PI,DELTA,EMP_000001,,NO,NO,NO,NO,NO
279703,M,20 a 35 años,Entre 1 y 1.5 SMLV,SIGMA,LAMBDA,ETA,BETA,EMP_000001,,NO,NO,NO,NO,NO
279753,M,20 a 35 años,Entre 1.5 y 2 SMLV,PI,LAMBDA,ETA,UPSILON,EMP_000001,,NO,NO,NO,NO,NO
279803,F,20 a 35 años,Entre 1.5 y 2 SMLV,SIGMA,LAMBDA,ETA,DELTA,EMP_000001,BOGOTA D.C.,NO,NO,NO,NO,NO
279853,M,36 a 45 años,Entre 1 y 1.5 SMLV,SIGMA,LAMBDA,PI,BETA,EMP_000001,,NO,NO,NO,NO,NO
279903,F,36 a 45 años,Entre 2 y 2.5 SMLV,SIGMA,RHO,PI,ETA,EMP_000001,BOGOTA D.C.,NO,NO,NO,NO,NO
279953,F,36 a 45 años,Entre 1.5 y 2 SMLV,SIGMA,LAMBDA,ETA,OMEGA,EMP_000001,BOGOTA D.C.,NO,NO,NO,NO,NO
280003,M,Menor de 19 años,Entre 1 y 1.5 SMLV,SIGMA,RHO,TAU,DELTA,EMP_000001,,NO,NO,NO,NO,NO
280053,M,46 a 55 años,Entre 1 y 1.5 SMLV,SIGMA,EPSILON,TAU,XI,EMP_000002,BOGOTA D.C.,NO,NO,NO,NO,NO
280103,F,36 a 45 años,Entre 3 y 4 SMLV,PI,LAMBDA,ETA,DELTA,EMP_000001,,NO,NO,NO,NO,NO
280153,F,36 a 45 años,Entre 1 y 1.5 SMLV,SIGMA,RHO,PI,ETA,EMP_000001,BOGOTA D.C.,NO,NO,NO,NO,NO
280203,F,36 a 45 años,Entre 2 y 2.5 SMLV,PI,RHO,PI,UPSILON,EMP_000001,,NO,NO,NO,NO,NO
280253,M,20 a 35 años,Entre 1 y 1.5 SMLV,SIGMA,LAMBDA,ETA,BETA,EMP_000001,,NO,NO,NO,NO,NO
280303,F,46 a 55 años,Entre 1 y 1.5 SMLV,SIGMA,IOTA,TAU,UPSILON,EMP_000001,BOGOTA D.C.,NO,NO,NO,NO,NO
280353,F,46 a 55 años,Menor al SMLV,SIGMA,LAMBDA,TAU,ETA,EMP_000001,,NO,NO,NO,NO,NO
280403,M,46 a 55 años,Entre 1 y 1.5 SMLV,SIGMA,LAMBDA,TAU,ETA,EMP_000001,BOGOTA D.C.,NO,NO,NO,NO,NO
280453,M,46 a 55 años,Entre 1 y 1.5 SMLV,SIGMA,CHI,TAU,XI,EMP_000002,BOGOTA D.C.,NO,NO,NO,NO,NO
280503,F,20 a 35 años,Entre 1 y 1.5 SMLV,SIGMA,RHO,TAU,ETA,EMP_000001,BOGOTA D.C.,NO,NO,NO,NO,NO
280553,M,20 a 35 años,Menor al SMLV,SIGMA,LAMBDA,TAU,ETA,EMP_000001,,NO,NO,NO,NO,NO
280603,M,20 a 35 años,Entre 1 y 1.5 SMLV,SIGMA,RHO,PI,XI,EMP_000002,,NO,NO,NO,NO,NO
280653,F,36 a 45 años,Entre 1 y 1.5 SMLV,SIGMA,RHO,TAU,UPSILON,EMP_000001,BOGOTA D.C.,NO,NO,NO,NO,NO
280703,F,20 a 35 años,Entre 1 y 1.5 SMLV,SIGMA,LAMBDA,TAU,ETA,EMP_000001,,NO,NO,NO,NO,NO
280753,M,20 a 35 años,Entre 1 y 1.5 SMLV,SIGMA,RHO,TAU,ETA,EMP_000001,,NO,NO,NO,NO,NO
280803,M,Mayor de 55 años,Entre 1 y 1.5 SMLV,SIGMA,LAMBDA,TAU,ETA,EMP_000001,BOGOTA D.C.,NO,NO,NO,NO,NO
280853,M,46 a 55 años,Entre 1 y 1.5 SMLV,SIGMA,LAMBDA,PI,OMEGA,EMP_000001,,NO,NO,NO,NO,NO
280903,M,20 a 35 años,Entre 2 y 2.5 SMLV,PI,RHO,PI,ETA,EMP_000001,ZIPAQUIRA,NO,NO,NO,NO,NO
280953,M,36 a 45 años,Entre 6 y 8 SMLV,ZETA,RHO,PI,ETA,EMP_000001,FUNZA,NO,NO,NO,NO,NO
281003,M,36 a 45 años,Entre 1 y 1.5 SMLV,SIGMA,RHO,PI,UPSILON,EMP_000001,,NO,NO,NO,NO,NO
281053,F,36 a 45 años,Entre 1 y 1.5 SMLV,SIGMA,LAMBDA,TAU,ETA,EMP_000001,BOGOTA D.C.,NO,NO,NO,NO,NO
281103,F,36 a 45 años,Entre 3 y 4 SMLV,PI,RHO,PI,UPSILON,EMP_000001,,NO,NO,NO,NO,NO
281153,F,36 a 45 años,Entre 1 y 1.5 SMLV,SIGMA,RHO,TAU,ETA,EMP_000001,BOGOTA D.C.,NO,NO,NO,NO,NO
281203,F,Mayor de 55 años,Entre 4 y 6 SMLV,ZETA,LAMBDA,PI,XI,EMP_000002,BOGOTA D.C.,NO,NO,NO,NO,NO
281253,F,46 a 55 años,Entre 1 y 1.5 SMLV,SIGMA,EPSILON,TAU,ETA,EMP_000001,BOGOTA D.C.,NO,NO,NO,NO,NO
281303,M,46 a 55 años,Entre 1 y 1.5 SMLV,SIGMA,LAMBDA,PI,ETA,EMP_000001,,NO,NO,NO,NO,NO
281353,F,20 a 35 años,Entre 1 y 1.5 SMLV,SIGMA,LAMBDA,TAU,UPSILON,EMP_000001,BOGOTA D.C.,NO,NO,NO,NO,NO
281403,F,20 a 35 años,Entre 1 y 1.5 SMLV,SIGMA,RHO,TAU,OMEGA,EMP_000001,BOGOTA D.C.,NO,NO,NO,NO,NO
281453,F,20 a 35 años,Entre 1 y 1.5 SMLV,SIGMA,LAMBDA,TAU,UPSILON,EMP_000001,,NO,NO,NO,NO,NO
281503,F,46 a 55 años,Entre 1 y 1.5 SMLV,SIGMA,LAMBDA,TAU,ETA,EMP_000001,BOGOTA D.C.,NO,NO,NO,NO,NO
281553,M,36 a 45 años,Entre 1 y 1.5 SMLV,PI,RHO,TAU,LAMBDA,EMP_000001,,NO,NO,NO,NO,NO
281603,F,20 a 35 años,Entre 1 y 1.5 SMLV,SIGMA,LAMBDA,TAU,XI,EMP_000002,BOGOTA D.C.,NO,NO,NO,NO,NO
281653,M,36 a 45 años,Entre 3 y 4 SMLV,PI,RHO,PI,UPSILON,EMP_000001,BOGOTA D.C.,NO,NO,NO,NO,NO
281703,M,46 a 55 años,Entre 1 y 1.5 SMLV,SIGMA,LAMBDA,TAU,UPSILON,EMP_000001,BOGOTA D.C.,NO,NO,NO,NO,NO
281753,M,20 a 35 años,Entre 1 y 1.5 SMLV,SIGMA,LAMBDA,TAU,UPSILON,EMP_000001,,NO,NO,NO,NO,NO
281803,M,36 a 45 años,Entre 2 y 2.5 SMLV,PI,CHI,PI,XI,EMP_000002,FUSAGASUGA,NO,NO,NO,NO,NO
281853,F,20 a 35 años,Entre 1 y 1.5 SMLV,SIGMA,RHO,TAU,UPSILON,EMP_000001,,NO,NO,NO,NO,NO
281903,F,36 a 45 años,Menor al SMLV,SIGMA,RHO,TAU,ETA,EMP_000001,,NO,NO,NO,NO,NO
281953,M,20 a 35 años,Entre 1 y 1.5 SMLV,SIGMA,LAMBDA,ETA,UPSILON,EMP_000001,,NO,NO,NO,NO,NO
282003,M,20 a 35 años,Entre 1 y 1.5 SMLV,SIGMA,LAMBDA,ETA,BETA,EMP_000001,,NO,NO,NO,NO,NO
282053,F,Mayor de 55 años,Entre 1.5 y 2 SMLV,PI,LAMBDA,PI,ETA,EMP_000001,BOGOTA D.C.,NO,NO,NO,NO,NO
282103,M,46 a 55 años,Entre 1 y 1.5 SMLV,SIGMA,RHO,PI,XI,EMP_000001,,NO,NO,NO,NO,NO
282153,M,20 a 35 años,Entre 1 y 1.5 SMLV,SIGMA,RHO,TAU,UPSILON,EMP_000001,,NO,NO,NO,NO,NO
282203,F,36 a 45 años,Entre 2.5 y 3 SMLV,PI,RHO,PI,XI,EMP_000002,BOGOTA D.C.,NO,NO,NO,NO,NO
282253,F,36 a 45 años,Entre 1 y 1.5 SMLV,SIGMA,LAMBDA,TAU,UPSILON,EMP_000001,BOGOTA D.C.,NO,NO,NO,NO,NO
282303,F,Mayor de 55 años,Entre 1 y 1.5 SMLV,SIGMA,LAMBDA,TAU,KAPPA,EMP_000001,BOGOTA D.C.,NO,NO,NO,NO,NO
282353,F,Mayor de 55 años,Entre 1 y 1.5 SMLV,SIGMA,LAMBDA,TAU,ETA,EMP_000001,,NO,NO,NO,NO,NO
282403,M,36 a 45 años,Entre 1.5 y 2 SMLV,SIGMA,RHO,PI,ETA,EMP_000001,,NO,NO,NO,NO,NO
282453,M,36 a 45 años,Entre 1 y 1.5 SMLV,SIGMA,RHO,PI,XI,EMP_000002,BOGOTA D.C.,NO,NO,NO,NO,NO
282503,F,Mayor de 55 años,Entre 1 y 1.5 SMLV,SIGMA,LAMBDA,TAU,ETA,EMP_000001,,NO,NO,NO,NO,NO
282553,F,46 a 55 años,Menor al SMLV,SIGMA,RHO,TAU,ETA,EMP_000001,MOSQUERA,NO,NO,NO,NO,NO
282603,F,Mayor de 55 años,,MU,THETA,OMEGA,OMICRON,EMP_000001,,NO,NO,NO,NO,NO
282653,F,46 a 55 años,Entre 1 y 1.5 SMLV,SIGMA,EPSILON,TAU,ETA,EMP_000001,BOGOTA D.C.,NO,NO,NO,NO,NO
282703,M,20 a 35 años,Entre 1 y 1.5 SMLV,SIGMA,LAMBDA,ETA,XI,EMP_000002,,NO,NO,NO,NO,NO
282753,M,36 a 45 años,Entre 1 y 1.5 SMLV,SIGMA,CHI,TAU,ETA,EMP_000001,,NO,NO,NO,NO,NO
282803,M,46 a 55 años,Entre 1 y 1.5 SMLV,PI,LAMBDA,TAU,LAMBDA,EMP_000001,,NO,NO,NO,NO,NO
282853,M,36 a 45 años,Entre 1 y 1.5 SMLV,SIGMA,RHO,TAU,ETA,EMP_000001,,NO,NO,NO,NO,NO
282903,F,36 a 45 años,Entre 8 y 10 SMLV,ZETA,CHI,PI,ETA,EMP_000001,BOGOTA D.C.,NO,NO,NO,NO,NO
282953,F,36 a 45 años,Entre 1 y 1.5 SMLV,PI,RHO,TAU,LAMBDA,EMP_000001,CHIA,NO,NO,NO,NO,NO
283003,F,36 a 45 años,Entre 1 y 1.5 SMLV,SIGMA,LAMBDA,TAU,UPSILON,EMP_000001,SOACHA,NO,NO,NO,NO,NO
283053,M,36 a 45 años,Entre 4 y 6 SMLV,ZETA,RHO,PI,XI,EMP_000002,,NO,NO,NO,NO,NO
283103,F,36 a 45 años,Entre 4 y 6 SMLV,ZETA,LAMBDA,PI,BETA,EMP_000001,,NO,NO,NO,NO,NO
283153,F,20 a 35 años,Entre 1 y 1.5 SMLV,SIGMA,LAMBDA,TAU,UPSILON,EMP_000002,,NO,NO,NO,NO,NO
283203,M,20 a 35 años,Entre 1 y 1.5 SMLV,SIGMA,THETA,ETA,ETA,EMP_000001,,NO,NO,NO,NO,NO
283253,M,20 a 35 años,Entre 1 y 1.5 SMLV,SIGMA,CHI,PI,ETA,EMP_000001,BOGOTA D.C.,NO,NO,NO,NO,NO
283303,M,20 a 35 años,Entre 1 y 1.5 SMLV,SIGMA,LAMBDA,ETA,XI,EMP_000002,BOGOTA D.C.,NO,NO,NO,NO,NO
283353,F,46 a 55 años,Entre 1 y 1.5 SMLV,SIGMA,LAMBDA,TAU,DELTA,EMP_000001,BOGOTA D.C.,NO,NO,NO,NO,NO
283403,M,20 a 35 años,Entre 1 y 1.5 SMLV,SIGMA,RHO,TAU,ETA,EMP_000001,,NO,NO,NO,NO,NO
283453,F,20 a 35 años,Entre 1 y 1.5 SMLV,SIGMA,LAMBDA,TAU,XI,EMP_000002,,NO,NO,NO,NO,NO
283503,M,20 a 35 años,Entre 1 y 1.5 SMLV,SIGMA,LAMBDA,ETA,BETA,EMP_000001,,NO,NO,NO,NO,NO
283553,M,20 a 35 años,Entre 2.5 y 3 SMLV,PI,LAMBDA,ETA,UPSILON,EMP_000001,,NO,NO,NO,NO,NO
283603,M,Mayor de 55 años,Entre 1 y 1.5 SMLV,SIGMA,EPSILON,TAU,UPSILON,EMP_000001,BOGOTA D.C.,NO,NO,NO,NO,NO
283653,F,46 a 55 años,Entre 1 y 1.5 SMLV,SIGMA,RHO,TAU,ETA,EMP_000001,BOGOTA D.C.,NO,NO,NO,NO,NO
283703,F,20 a 35 años,Entre 10 y 20 SMLV,ZETA,LAMBDA,ETA,XI,EMP_000002,,NO,NO,NO,NO,NO
283753,M,20 a 35 años,Entre 1 y 1.5 SMLV,SIGMA,RHO,PI,UPSILON,EMP_000001,BOGOTA D.C.,NO,NO,NO,NO,NO
283803,F,36 a 45 años,Entre 1 y 1.5 SMLV,SIGMA,EPSILON,TAU,BETA,EMP_000001,,NO,NO,NO,NO,NO
283853,M,20 a 35 años,Entre 1 y 1.5 SMLV,SIGMA,LAMBDA,TAU,ETA,EMP_000001,,NO,NO,NO,NO,NO
283903,F,20 a 35 años,Entre 1 y 1.5 SMLV,SIGMA,EPSILON,TAU,ETA,EMP_000001,FUSAGASUGA,NO,NO,NO,NO,NO
283953,F,36 a 45 años,Entre 1 y 1.5 SMLV,SIGMA,LAMBDA,TAU,ETA,EMP_000001,,NO,NO,NO,NO,NO
284003,M,20 a 35 años,Entre 1 y 1.5 SMLV,SIGMA,LAMBDA,ETA,BETA,EMP_000001,,NO,NO,NO,NO,NO
284053,M,20 a 35 años,Entre 1 y 1.5 SMLV,SIGMA,LAMBDA,TAU,DELTA,EMP_000001,BOGOTA D.C.,NO,NO,NO,NO,NO
284103,M,20 a 35 años,Entre 1 y 1.5 SMLV,SIGMA,LAMBDA,TAU,UPSILON,EMP_000001,,NO,NO,NO,NO,NO
284153,F,20 a 35 años,Entre 4 y 6 SMLV,ZETA,LAMBDA,ETA,XI,EMP_000002,BOGOTA D.C.,NO,NO,NO,NO,NO
284203,M,36 a 45 años,Entre 1 y 1.5 SMLV,SIGMA,LAMBDA,TAU,ETA,EMP_000001,,NO,NO,NO,NO,NO
284253,F,20 a 35 años,Entre 1.5 y 2 SMLV,SIGMA,RHO,PI,XI,EMP_000001,,NO,NO,NO,NO,NO
284303,M,20 a 35 años,Entre 2 y 2.5 SMLV,PI,LAMBDA,ETA,UPSILON,EMP_000001,BOGOTA D.C.,NO,NO,NO,NO,NO
284353,F,46 a 55 años,Entre 4 y 6 SMLV,ZETA,IOTA,PI,ETA,EMP_000001,BOGOTA D.C.,NO,NO,NO,NO,NO
284403,M,20 a 35 años,Entre 1 y 1.5 SMLV,PI,RHO,TAU,LAMBDA,EMP_000001,,NO,NO,NO,NO,NO
284453,M,20 a 35 años,Entre 1 y 1.5 SMLV,SIGMA,LAMBDA,TAU,UPSILON,EMP_000001,,NO,NO,NO,NO,NO
284503,M,20 a 35 años,Menor al SMLV,SIGMA,LAMBDA,TAU,ETA,EMP_000001,,NO,NO,NO,NO,NO
284553,M,36 a 45 años,Entre 1.5 y 2 SMLV,PI,CHI,PI,UPSILON,EMP_000001,,NO,NO,NO,NO,NO
284603,F,20 a 35 años,Entre 1 y 1.5 SMLV,SIGMA,LAMBDA,TAU,UPSILON,EMP_000001,,NO,NO,NO,NO,NO
284653,F,36 a 45 años,Entre 1 y 1.5 SMLV,SIGMA,RHO,TAU,ETA,EMP_000001,FUNZA,NO,NO,NO,NO,NO
284703,M,46 a 55 años,Entre 1.5 y 2 SMLV,SIGMA,EPSILON,PI,XI,EMP_000002,BOGOTA D.C.,NO,NO,NO,NO,NO
284753,F,20 a 35 años,Entre 1 y 1.5 SMLV,SIGMA,RHO,TAU,UPSILON,EMP_000001,,NO,NO,NO,NO,NO
284803,F,36 a 45 años,Entre 3 y 4 SMLV,PI,EPSILON,PI,DELTA,EMP_000001,BOGOTA D.C.,NO,NO,NO,NO,NO
284853,F,36 a 45 años,Entre 20 y 30 SMLV,ZETA,LAMBDA,XI,UPSILON,EMP_000001,,NO,NO,NO,NO,NO
284903,F,36 a 45 años,Entre 3 y 4 SMLV,PI,EPSILON,PI,DELTA,EMP_000001,,NO,NO,NO,NO,NO
284953,F,20 a 35 años,Entre 2.5 y 3 SMLV,PI,LAMBDA,ETA,XI,EMP_000002,,NO,NO,NO,NO,NO
285003,M,20 a 35 años,Entre 1 y 1.5 SMLV,SIGMA,RHO,TAU,DELTA,EMP_000001,BOGOTA D.C.,NO,NO,NO,NO,NO
285053,F,36 a 45 años,Entre 1 y 1.5 SMLV,SIGMA,LAMBDA,TAU,ETA,EMP_000001,ZIPAQUIRA,NO,NO,NO,NO,NO
285103,M,20 a 35 años,Entre 1 y 1.5 SMLV,SIGMA,LAMBDA,TAU,ETA,EMP_000001,,NO,NO,NO,NO,NO
285153,M,20 a 35 años,Entre 1.5 y 2 SMLV,SIGMA,LAMBDA,ETA,DELTA,EMP_000001,,NO,NO,NO,NO,NO
285203,M,46 a 55 años,Entre 1 y 1.5 SMLV,SIGMA,IOTA,TAU,ETA,EMP_000001,,NO,NO,NO,NO,NO
285253,F,36 a 45 años,Entre 1 y 1.5 SMLV,SIGMA,RHO,TAU,DELTA,EMP_000001,TOCANCIPA,NO,NO,NO,NO,NO
285303,M,46 a 55 años,Entre 1 y 1.5 SMLV,SIGMA,LAMBDA,TAU,ETA,EMP_000001,,NO,NO,NO,NO,NO
285353,M,20 a 35 años,Entre 1 y 1.5 SMLV,SIGMA,LAMBDA,TAU,ETA,EMP_000001,,NO,NO,NO,NO,NO
285403,M,46 a 55 años,Entre 1 y 1.5 SMLV,SIGMA,RHO,TAU,ETA,EMP_000001,,NO,NO,NO,NO,NO
285453,M,36 a 45 años,Entre 1.5 y 2 SMLV,SIGMA,EPSILON,PI,UPSILON,EMP_000001,,NO,NO,NO,NO,NO
285503,M,20 a 35 años,Entre 1 y 1.5 SMLV,SIGMA,LAMBDA,ETA,ETA,EMP_000001,CALI,NO,NO,NO,NO,NO
285553,M,20 a 35 años,Entre 2.5 y 3 SMLV,PI,EPSILON,PI,ETA,EMP_000001,VILLA DE SAN DIEGO DE UBATE,NO,NO,NO,NO,NO
285603,M,20 a 35 años,Entre 1 y 1.5 SMLV,SIGMA,LAMBDA,ETA,BETA,EMP_000001,,NO,NO,NO,NO,NO
285653,M,46 a 55 años,Entre 1 y 1.5 SMLV,SIGMA,EPSILON,TAU,UPSILON,EMP_000001,,NO,NO,NO,NO,NO
285703,M,20 a 35 años,Entre 1 y 1.5 SMLV,SIGMA,RHO,TAU,ETA,EMP_000001,,NO,NO,NO,NO,NO
285753,M,46 a 55 años,Entre 1 y 1.5 SMLV,SIGMA,RHO,TAU,ETA,EMP_000001,BOGOTA D.C.,NO,NO,NO,NO,NO
285803,F,20 a 35 años,Entre 2.5 y 3 SMLV,PI,LAMBDA,ETA,DELTA,EMP_000001,,NO,NO,NO,NO,NO
285853,F,36 a 45 años,Entre 1 y 1.5 SMLV,SIGMA,LAMBDA,TAU,DELTA,EMP_000001,BOGOTA D.C.,NO,NO,NO,NO,NO
285903,M,Mayor de 55 años,Menor al SMLV,SIGMA,LAMBDA,TAU,ETA,EMP_000001,BOGOTA D.C.,NO,NO,NO,NO,NO
285953,M,20 a 35 años,Entre 1 y 1.5 SMLV,SIGMA,LAMBDA,ETA,ETA,EMP_000001,,NO,NO,NO,NO,NO
286003,F,20 a 35 años,Entre 2 y 2.5 SMLV,PI,LAMBDA,ETA,XI,EMP_000002,BOGOTA D.C.,NO,NO,NO,NO,NO
286053,F,20 a 35 años,Entre 1 y 1.5 SMLV,SIGMA,LAMBDA,TAU,XI,EMP_000001,,NO,NO,NO,NO,NO
286103,M,Mayor de 55 años,Entre 10 y 20 SMLV,ZETA,LAMBDA,PI,UPSILON,EMP_000001,BOGOTA D.C.,NO,NO,NO,NO,NO
286153,F,36 a 45 años,Entre 1 y 1.5 SMLV,SIGMA,RHO,TAU,XI,EMP_000002,,NO,NO,NO,NO,NO
286203,M,20 a 35 años,Entre 1 y 1.5 SMLV,SIGMA,CHI,PI,XI,EMP_000002,BOGOTA D.C.,NO,NO,NO,NO,NO
286253,M,20 a 35 años,Entre 1 y 1.5 SMLV,SIGMA,LAMBDA,TAU,ETA,EMP_000001,,NO,NO,NO,NO,NO
286303,M,20 a 35 años,Entre 1 y 1.5 SMLV,PI,LAMBDA,TAU,LAMBDA,EMP_000001,,NO,NO,NO,NO,NO
286353,F,46 a 55 años,Entre 2.5 y 3 SMLV,PI,LAMBDA,PI,ETA,EMP_000001,BOGOTA D.C.,NO,NO,NO,NO,NO
286403,M,36 a 45 años,Entre 1.5 y 2 SMLV,PI,LAMBDA,ETA,UPSILON,EMP_000001,GUADUAS,NO,NO,NO,NO,NO
286453,M,46 a 55 años,Entre 1 y 1.5 SMLV,SIGMA,RHO,PI,ETA,EMP_000001,,NO,NO,NO,NO,NO
286503,F,36 a 45 años,Entre 2 y 2.5 SMLV,PI,LAMBDA,PI,DELTA,EMP_000001,,NO,NO,NO,NO,NO
286553,M,20 a 35 años,Entre 1 y 1.5 SMLV,SIGMA,LAMBDA,ETA,BETA,EMP_000001,,NO,NO,NO,NO,NO
286603,M,36 a 45 años,Entre 1 y 1.5 SMLV,SIGMA,LAMBDA,ETA,DELTA,EMP_000001,,NO,NO,NO,NO,NO
286653,M,20 a 35 años,Entre 1 y 1.5 SMLV,SIGMA,LAMBDA,TAU,XI,EMP_000001,,NO,NO,NO,NO,NO
286703,M,36 a 45 años,Entre 1 y 1.5 SMLV,SIGMA,LAMBDA,ETA,ETA,EMP_000001,BOGOTA D.C.,NO,NO,NO,NO,NO
286753,F,46 a 55 años,Entre 1 y 1.5 SMLV,SIGMA,RHO,TAU,DELTA,EMP_000001,BOGOTA D.C.,NO,NO,NO,NO,NO
286803,F,36 a 45 años,Entre 1 y 1.5 SMLV,SIGMA,LAMBDA,TAU,ETA,EMP_000001,,NO,NO,NO,NO,NO
286853,M,36 a 45 años,Menor al SMLV,SIGMA,RHO,PI,ETA,EMP_000001,BOGOTA D.C.,NO,NO,NO,NO,NO
286903,M,36 a 45 años,Entre 1 y 1.5 SMLV,SIGMA,LAMBDA,TAU,DELTA,EMP_000001,,NO,NO,NO,NO,NO
286953,M,20 a 35 años,Entre 2 y 2.5 SMLV,PI,LAMBDA,ETA,XI,EMP_000002,,NO,NO,NO,NO,NO
287003,M,20 a 35 años,Entre 2 y 2.5 SMLV,PI,LAMBDA,ETA,DELTA,EMP_000001,,NO,NO,NO,NO,NO
287053,M,36 a 45 años,Entre 1.5 y 2 SMLV,SIGMA,CHI,PI,UPSILON,EMP_000001,BOGOTA D.C.,NO,NO,NO,NO,NO
287103,M,20 a 35 años,Entre 6 y 8 SMLV,ZETA,LAMBDA,ETA,XI,EMP_000002,BOGOTA D.C.,NO,NO,NO,NO,NO
287153,F,46 a 55 años,Entre 2.5 y 3 SMLV,PI,LAMBDA,PI,DELTA,EMP_000001,BOGOTA D.C.,NO,NO,NO,NO,NO
287203,M,36 a 45 años,Entre 1 y 1.5 SMLV,SIGMA,LAMBDA,TAU,ETA,EMP_000001,,NO,NO,NO,NO,NO
287253,M,20 a 35 años,Entre 1 y 1.5 SMLV,SIGMA,LAMBDA,TAU,ETA,EMP_000001,BOGOTA D.C.,NO,NO,NO,NO,NO
287303,M,20 a 35 años,Entre 1 y 1.5 SMLV,SIGMA,LAMBDA,ETA,BETA,EMP_000001,,NO,NO,NO,NO,NO
287353,F,46 a 55 años,Entre 4 y 6 SMLV,ZETA,RHO,PI,ETA,EMP_000001,BOGOTA D.C.,NO,NO,NO,NO,NO
287403,M,46 a 55 años,Entre 4 y 6 SMLV,ZETA,LAMBDA,PI,DELTA,EMP_000001,BOGOTA D.C.,NO,NO,NO,NO,NO
287453,M,46 a 55 años,Entre 1 y 1.5 SMLV,SIGMA,LAMBDA,TAU,ETA,EMP_000001,,NO,NO,NO,NO,NO
287503,F,20 a 35 años,Entre 2 y 2.5 SMLV,PI,LAMBDA,ETA,XI,EMP_000002,,NO,NO,NO,NO,NO
287553,M,20 a 35 años,Entre 1 y 1.5 SMLV,SIGMA,LAMBDA,ETA,BETA,EMP_000001,,NO,NO,NO,NO,NO
287603,M,20 a 35 años,Entre 1 y 1.5 SMLV,SIGMA,LAMBDA,ETA,BETA,EMP_000001,,NO,NO,NO,NO,NO
287653,F,36 a 45 años,Entre 2.5 y 3 SMLV,PI,EPSILON,PI,XI,EMP_000002,BOGOTA D.C.,NO,NO,NO,NO,NO
287703,M,20 a 35 años,Entre 1 y 1.5 SMLV,SIGMA,LAMBDA,TAU,DELTA,EMP_000001,,NO,NO,NO,NO,NO
287753,M,46 a 55 años,Entre 1.5 y 2 SMLV,SIGMA,LAMBDA,PI,UPSILON,EMP_000001,BOGOTA D.C.,NO,NO,NO,NO,NO
287803,M,20 a 35 años,Entre 1 y 1.5 SMLV,SIGMA,RHO,TAU,XI,EMP_000001,,NO,NO,NO,NO,NO
287853,F,20 a 35 años,Entre 1.5 y 2 SMLV,SIGMA,RHO,PI,XI,EMP_000002,MOSQUERA,NO,NO,NO,NO,NO
287903,F,36 a 45 años,Entre 2.5 y 3 SMLV,PI,LAMBDA,PI,PSI,EMP_000001,,NO,NO,NO,NO,NO
287953,M,20 a 35 años,Entre 1 y 1.5 SMLV,SIGMA,LAMBDA,TAU,ETA,EMP_000001,,NO,NO,NO,NO,NO
288003,F,46 a 55 años,Menor al SMLV,SIGMA,LAMBDA,TAU,ETA,EMP_000001,BOGOTA D.C.,NO,NO,NO,NO,NO
288053,M,20 a 35 años,Entre 1 y 1.5 SMLV,SIGMA,LAMBDA,TAU,XI,EMP_000002,,NO,NO,NO,NO,NO
288103,M,20 a 35 años,Entre 1 y 1.5 SMLV,SIGMA,LAMBDA,TAU,ETA,EMP_000001,,NO,NO,NO,NO,NO
288153,F,36 a 45 años,Entre 1.5 y 2 SMLV,SIGMA,RHO,PI,XI,EMP_000002,BOGOTA D.C.,NO,NO,NO,NO,NO
288203,F,20 a 35 años,Entre 1 y 1.5 SMLV,SIGMA,LAMBDA,TAU,ETA,EMP_000001,,NO,NO,NO,NO,NO
288253,F,20 a 35 años,Entre 1 y 1.5 SMLV,SIGMA,LAMBDA,ETA,UPSILON,EMP_000001,,NO,NO,NO,NO,NO
288303,M,36 a 45 años,Entre 4 y 6 SMLV,ZETA,RHO,PI,XI,EMP_000002,BOGOTA D.C.,NO,NO,NO,NO,NO
288353,M,20 a 35 años,Entre 1 y 1.5 SMLV,SIGMA,LAMBDA,TAU,ETA,EMP_000001,,NO,NO,NO,NO,NO
288403,M,36 a 45 años,Menor al SMLV,SIGMA,LAMBDA,TAU,ETA,EMP_000001,,NO,NO,NO,NO,NO
288453,M,20 a 35 años,Entre 1 y 1.5 SMLV,SIGMA,LAMBDA,TAU,DELTA,EMP_000001,FUSAGASUGA,NO,NO,NO,NO,NO
288503,F,20 a 35 años,Menor al SMLV,SIGMA,LAMBDA,TAU,OMEGA,EMP_000001,,NO,NO,NO,NO,NO
288553,M,20 a 35 años,Entre 3 y 4 SMLV,PI,LAMBDA,ETA,XI,EMP_000002,,NO,NO,NO,NO,NO
288603,M,20 a 35 años,Entre 1 y 1.5 SMLV,SIGMA,LAMBDA,ETA,UPSILON,EMP_000001,,NO,NO,NO,NO,NO
288653,M,46 a 55 años,Entre 1 y 1.5 SMLV,SIGMA,LAMBDA,TAU,OMEGA,EMP_000001,NEMOCON,NO,NO,NO,NO,NO
288703,M,46 a 55 años,Entre 1 y 1.5 SMLV,SIGMA,EPSILON,PI,ETA,EMP_000001,,NO,NO,NO,NO,NO
288753,M,Mayor de 55 años,Entre 1 y 1.5 SMLV,SIGMA,IOTA,PI,KAPPA,EMP_000001,,NO,NO,NO,NO,NO
288803,M,36 a 45 años,Entre 1 y 1.5 SMLV,SIGMA,RHO,PI,OMEGA,EMP_000001,,NO,NO,NO,NO,NO
288853,F,Mayor de 55 años,Menor al SMLV,SIGMA,LAMBDA,TAU,KAPPA,EMP_000001,BOGOTA D.C.,NO,NO,NO,NO,NO
288903,F,46 a 55 años,Entre 6 y 8 SMLV,ZETA,LAMBDA,PI,XI,EMP_000001,FUSAGASUGA,NO,NO,NO,NO,NO
288953,M,20 a 35 años,Entre 1 y 1.5 SMLV,SIGMA,LAMBDA,TAU,XI,EMP_000001,,NO,NO,NO,NO,NO
289003,M,20 a 35 años,Entre 1 y 1.5 SMLV,SIGMA,LAMBDA,TAU,ETA,EMP_000001,,NO,NO,NO,NO,NO
289053,F,46 a 55 años,Entre 1 y 1.5 SMLV,SIGMA,EPSILON,TAU,XI,EMP_000002,BOGOTA D.C.,NO,NO,NO,NO,NO
289103,M,36 a 45 años,Entre 1 y 1.5 SMLV,SIGMA,LAMBDA,PI,DELTA,EMP_000001,BOGOTA D.C.,NO,NO,NO,NO,NO
289153,M,20 a 35 años,Entre 1 y 1.5 SMLV,SIGMA,LAMBDA,ETA,BETA,EMP_000001,,NO,NO,NO,NO,NO
289203,M,36 a 45 años,Entre 1 y 1.5 SMLV,SIGMA,LAMBDA,PI,BETA,EMP_000001,,NO,NO,NO,NO,NO
289253,M,20 a 35 años,Entre 1 y 1.5 SMLV,SIGMA,LAMBDA,ETA,UPSILON,EMP_000001,,NO,NO,NO,NO,NO
289303,F,36 a 45 años,Entre 1 y 1.5 SMLV,SIGMA,RHO,PI,XI,EMP_000002,BOGOTA D.C.,NO,NO,NO,NO,NO
289353,F,20 a 35 años,Entre 1 y 1.5 SMLV,SIGMA,RHO,TAU,DELTA,EMP_000001,MOSQUERA,NO,NO,NO,NO,NO
289403,M,Mayor de 55 años,Entre 10 y 20 SMLV,ZETA,LAMBDA,PI,DELTA,EMP_000001,,NO,NO,NO,NO,NO
289453,M,20 a 35 años,Entre 1 y 1.5 SMLV,SIGMA,EPSILON,PI,XI,EMP_000002,,NO,NO,NO,NO,NO
289503,M,20 a 35 años,Entre 1 y 1.5 SMLV,SIGMA,EPSILON,TAU,ETA,EMP_000001,BOGOTA D.C.,NO,NO,NO,NO,NO
289553,F,46 a 55 años,Entre 10 y 20 SMLV,ZETA,EPSILON,PI,UPSILON,EMP_000001,BOGOTA D.C.,NO,NO,NO,NO,NO
289603,M,46 a 55 años,Entre 1 y 1.5 SMLV,SIGMA,LAMBDA,PI,OMEGA,EMP_000001,CHIA,NO,NO,NO,NO,NO
289653,F,Mayor de 55 años,Entre 2 y 2.5 SMLV,PI,IOTA,PI,XI,EMP_000002,BOGOTA D.C.,NO,NO,NO,NO,NO
289703,F,20 a 35 años,Entre 1.5 y 2 SMLV,SIGMA,LAMBDA,ETA,UPSILON,EMP_000001,,NO,NO,NO,NO,NO
289753,M,46 a 55 años,Entre 10 y 20 SMLV,ZETA,LAMBDA,PI,XI,EMP_000002,,NO,NO,NO,NO,NO
289803,M,20 a 35 años,Entre 1 y 1.5 SMLV,SIGMA,LAMBDA,ETA,BETA,EMP_000001,,NO,NO,NO,NO,NO
289853,M,20 a 35 años,Entre 1 y 1.5 SMLV,SIGMA,CHI,TAU,DELTA,EMP_000001,,NO,NO,NO,NO,NO
289903,F,36 a 45 años,Entre 4 y 6 SMLV,ZETA,EPSILON,PI,UPSILON,EMP_000001,BOGOTA D.C.,NO,NO,NO,NO,NO
289953,F,36 a 45 años,Entre 4 y 6 SMLV,ZETA,LAMBDA,ETA,UPSILON,EMP_000001,,NO,NO,NO,NO,NO
290003,F,36 a 45 años,Entre 3 y 4 SMLV,PI,LAMBDA,ETA,UPSILON,EMP_000001,BOGOTA D.C.,NO,NO,NO,NO,NO
290053,F,20 a 35 años,Menor al SMLV,SIGMA,RHO,TAU,ETA,EMP_000001,,NO,NO,NO,NO,NO
290103,M,20 a 35 años,Entre 1 y 1.5 SMLV,SIGMA,LAMBDA,ETA,BETA,EMP_000001,,NO,NO,NO,NO,NO
290153,F,Mayor de 55 años,Menor al SMLV,SIGMA,IOTA,TAU,KAPPA,EMP_000001,BOGOTA D.C.,NO,NO,NO,NO,NO
290203,M,Mayor de 55 años,Entre 4 y 6 SMLV,ZETA,LAMBDA,PI,XI,EMP_000002,BOGOTA D.C.,NO,NO,NO,NO,NO
290253,M,46 a 55 años,Entre 1 y 1.5 SMLV,SIGMA,LAMBDA,PI,OMEGA,EMP_000001,,NO,NO,NO,NO,NO
290303,M,46 a 55 años,Entre 1 y 1.5 SMLV,SIGMA,EPSILON,PI,XI,EMP_000002,,NO,NO,NO,NO,NO
290353,M,20 a 35 años,Entre 1.5 y 2 SMLV,SIGMA,LAMBDA,ETA,ETA,EMP_000001,BOGOTA D.C.,NO,NO,NO,NO,NO
290403,M,36 a 45 años,Entre 2.5 y 3 SMLV,PI,RHO,PI,UPSILON,EMP_000001,BOGOTA D.C.,NO,NO,NO,NO,NO
290453,F,46 a 55 años,Entre 1 y 1.5 SMLV,SIGMA,LAMBDA,TAU,ETA,EMP_000001,BOGOTA D.C.,NO,NO,NO,NO,NO
290503,F,20 a 35 años,Menor al SMLV,SIGMA,LAMBDA,TAU,ETA,EMP_000001,,NO,NO,NO,NO,NO
290553,M,20 a 35 años,Entre 1 y 1.5 SMLV,SIGMA,LAMBDA,TAU,OMEGA,EMP_000001,,NO,NO,NO,NO,NO
290603,M,46 a 55 años,Menor al SMLV,SIGMA,LAMBDA,TAU,ETA,EMP_000001,BOGOTA D.C.,NO,NO,NO,NO,NO
290653,F,20 a 35 años,Entre 1.5 y 2 SMLV,SIGMA,LAMBDA,ETA,ETA,EMP_000001,BOGOTA D.C.,NO,NO,NO,NO,NO
290703,M,20 a 35 años,Entre 1 y 1.5 SMLV,SIGMA,CHI,TAU,ETA,EMP_000001,,NO,NO,NO,NO,NO
290753,F,20 a 35 años,Entre 1 y 1.5 SMLV,SIGMA,LAMBDA,TAU,UPSILON,EMP_000001,,NO,NO,NO,NO,NO
290803,M,20 a 35 años,Entre 1 y 1.5 SMLV,SIGMA,LAMBDA,ETA,UPSILON,EMP_000001,BOGOTA D.C.,NO,NO,NO,NO,NO
290853,M,Mayor de 55 años,Entre 2 y 2.5 SMLV,PI,LAMBDA,PI,UPSILON,EMP_000001,,NO,NO,NO,NO,NO
290903,F,20 a 35 años,Entre 1 y 1.5 SMLV,SIGMA,RHO,TAU,UPSILON,EMP_000001,,NO,NO,NO,NO,NO
290953,M,36 a 45 años,Entre 4 y 6 SMLV,ZETA,LAMBDA,PI,XI,EMP_000002,ZIPAQUIRA,NO,NO,NO,NO,NO
291003,F,36 a 45 años,Entre 1 y 1.5 SMLV,SIGMA,RHO,TAU,XI,EMP_000002,,NO,NO,NO,NO,NO
291053,M,36 a 45 años,Entre 1 y 1.5 SMLV,SIGMA,LAMBDA,TAU,ETA,EMP_000001,BOGOTA D.C.,NO,NO,NO,NO,NO
291103,M,Mayor de 55 años,Menor al SMLV,SIGMA,LAMBDA,PI,ETA,EMP_000001,,NO,NO,NO,NO,NO
291153,M,20 a 35 años,Entre 1 y 1.5 SMLV,SIGMA,LAMBDA,TAU,OMEGA,EMP_000001,,NO,NO,NO,NO,NO
291203,F,20 a 35 años,Entre 2 y 2.5 SMLV,PI,RHO,PI,UPSILON,EMP_000001,,NO,NO,NO,NO,NO
291253,M,Mayor de 55 años,Entre 4 y 6 SMLV,ZETA,LAMBDA,PI,UPSILON,EMP_000001,BOGOTA D.C.,NO,NO,NO,NO,NO
291303,M,46 a 55 años,Entre 4 y 6 SMLV,ZETA,LAMBDA,PI,DELTA,EMP_000001,,NO,NO,NO,NO,NO
291353,F,36 a 45 años,Entre 1 y 1.5 SMLV,SIGMA,RHO,TAU,UPSILON,EMP_000001,SOACHA,NO,NO,NO,NO,NO
291403,M,46 a 55 años,Entre 3 y 4 SMLV,PI,LAMBDA,PI,UPSILON,EMP_000001,BOGOTA D.C.,NO,NO,NO,NO,NO
291453,F,36 a 45 años,Entre 1 y 1.5 SMLV,SIGMA,LAMBDA,TAU,XI,EMP_000001,,NO,NO,NO,NO,NO
291503,M,20 a 35 años,Menor al SMLV,SIGMA,LAMBDA,TAU,UPSILON,EMP_000002,BOGOTA D.C.,NO,NO,NO,NO,NO
291553,F,Mayor de 55 años,Entre 1 y 1.5 SMLV,SIGMA,LAMBDA,TAU,KAPPA,EMP_000001,BOGOTA D.C.,NO,NO,NO,NO,NO
291603,F,46 a 55 años,Entre 1 y 1.5 SMLV,SIGMA,RHO,TAU,UPSILON,EMP_000001,,NO,NO,NO,NO,NO
291653,M,20 a 35 años,Entre 1 y 1.5 SMLV,SIGMA,LAMBDA,ETA,ETA,EMP_000001,,NO,NO,NO,NO,NO
291703,M,20 a 35 años,Entre 1 y 1.5 SMLV,SIGMA,EPSILON,TAU,ETA,EMP_000001,,NO,NO,NO,NO,NO
291753,M,20 a 35 años,Entre 1 y 1.5 SMLV,SIGMA,RHO,PI,UPSILON,EMP_000001,,NO,NO,NO,NO,NO
291803,M,36 a 45 años,Entre 10 y 20 SMLV,ZETA,LAMBDA,ETA,XI,EMP_000002,,NO,NO,NO,NO,NO
291853,F,36 a 45 años,Entre 1.5 y 2 SMLV,SIGMA,RHO,PI,UPSILON,EMP_000001,BOGOTA D.C.,NO,NO,NO,NO,NO
291903,M,20 a 35 años,Entre 1 y 1.5 SMLV,SIGMA,RHO,PI,XI,EMP_000001,BOGOTA D.C.,NO,NO,NO,NO,NO
291953,F,36 a 45 años,Entre 8 y 10 SMLV,ZETA,EPSILON,PI,PSI,EMP_000001,BOGOTA D.C.,NO,NO,NO,NO,NO
292003,F,20 a 35 años,Entre 1 y 1.5 SMLV,SIGMA,LAMBDA,ETA,ETA,EMP_000001,,NO,NO,NO,NO,NO
292053,M,46 a 55 años,Entre 8 y 10 SMLV,ZETA,LAMBDA,PI,DELTA,EMP_000001,BOGOTA D.C.,NO,NO,NO,NO,NO
292103,M,46 a 55 años,Entre 1 y 1.5 SMLV,SIGMA,RHO,PI,ETA,EMP_000001,BOGOTA D.C.,NO,NO,NO,NO,NO
292153,M,20 a 35 años,Entre 1 y 1.5 SMLV,SIGMA,LAMBDA,TAU,ETA,EMP_000001,,NO,NO,NO,NO,NO
292203,M,Mayor de 55 años,Entre 1 y 1.5 SMLV,SIGMA,LAMBDA,TAU,KAPPA,EMP_000001,,NO,NO,NO,NO,NO
292253,M,36 a 45 años,Entre 1 y 1.5 SMLV,SIGMA,LAMBDA,ETA,UPSILON,EMP_000001,,NO,NO,NO,NO,NO
292303,M,36 a 45 años,Entre 1.5 y 2 SMLV,SIGMA,RHO,PI,XI,EMP_000001,BOGOTA D.C.,NO,NO,NO,NO,NO
292353,F,20 a 35 años,Entre 1 y 1.5 SMLV,PI,LAMBDA,ETA,BETA,EMP_000001,,NO,NO,NO,NO,NO
292403,M,20 a 35 años,Entre 1 y 1.5 SMLV,SIGMA,LAMBDA,ETA,XI,EMP_000001,,NO,NO,NO,NO,NO
292453,F,36 a 45 años,Entre 1 y 1.5 SMLV,SIGMA,LAMBDA,PI,BETA,EMP_000001,,NO,NO,NO,NO,NO
292503,M,36 a 45 años,Menor al SMLV,SIGMA,RHO,TAU,ETA,EMP_000001,SOACHA,NO,NO,NO,NO,NO
292553,M,20 a 35 años,Entre 2.5 y 3 SMLV,ZETA,LAMBDA,ETA,UPSILON,EMP_000001,,NO,NO,NO,NO,NO
292603,M,20 a 35 años,Entre 1 y 1.5 SMLV,SIGMA,LAMBDA,TAU,ETA,EMP_000001,,NO,NO,NO,NO,NO
292653,F,36 a 45 años,Entre 1 y 1.5 SMLV,SIGMA,EPSILON,TAU,ETA,EMP_000001,BOGOTA D.C.,NO,NO,NO,NO,NO
292703,M,20 a 35 años,,MU,THETA,OMEGA,OMICRON,EMP_000001,,NO,NO,NO,NO,NO
292753,F,20 a 35 años,Entre 1 y 1.5 SMLV,SIGMA,RHO,TAU,DELTA,EMP_000001,,NO,NO,NO,NO,NO
292803,M,20 a 35 años,Entre 2.5 y 3 SMLV,PI,LAMBDA,ETA,ETA,EMP_000001,,NO,NO,NO,NO,NO
292853,F,20 a 35 años,Entre 1 y 1.5 SMLV,SIGMA,RHO,PI,UPSILON,EMP_000001,,NO,NO,NO,NO,NO
292903,F,Mayor de 55 años,Entre 1 y 1.5 SMLV,SIGMA,LAMBDA,TAU,ETA,EMP_000001,BOGOTA D.C.,NO,NO,NO,NO,NO
292953,F,20 a 35 años,Entre 1 y 1.5 SMLV,SIGMA,RHO,TAU,DELTA,EMP_000001,,NO,NO,NO,NO,NO
293003,M,36 a 45 años,Entre 1 y 1.5 SMLV,SIGMA,LAMBDA,TAU,ETA,EMP_000001,BOGOTA D.C.,NO,NO,NO,NO,NO
293053,F,46 a 55 años,Entre 1 y 1.5 SMLV,SIGMA,LAMBDA,TAU,UPSILON,EMP_000001,FACATATIVA,NO,NO,NO,NO,NO
293103,F,Mayor de 55 años,Entre 1.5 y 2 SMLV,SIGMA,LAMBDA,PI,XI,EMP_000001,BOGOTA D.C.,NO,NO,NO,NO,NO
293153,F,46 a 55 años,Entre 1 y 1.5 SMLV,SIGMA,LAMBDA,PI,ETA,EMP_000001,,NO,NO,NO,NO,NO
293203,M,36 a 45 años,Entre 2 y 2.5 SMLV,PI,RHO,PI,UPSILON,EMP_000001,CHIA,NO,NO,NO,NO,NO
293253,F,20 a 35 años,Entre 1 y 1.5 SMLV,SIGMA,LAMBDA,TAU,ETA,EMP_000001,,NO,NO,NO,NO,NO
293303,F,20 a 35 años,Entre 1 y 1.5 SMLV,SIGMA,RHO,TAU,UPSILON,EMP_000001,,NO,NO,NO,NO,NO
293353,F,20 a 35 años,Entre 1 y 1.5 SMLV,SIGMA,LAMBDA,ETA,XI,EMP_000001,,NO,NO,NO,NO,NO
293403,M,36 a 45 años,Entre 1 y 1.5 SMLV,ZETA,RHO,PI,ETA,EMP_000001,,NO,NO,NO,NO,NO
293453,M,46 a 55 años,Entre 1 y 1.5 SMLV,SIGMA,RHO,PI,ETA,EMP_000001,BOGOTA D.C.,NO,NO,NO,NO,NO
293503,M,Mayor de 55 años,Entre 1 y 1.5 SMLV,SIGMA,RHO,TAU,DELTA,EMP_000001,,NO,NO,NO,NO,NO
293553,M,46 a 55 años,Entre 1 y 1.5 SMLV,SIGMA,LAMBDA,TAU,ETA,EMP_000001,,NO,NO,NO,NO,NO
293603,M,20 a 35 años,Menor al SMLV,SIGMA,LAMBDA,TAU,OMEGA,EMP_000001,GIRARDOT,NO,NO,NO,NO,NO
293653,M,36 a 45 años,Entre 1 y 1.5 SMLV,SIGMA,LAMBDA,TAU,ETA,EMP_000001,,NO,NO,NO,NO,NO
293703,F,20 a 35 años,Menor al SMLV,SIGMA,LAMBDA,TAU,UPSILON,EMP_000001,,NO,NO,NO,NO,NO
293753,M,46 a 55 años,Entre 3 y 4 SMLV,PI,RHO,PI,ETA,EMP_000001,,NO,NO,NO,NO,NO
293803,M,36 a 45 años,Entre 6 y 8 SMLV,ZETA,LAMBDA,ETA,XI,EMP_000002,,NO,NO,NO,NO,NO
293853,M,20 a 35 años,Entre 1 y 1.5 SMLV,SIGMA,RHO,TAU,UPSILON,EMP_000001,,NO,NO,NO,NO,NO
293903,M,46 a 55 años,Entre 2 y 2.5 SMLV,PI,LAMBDA,PI,ETA,EMP_000001,BOGOTA D.C.,NO,NO,NO,NO,NO
293953,F,20 a 35 años,Entre 1.5 y 2 SMLV,PI,LAMBDA,ETA,XI,EMP_000002,BOGOTA D.C.,NO,NO,NO,NO,NO
294003,M,20 a 35 años,Entre 1 y 1.5 SMLV,SIGMA,EPSILON,PI,DELTA,EMP_000001,,NO,NO,NO,NO,NO
294053,M,46 a 55 años,Entre 2 y 2.5 SMLV,PI,THETA,PI,OMICRON,EMP_000001,,NO,NO,NO,NO,NO
294103,M,46 a 55 años,Entre 2 y 2.5 SMLV,PI,IOTA,PI,ETA,EMP_000001,BOGOTA D.C.,NO,NO,NO,NO,NO
294153,M,20 a 35 años,Entre 1 y 1.5 SMLV,SIGMA,RHO,TAU,DELTA,EMP_000001,,NO,NO,NO,NO,NO
294203,F,20 a 35 años,Entre 1 y 1.5 SMLV,SIGMA,LAMBDA,ETA,XI,EMP_000002,,NO,NO,NO,NO,NO
294253,M,36 a 45 años,Entre 1 y 1.5 SMLV,SIGMA,EPSILON,TAU,ETA,EMP_000001,BOGOTA D.C.,NO,NO,NO,NO,NO
294303,M,20 a 35 años,Entre 1 y 1.5 SMLV,SIGMA,LAMBDA,ETA,UPSILON,EMP_000001,,NO,NO,NO,NO,NO
294353,M,36 a 45 años,Entre 1 y 1.5 SMLV,SIGMA,RHO,TAU,DELTA,EMP_000001,BOGOTA D.C.,NO,NO,NO,NO,NO
294403,M,20 a 35 años,Entre 1 y 1.5 SMLV,SIGMA,LAMBDA,ETA,XI,EMP_000002,,NO,NO,NO,NO,NO
294453,M,Mayor de 55 años,Entre 1 y 1.5 SMLV,SIGMA,LAMBDA,PI,ETA,EMP_000001,BOGOTA D.C.,NO,NO,NO,NO,NO
294503,M,Mayor de 55 años,Menor al SMLV,SIGMA,IOTA,TAU,ETA,EMP_000001,,NO,NO,NO,NO,NO
294553,F,20 a 35 años,Entre 1 y 1.5 SMLV,SIGMA,RHO,TAU,DELTA,EMP_000001,,NO,NO,NO,NO,NO
294603,M,20 a 35 años,Menor al SMLV,SIGMA,LAMBDA,TAU,UPSILON,EMP_000002,,NO,NO,NO,NO,NO
294653,M,Mayor de 55 años,Entre 1 y 1.5 SMLV,SIGMA,LAMBDA,TAU,ETA,EMP_000001,BOGOTA D.C.,NO,NO,NO,NO,NO
294703,M,20 a 35 años,Entre 1 y 1.5 SMLV,PI,LAMBDA,ETA,DELTA,EMP_000001,BOGOTA D.C.,NO,NO,NO,NO,NO
294753,M,20 a 35 años,Entre 1 y 1.5 SMLV,SIGMA,LAMBDA,TAU,DELTA,EMP_000001,,NO,NO,NO,NO,NO
294803,F,36 a 45 años,Entre 6 y 8 SMLV,ZETA,LAMBDA,PI,DELTA,EMP_000001,,NO,NO,NO,NO,NO
294853,M,20 a 35 años,Entre 1 y 1.5 SMLV,SIGMA,LAMBDA,TAU,DELTA,EMP_000001,,NO,NO,NO,NO,NO
294903,M,Mayor de 55 años,Entre 3 y 4 SMLV,SIGMA,LAMBDA,PI,KAPPA,EMP_000001,BOGOTA D.C.,NO,NO,NO,NO,NO
294953,F,20 a 35 años,Menor al SMLV,SIGMA,EPSILON,TAU,UPSILON,EMP_000001,BOGOTA D.C.,NO,NO,NO,NO,NO
295003,F,20 a 35 años,Entre 2 y 2.5 SMLV,PI,LAMBDA,ETA,ETA,EMP_000001,,NO,NO,NO,NO,NO
295053,M,Mayor de 55 años,Entre 1 y 1.5 SMLV,SIGMA,LAMBDA,TAU,ETA,EMP_000001,BOGOTA D.C.,NO,NO,NO,NO,NO
295103,M,Mayor de 55 años,Entre 1 y 1.5 SMLV,SIGMA,LAMBDA,TAU,UPSILON,EMP_000001,,NO,NO,NO,NO,NO
295153,M,Mayor de 55 años,Entre 2.5 y 3 SMLV,PI,IOTA,PI,DELTA,EMP_000001,ZIPAQUIRA,NO,NO,NO,NO,NO
295203,F,20 a 35 años,,MU,THETA,OMEGA,OMICRON,EMP_000001,,NO,NO,NO,NO,NO
295253,F,36 a 45 años,Entre 1 y 1.5 SMLV,SIGMA,RHO,TAU,DELTA,EMP_000001,BOGOTA D.C.,NO,NO,NO,NO,NO
295303,M,20 a 35 años,Entre 1 y 1.5 SMLV,SIGMA,LAMBDA,TAU,DELTA,EMP_000001,BOGOTA D.C.,NO,NO,NO,NO,NO
295353,M,20 a 35 años,Entre 1 y 1.5 SMLV,SIGMA,LAMBDA,ETA,BETA,EMP_000001,,NO,NO,NO,NO,NO
295403,F,20 a 35 años,Entre 1 y 1.5 SMLV,SIGMA,LAMBDA,TAU,ETA,EMP_000001,BOGOTA D.C.,NO,NO,NO,NO,NO
295453,F,20 a 35 años,Entre 1.5 y 2 SMLV,SIGMA,LAMBDA,ETA,ETA,EMP_000001,BOGOTA D.C.,NO,NO,NO,NO,NO
295503,F,36 a 45 años,Entre 1 y 1.5 SMLV,SIGMA,CHI,TAU,UPSILON,EMP_000001,BOGOTA D.C.,NO,NO,NO,NO,NO
295553,M,Mayor de 55 años,Entre 2.5 y 3 SMLV,PI,IOTA,PI,ETA,EMP_000001,BOGOTA D.C.,NO,NO,NO,NO,NO
295603,F,Mayor de 55 años,Menor al SMLV,SIGMA,LAMBDA,TAU,KAPPA,EMP_000001,BOGOTA D.C.,NO,NO,NO,NO,NO
295653,M,36 a 45 años,Entre 1 y 1.5 SMLV,SIGMA,LAMBDA,TAU,ETA,EMP_000001,,NO,NO,NO,NO,NO
295703,M,20 a 35 años,Entre 1 y 1.5 SMLV,SIGMA,LAMBDA,TAU,UPSILON,EMP_000002,,NO,NO,NO,NO,NO
295753,M,46 a 55 años,Entre 2.5 y 3 SMLV,PI,LAMBDA,PI,DELTA,EMP_000001,,NO,NO,NO,NO,NO
295803,M,46 a 55 años,Entre 1.5 y 2 SMLV,SIGMA,EPSILON,PI,XI,EMP_000002,BOGOTA D.C.,NO,NO,NO,NO,NO
295853,F,20 a 35 años,Entre 1 y 1.5 SMLV,SIGMA,EPSILON,TAU,ETA,EMP_000001,BOGOTA D.C.,NO,NO,NO,NO,NO
295903,F,36 a 45 años,Entre 4 y 6 SMLV,ZETA,RHO,PI,UPSILON,EMP_000001,BOGOTA D.C.,NO,NO,NO,NO,NO
295953,F,36 a 45 años,Entre 6 y 8 SMLV,ZETA,IOTA,PI,XI,EMP_000002,BOGOTA D.C.,NO,NO,NO,NO,NO
296003,M,46 a 55 años,Entre 1 y 1.5 SMLV,SIGMA,EPSILON,TAU,DELTA,EMP_000001,BOGOTA D.C.,NO,NO,NO,NO,NO
296053,M,20 a 35 años,Entre 1 y 1.5 SMLV,SIGMA,RHO,TAU,DELTA,EMP_000001,,NO,NO,NO,NO,NO
296103,M,20 a 35 años,Entre 1 y 1.5 SMLV,SIGMA,LAMBDA,TAU,DELTA,EMP_000001,,NO,NO,NO,NO,NO
296153,F,20 a 35 años,Menor al SMLV,SIGMA,RHO,TAU,ETA,EMP_000001,BOGOTA D.C.,NO,NO,NO,NO,NO
296203,F,20 a 35 años,Entre 1 y 1.5 SMLV,SIGMA,LAMBDA,TAU,XI,EMP_000001,BOGOTA D.C.,NO,NO,NO,NO,NO
296253,M,46 a 55 años,Entre 1 y 1.5 SMLV,SIGMA,LAMBDA,TAU,DELTA,EMP_000001,BOGOTA D.C.,NO,NO,NO,NO,NO
296303,F,Mayor de 55 años,Menor al SMLV,SIGMA,LAMBDA,TAU,KAPPA,EMP_000001,BOGOTA D.C.,NO,NO,NO,NO,NO
296353,F,20 a 35 años,Entre 1 y 1.5 SMLV,SIGMA,RHO,TAU,ETA,EMP_000001,BOGOTA D.C.,NO,NO,NO,NO,NO
296403,M,46 a 55 años,Entre 2 y 2.5 SMLV,PI,EPSILON,PI,ETA,EMP_000001,,NO,NO,NO,NO,NO
296453,F,20 a 35 años,Entre 1 y 1.5 SMLV,SIGMA,LAMBDA,ETA,ETA,EMP_000001,BOGOTA D.C.,NO,NO,NO,NO,NO
296503,F,Mayor de 55 años,Entre 1 y 1.5 SMLV,SIGMA,LAMBDA,TAU,ETA,EMP_000001,,NO,NO,NO,NO,NO
296553,M,Mayor de 55 años,Entre 1 y 1.5 SMLV,SIGMA,IOTA,TAU,KAPPA,EMP_000001,,NO,NO,NO,NO,NO
296603,M,36 a 45 años,Entre 1 y 1.5 SMLV,SIGMA,LAMBDA,ETA,BETA,EMP_000001,,NO,NO,NO,NO,NO
296653,F,46 a 55 años,Entre 3 y 4 SMLV,PI,EPSILON,PI,UPSILON,EMP_000001,BOGOTA D.C.,NO,NO,NO,NO,NO
296703,M,20 a 35 años,Entre 1 y 1.5 SMLV,SIGMA,LAMBDA,ETA,BETA,EMP_000001,,NO,NO,NO,NO,NO
296753,F,36 a 45 años,Entre 2 y 2.5 SMLV,PI,LAMBDA,PI,UPSILON,EMP_000001,BOGOTA D.C.,NO,NO,NO,NO,NO
296803,M,20 a 35 años,Entre 1 y 1.5 SMLV,SIGMA,LAMBDA,TAU,ETA,EMP_000001,,NO,NO,NO,NO,NO
296853,F,20 a 35 años,Entre 1 y 1.5 SMLV,SIGMA,RHO,TAU,OMEGA,EMP_000001,BOGOTA D.C.,NO,NO,NO,NO,NO
296903,F,20 a 35 años,Entre 1.5 y 2 SMLV,SIGMA,LAMBDA,ETA,XI,EMP_000002,MOSQUERA,NO,NO,NO,NO,NO
296953,M,20 a 35 años,Entre 1.5 y 2 SMLV,SIGMA,LAMBDA,ETA,XI,EMP_000002,,NO,NO,NO,NO,NO
297003,F,20 a 35 años,Menor al SMLV,SIGMA,EPSILON,TAU,ETA,EMP_000001,TUNJA,NO,NO,NO,NO,NO
297053,F,36 a 45 años,Entre 1.5 y 2 SMLV,SIGMA,EPSILON,PI,DELTA,EMP_000001,BOGOTA D.C.,NO,NO,NO,NO,NO
297103,F,36 a 45 años,Entre 1 y 1.5 SMLV,SIGMA,LAMBDA,TAU,DELTA,EMP_000001,BOGOTA D.C.,NO,NO,NO,NO,NO
297153,M,20 a 35 años,Entre 1 y 1.5 SMLV,SIGMA,LAMBDA,TAU,DELTA,EMP_000001,,NO,NO,NO,NO,NO
297203,M,20 a 35 años,Entre 3 y 4 SMLV,PI,LAMBDA,ETA,UPSILON,EMP_000001,,NO,NO,NO,NO,NO
297253,F,Mayor de 55 años,Entre 1 y 1.5 SMLV,SIGMA,LAMBDA,TAU,UPSILON,EMP_000001,MADRID,NO,NO,NO,NO,NO
297303,F,Mayor de 55 años,Entre 1 y 1.5 SMLV,SIGMA,LAMBDA,TAU,KAPPA,EMP_000001,BOGOTA D.C.,NO,NO,NO,NO,NO
297353,M,20 a 35 años,Entre 3 y 4 SMLV,PI,LAMBDA,ETA,XI,EMP_000001,BOGOTA D.C.,NO,NO,NO,NO,NO
297403,F,20 a 35 años,Entre 2.5 y 3 SMLV,PI,LAMBDA,ETA,XI,EMP_000001,,NO,NO,NO,NO,NO
297453,F,46 a 55 años,Entre 4 y 6 SMLV,ZETA,IOTA,PI,XI,EMP_000002,BOGOTA D.C.,NO,NO,NO,NO,NO
297503,M,20 a 35 años,Entre 1 y 1.5 SMLV,SIGMA,LAMBDA,TAU,UPSILON,EMP_000001,,NO,NO,NO,NO,NO
297553,F,20 a 35 años,Entre 1 y 1.5 SMLV,SIGMA,RHO,TAU,DELTA,EMP_000001,,NO,NO,NO,NO,NO
297603,F,46 a 55 años,Entre 8 y 10 SMLV,ZETA,LAMBDA,PI,ETA,EMP_000001,,NO,NO,NO,NO,NO
297653,M,20 a 35 años,Entre 1.5 y 2 SMLV,SIGMA,RHO,PI,XI,EMP_000002,BOGOTA D.C.,NO,NO,NO,NO,NO
297703,M,Menor de 19 años,Entre 1 y 1.5 SMLV,SIGMA,LAMBDA,TAU,DELTA,EMP_000001,,NO,NO,NO,NO,NO
297753,M,36 a 45 años,Menor al SMLV,SIGMA,LAMBDA,TAU,ETA,EMP_000001,,NO,NO,NO,NO,NO
297803,M,20 a 35 años,Entre 6 y 8 SMLV,ZETA,LAMBDA,ETA,UPSILON,EMP_000001,BOGOTA D.C.,NO,NO,NO,NO,NO
297853,F,20 a 35 años,Entre 3 y 4 SMLV,PI,LAMBDA,ETA,UPSILON,EMP_000001,,NO,NO,NO,NO,NO
297903,F,Mayor de 55 años,Entre 10 y 20 SMLV,ZETA,LAMBDA,PI,ETA,EMP_000001,CHIA,NO,NO,NO,NO,NO
297953,M,36 a 45 años,Entre 1.5 y 2 SMLV,SIGMA,LAMBDA,PI,ETA,EMP_000001,,NO,NO,NO,NO,NO
298003,M,20 a 35 años,Entre 1 y 1.5 SMLV,SIGMA,LAMBDA,TAU,UPSILON,EMP_000001,,NO,NO,NO,NO,NO
298053,M,Mayor de 55 años,Entre 1 y 1.5 SMLV,SIGMA,LAMBDA,TAU,DELTA,EMP_000001,BOGOTA D.C.,NO,NO,NO,NO,NO
298103,F,20 a 35 años,Entre 1 y 1.5 SMLV,SIGMA,RHO,TAU,ETA,EMP_000001,,NO,NO,NO,NO,NO
298153,M,46 a 55 años,Entre 1 y 1.5 SMLV,SIGMA,LAMBDA,TAU,DELTA,EMP_000001,,NO,NO,NO,NO,NO
298203,F,20 a 35 años,Entre 1 y 1.5 SMLV,SIGMA,LAMBDA,ETA,DELTA,EMP_000001,,NO,NO,NO,NO,NO
298253,F,46 a 55 años,Entre 1.5 y 2 SMLV,SIGMA,LAMBDA,PI,XI,EMP_000002,FUSAGASUGA,NO,NO,NO,NO,NO
298303,M,Mayor de 55 años,Entre 1 y 1.5 SMLV,SIGMA,EPSILON,TAU,ETA,EMP_000001,,NO,NO,NO,NO,NO
298353,M,Mayor de 55 años,Menor al SMLV,SIGMA,LAMBDA,TAU,ETA,EMP_000001,,NO,NO,NO,NO,NO
298403,M,46 a 55 años,Entre 1 y 1.5 SMLV,SIGMA,EPSILON,PI,UPSILON,EMP_000001,SOACHA,NO,NO,NO,NO,NO
298453,F,36 a 45 años,Entre 1 y 1.5 SMLV,SIGMA,LAMBDA,TAU,ETA,EMP_000001,,NO,NO,NO,NO,NO
298503,M,Menor de 19 años,Menor al SMLV,SIGMA,LAMBDA,TAU,ETA,EMP_000001,,NO,NO,NO,NO,NO
298553,M,20 a 35 años,Entre 1 y 1.5 SMLV,SIGMA,RHO,PI,ETA,EMP_000001,BOGOTA D.C.,NO,NO,NO,NO,NO
298603,F,20 a 35 años,Entre 1 y 1.5 SMLV,SIGMA,LAMBDA,TAU,ETA,EMP_000001,,NO,NO,NO,NO,NO
298653,F,Mayor de 55 años,Entre 1.5 y 2 SMLV,SIGMA,IOTA,PI,PSI,EMP_000001,,NO,NO,NO,NO,NO
298703,M,36 a 45 años,Entre 1 y 1.5 SMLV,SIGMA,LAMBDA,TAU,ETA,EMP_000001,,NO,NO,NO,NO,NO
298753,M,20 a 35 años,Entre 1 y 1.5 SMLV,SIGMA,LAMBDA,ETA,XI,EMP_000002,,NO,NO,NO,NO,NO
298803,M,36 a 45 años,Entre 10 y 20 SMLV,ZETA,LAMBDA,ETA,UPSILON,EMP_000001,,NO,NO,NO,NO,NO
298853,M,20 a 35 años,Entre 1 y 1.5 SMLV,SIGMA,LAMBDA,ETA,UPSILON,EMP_000001,,NO,NO,NO,NO,NO
298903,F,46 a 55 años,Entre 1 y 1.5 SMLV,SIGMA,LAMBDA,PI,ETA,EMP_000001,,NO,NO,NO,NO,NO
298953,F,20 a 35 años,Entre 1 y 1.5 SMLV,SIGMA,LAMBDA,TAU,XI,EMP_000001,,NO,NO,NO,NO,NO
299003,F,36 a 45 años,Entre 1 y 1.5 SMLV,SIGMA,RHO,TAU,ETA,EMP_000001,,NO,NO,NO,NO,NO
299053,M,Mayor de 55 años,Entre 1 y 1.5 SMLV,SIGMA,IOTA,PI,ETA,EMP_000001,BOGOTA D.C.,NO,NO,NO,NO,NO
299103,M,20 a 35 años,Entre 1 y 1.5 SMLV,SIGMA,LAMBDA,TAU,UPSILON,EMP_000001,BOGOTA D.C.,NO,NO,NO,NO,NO
299153,M,20 a 35 años,Entre 1 y 1.5 SMLV,SIGMA,LAMBDA,TAU,ETA,EMP_000001,,NO,NO,NO,NO,NO
299203,M,36 a 45 años,Entre 1 y 1.5 SMLV,PI,LAMBDA,TAU,LAMBDA,EMP_000001,,NO,NO,NO,NO,NO
299253,M,Mayor de 55 años,Entre 1 y 1.5 SMLV,SIGMA,IOTA,TAU,ETA,EMP_000001,,NO,NO,NO,NO,NO
299303,M,20 a 35 años,Entre 1 y 1.5 SMLV,SIGMA,LAMBDA,ETA,UPSILON,EMP_000001,,NO,NO,NO,NO,NO
299353,F,36 a 45 años,Entre 1 y 1.5 SMLV,SIGMA,RHO,TAU,UPSILON,EMP_000001,GUADUAS,NO,NO,NO,NO,NO
299403,F,20 a 35 años,Entre 1 y 1.5 SMLV,SIGMA,RHO,TAU,DELTA,EMP_000001,,NO,NO,NO,NO,NO
299453,M,46 a 55 años,Entre 1 y 1.5 SMLV,SIGMA,LAMBDA,PI,ETA,EMP_000001,BOGOTA D.C.,NO,NO,NO,NO,NO
299503,F,20 a 35 años,Menor al SMLV,SIGMA,LAMBDA,TAU,ETA,EMP_000001,BOGOTA D.C.,NO,NO,NO,NO,NO
299553,M,Mayor de 55 años,Menor al SMLV,SIGMA,RHO,TAU,ETA,EMP_000001,,NO,NO,NO,NO,NO
299603,F,46 a 55 años,Entre 1 y 1.5 SMLV,SIGMA,LAMBDA,TAU,OMEGA,EMP_000001,,NO,NO,NO,NO,NO
299653,M,20 a 35 años,Entre 1 y 1.5 SMLV,SIGMA,LAMBDA,ETA,UPSILON,EMP_000001,,NO,NO,NO,NO,NO
299703,F,36 a 45 años,Menor al SMLV,SIGMA,LAMBDA,TAU,ETA,EMP_000001,,NO,NO,NO,NO,NO
299753,M,46 a 55 años,Entre 1 y 1.5 SMLV,SIGMA,RHO,TAU,UPSILON,EMP_000001,,NO,NO,NO,NO,NO
299803,M,20 a 35 años,Entre 1.5 y 2 SMLV,SIGMA,LAMBDA,ETA,XI,EMP_000002,MOSQUERA,NO,NO,NO,NO,NO
299853,F,36 a 45 años,Entre 1 y 1.5 SMLV,SIGMA,LAMBDA,TAU,UPSILON,EMP_000001,,NO,NO,NO,NO,NO
299903,M,36 a 45 años,Entre 1 y 1.5 SMLV,SIGMA,LAMBDA,TAU,UPSILON,EMP_000001,BOGOTA D.C.,NO,NO,NO,NO,NO
299953,M,20 a 35 años,Menor al SMLV,SIGMA,LAMBDA,TAU,ETA,EMP_000001,MOSQUERA,NO,NO,NO,NO,NO
300003,M,20 a 35 años,Entre 6 y 8 SMLV,ZETA,LAMBDA,ETA,UPSILON,EMP_000001,BOGOTA D.C.,NO,NO,NO,NO,NO
300053,F,20 a 35 años,Entre 1 y 1.5 SMLV,SIGMA,RHO,PI,ETA,EMP_000001,BOGOTA D.C.,NO,NO,NO,NO,NO
300103,F,36 a 45 años,Entre 2 y 2.5 SMLV,PI,RHO,PI,PSI,EMP_000001,,NO,NO,NO,NO,NO
300153,M,20 a 35 años,Entre 1 y 1.5 SMLV,SIGMA,LAMBDA,ETA,BETA,EMP_000001,,NO,NO,NO,NO,NO
300203,M,20 a 35 años,Entre 1 y 1.5 SMLV,SIGMA,LAMBDA,TAU,XI,EMP_000002,BOGOTA D.C.,NO,NO,NO,NO,NO
300253,F,20 a 35 años,Entre 1 y 1.5 SMLV,SIGMA,LAMBDA,ETA,DELTA,EMP_000001,,NO,NO,NO,NO,NO
300303,M,20 a 35 años,Entre 1.5 y 2 SMLV,PI,LAMBDA,ETA,ETA,EMP_000001,BOGOTA D.C.,NO,NO,NO,NO,NO
300353,F,36 a 45 años,Entre 1 y 1.5 SMLV,SIGMA,RHO,PI,XI,EMP_000002,BOGOTA D.C.,NO,NO,NO,NO,NO
300403,F,36 a 45 años,Entre 1 y 1.5 SMLV,SIGMA,RHO,PI,DELTA,EMP_000001,BOGOTA D.C.,NO,NO,NO,NO,NO
300453,M,Mayor de 55 años,Entre 1 y 1.5 SMLV,SIGMA,LAMBDA,PI,OMEGA,EMP_000001,BOGOTA D.C.,NO,NO,NO,NO,NO
300503,F,20 a 35 años,Menor al SMLV,SIGMA,RHO,TAU,XI,EMP_000002,,NO,NO,NO,NO,NO
300553,F,Mayor de 55 años,Entre 1 y 1.5 SMLV,SIGMA,LAMBDA,TAU,ETA,EMP_000001,BOGOTA D.C.,NO,NO,NO,NO,NO
300603,M,20 a 35 años,Entre 1 y 1.5 SMLV,SIGMA,LAMBDA,TAU,XI,EMP_000002,,NO,NO,NO,NO,NO
300653,F,20 a 35 años,Entre 3 y 4 SMLV,PI,LAMBDA,ETA,XI,EMP_000002,BOGOTA D.C.,NO,NO,NO,NO,NO
300703,F,20 a 35 años,Entre 1 y 1.5 SMLV,PI,RHO,PI,UPSILON,EMP_000001,,NO,NO,NO,NO,NO
300753,M,20 a 35 años,Entre 1.5 y 2 SMLV,SIGMA,LAMBDA,ETA,ETA,EMP_000001,,NO,NO,NO,NO,NO
300803,M,20 a 35 años,Entre 1 y 1.5 SMLV,SIGMA,LAMBDA,TAU,XI,EMP_000001,,NO,NO,NO,NO,NO
300853,M,20 a 35 años,Entre 1.5 y 2 SMLV,PI,LAMBDA,ETA,UPSILON,EMP_000001,,NO,NO,NO,NO,NO
300903,M,Mayor de 55 años,Entre 1 y 1.5 SMLV,SIGMA,LAMBDA,PI,UPSILON,EMP_000001,,NO,NO,NO,NO,NO
300953,F,36 a 45 años,Menor al SMLV,SIGMA,RHO,TAU,XI,EMP_000002,,NO,NO,NO,NO,NO
301003,M,20 a 35 años,Entre 1.5 y 2 SMLV,SIGMA,LAMBDA,ETA,UPSILON,EMP_000001,,NO,NO,NO,NO,NO
301053,F,36 a 45 años,Entre 1 y 1.5 SMLV,SIGMA,EPSILON,TAU,ETA,EMP_000001,BOGOTA D.C.,NO,NO,NO,NO,NO
301103,F,20 a 35 años,Entre 1 y 1.5 SMLV,SIGMA,LAMBDA,TAU,PSI,EMP_000001,BOGOTA D.C.,NO,NO,NO,NO,NO
301153,M,36 a 45 años,Entre 1 y 1.5 SMLV,SIGMA,LAMBDA,PI,ETA,EMP_000001,,NO,NO,NO,NO,NO
301203,M,20 a 35 años,Menor al SMLV,SIGMA,LAMBDA,TAU,ETA,EMP_000001,,NO,NO,NO,NO,NO
301253,F,20 a 35 años,Entre 8 y 10 SMLV,ZETA,LAMBDA,ETA,ETA,EMP_000001,,NO,NO,NO,NO,NO
301303,F,46 a 55 años,Entre 2.5 y 3 SMLV,PI,LAMBDA,PI,UPSILON,EMP_000001,BOGOTA D.C.,NO,NO,NO,NO,NO
301353,M,36 a 45 años,Entre 1 y 1.5 SMLV,SIGMA,EPSILON,TAU,UPSILON,EMP_000001,MOSQUERA,NO,NO,NO,NO,NO
301403,F,36 a 45 años,Entre 1 y 1.5 SMLV,SIGMA,RHO,TAU,ETA,EMP_000001,,NO,NO,NO,NO,NO
301453,M,46 a 55 años,Entre 3 y 4 SMLV,ZETA,EPSILON,PI,XI,EMP_000002,BOGOTA D.C.,NO,NO,NO,NO,NO
301503,M,20 a 35 años,Entre 1 y 1.5 SMLV,SIGMA,LAMBDA,ETA,UPSILON,EMP_000001,,NO,NO,NO,NO,NO
301553,M,36 a 45 años,Entre 1.5 y 2 SMLV,SIGMA,EPSILON,PI,OMEGA,EMP_000001,,NO,NO,NO,NO,NO
301603,F,36 a 45 años,Entre 4 y 6 SMLV,ZETA,LAMBDA,ETA,ETA,EMP_000001,BOGOTA D.C.,NO,NO,NO,NO,NO
301653,F,20 a 35 años,Entre 1 y 1.5 SMLV,SIGMA,LAMBDA,TAU,ETA,EMP_000001,,NO,NO,NO,NO,NO
301703,M,20 a 35 años,Entre 3 y 4 SMLV,PI,LAMBDA,ETA,ETA,EMP_000001,,NO,NO,NO,NO,NO
301753,F,Mayor de 55 años,Entre 3 y 4 SMLV,PI,RHO,PI,UPSILON,EMP_000001,BOGOTA D.C.,NO,NO,NO,NO,NO
301803,M,36 a 45 años,Entre 10 y 20 SMLV,ZETA,LAMBDA,PI,ETA,EMP_000001,BOGOTA D.C.,NO,NO,NO,NO,NO
301853,F,20 a 35 años,Entre 4 y 6 SMLV,ZETA,THETA,ETA,OMICRON,EMP_000001,,NO,NO,NO,NO,NO
301903,F,20 a 35 años,Entre 1.5 y 2 SMLV,SIGMA,LAMBDA,ETA,DELTA,EMP_000001,,NO,NO,NO,NO,NO
301953,F,20 a 35 años,,MU,THETA,OMEGA,OMICRON,EMP_000001,,NO,NO,NO,NO,NO
302003,F,36 a 45 años,Entre 1 y 1.5 SMLV,SIGMA,RHO,TAU,ETA,EMP_000001,BOGOTA D.C.,NO,NO,NO,NO,NO
302053,F,46 a 55 años,Entre 1 y 1.5 SMLV,SIGMA,LAMBDA,PI,ETA,EMP_000001,BOGOTA D.C.,NO,NO,NO,NO,NO
302103,F,20 a 35 años,Entre 1 y 1.5 SMLV,SIGMA,LAMBDA,TAU,ETA,EMP_000001,,NO,NO,NO,NO,NO
302153,F,20 a 35 años,Menor al SMLV,SIGMA,RHO,TAU,ETA,EMP_000001,,NO,NO,NO,NO,NO
302203,M,20 a 35 años,Menor al SMLV,SIGMA,LAMBDA,TAU,ETA,EMP_000001,,NO,NO,NO,NO,NO
302253,F,46 a 55 años,Entre 1 y 1.5 SMLV,SIGMA,LAMBDA,TAU,ETA,EMP_000001,BOGOTA D.C.,NO,NO,NO,NO,NO
302303,M,20 a 35 años,Entre 1 y 1.5 SMLV,SIGMA,LAMBDA,ETA,DELTA,EMP_000001,,NO,NO,NO,NO,NO
302353,M,20 a 35 años,Entre 1.5 y 2 SMLV,PI,LAMBDA,ETA,XI,EMP_000002,,NO,NO,NO,NO,NO
302403,M,20 a 35 años,Menor al SMLV,SIGMA,LAMBDA,TAU,DELTA,EMP_000001,,NO,NO,NO,NO,NO
302453,F,20 a 35 años,Entre 1 y 1.5 SMLV,SIGMA,RHO,TAU,UPSILON,EMP_000001,BOGOTA D.C.,NO,NO,NO,NO,NO
302503,M,20 a 35 años,Entre 1.5 y 2 SMLV,SIGMA,RHO,PI,XI,EMP_000001,BOGOTA D.C.,NO,NO,NO,NO,NO
302553,F,20 a 35 años,Entre 1 y 1.5 SMLV,SIGMA,LAMBDA,TAU,UPSILON,EMP_000001,,NO,NO,NO,NO,NO
302603,M,20 a 35 años,Entre 2 y 2.5 SMLV,PI,LAMBDA,ETA,DELTA,EMP_000001,,NO,NO,NO,NO,NO
302653,F,46 a 55 años,Entre 1 y 1.5 SMLV,ZETA,RHO,PI,UPSILON,EMP_000001,,NO,NO,NO,NO,NO
302703,M,46 a 55 años,Entre 1 y 1.5 SMLV,SIGMA,IOTA,PI,DELTA,EMP_000001,,NO,NO,NO,NO,NO
302753,M,36 a 45 años,Menor al SMLV,SIGMA,RHO,TAU,ETA,EMP_000001,,NO,NO,NO,NO,NO
302803,F,36 a 45 años,Entre 1 y 1.5 SMLV,SIGMA,RHO,TAU,OMEGA,EMP_000001,,NO,NO,NO,NO,NO
302853,F,46 a 55 años,Entre 1 y 1.5 SMLV,SIGMA,LAMBDA,TAU,ETA,EMP_000001,,NO,NO,NO,NO,NO
302903,M,20 a 35 años,Entre 1 y 1.5 SMLV,SIGMA,LAMBDA,TAU,ETA,EMP_000001,BOGOTA D.C.,NO,NO,NO,NO,NO
302953,F,36 a 45 años,Entre 3 y 4 SMLV,PI,LAMBDA,PI,DELTA,EMP_000001,BOGOTA D.C.,NO,NO,NO,NO,NO
303003,M,20 a 35 años,Entre 1 y 1.5 SMLV,SIGMA,RHO,TAU,ETA,EMP_000001,BOGOTA D.C.,NO,NO,NO,NO,NO
303053,F,36 a 45 años,Entre 1 y 1.5 SMLV,SIGMA,RHO,TAU,ETA,EMP_000001,,NO,NO,NO,NO,NO
303103,M,36 a 45 años,Entre 1 y 1.5 SMLV,SIGMA,EPSILON,TAU,ETA,EMP_000001,,NO,NO,NO,NO,NO
303153,F,46 a 55 años,Entre 1 y 1.5 SMLV,SIGMA,EPSILON,TAU,ETA,EMP_000001,BOGOTA D.C.,NO,NO,NO,NO,NO
303203,F,20 a 35 años,Entre 1 y 1.5 SMLV,SIGMA,RHO,PI,ETA,EMP_000001,,NO,NO,NO,NO,NO
303253,M,20 a 35 años,Entre 1 y 1.5 SMLV,SIGMA,RHO,TAU,XI,EMP_000002,,NO,NO,NO,NO,NO
303303,F,46 a 55 años,Entre 1 y 1.5 SMLV,SIGMA,CHI,TAU,ETA,EMP_000001,,NO,NO,NO,NO,NO
303353,M,36 a 45 años,Entre 2 y 2.5 SMLV,PI,RHO,PI,UPSILON,EMP_000001,ZIPAQUIRA,NO,NO,NO,NO,NO
303403,M,46 a 55 años,Entre 2 y 2.5 SMLV,PI,RHO,PI,XI,EMP_000001,BOGOTA D.C.,NO,NO,NO,NO,NO
303453,M,Mayor de 55 años,Entre 3 y 4 SMLV,SIGMA,IOTA,PI,KAPPA,EMP_000001,BOGOTA D.C.,NO,NO,NO,NO,NO
303503,M,36 a 45 años,Entre 4 y 6 SMLV,ZETA,RHO,PI,XI,EMP_000001,BOGOTA D.C.,NO,NO,NO,NO,NO
303553,M,20 a 35 años,Entre 1 y 1.5 SMLV,SIGMA,LAMBDA,TAU,XI,EMP_000002,,NO,NO,NO,NO,NO
303603,F,20 a 35 años,Entre 1 y 1.5 SMLV,SIGMA,LAMBDA,TAU,XI,EMP_000002,,NO,NO,NO,NO,NO
303653,M,20 a 35 años,Entre 1 y 1.5 SMLV,SIGMA,LAMBDA,TAU,ETA,EMP_000001,,NO,NO,NO,NO,NO
303703,M,20 a 35 años,Entre 1 y 1.5 SMLV,SIGMA,LAMBDA,TAU,UPSILON,EMP_000001,,NO,NO,NO,NO,NO
303753,M,36 a 45 años,Menor al SMLV,SIGMA,RHO,TAU,DELTA,EMP_000001,BOGOTA D.C.,NO,NO,NO,NO,NO
303803,F,20 a 35 años,Entre 1 y 1.5 SMLV,SIGMA,LAMBDA,TAU,UPSILON,EMP_000001,,NO,NO,NO,NO,NO
303853,M,46 a 55 años,Entre 1 y 1.5 SMLV,SIGMA,LAMBDA,TAU,UPSILON,EMP_000002,BOGOTA D.C.,NO,NO,NO,NO,NO
303903,M,36 a 45 años,Entre 10 y 20 SMLV,ZETA,LAMBDA,PI,UPSILON,EMP_000001,,NO,NO,NO,NO,NO
303953,M,20 a 35 años,Entre 1 y 1.5 SMLV,SIGMA,LAMBDA,TAU,UPSILON,EMP_000001,,NO,NO,NO,NO,NO
304003,M,20 a 35 años,Entre 1 y 1.5 SMLV,SIGMA,LAMBDA,ETA,UPSILON,EMP_000001,,NO,NO,NO,NO,NO
304053,F,Mayor de 55 años,Menor al SMLV,SIGMA,LAMBDA,TAU,KAPPA,EMP_000001,,NO,NO,NO,NO,NO
304103,M,46 a 55 años,Entre 2 y 2.5 SMLV,PI,EPSILON,PI,XI,EMP_000002,,NO,NO,NO,NO,NO
304153,M,36 a 45 años,Entre 1 y 1.5 SMLV,SIGMA,LAMBDA,TAU,ETA,EMP_000001,,NO,NO,NO,NO,NO
304203,M,20 a 35 años,Entre 1 y 1.5 SMLV,SIGMA,IOTA,TAU,DELTA,EMP_000001,,NO,NO,NO,NO,NO
304253,M,36 a 45 años,Entre 10 y 20 SMLV,ZETA,LAMBDA,PI,XI,EMP_000002,BOGOTA D.C.,NO,NO,NO,NO,NO
304303,F,Mayor de 55 años,Entre 1.5 y 2 SMLV,SIGMA,LAMBDA,PI,KAPPA,EMP_000001,BOGOTA D.C.,NO,NO,NO,NO,NO
304353,M,20 a 35 años,Entre 1 y 1.5 SMLV,SIGMA,LAMBDA,TAU,DELTA,EMP_000001,,NO,NO,NO,NO,NO
304403,M,20 a 35 años,Entre 1 y 1.5 SMLV,SIGMA,RHO,PI,XI,EMP_000002,,NO,NO,NO,NO,NO
304453,M,20 a 35 años,Entre 1 y 1.5 SMLV,SIGMA,LAMBDA,TAU,ETA,EMP_000001,,NO,NO,NO,NO,NO
304503,F,46 a 55 años,Entre 1 y 1.5 SMLV,SIGMA,LAMBDA,PI,UPSILON,EMP_000001,,NO,NO,NO,NO,NO
304553,F,46 a 55 años,Entre 6 y 8 SMLV,ZETA,LAMBDA,PI,ETA,EMP_000001,,NO,NO,NO,NO,NO
304603,M,46 a 55 años,Entre 1.5 y 2 SMLV,SIGMA,RHO,PI,UPSILON,EMP_000001,,NO,NO,NO,NO,NO
304653,F,20 a 35 años,Entre 1.5 y 2 SMLV,SIGMA,LAMBDA,ETA,UPSILON,EMP_000001,,NO,NO,NO,NO,NO
304703,M,36 a 45 años,Entre 1 y 1.5 SMLV,SIGMA,RHO,TAU,OMEGA,EMP_000001,,NO,NO,NO,NO,NO
304753,F,36 a 45 años,Entre 1 y 1.5 SMLV,SIGMA,RHO,TAU,OMEGA,EMP_000001,FUSAGASUGA,NO,NO,NO,NO,NO
304803,F,46 a 55 años,Entre 1 y 1.5 SMLV,SIGMA,LAMBDA,PI,ETA,EMP_000001,,NO,NO,NO,NO,NO
304853,F,36 a 45 años,Entre 2 y 2.5 SMLV,PI,RHO,PI,XI,EMP_000002,BOGOTA D.C.,NO,NO,NO,NO,NO
304903,F,20 a 35 años,Entre 2 y 2.5 SMLV,PI,RHO,PI,XI,EMP_000002,,NO,NO,NO,NO,NO
304953,F,20 a 35 años,Entre 1 y 1.5 SMLV,SIGMA,EPSILON,PI,ETA,EMP_000001,,NO,NO,NO,NO,NO
305003,M,20 a 35 años,Entre 1 y 1.5 SMLV,SIGMA,LAMBDA,ETA,OMEGA,EMP_000001,,NO,NO,NO,NO,NO
305053,M,20 a 35 años,Menor al SMLV,SIGMA,LAMBDA,TAU,ETA,EMP_000001,BOGOTA D.C.,NO,NO,NO,NO,NO
305103,M,20 a 35 años,Entre 1 y 1.5 SMLV,SIGMA,RHO,TAU,ETA,EMP_000001,BOGOTA D.C.,NO,NO,NO,NO,NO
305153,M,Mayor de 55 años,Entre 1 y 1.5 SMLV,SIGMA,RHO,TAU,UPSILON,EMP_000001,,NO,NO,NO,NO,NO
305203,F,20 a 35 años,Entre 1 y 1.5 SMLV,SIGMA,RHO,PI,ETA,EMP_000001,,NO,NO,NO,NO,NO
305253,M,20 a 35 años,Entre 1 y 1.5 SMLV,SIGMA,LAMBDA,TAU,XI,EMP_000002,,NO,NO,NO,NO,NO
305303,M,36 a 45 años,Entre 4 y 6 SMLV,ZETA,EPSILON,PI,UPSILON,EMP_000001,BOGOTA D.C.,NO,NO,NO,NO,NO
305353,F,20 a 35 años,Entre 2 y 2.5 SMLV,PI,LAMBDA,ETA,XI,EMP_000002,,NO,NO,NO,NO,NO
305403,M,20 a 35 años,Entre 1 y 1.5 SMLV,SIGMA,RHO,TAU,XI,EMP_000001,,NO,NO,NO,NO,NO
305453,M,Mayor de 55 años,Entre 1 y 1.5 SMLV,SIGMA,EPSILON,TAU,ETA,EMP_000001,,NO,NO,NO,NO,NO
305503,M,Mayor de 55 años,Entre 1 y 1.5 SMLV,SIGMA,LAMBDA,TAU,ETA,EMP_000001,,NO,NO,NO,NO,NO
305553,F,20 a 35 años,Entre 1 y 1.5 SMLV,SIGMA,LAMBDA,TAU,XI,EMP_000001,,NO,NO,NO,NO,NO
305603,F,20 a 35 años,Entre 1 y 1.5 SMLV,SIGMA,RHO,TAU,OMEGA,EMP_000001,,NO,NO,NO,NO,NO
305653,F,36 a 45 años,Entre 3 y 4 SMLV,PI,RHO,PI,ETA,EMP_000001,BOGOTA D.C.,NO,NO,NO,NO,NO
305703,F,20 a 35 años,Entre 1.5 y 2 SMLV,SIGMA,IOTA,PI,ETA,EMP_000001,,NO,NO,NO,NO,NO
305753,F,36 a 45 años,,MU,THETA,OMEGA,OMICRON,EMP_000001,,NO,NO,NO,NO,NO
305803,F,Mayor de 55 años,Entre 2 y 2.5 SMLV,PI,LAMBDA,PI,UPSILON,EMP_000001,BOGOTA D.C.,NO,NO,NO,NO,NO
305853,F,Mayor de 55 años,Entre 1.5 y 2 SMLV,SIGMA,LAMBDA,PI,ETA,EMP_000001,BOGOTA D.C.,NO,NO,NO,NO,NO
305903,F,20 a 35 años,Entre 1 y 1.5 SMLV,SIGMA,LAMBDA,ETA,DELTA,EMP_000001,,NO,NO,NO,NO,NO
305953,M,20 a 35 años,Entre 1 y 1.5 SMLV,SIGMA,LAMBDA,TAU,XI,EMP_000001,,NO,NO,NO,NO,NO
306003,F,20 a 35 años,Entre 1 y 1.5 SMLV,SIGMA,LAMBDA,ETA,XI,EMP_000002,,NO,NO,NO,NO,NO
306053,M,20 a 35 años,Entre 1.5 y 2 SMLV,SIGMA,LAMBDA,ETA,UPSILON,EMP_000001,,NO,NO,NO,NO,NO
306103,F,36 a 45 años,Entre 1 y 1.5 SMLV,SIGMA,LAMBDA,TAU,ETA,EMP_000001,,NO,NO,NO,NO,NO
306153,F,46 a 55 años,Entre 1 y 1.5 SMLV,SIGMA,LAMBDA,PI,ETA,EMP_000001,ZIPAQUIRA,NO,NO,NO,NO,NO
306203,F,36 a 45 años,Entre 1 y 1.5 SMLV,SIGMA,LAMBDA,TAU,UPSILON,EMP_000001,BOGOTA D.C.,NO,NO,NO,NO,NO
306253,F,36 a 45 años,Entre 2.5 y 3 SMLV,PI,IOTA,PI,XI,EMP_000002,BOGOTA D.C.,NO,NO,NO,NO,NO
306303,M,36 a 45 años,Entre 1.5 y 2 SMLV,SIGMA,EPSILON,PI,ETA,EMP_000001,FUNZA,NO,NO,NO,NO,NO
306353,M,36 a 45 años,Menor al SMLV,SIGMA,EPSILON,TAU,ETA,EMP_000001,BOGOTA D.C.,NO,NO,NO,NO,NO
306403,F,20 a 35 años,Entre 2 y 2.5 SMLV,PI,LAMBDA,ETA,UPSILON,EMP_000001,,NO,NO,NO,NO,NO
306453,F,20 a 35 años,,MU,THETA,OMEGA,OMICRON,EMP_000001,,NO,NO,NO,NO,NO
306503,M,46 a 55 años,Entre 2.5 y 3 SMLV,PI,EPSILON,PI,XI,EMP_000002,,NO,NO,NO,NO,NO
306553,M,20 a 35 años,Entre 3 y 4 SMLV,PI,LAMBDA,ETA,OMEGA,EMP_000001,BOGOTA D.C.,NO,NO,NO,NO,NO
306603,M,46 a 55 años,Entre 1 y 1.5 SMLV,SIGMA,RHO,TAU,ETA,EMP_000001,CHIA,NO,NO,NO,NO,NO
306653,F,46 a 55 años,Entre 1 y 1.5 SMLV,SIGMA,CHI,PI,XI,EMP_000001,,NO,NO,NO,NO,NO
306703,M,36 a 45 años,Entre 1 y 1.5 SMLV,SIGMA,RHO,TAU,ETA,EMP_000001,BOGOTA D.C.,NO,NO,NO,NO,NO
306753,F,20 a 35 años,Entre 1 y 1.5 SMLV,PI,LAMBDA,ETA,LAMBDA,EMP_000001,BOGOTA D.C.,NO,NO,NO,NO,NO
306803,M,36 a 45 años,Entre 1 y 1.5 SMLV,SIGMA,RHO,TAU,ETA,EMP_000001,BOGOTA D.C.,NO,NO,NO,NO,NO
306853,M,20 a 35 años,Entre 1 y 1.5 SMLV,SIGMA,RHO,PI,ETA,EMP_000001,,NO,NO,NO,NO,NO
306903,M,46 a 55 años,Entre 1 y 1.5 SMLV,SIGMA,LAMBDA,PI,DELTA,EMP_000001,,NO,NO,NO,NO,NO
306953,F,46 a 55 años,Entre 1 y 1.5 SMLV,SIGMA,LAMBDA,TAU,DELTA,EMP_000001,BOGOTA D.C.,NO,NO,NO,NO,NO
307003,M,36 a 45 años,Entre 1 y 1.5 SMLV,SIGMA,LAMBDA,ETA,ETA,EMP_000001,,NO,NO,NO,NO,NO
307053,M,20 a 35 años,Menor al SMLV,SIGMA,LAMBDA,TAU,ETA,EMP_000001,,NO,NO,NO,NO,NO
307103,F,46 a 55 años,Entre 1 y 1.5 SMLV,SIGMA,RHO,TAU,ETA,EMP_000001,BOGOTA D.C.,NO,NO,NO,NO,NO
307153,M,20 a 35 años,Entre 1 y 1.5 SMLV,SIGMA,LAMBDA,TAU,UPSILON,EMP_000001,,NO,NO,NO,NO,NO
307203,M,36 a 45 años,Entre 1 y 1.5 SMLV,SIGMA,CHI,TAU,UPSILON,EMP_000002,,NO,NO,NO,NO,NO
307253,M,20 a 35 años,Menor al SMLV,SIGMA,LAMBDA,TAU,ETA,EMP_000001,SUBACHOQUE,NO,NO,NO,NO,NO
307303,M,20 a 35 años,Entre 1 y 1.5 SMLV,SIGMA,EPSILON,TAU,ETA,EMP_000001,,NO,NO,NO,NO,NO
307353,M,Mayor de 55 años,Menor al SMLV,SIGMA,IOTA,TAU,KAPPA,EMP_000001,BOGOTA D.C.,NO,NO,NO,NO,NO
307403,M,20 a 35 años,Entre 1 y 1.5 SMLV,SIGMA,LAMBDA,ETA,BETA,EMP_000001,,NO,NO,NO,NO,NO
307453,M,36 a 45 años,Entre 1 y 1.5 SMLV,SIGMA,RHO,PI,ETA,EMP_000001,,NO,NO,NO,NO,NO
307503,F,Mayor de 55 años,Entre 1 y 1.5 SMLV,SIGMA,LAMBDA,PI,ETA,EMP_000001,,NO,NO,NO,NO,NO
307553,M,36 a 45 años,Entre 1 y 1.5 SMLV,SIGMA,EPSILON,TAU,UPSILON,EMP_000001,BOGOTA D.C.,NO,NO,NO,NO,NO
307603,M,46 a 55 años,Entre 1 y 1.5 SMLV,SIGMA,EPSILON,TAU,ETA,EMP_000001,BOGOTA D.C.,NO,NO,NO,NO,NO
307653,F,20 a 35 años,Entre 1 y 1.5 SMLV,SIGMA,RHO,PI,UPSILON,EMP_000001,,NO,NO,NO,NO,NO
307703,M,20 a 35 años,Entre 1 y 1.5 SMLV,SIGMA,LAMBDA,TAU,DELTA,EMP_000001,BOGOTA D.C.,NO,NO,NO,NO,NO
307753,M,46 a 55 años,Entre 4 y 6 SMLV,ZETA,EPSILON,PI,XI,EMP_000002,BOGOTA D.C.,NO,NO,NO,NO,NO
307803,M,46 a 55 años,Entre 1 y 1.5 SMLV,SIGMA,LAMBDA,PI,UPSILON,EMP_000001,,NO,NO,NO,NO,NO
307853,F,36 a 45 años,Entre 1 y 1.5 SMLV,SIGMA,RHO,TAU,UPSILON,EMP_000002,,NO,NO,NO,NO,NO
307903,F,20 a 35 años,Entre 1 y 1.5 SMLV,SIGMA,RHO,TAU,ETA,EMP_000001,BOGOTA D.C.,NO,NO,NO,NO,NO
307953,M,36 a 45 años,Entre 1 y 1.5 SMLV,SIGMA,LAMBDA,ETA,BETA,EMP_000001,,NO,NO,NO,NO,NO
308003,M,46 a 55 años,Entre 20 y 30 SMLV,ZETA,EPSILON,XI,UPSILON,EMP_000001,BOGOTA D.C.,NO,NO,NO,NO,NO
308053,M,36 a 45 años,Menor al SMLV,SIGMA,LAMBDA,TAU,ETA,EMP_000001,BOGOTA D.C.,NO,NO,NO,NO,NO
308103,M,36 a 45 años,Entre 1 y 1.5 SMLV,SIGMA,LAMBDA,PI,UPSILON,EMP_000001,,NO,NO,NO,NO,NO
308153,M,20 a 35 años,Entre 1 y 1.5 SMLV,SIGMA,LAMBDA,TAU,ETA,EMP_000001,,NO,NO,NO,NO,NO
308203,M,20 a 35 años,Entre 1 y 1.5 SMLV,SIGMA,LAMBDA,TAU,UPSILON,EMP_000001,,NO,NO,NO,NO,NO
308253,F,46 a 55 años,Entre 1 y 1.5 SMLV,SIGMA,CHI,TAU,ETA,EMP_000001,BOGOTA D.C.,NO,NO,NO,NO,NO
308303,F,20 a 35 años,Entre 1 y 1.5 SMLV,SIGMA,LAMBDA,TAU,UPSILON,EMP_000001,,NO,NO,NO,NO,NO
308353,M,20 a 35 años,Entre 1 y 1.5 SMLV,SIGMA,LAMBDA,TAU,ETA,EMP_000001,BOGOTA D.C.,NO,NO,NO,NO,NO
308403,F,36 a 45 años,Entre 3 y 4 SMLV,PI,RHO,PI,XI,EMP_000002,MADRID,NO,NO,NO,NO,NO
308453,F,46 a 55 años,Entre 1 y 1.5 SMLV,SIGMA,LAMBDA,TAU,DELTA,EMP_000001,,NO,NO,NO,NO,NO
308503,M,20 a 35 años,Entre 1 y 1.5 SMLV,SIGMA,EPSILON,TAU,UPSILON,EMP_000001,BOGOTA D.C.,NO,NO,NO,NO,NO
308553,M,36 a 45 años,Entre 1 y 1.5 SMLV,SIGMA,RHO,TAU,DELTA,EMP_000001,BOGOTA D.C.,NO,NO,NO,NO,NO
308603,M,20 a 35 años,Menor al SMLV,SIGMA,LAMBDA,TAU,ETA,EMP_000001,,NO,NO,NO,NO,NO
308653,F,20 a 35 años,Entre 1 y 1.5 SMLV,SIGMA,LAMBDA,TAU,ETA,EMP_000001,,NO,NO,NO,NO,NO
308703,F,Mayor de 55 años,Entre 1 y 1.5 SMLV,PI,IOTA,TAU,LAMBDA,EMP_000001,,NO,NO,NO,NO,NO
308753,M,36 a 45 años,Entre 1 y 1.5 SMLV,SIGMA,LAMBDA,TAU,UPSILON,EMP_000001,BOGOTA D.C.,NO,NO,NO,NO,NO
308803,M,20 a 35 años,Entre 1 y 1.5 SMLV,SIGMA,LAMBDA,ETA,DELTA,EMP_000001,BOGOTA D.C.,NO,NO,NO,NO,NO
308853,M,20 a 35 años,Entre 1 y 1.5 SMLV,SIGMA,LAMBDA,ETA,ETA,EMP_000001,,NO,NO,NO,NO,NO
308903,M,20 a 35 años,Entre 1 y 1.5 SMLV,SIGMA,LAMBDA,ETA,DELTA,EMP_000001,,NO,NO,NO,NO,NO
308953,M,46 a 55 años,Entre 1 y 1.5 SMLV,SIGMA,RHO,PI,XI,EMP_000002,BOGOTA D.C.,NO,NO,NO,NO,NO
309003,M,20 a 35 años,Entre 1 y 1.5 SMLV,SIGMA,LAMBDA,ETA,XI,EMP_000001,,NO,NO,NO,NO,NO
309053,F,46 a 55 años,Entre 4 y 6 SMLV,ZETA,EPSILON,PI,XI,EMP_000001,,NO,NO,NO,NO,NO
309103,M,20 a 35 años,Entre 1 y 1.5 SMLV,SIGMA,LAMBDA,ETA,BETA,EMP_000001,,NO,NO,NO,NO,NO
309153,M,Mayor de 55 años,Entre 2 y 2.5 SMLV,PI,RHO,PI,DELTA,EMP_000001,,NO,NO,NO,NO,NO
309203,M,Mayor de 55 años,Entre 1 y 1.5 SMLV,SIGMA,CHI,TAU,ETA,EMP_000001,BOGOTA D.C.,NO,NO,NO,NO,NO
309253,F,Menor de 19 años,,MU,THETA,OMEGA,OMICRON,EMP_000001,,NO,NO,NO,NO,NO
309303,M,20 a 35 años,Entre 1 y 1.5 SMLV,SIGMA,LAMBDA,ETA,BETA,EMP_000001,,NO,NO,NO,NO,NO
309353,M,20 a 35 años,Entre 1.5 y 2 SMLV,SIGMA,LAMBDA,ETA,XI,EMP_000002,,NO,NO,NO,NO,NO
309403,M,36 a 45 años,Entre 4 y 6 SMLV,ZETA,EPSILON,PI,XI,EMP_000002,COGUA,NO,NO,NO,NO,NO
309453,F,Menor de 19 años,Entre 1 y 1.5 SMLV,SIGMA,LAMBDA,TAU,XI,EMP_000002,,NO,NO,NO,NO,NO
309503,F,36 a 45 años,Entre 1 y 1.5 SMLV,SIGMA,LAMBDA,ETA,UPSILON,EMP_000001,,NO,NO,NO,NO,NO
309553,M,20 a 35 años,Entre 1 y 1.5 SMLV,SIGMA,LAMBDA,ETA,BETA,EMP_000001,,NO,NO,NO,NO,NO
309603,M,20 a 35 años,Entre 1.5 y 2 SMLV,SIGMA,CHI,PI,DELTA,EMP_000001,SOACHA,NO,NO,NO,NO,NO
309653,M,20 a 35 años,Entre 1 y 1.5 SMLV,SIGMA,LAMBDA,ETA,XI,EMP_000002,,NO,NO,NO,NO,NO
309703,F,20 a 35 años,Entre 1 y 1.5 SMLV,SIGMA,RHO,TAU,ETA,EMP_000001,,NO,NO,NO,NO,NO
309753,F,36 a 45 años,Menor al SMLV,SIGMA,LAMBDA,TAU,XI,EMP_000002,,NO,NO,NO,NO,NO
309803,M,20 a 35 años,Entre 1.5 y 2 SMLV,SIGMA,LAMBDA,ETA,XI,EMP_000002,FACATATIVA,NO,NO,NO,NO,NO
309853,F,20 a 35 años,Entre 1.5 y 2 SMLV,SIGMA,RHO,PI,DELTA,EMP_000001,BOGOTA D.C.,NO,NO,NO,NO,NO
309903,F,Mayor de 55 años,Menor al SMLV,SIGMA,LAMBDA,TAU,OMEGA,EMP_000001,,NO,NO,NO,NO,NO
309953,F,36 a 45 años,Entre 1 y 1.5 SMLV,SIGMA,RHO,TAU,XI,EMP_000002,BOGOTA D.C.,NO,NO,NO,NO,NO
310003,M,20 a 35 años,Entre 1 y 1.5 SMLV,SIGMA,LAMBDA,ETA,BETA,EMP_000001,,NO,NO,NO,NO,NO
310053,M,Menor de 19 años,Entre 1 y 1.5 SMLV,SIGMA,LAMBDA,TAU,UPSILON,EMP_000001,,NO,NO,NO,NO,NO
310103,M,20 a 35 años,Entre 2 y 2.5 SMLV,PI,RHO,PI,XI,EMP_000002,,NO,NO,NO,NO,NO
310153,M,36 a 45 años,Entre 1 y 1.5 SMLV,SIGMA,RHO,TAU,XI,EMP_000002,BOGOTA D.C.,NO,NO,NO,NO,NO
310203,M,Mayor de 55 años,Entre 1 y 1.5 SMLV,SIGMA,IOTA,PI,DELTA,EMP_000001,BOGOTA D.C.,NO,NO,NO,NO,NO
310253,F,Mayor de 55 años,Menor al SMLV,SIGMA,LAMBDA,TAU,ETA,EMP_000001,,NO,NO,NO,NO,NO
310303,F,36 a 45 años,Menor al SMLV,SIGMA,RHO,TAU,DELTA,EMP_000001,BOGOTA D.C.,NO,NO,NO,NO,NO
310353,M,20 a 35 años,Entre 1 y 1.5 SMLV,SIGMA,LAMBDA,ETA,BETA,EMP_000001,,NO,NO,NO,NO,NO
310403,F,46 a 55 años,Entre 1 y 1.5 SMLV,SIGMA,EPSILON,PI,DELTA,EMP_000001,BOGOTA D.C.,NO,NO,NO,NO,NO
310453,F,20 a 35 años,Entre 2 y 2.5 SMLV,PI,LAMBDA,ETA,XI,EMP_000002,,NO,NO,NO,NO,NO
310503,M,20 a 35 años,Entre 4 y 6 SMLV,ZETA,LAMBDA,ETA,UPSILON,EMP_000001,BOGOTA D.C.,NO,NO,NO,NO,NO
310553,F,20 a 35 años,Entre 1 y 1.5 SMLV,PI,LAMBDA,ETA,LAMBDA,EMP_000001,BOGOTA D.C.,NO,NO,NO,NO,NO
310603,F,36 a 45 años,Entre 1 y 1.5 SMLV,SIGMA,EPSILON,TAU,ETA,EMP_000001,BOGOTA D.C.,NO,NO,NO,NO,NO
310653,F,20 a 35 años,Entre 1 y 1.5 SMLV,SIGMA,LAMBDA,ETA,ETA,EMP_000001,,NO,NO,NO,NO,NO
310703,M,Mayor de 55 años,Menor al SMLV,SIGMA,IOTA,TAU,KAPPA,EMP_000001,,NO,NO,NO,NO,NO
310753,M,46 a 55 años,Entre 1 y 1.5 SMLV,SIGMA,RHO,TAU,OMEGA,EMP_000001,BOGOTA D.C.,NO,NO,NO,NO,NO
310803,M,Mayor de 55 años,Entre 1 y 1.5 SMLV,SIGMA,EPSILON,TAU,DELTA,EMP_000001,BOGOTA D.C.,NO,NO,NO,NO,NO
310853,M,20 a 35 años,Entre 1 y 1.5 SMLV,SIGMA,LAMBDA,TAU,ETA,EMP_000001,,NO,NO,NO,NO,NO
310903,M,36 a 45 años,Entre 4 y 6 SMLV,ZETA,RHO,PI,UPSILON,EMP_000001,BOGOTA D.C.,NO,NO,NO,NO,NO
310953,F,46 a 55 años,Entre 6 y 8 SMLV,ZETA,LAMBDA,PI,UPSILON,EMP_000001,BOGOTA D.C.,NO,NO,NO,NO,NO
311003,M,36 a 45 años,Entre 1 y 1.5 SMLV,SIGMA,LAMBDA,PI,BETA,EMP_000001,,NO,NO,NO,NO,NO
311053,M,36 a 45 años,Entre 1 y 1.5 SMLV,SIGMA,LAMBDA,PI,UPSILON,EMP_000001,,NO,NO,NO,NO,NO
311103,M,20 a 35 años,Entre 1 y 1.5 SMLV,SIGMA,LAMBDA,ETA,BETA,EMP_000001,,NO,NO,NO,NO,NO
311153,F,20 a 35 años,Entre 1.5 y 2 SMLV,SIGMA,RHO,PI,PSI,EMP_000001,CAJICA,NO,NO,NO,NO,NO
311203,F,20 a 35 años,Entre 1 y 1.5 SMLV,SIGMA,LAMBDA,TAU,ETA,EMP_000001,,NO,NO,NO,NO,NO
311253,F,20 a 35 años,Entre 1 y 1.5 SMLV,SIGMA,LAMBDA,TAU,ETA,EMP_000001,,NO,NO,NO,NO,NO
311303,F,20 a 35 años,Entre 1 y 1.5 SMLV,SIGMA,LAMBDA,TAU,UPSILON,EMP_000001,MOSQUERA,NO,NO,NO,NO,NO
311353,M,36 a 45 años,Entre 1.5 y 2 SMLV,SIGMA,EPSILON,PI,ETA,EMP_000001,CHIA,NO,NO,NO,NO,NO
311403,M,Mayor de 55 años,Entre 1 y 1.5 SMLV,SIGMA,LAMBDA,TAU,ETA,EMP_000001,,NO,NO,NO,NO,NO
311453,M,46 a 55 años,Entre 1 y 1.5 SMLV,SIGMA,LAMBDA,PI,ETA,EMP_000001,BOGOTA D.C.,NO,NO,NO,NO,NO
311503,F,20 a 35 años,Menor al SMLV,SIGMA,LAMBDA,TAU,UPSILON,EMP_000002,,NO,NO,NO,NO,NO
311553,M,20 a 35 años,Entre 1 y 1.5 SMLV,SIGMA,LAMBDA,ETA,BETA,EMP_000001,,NO,NO,NO,NO,NO
311603,F,46 a 55 años,Entre 4 y 6 SMLV,ZETA,IOTA,PI,XI,EMP_000002,BOGOTA D.C.,NO,NO,NO,NO,NO
311653,M,20 a 35 años,Entre 1 y 1.5 SMLV,SIGMA,LAMBDA,TAU,ETA,EMP_000001,SOPO,NO,NO,NO,NO,NO
311703,M,20 a 35 años,Entre 3 y 4 SMLV,PI,CHI,PI,DELTA,EMP_000001,,NO,NO,NO,NO,NO
311753,M,20 a 35 años,Menor al SMLV,SIGMA,LAMBDA,TAU,OMEGA,EMP_000001,,NO,NO,NO,NO,NO
311803,M,20 a 35 años,Entre 1 y 1.5 SMLV,SIGMA,RHO,TAU,XI,EMP_000002,,NO,NO,NO,NO,NO
311853,M,20 a 35 años,Menor al SMLV,SIGMA,LAMBDA,TAU,OMEGA,EMP_000001,BOGOTA D.C.,NO,NO,NO,NO,NO
311903,M,Mayor de 55 años,Entre 2 y 2.5 SMLV,PI,EPSILON,PI,ETA,EMP_000001,CHIA,NO,NO,NO,NO,NO
311953,F,20 a 35 años,Entre 2.5 y 3 SMLV,PI,LAMBDA,ETA,UPSILON,EMP_000001,,NO,NO,NO,NO,NO
312003,F,20 a 35 años,Entre 1 y 1.5 SMLV,SIGMA,LAMBDA,ETA,ETA,EMP_000001,,NO,NO,NO,NO,NO
312053,M,20 a 35 años,Entre 1 y 1.5 SMLV,SIGMA,EPSILON,TAU,UPSILON,EMP_000001,BOGOTA D.C.,NO,NO,NO,NO,NO
312103,M,20 a 35 años,Entre 6 y 8 SMLV,ZETA,IOTA,PI,XI,EMP_000001,,NO,NO,NO,NO,NO
312153,M,Mayor de 55 años,Entre 1.5 y 2 SMLV,SIGMA,IOTA,PI,ETA,EMP_000001,BOGOTA D.C.,NO,NO,NO,NO,NO
312203,M,46 a 55 años,Entre 6 y 8 SMLV,ZETA,LAMBDA,PI,OMEGA,EMP_000001,BOGOTA D.C.,NO,NO,NO,NO,NO
312253,F,20 a 35 años,Entre 1 y 1.5 SMLV,SIGMA,LAMBDA,ETA,UPSILON,EMP_000001,BOGOTA D.C.,NO,NO,NO,NO,NO
312303,F,46 a 55 años,Entre 1 y 1.5 SMLV,SIGMA,LAMBDA,TAU,ETA,EMP_000001,BOGOTA D.C.,NO,NO,NO,NO,NO
312353,F,20 a 35 años,Entre 1 y 1.5 SMLV,SIGMA,RHO,TAU,DELTA,EMP_000001,FUSAGASUGA,NO,NO,NO,NO,NO
312403,F,20 a 35 años,Entre 3 y 4 SMLV,PI,LAMBDA,ETA,XI,EMP_000002,,NO,NO,NO,NO,NO
312453,M,36 a 45 años,Entre 1 y 1.5 SMLV,SIGMA,LAMBDA,PI,OMEGA,EMP_000001,,NO,NO,NO,NO,NO
312503,M,20 a 35 años,Entre 10 y 20 SMLV,ZETA,LAMBDA,ETA,XI,EMP_000002,,NO,NO,NO,NO,NO
312553,F,20 a 35 años,Entre 1 y 1.5 SMLV,SIGMA,LAMBDA,TAU,XI,EMP_000002,,NO,NO,NO,NO,NO
312603,F,Mayor de 55 años,Entre 1 y 1.5 SMLV,SIGMA,LAMBDA,TAU,ETA,EMP_000001,,NO,NO,NO,NO,NO
312653,M,36 a 45 años,Entre 1 y 1.5 SMLV,SIGMA,LAMBDA,ETA,BETA,EMP_000001,,NO,NO,NO,NO,NO
312703,M,20 a 35 años,Menor al SMLV,SIGMA,LAMBDA,TAU,ETA,EMP_000001,,NO,NO,NO,NO,NO
312753,M,20 a 35 años,Menor al SMLV,SIGMA,LAMBDA,TAU,ETA,EMP_000001,,NO,NO,NO,NO,NO
312803,M,36 a 45 años,Entre 1 y 1.5 SMLV,SIGMA,RHO,TAU,DELTA,EMP_000001,BOGOTA D.C.,NO,NO,NO,NO,NO
312853,F,Mayor de 55 años,Menor al SMLV,SIGMA,LAMBDA,TAU,KAPPA,EMP_000001,BOGOTA D.C.,NO,NO,NO,NO,NO
312903,F,46 a 55 años,Entre 4 y 6 SMLV,ZETA,EPSILON,PI,XI,EMP_000002,BOGOTA D.C.,NO,NO,NO,NO,NO
312953,M,46 a 55 años,Entre 1 y 1.5 SMLV,SIGMA,RHO,TAU,UPSILON,EMP_000001,BOGOTA D.C.,NO,NO,NO,NO,NO
313003,M,20 a 35 años,Entre 1 y 1.5 SMLV,SIGMA,LAMBDA,TAU,OMEGA,EMP_000001,,NO,NO,NO,NO,NO
313053,M,36 a 45 años,Entre 1 y 1.5 SMLV,SIGMA,LAMBDA,TAU,OMEGA,EMP_000001,,NO,NO,NO,NO,NO
313103,F,20 a 35 años,Entre 6 y 8 SMLV,ZETA,LAMBDA,ETA,UPSILON,EMP_000001,,NO,NO,NO,NO,NO
313153,F,20 a 35 años,Entre 1 y 1.5 SMLV,SIGMA,LAMBDA,TAU,ETA,EMP_000001,,NO,NO,NO,NO,NO
313203,F,46 a 55 años,Entre 20 y 30 SMLV,ZETA,RHO,XI,XI,EMP_000001,,NO,NO,NO,NO,NO
313253,M,20 a 35 años,Entre 1 y 1.5 SMLV,SIGMA,LAMBDA,TAU,UPSILON,EMP_000001,MADRID,NO,NO,NO,NO,NO
313303,M,20 a 35 años,Entre 1 y 1.5 SMLV,SIGMA,RHO,TAU,ETA,EMP_000001,,NO,NO,NO,NO,NO
313353,F,20 a 35 años,Entre 1 y 1.5 SMLV,SIGMA,LAMBDA,ETA,ETA,EMP_000001,,NO,NO,NO,NO,NO
313403,M,36 a 45 años,Menor al SMLV,SIGMA,RHO,TAU,ETA,EMP_000001,BOGOTA D.C.,NO,NO,NO,NO,NO
313453,F,20 a 35 años,Entre 1 y 1.5 SMLV,SIGMA,LAMBDA,ETA,XI,EMP_000002,,NO,NO,NO,NO,NO
313503,F,20 a 35 años,Entre 1.5 y 2 SMLV,SIGMA,LAMBDA,ETA,DELTA,EMP_000001,,NO,NO,NO,NO,NO
313553,M,Mayor de 55 años,Entre 1.5 y 2 SMLV,SIGMA,EPSILON,PI,XI,EMP_000002,BOGOTA D.C.,NO,NO,NO,NO,NO
313603,M,20 a 35 años,Entre 1 y 1.5 SMLV,SIGMA,LAMBDA,TAU,XI,EMP_000002,,NO,NO,NO,NO,NO
313653,F,20 a 35 años,Entre 1 y 1.5 SMLV,SIGMA,IOTA,PI,OMEGA,EMP_000001,,NO,NO,NO,NO,NO
313703,F,20 a 35 años,Entre 1 y 1.5 SMLV,SIGMA,RHO,TAU,DELTA,EMP_000001,BOGOTA D.C.,NO,NO,NO,NO,NO
313753,M,36 a 45 años,Entre 1 y 1.5 SMLV,SIGMA,LAMBDA,TAU,ETA,EMP_000001,,NO,NO,NO,NO,NO
313803,F,46 a 55 años,Entre 1 y 1.5 SMLV,SIGMA,LAMBDA,TAU,DELTA,EMP_000001,SUESCA,NO,NO,NO,NO,NO
313853,F,36 a 45 años,Entre 1 y 1.5 SMLV,SIGMA,EPSILON,PI,ETA,EMP_000001,BOGOTA D.C.,NO,NO,NO,NO,NO
313903,M,36 a 45 años,Entre 1 y 1.5 SMLV,SIGMA,LAMBDA,PI,XI,EMP_000002,,NO,NO,NO,NO,NO
313953,M,20 a 35 años,Entre 1 y 1.5 SMLV,SIGMA,EPSILON,PI,ETA,EMP_000001,,NO,NO,NO,NO,NO
314003,F,20 a 35 años,Entre 6 y 8 SMLV,ZETA,LAMBDA,ETA,XI,EMP_000002,,NO,NO,NO,NO,NO
314053,M,20 a 35 años,Menor al SMLV,SIGMA,LAMBDA,TAU,ETA,EMP_000001,,NO,NO,NO,NO,NO
314103,M,46 a 55 años,Entre 2.5 y 3 SMLV,PI,RHO,PI,UPSILON,EMP_000001,BOGOTA D.C.,NO,NO,NO,NO,NO
314153,M,20 a 35 años,Entre 1 y 1.5 SMLV,SIGMA,LAMBDA,ETA,XI,EMP_000002,,NO,NO,NO,NO,NO
314203,M,36 a 45 años,Entre 6 y 8 SMLV,ZETA,LAMBDA,PI,XI,EMP_000001,BOGOTA D.C.,NO,NO,NO,NO,NO
314253,F,Menor de 19 años,Entre 1 y 1.5 SMLV,SIGMA,LAMBDA,TAU,ETA,EMP_000001,,NO,NO,NO,NO,NO
314303,M,20 a 35 años,Entre 1 y 1.5 SMLV,SIGMA,LAMBDA,TAU,ETA,EMP_000001,,NO,NO,NO,NO,NO
314353,M,46 a 55 años,Entre 3 y 4 SMLV,ZETA,IOTA,PI,XI,EMP_000002,BOGOTA D.C.,NO,NO,NO,NO,NO
314403,M,20 a 35 años,Entre 8 y 10 SMLV,ZETA,LAMBDA,ETA,XI,EMP_000002,BOGOTA D.C.,NO,NO,NO,NO,NO
314453,M,36 a 45 años,Entre 1 y 1.5 SMLV,SIGMA,EPSILON,PI,XI,EMP_000002,BOGOTA D.C.,NO,NO,NO,NO,NO
314503,M,20 a 35 años,Menor al SMLV,SIGMA,RHO,TAU,ETA,EMP_000001,GIRARDOT,NO,NO,NO,NO,NO
314553,M,20 a 35 años,Entre 1 y 1.5 SMLV,SIGMA,LAMBDA,ETA,OMEGA,EMP_000001,BOGOTA D.C.,NO,NO,NO,NO,NO
314603,M,20 a 35 años,Entre 3 y 4 SMLV,PI,LAMBDA,ETA,XI,EMP_000002,,NO,NO,NO,NO,NO
314653,F,46 a 55 años,Entre 2 y 2.5 SMLV,PI,IOTA,PI,OMEGA,EMP_000001,BOGOTA D.C.,NO,NO,NO,NO,NO
314703,M,Mayor de 55 años,Entre 4 y 6 SMLV,ZETA,IOTA,PI,XI,EMP_000002,BOGOTA D.C.,NO,NO,NO,NO,NO
314753,M,46 a 55 años,Entre 1 y 1.5 SMLV,SIGMA,LAMBDA,TAU,ETA,EMP_000001,BOGOTA D.C.,NO,NO,NO,NO,NO
314803,M,Mayor de 55 años,Entre 1 y 1.5 SMLV,PI,LAMBDA,PI,LAMBDA,EMP_000001,BOGOTA D.C.,NO,NO,NO,NO,NO
314853,F,46 a 55 años,Entre 2.5 y 3 SMLV,PI,LAMBDA,PI,XI,EMP_000002,BOGOTA D.C.,NO,NO,NO,NO,NO
314903,M,20 a 35 años,Entre 1 y 1.5 SMLV,SIGMA,LAMBDA,ETA,BETA,EMP_000001,,NO,NO,NO,NO,NO
314953,F,20 a 35 años,Entre 1.5 y 2 SMLV,SIGMA,LAMBDA,ETA,UPSILON,EMP_000001,BOGOTA D.C.,NO,NO,NO,NO,NO
315003,M,Mayor de 55 años,Entre 1 y 1.5 SMLV,SIGMA,IOTA,TAU,XI,EMP_000002,SOACHA,NO,NO,NO,NO,NO
315053,F,36 a 45 años,Entre 1 y 1.5 SMLV,SIGMA,RHO,TAU,ETA,EMP_000001,,NO,NO,NO,NO,NO
315103,F,36 a 45 años,Entre 1 y 1.5 SMLV,SIGMA,LAMBDA,TAU,UPSILON,EMP_000001,BOGOTA D.C.,NO,NO,NO,NO,NO
315153,M,46 a 55 años,Menor al SMLV,SIGMA,LAMBDA,TAU,ETA,EMP_000001,,NO,NO,NO,NO,NO
315203,F,20 a 35 años,Entre 1 y 1.5 SMLV,SIGMA,LAMBDA,ETA,BETA,EMP_000001,,NO,NO,NO,NO,NO
315253,F,46 a 55 años,Entre 1 y 1.5 SMLV,SIGMA,LAMBDA,TAU,XI,EMP_000001,BOGOTA D.C.,NO,NO,NO,NO,NO
315303,F,36 a 45 años,Entre 1 y 1.5 SMLV,SIGMA,LAMBDA,TAU,XI,EMP_000002,,NO,NO,NO,NO,NO
315353,M,20 a 35 años,Entre 1 y 1.5 SMLV,SIGMA,LAMBDA,ETA,BETA,EMP_000001,,NO,NO,NO,NO,NO
315403,M,36 a 45 años,Entre 1.5 y 2 SMLV,PI,LAMBDA,PI,ETA,EMP_000001,,NO,NO,NO,NO,NO
315453,M,46 a 55 años,Entre 1 y 1.5 SMLV,SIGMA,LAMBDA,PI,UPSILON,EMP_000001,,NO,NO,NO,NO,NO
315503,F,46 a 55 años,Entre 1 y 1.5 SMLV,SIGMA,RHO,TAU,ETA,EMP_000001,,NO,NO,NO,NO,NO
315553,M,Mayor de 55 años,Menor al SMLV,SIGMA,LAMBDA,TAU,ETA,EMP_000001,,NO,NO,NO,NO,NO
315603,M,36 a 45 años,Entre 1.5 y 2 SMLV,SIGMA,LAMBDA,PI,ETA,EMP_000001,,NO,NO,NO,NO,NO
315653,M,46 a 55 años,Entre 1 y 1.5 SMLV,SIGMA,RHO,PI,ETA,EMP_000001,BOGOTA D.C.,NO,NO,NO,NO,NO
315703,M,36 a 45 años,Entre 1 y 1.5 SMLV,SIGMA,LAMBDA,TAU,DELTA,EMP_000001,,NO,NO,NO,NO,NO
315753,F,Mayor de 55 años,Entre 1.5 y 2 SMLV,PI,LAMBDA,PI,LAMBDA,EMP_000001,BOGOTA D.C.,NO,NO,NO,NO,NO
315803,F,36 a 45 años,Entre 1 y 1.5 SMLV,SIGMA,RHO,TAU,UPSILON,EMP_000001,BOGOTA D.C.,NO,NO,NO,NO,NO
315853,F,20 a 35 años,Entre 1 y 1.5 SMLV,SIGMA,LAMBDA,ETA,BETA,EMP_000001,,NO,NO,NO,NO,NO
315903,M,20 a 35 años,Entre 1 y 1.5 SMLV,SIGMA,RHO,PI,OMEGA,EMP_000001,,NO,NO,NO,NO,NO
315953,F,20 a 35 años,Entre 1 y 1.5 SMLV,SIGMA,LAMBDA,TAU,XI,EMP_000002,,NO,NO,NO,NO,NO
316003,M,Mayor de 55 años,Menor al SMLV,SIGMA,IOTA,TAU,KAPPA,EMP_000001,FUNZA,NO,NO,NO,NO,NO
316053,M,Mayor de 55 años,Entre 1 y 1.5 SMLV,SIGMA,LAMBDA,PI,OMEGA,EMP_000001,,NO,NO,NO,NO,NO
316103,M,36 a 45 años,Entre 1 y 1.5 SMLV,SIGMA,RHO,TAU,ETA,EMP_000001,BOGOTA D.C.,NO,NO,NO,NO,NO
316153,M,20 a 35 años,Entre 1 y 1.5 SMLV,SIGMA,LAMBDA,ETA,BETA,EMP_000001,,NO,NO,NO,NO,NO
316203,M,20 a 35 años,Entre 1 y 1.5 SMLV,SIGMA,LAMBDA,ETA,XI,EMP_000002,,NO,NO,NO,NO,NO
316253,F,20 a 35 años,Entre 1 y 1.5 SMLV,SIGMA,RHO,PI,ETA,EMP_000001,BOGOTA D.C.,NO,NO,NO,NO,NO
316303,F,36 a 45 años,Entre 6 y 8 SMLV,ZETA,LAMBDA,PI,XI,EMP_000001,BOGOTA D.C.,NO,NO,NO,NO,NO
316353,M,Menor de 19 años,Entre 1 y 1.5 SMLV,SIGMA,LAMBDA,TAU,XI,EMP_000002,,NO,NO,NO,NO,NO
316403,F,36 a 45 años,Entre 4 y 6 SMLV,ZETA,CHI,PI,DELTA,EMP_000001,,NO,NO,NO,NO,NO
316453,F,20 a 35 años,Entre 2.5 y 3 SMLV,PI,LAMBDA,ETA,ETA,EMP_000001,,NO,NO,NO,NO,NO
316503,M,36 a 45 años,Entre 1 y 1.5 SMLV,SIGMA,LAMBDA,PI,BETA,EMP_000001,,NO,NO,NO,NO,NO
316553,M,20 a 35 años,Entre 1 y 1.5 SMLV,SIGMA,LAMBDA,ETA,BETA,EMP_000001,,NO,NO,NO,NO,NO
316603,M,20 a 35 años,Entre 1 y 1.5 SMLV,SIGMA,LAMBDA,TAU,XI,EMP_000002,,NO,NO,NO,NO,NO
316653,F,Mayor de 55 años,Entre 3 y 4 SMLV,SIGMA,LAMBDA,PI,KAPPA,EMP_000001,BOGOTA D.C.,NO,NO,NO,NO,NO
316703,M,20 a 35 años,Entre 1 y 1.5 SMLV,SIGMA,LAMBDA,ETA,BETA,EMP_000001,,NO,NO,NO,NO,NO
316753,F,20 a 35 años,Entre 1.5 y 2 SMLV,PI,LAMBDA,ETA,UPSILON,EMP_000001,BOGOTA D.C.,NO,NO,NO,NO,NO
316803,F,Mayor de 55 años,Entre 1 y 1.5 SMLV,SIGMA,RHO,TAU,ETA,EMP_000001,BOGOTA D.C.,NO,NO,NO,NO,NO
316853,F,36 a 45 años,Entre 1 y 1.5 SMLV,SIGMA,RHO,TAU,DELTA,EMP_000001,,NO,NO,NO,NO,NO
316903,M,36 a 45 años,Entre 1 y 1.5 SMLV,SIGMA,EPSILON,TAU,UPSILON,EMP_000001,,NO,NO,NO,NO,NO
316953,F,20 a 35 años,Entre 2 y 2.5 SMLV,PI,LAMBDA,ETA,XI,EMP_000001,,NO,NO,NO,NO,NO
317003,F,20 a 35 años,Entre 1 y 1.5 SMLV,SIGMA,LAMBDA,TAU,ETA,EMP_000001,,NO,NO,NO,NO,NO
317053,F,36 a 45 años,Entre 2 y 2.5 SMLV,PI,LAMBDA,ETA,UPSILON,EMP_000001,,NO,NO,NO,NO,NO
317103,M,36 a 45 años,Entre 1 y 1.5 SMLV,SIGMA,LAMBDA,TAU,XI,EMP_000002,,NO,NO,NO,NO,NO
317153,F,20 a 35 años,Entre 10 y 20 SMLV,ZETA,LAMBDA,ETA,XI,EMP_000002,,NO,NO,NO,NO,NO
317203,M,20 a 35 años,Entre 1 y 1.5 SMLV,SIGMA,LAMBDA,ETA,BETA,EMP_000001,,NO,NO,NO,NO,NO
317253,F,36 a 45 años,Entre 1 y 1.5 SMLV,SIGMA,LAMBDA,TAU,ETA,EMP_000001,BOGOTA D.C.,NO,NO,NO,NO,NO
317303,F,36 a 45 años,Entre 1 y 1.5 SMLV,SIGMA,RHO,PI,DELTA,EMP_000001,BOGOTA D.C.,NO,NO,NO,NO,NO
317353,M,20 a 35 años,Entre 2 y 2.5 SMLV,PI,LAMBDA,ETA,XI,EMP_000001,,NO,NO,NO,NO,NO
317403,M,36 a 45 años,Entre 1 y 1.5 SMLV,SIGMA,RHO,TAU,DELTA,EMP_000001,,NO,NO,NO,NO,NO
317453,M,20 a 35 años,Entre 1 y 1.5 SMLV,SIGMA,LAMBDA,ETA,PSI,EMP_000001,,NO,NO,NO,NO,NO
317503,M,20 a 35 años,Entre 1 y 1.5 SMLV,SIGMA,LAMBDA,TAU,ETA,EMP_000001,,NO,NO,NO,NO,NO
317553,M,20 a 35 años,Entre 1 y 1.5 SMLV,SIGMA,LAMBDA,TAU,XI,EMP_000002,,NO,NO,NO,NO,NO
317603,M,20 a 35 años,Entre 1 y 1.5 SMLV,SIGMA,LAMBDA,ETA,ETA,EMP_000001,BOGOTA D.C.,NO,NO,NO,NO,NO
317653,F,36 a 45 años,Entre 1 y 1.5 SMLV,SIGMA,RHO,TAU,ETA,EMP_000001,BOGOTA D.C.,NO,NO,NO,NO,NO
317703,F,20 a 35 años,Entre 1 y 1.5 SMLV,PI,LAMBDA,ETA,LAMBDA,EMP_000001,BOGOTA D.C.,NO,NO,NO,NO,NO
317753,M,36 a 45 años,Entre 1.5 y 2 SMLV,SIGMA,LAMBDA,ETA,UPSILON,EMP_000001,,NO,NO,NO,NO,NO
317803,M,46 a 55 años,Entre 1 y 1.5 SMLV,SIGMA,LAMBDA,PI,UPSILON,EMP_000001,BOGOTA D.C.,NO,NO,NO,NO,NO
317853,M,36 a 45 años,Entre 1.5 y 2 SMLV,SIGMA,RHO,PI,OMEGA,EMP_000001,ZIPAQUIRA,NO,NO,NO,NO,NO
317903,F,20 a 35 años,Entre 4 y 6 SMLV,ZETA,LAMBDA,ETA,XI,EMP_000001,,NO,NO,NO,NO,NO
317953,M,20 a 35 años,Entre 1 y 1.5 SMLV,SIGMA,LAMBDA,TAU,UPSILON,EMP_000001,,NO,NO,NO,NO,NO
318003,M,20 a 35 años,Entre 1 y 1.5 SMLV,SIGMA,LAMBDA,TAU,ETA,EMP_000001,BOGOTA D.C.,NO,NO,NO,NO,NO
318053,F,20 a 35 años,Entre 1 y 1.5 SMLV,SIGMA,LAMBDA,ETA,BETA,EMP_000001,,NO,NO,NO,NO,NO
318103,M,36 a 45 años,Entre 4 y 6 SMLV,ZETA,LAMBDA,PI,ETA,EMP_000001,BOGOTA D.C.,NO,NO,NO,NO,NO
318153,F,20 a 35 años,Entre 1 y 1.5 SMLV,SIGMA,RHO,TAU,XI,EMP_000002,,NO,NO,NO,NO,NO
318203,F,36 a 45 años,Entre 2 y 2.5 SMLV,PI,CHI,PI,ETA,EMP_000001,,NO,NO,NO,NO,NO
318253,M,36 a 45 años,Entre 1 y 1.5 SMLV,SIGMA,RHO,TAU,ETA,EMP_000001,BOGOTA D.C.,NO,NO,NO,NO,NO
318303,M,36 a 45 años,Entre 1 y 1.5 SMLV,SIGMA,LAMBDA,ETA,BETA,EMP_000001,,NO,NO,NO,NO,NO
318353,F,20 a 35 años,Entre 1.5 y 2 SMLV,SIGMA,LAMBDA,ETA,XI,EMP_000002,,NO,NO,NO,NO,NO
318403,M,20 a 35 años,Entre 1 y 1.5 SMLV,SIGMA,LAMBDA,TAU,XI,EMP_000002,,NO,NO,NO,NO,NO
318453,F,36 a 45 años,Entre 1 y 1.5 SMLV,SIGMA,LAMBDA,TAU,UPSILON,EMP_000001,,NO,NO,NO,NO,NO
318503,F,Mayor de 55 años,Entre 3 y 4 SMLV,PI,IOTA,PI,XI,EMP_000002,BOGOTA D.C.,NO,NO,NO,NO,NO
318553,M,20 a 35 años,Entre 1 y 1.5 SMLV,SIGMA,LAMBDA,TAU,ETA,EMP_000001,,NO,NO,NO,NO,NO
318603,M,46 a 55 años,Entre 1 y 1.5 SMLV,SIGMA,IOTA,TAU,XI,EMP_000002,BOGOTA D.C.,NO,NO,NO,NO,NO
318653,F,20 a 35 años,Entre 1 y 1.5 SMLV,SIGMA,RHO,TAU,XI,EMP_000002,,NO,NO,NO,NO,NO
318703,M,20 a 35 años,Entre 1 y 1.5 SMLV,SIGMA,LAMBDA,ETA,BETA,EMP_000001,,NO,NO,NO,NO,NO
318753,F,20 a 35 años,Entre 2.5 y 3 SMLV,PI,LAMBDA,ETA,XI,EMP_000002,,NO,NO,NO,NO,NO
318803,M,20 a 35 años,Menor al SMLV,SIGMA,LAMBDA,TAU,ETA,EMP_000001,,NO,NO,NO,NO,NO
318853,F,46 a 55 años,Entre 10 y 20 SMLV,ZETA,IOTA,PI,XI,EMP_000002,BOGOTA D.C.,NO,NO,NO,NO,NO
318903,M,36 a 45 años,Entre 3 y 4 SMLV,PI,EPSILON,PI,XI,EMP_000002,BOGOTA D.C.,NO,NO,NO,NO,NO
318953,M,20 a 35 años,Entre 1 y 1.5 SMLV,SIGMA,RHO,TAU,ETA,EMP_000001,BOGOTA D.C.,NO,NO,NO,NO,NO
319003,M,20 a 35 años,Menor al SMLV,SIGMA,LAMBDA,TAU,ETA,EMP_000001,BOGOTA D.C.,NO,NO,NO,NO,NO
319053,M,46 a 55 años,Menor al SMLV,SIGMA,RHO,TAU,OMEGA,EMP_000001,SOACHA,NO,NO,NO,NO,NO
319103,F,Mayor de 55 años,Menor al SMLV,SIGMA,LAMBDA,TAU,KAPPA,EMP_000001,BOGOTA D.C.,NO,NO,NO,NO,NO
319153,M,36 a 45 años,Entre 1 y 1.5 SMLV,SIGMA,EPSILON,TAU,ETA,EMP_000001,VILLETA,NO,NO,NO,NO,NO
319203,M,36 a 45 años,Entre 1 y 1.5 SMLV,SIGMA,LAMBDA,TAU,DELTA,EMP_000001,,NO,NO,NO,NO,NO
319253,F,Menor de 19 años,Entre 1 y 1.5 SMLV,SIGMA,LAMBDA,TAU,UPSILON,EMP_000002,,NO,NO,NO,NO,NO
319303,F,46 a 55 años,Entre 1 y 1.5 SMLV,SIGMA,LAMBDA,PI,DELTA,EMP_000001,BOGOTA D.C.,NO,NO,NO,NO,NO
319353,M,20 a 35 años,Entre 1 y 1.5 SMLV,SIGMA,LAMBDA,ETA,BETA,EMP_000001,,NO,NO,NO,NO,NO
319403,F,20 a 35 años,Entre 2.5 y 3 SMLV,PI,LAMBDA,ETA,ETA,EMP_000001,CHIA,NO,NO,NO,NO,NO
319453,F,46 a 55 años,Entre 1 y 1.5 SMLV,SIGMA,IOTA,TAU,ETA,EMP_000001,,NO,NO,NO,NO,NO
319503,M,20 a 35 años,Entre 1 y 1.5 SMLV,SIGMA,LAMBDA,TAU,UPSILON,EMP_000001,BOGOTA D.C.,NO,NO,NO,NO,NO
319553,F,46 a 55 años,Entre 1 y 1.5 SMLV,SIGMA,LAMBDA,TAU,OMEGA,EMP_000001,,NO,NO,NO,NO,NO
319603,F,Mayor de 55 años,Entre 2 y 2.5 SMLV,SIGMA,LAMBDA,PI,KAPPA,EMP_000001,,NO,NO,NO,NO,NO
319653,F,Mayor de 55 años,Entre 1 y 1.5 SMLV,SIGMA,LAMBDA,PI,ETA,EMP_000001,BOGOTA D.C.,NO,NO,NO,NO,NO
319703,M,20 a 35 años,Entre 1 y 1.5 SMLV,SIGMA,CHI,TAU,DELTA,EMP_000001,,NO,NO,NO,NO,NO
319753,F,20 a 35 años,Entre 1.5 y 2 SMLV,SIGMA,LAMBDA,ETA,ETA,EMP_000001,,NO,NO,NO,NO,NO
319803,M,Mayor de 55 años,Entre 1 y 1.5 SMLV,SIGMA,LAMBDA,TAU,ETA,EMP_000001,,NO,NO,NO,NO,NO
319853,M,20 a 35 años,Entre 1 y 1.5 SMLV,SIGMA,IOTA,TAU,OMEGA,EMP_000001,BOGOTA D.C.,NO,NO,NO,NO,NO
319903,F,36 a 45 años,Menor al SMLV,SIGMA,RHO,TAU,UPSILON,EMP_000001,,NO,NO,NO,NO,NO
319953,M,20 a 35 años,Entre 1 y 1.5 SMLV,SIGMA,LAMBDA,ETA,BETA,EMP_000001,,NO,NO,NO,NO,NO
320003,M,20 a 35 años,Entre 1 y 1.5 SMLV,SIGMA,EPSILON,TAU,ETA,EMP_000001,,NO,NO,NO,NO,NO
320053,M,20 a 35 años,Entre 1 y 1.5 SMLV,SIGMA,LAMBDA,TAU,UPSILON,EMP_000001,BOGOTA D.C.,NO,NO,NO,NO,NO
320103,M,36 a 45 años,Entre 1.5 y 2 SMLV,SIGMA,RHO,PI,UPSILON,EMP_000001,BOGOTA D.C.,NO,NO,NO,NO,NO
320153,M,46 a 55 años,Entre 4 y 6 SMLV,ZETA,LAMBDA,PI,UPSILON,EMP_000001,BOGOTA D.C.,NO,NO,NO,NO,NO
320203,M,46 a 55 años,Entre 20 y 30 SMLV,ZETA,LAMBDA,XI,XI,EMP_000002,,NO,NO,NO,NO,NO
320253,F,Mayor de 55 años,Entre 3 y 4 SMLV,SIGMA,LAMBDA,PI,KAPPA,EMP_000001,BOGOTA D.C.,NO,NO,NO,NO,NO
320303,M,Mayor de 55 años,Entre 2.5 y 3 SMLV,PI,LAMBDA,PI,XI,EMP_000002,BOGOTA D.C.,NO,NO,NO,NO,NO
320353,M,36 a 45 años,Entre 3 y 4 SMLV,PI,EPSILON,PI,XI,EMP_000002,BOGOTA D.C.,NO,NO,NO,NO,NO
320403,M,20 a 35 años,Entre 1 y 1.5 SMLV,SIGMA,LAMBDA,TAU,UPSILON,EMP_000001,,NO,NO,NO,NO,NO
320453,M,36 a 45 años,Entre 4 y 6 SMLV,ZETA,LAMBDA,PI,DELTA,EMP_000001,,NO,NO,NO,NO,NO
320503,M,46 a 55 años,Entre 1 y 1.5 SMLV,SIGMA,IOTA,TAU,UPSILON,EMP_000001,BOGOTA D.C.,NO,NO,NO,NO,NO
320553,F,46 a 55 años,Entre 1 y 1.5 SMLV,SIGMA,LAMBDA,TAU,UPSILON,EMP_000001,,NO,NO,NO,NO,NO
320603,M,36 a 45 años,Entre 2 y 2.5 SMLV,PI,EPSILON,PI,ETA,EMP_000001,GRANADA,NO,NO,NO,NO,NO
320653,M,20 a 35 años,Menor al SMLV,SIGMA,LAMBDA,TAU,XI,EMP_000002,,NO,NO,NO,NO,NO
320703,M,Mayor de 55 años,Entre 1 y 1.5 SMLV,SIGMA,IOTA,PI,UPSILON,EMP_000001,,NO,NO,NO,NO,NO
320753,F,46 a 55 años,Entre 1 y 1.5 SMLV,SIGMA,IOTA,TAU,ETA,EMP_000001,BOGOTA D.C.,NO,NO,NO,NO,NO
320803,M,20 a 35 años,Entre 1 y 1.5 SMLV,SIGMA,RHO,TAU,DELTA,EMP_000001,,NO,NO,NO,NO,NO
320853,M,46 a 55 años,Entre 1 y 1.5 SMLV,SIGMA,LAMBDA,TAU,DELTA,EMP_000001,,NO,NO,NO,NO,NO
320903,M,46 a 55 años,Entre 6 y 8 SMLV,ZETA,LAMBDA,PI,XI,EMP_000002,,NO,NO,NO,NO,NO
320953,M,20 a 35 años,Entre 1 y 1.5 SMLV,SIGMA,LAMBDA,ETA,BETA,EMP_000001,,NO,NO,NO,NO,NO
321003,M,20 a 35 años,Entre 1 y 1.5 SMLV,SIGMA,LAMBDA,ETA,UPSILON,EMP_000001,,NO,NO,NO,NO,NO
321053,M,20 a 35 años,Entre 1 y 1.5 SMLV,SIGMA,LAMBDA,ETA,BETA,EMP_000001,,NO,NO,NO,NO,NO
321103,M,36 a 45 años,Menor al SMLV,SIGMA,LAMBDA,TAU,ETA,EMP_000001,,NO,NO,NO,NO,NO
321153,M,36 a 45 años,Entre 1 y 1.5 SMLV,SIGMA,LAMBDA,ETA,BETA,EMP_000001,,NO,NO,NO,NO,NO
321203,M,20 a 35 años,Menor al SMLV,SIGMA,LAMBDA,TAU,ETA,EMP_000001,,NO,NO,NO,NO,NO
321253,F,46 a 55 años,Entre 1 y 1.5 SMLV,SIGMA,RHO,TAU,ETA,EMP_000001,,NO,NO,NO,NO,NO
321303,M,20 a 35 años,Entre 3 y 4 SMLV,PI,LAMBDA,ETA,UPSILON,EMP_000001,BOGOTA D.C.,NO,NO,NO,NO,NO
321353,M,Mayor de 55 años,Entre 1 y 1.5 SMLV,SIGMA,IOTA,TAU,ETA,EMP_000001,BOGOTA D.C.,NO,NO,NO,NO,NO
321403,F,20 a 35 años,Entre 1 y 1.5 SMLV,SIGMA,RHO,TAU,UPSILON,EMP_000001,SOACHA,NO,NO,NO,NO,NO
321453,F,20 a 35 años,Entre 1 y 1.5 SMLV,SIGMA,LAMBDA,ETA,XI,EMP_000002,BOGOTA D.C.,NO,NO,NO,NO,NO
321503,M,36 a 45 años,Entre 1 y 1.5 SMLV,SIGMA,LAMBDA,ETA,BETA,EMP_000001,,NO,NO,NO,NO,NO
321553,F,46 a 55 años,Entre 1 y 1.5 SMLV,SIGMA,RHO,TAU,ETA,EMP_000001,BOGOTA D.C.,NO,NO,NO,NO,NO
321603,M,36 a 45 años,Entre 1 y 1.5 SMLV,SIGMA,LAMBDA,TAU,ETA,EMP_000001,,NO,NO,NO,NO,NO
321653,M,20 a 35 años,Entre 1.5 y 2 SMLV,SIGMA,EPSILON,PI,ETA,EMP_000001,BOGOTA D.C.,NO,NO,NO,NO,NO
321703,F,20 a 35 años,Entre 1 y 1.5 SMLV,SIGMA,LAMBDA,TAU,XI,EMP_000002,BOGOTA D.C.,NO,NO,NO,NO,NO
321753,F,20 a 35 años,Entre 1 y 1.5 SMLV,SIGMA,LAMBDA,ETA,DELTA,EMP_000001,BOGOTA D.C.,NO,NO,NO,NO,NO
321803,M,20 a 35 años,Entre 1 y 1.5 SMLV,SIGMA,LAMBDA,ETA,BETA,EMP_000001,,NO,NO,NO,NO,NO
321853,M,20 a 35 años,Entre 1 y 1.5 SMLV,SIGMA,RHO,TAU,DELTA,EMP_000001,,NO,NO,NO,NO,NO
321903,M,46 a 55 años,Entre 2.5 y 3 SMLV,PI,EPSILON,PI,XI,EMP_000002,BOGOTA D.C.,NO,NO,NO,NO,NO
321953,M,20 a 35 años,Menor al SMLV,SIGMA,LAMBDA,TAU,ETA,EMP_000001,,NO,NO,NO,NO,NO
322003,M,20 a 35 años,Entre 1.5 y 2 SMLV,SIGMA,LAMBDA,ETA,UPSILON,EMP_000001,,NO,NO,NO,NO,NO
322053,M,Menor de 19 años,Entre 1 y 1.5 SMLV,SIGMA,LAMBDA,TAU,UPSILON,EMP_000001,,NO,NO,NO,NO,NO
322103,F,36 a 45 años,Menor al SMLV,SIGMA,RHO,TAU,ETA,EMP_000001,BOGOTA D.C.,NO,NO,NO,NO,NO
322153,F,36 a 45 años,Entre 1 y 1.5 SMLV,SIGMA,RHO,TAU,ETA,EMP_000001,,NO,NO,NO,NO,NO
322203,M,20 a 35 años,Entre 1 y 1.5 SMLV,SIGMA,LAMBDA,ETA,UPSILON,EMP_000001,BOGOTA D.C.,NO,NO,NO,NO,NO
322253,F,20 a 35 años,Entre 1 y 1.5 SMLV,SIGMA,LAMBDA,TAU,XI,EMP_000001,,NO,NO,NO,NO,NO
322303,F,36 a 45 años,Entre 2.5 y 3 SMLV,PI,CHI,PI,XI,EMP_000002,BOGOTA D.C.,NO,NO,NO,NO,NO
322353,M,20 a 35 años,Entre 1 y 1.5 SMLV,SIGMA,RHO,TAU,ETA,EMP_000001,,NO,NO,NO,NO,NO
322403,M,20 a 35 años,Entre 1 y 1.5 SMLV,SIGMA,RHO,TAU,UPSILON,EMP_000001,FUNZA,NO,NO,NO,NO,NO
322453,F,Mayor de 55 años,Entre 1 y 1.5 SMLV,SIGMA,LAMBDA,PI,KAPPA,EMP_000001,BOGOTA D.C.,NO,NO,NO,NO,NO
322503,M,20 a 35 años,Entre 1 y 1.5 SMLV,SIGMA,LAMBDA,ETA,UPSILON,EMP_000001,,NO,NO,NO,NO,NO
322553,F,Mayor de 55 años,Entre 2.5 y 3 SMLV,SIGMA,LAMBDA,PI,KAPPA,EMP_000001,,NO,NO,NO,NO,NO
322603,M,20 a 35 años,Entre 1 y 1.5 SMLV,SIGMA,LAMBDA,TAU,ETA,EMP_000001,,NO,NO,NO,NO,NO
322653,F,20 a 35 años,Entre 1 y 1.5 SMLV,SIGMA,LAMBDA,TAU,UPSILON,EMP_000001,,NO,NO,NO,NO,NO
322703,M,36 a 45 años,Entre 1 y 1.5 SMLV,SIGMA,EPSILON,TAU,ETA,EMP_000001,,NO,NO,NO,NO,NO
322753,M,20 a 35 años,Menor al SMLV,SIGMA,RHO,TAU,OMEGA,EMP_000001,BOGOTA D.C.,NO,NO,NO,NO,NO
322803,F,20 a 35 años,Entre 2.5 y 3 SMLV,PI,LAMBDA,ETA,XI,EMP_000002,,NO,NO,NO,NO,NO
322853,M,20 a 35 años,Entre 2.5 y 3 SMLV,PI,LAMBDA,ETA,XI,EMP_000002,,NO,NO,NO,NO,NO
322903,M,20 a 35 años,Entre 2 y 2.5 SMLV,PI,LAMBDA,ETA,UPSILON,EMP_000001,BOGOTA D.C.,NO,NO,NO,NO,NO
322953,M,20 a 35 años,Entre 4 y 6 SMLV,ZETA,LAMBDA,ETA,UPSILON,EMP_000001,BOGOTA D.C.,NO,NO,NO,NO,NO
323003,M,Mayor de 55 años,Entre 1.5 y 2 SMLV,SIGMA,LAMBDA,PI,DELTA,EMP_000001,BOGOTA D.C.,NO,NO,NO,NO,NO
323053,M,46 a 55 años,Entre 1 y 1.5 SMLV,SIGMA,RHO,TAU,ETA,EMP_000001,,NO,NO,NO,NO,NO
323103,M,46 a 55 años,Entre 1 y 1.5 SMLV,SIGMA,LAMBDA,TAU,KAPPA,EMP_000001,,NO,NO,NO,NO,NO
323153,F,36 a 45 años,Entre 1 y 1.5 SMLV,SIGMA,RHO,PI,XI,EMP_000002,,NO,NO,NO,NO,NO
323203,M,20 a 35 años,Entre 1 y 1.5 SMLV,SIGMA,LAMBDA,ETA,BETA,EMP_000001,,NO,NO,NO,NO,NO
323253,M,Mayor de 55 años,Entre 1 y 1.5 SMLV,SIGMA,EPSILON,TAU,OMEGA,EMP_000001,BOGOTA D.C.,NO,NO,NO,NO,NO
323303,M,20 a 35 años,Entre 1.5 y 2 SMLV,SIGMA,LAMBDA,ETA,UPSILON,EMP_000001,,NO,NO,NO,NO,NO
323353,F,20 a 35 años,Entre 1.5 y 2 SMLV,SIGMA,LAMBDA,ETA,XI,EMP_000002,,NO,NO,NO,NO,NO
323403,M,46 a 55 años,Entre 1 y 1.5 SMLV,SIGMA,RHO,TAU,XI,EMP_000002,,NO,NO,NO,NO,NO
323453,M,36 a 45 años,Entre 1 y 1.5 SMLV,SIGMA,RHO,PI,UPSILON,EMP_000001,BOGOTA D.C.,NO,NO,NO,NO,NO
323503,M,Mayor de 55 años,Entre 2 y 2.5 SMLV,PI,EPSILON,PI,XI,EMP_000002,BOGOTA D.C.,NO,NO,NO,NO,NO
323553,M,36 a 45 años,Entre 2.5 y 3 SMLV,PI,LAMBDA,ETA,ETA,EMP_000001,,NO,NO,NO,NO,NO
323603,M,Mayor de 55 años,Entre 1 y 1.5 SMLV,SIGMA,LAMBDA,TAU,KAPPA,EMP_000001,BOGOTA D.C.,NO,NO,NO,NO,NO
323653,F,Mayor de 55 años,Menor al SMLV,SIGMA,LAMBDA,TAU,KAPPA,EMP_000001,BOGOTA D.C.,NO,NO,NO,NO,NO
323703,M,46 a 55 años,Menor al SMLV,SIGMA,LAMBDA,TAU,ETA,EMP_000001,BOGOTA D.C.,NO,NO,NO,NO,NO
323753,M,46 a 55 años,Menor al SMLV,SIGMA,EPSILON,TAU,ETA,EMP_000001,,NO,NO,NO,NO,NO
323803,F,Mayor de 55 años,Entre 1 y 1.5 SMLV,SIGMA,LAMBDA,TAU,ETA,EMP_000001,BOGOTA D.C.,NO,NO,NO,NO,NO
323853,M,20 a 35 años,Entre 1 y 1.5 SMLV,SIGMA,RHO,TAU,ETA,EMP_000001,MEDELLIN,NO,NO,NO,NO,NO
323903,F,Menor de 19 años,Entre 1 y 1.5 SMLV,SIGMA,LAMBDA,TAU,ETA,EMP_000001,,NO,NO,NO,NO,NO
323953,M,36 a 45 años,Entre 1 y 1.5 SMLV,SIGMA,IOTA,PI,UPSILON,EMP_000001,SOACHA,NO,NO,NO,NO,NO
324003,M,36 a 45 años,Entre 1 y 1.5 SMLV,SIGMA,EPSILON,TAU,DELTA,EMP_000001,CHIA,NO,NO,NO,NO,NO
324053,F,36 a 45 años,Entre 4 y 6 SMLV,ZETA,EPSILON,PI,UPSILON,EMP_000001,BOGOTA D.C.,NO,NO,NO,NO,NO
324103,F,20 a 35 años,Entre 1 y 1.5 SMLV,SIGMA,LAMBDA,TAU,UPSILON,EMP_000001,,NO,NO,NO,NO,NO
324153,M,20 a 35 años,Entre 1 y 1.5 SMLV,SIGMA,RHO,TAU,XI,EMP_000002,,NO,NO,NO,NO,NO
324203,F,20 a 35 años,Entre 1 y 1.5 SMLV,PI,LAMBDA,ETA,BETA,EMP_000001,,NO,NO,NO,NO,NO
324253,M,36 a 45 años,Entre 1 y 1.5 SMLV,SIGMA,LAMBDA,ETA,BETA,EMP_000001,,NO,NO,NO,NO,NO
324303,F,36 a 45 años,Entre 2.5 y 3 SMLV,PI,RHO,PI,XI,EMP_000002,BOGOTA D.C.,NO,NO,NO,NO,NO
324353,M,36 a 45 años,Entre 1 y 1.5 SMLV,SIGMA,RHO,PI,DELTA,EMP_000001,BOGOTA D.C.,NO,NO,NO,NO,NO
324403,M,20 a 35 años,Menor al SMLV,SIGMA,RHO,TAU,ETA,EMP_000001,,NO,NO,NO,NO,NO
324453,F,46 a 55 años,Entre 1 y 1.5 SMLV,SIGMA,RHO,PI,DELTA,EMP_000001,BOGOTA D.C.,NO,NO,NO,NO,NO
324503,M,36 a 45 años,Entre 1 y 1.5 SMLV,SIGMA,RHO,TAU,UPSILON,EMP_000001,BOGOTA D.C.,NO,NO,NO,NO,NO
324553,M,46 a 55 años,Entre 1 y 1.5 SMLV,SIGMA,RHO,TAU,OMEGA,EMP_000001,BOGOTA D.C.,NO,NO,NO,NO,NO
324603,M,36 a 45 años,Entre 1 y 1.5 SMLV,SIGMA,LAMBDA,PI,UPSILON,EMP_000001,BOGOTA D.C.,NO,NO,NO,NO,NO
324653,M,Mayor de 55 años,Entre 1 y 1.5 SMLV,SIGMA,IOTA,TAU,KAPPA,EMP_000001,,NO,NO,NO,NO,NO
324703,F,Mayor de 55 años,Menor al SMLV,SIGMA,LAMBDA,TAU,ETA,EMP_000001,,NO,NO,NO,NO,NO
324753,M,36 a 45 años,Entre 1 y 1.5 SMLV,SIGMA,EPSILON,TAU,ETA,EMP_000001,,NO,NO,NO,NO,NO
324803,M,20 a 35 años,Entre 1 y 1.5 SMLV,SIGMA,IOTA,TAU,ETA,EMP_000001,,NO,NO,NO,NO,NO
324853,F,36 a 45 años,Entre 1 y 1.5 SMLV,SIGMA,RHO,TAU,DELTA,EMP_000001,SOACHA,NO,NO,NO,NO,NO
324903,F,46 a 55 años,Entre 1.5 y 2 SMLV,SIGMA,LAMBDA,PI,ETA,EMP_000001,,NO,NO,NO,NO,NO
324953,M,20 a 35 años,Entre 1 y 1.5 SMLV,SIGMA,CHI,PI,XI,EMP_000002,,NO,NO,NO,NO,NO
325003,M,20 a 35 años,Entre 1 y 1.5 SMLV,SIGMA,LAMBDA,TAU,XI,EMP_000001,,NO,NO,NO,NO,NO
325053,F,Menor de 19 años,Entre 1 y 1.5 SMLV,SIGMA,LAMBDA,ETA,XI,EMP_000002,,NO,NO,NO,NO,NO
325103,F,36 a 45 años,Entre 1.5 y 2 SMLV,SIGMA,LAMBDA,ETA,UPSILON,EMP_000001,,NO,NO,NO,NO,NO
325153,F,20 a 35 años,Entre 1.5 y 2 SMLV,SIGMA,LAMBDA,ETA,ETA,EMP_000001,,NO,NO,NO,NO,NO
325203,F,36 a 45 años,Entre 1 y 1.5 SMLV,SIGMA,LAMBDA,TAU,DELTA,EMP_000001,,NO,NO,NO,NO,NO
325253,M,20 a 35 años,Entre 1 y 1.5 SMLV,SIGMA,LAMBDA,TAU,ETA,EMP_000001,,NO,NO,NO,NO,NO
325303,M,20 a 35 años,Entre 1 y 1.5 SMLV,SIGMA,LAMBDA,TAU,DELTA,EMP_000001,,NO,NO,NO,NO,NO
325353,M,20 a 35 años,Entre 1 y 1.5 SMLV,SIGMA,LAMBDA,ETA,BETA,EMP_000001,,NO,NO,NO,NO,NO
325403,M,20 a 35 años,Entre 1 y 1.5 SMLV,SIGMA,LAMBDA,ETA,UPSILON,EMP_000001,ZIPAQUIRA,NO,NO,NO,NO,NO
325453,F,Menor de 19 años,,MU,THETA,OMEGA,OMICRON,EMP_000001,,NO,NO,NO,NO,NO
325503,M,36 a 45 años,Entre 2 y 2.5 SMLV,PI,LAMBDA,PI,UPSILON,EMP_000001,,NO,NO,NO,NO,NO
325553,F,20 a 35 años,Entre 1 y 1.5 SMLV,SIGMA,LAMBDA,TAU,XI,EMP_000002,,NO,NO,NO,NO,NO
325603,M,36 a 45 años,Entre 1 y 1.5 SMLV,SIGMA,RHO,TAU,UPSILON,EMP_000001,,NO,NO,NO,NO,NO
325653,F,20 a 35 años,Entre 1 y 1.5 SMLV,SIGMA,RHO,TAU,OMEGA,EMP_000001,BOGOTA D.C.,NO,NO,NO,NO,NO
325703,F,20 a 35 años,Entre 1 y 1.5 SMLV,SIGMA,RHO,TAU,ETA,EMP_000001,,NO,NO,NO,NO,NO
325753,F,36 a 45 años,Entre 4 y 6 SMLV,ZETA,EPSILON,PI,XI,EMP_000001,BOGOTA D.C.,NO,NO,NO,NO,NO
325803,M,20 a 35 años,Entre 1.5 y 2 SMLV,SIGMA,RHO,PI,XI,EMP_000002,BOGOTA D.C.,NO,NO,NO,NO,NO
325853,F,20 a 35 años,Entre 1 y 1.5 SMLV,SIGMA,LAMBDA,ETA,XI,EMP_000002,,NO,NO,NO,NO,NO
325903,M,20 a 35 años,Entre 1 y 1.5 SMLV,SIGMA,LAMBDA,ETA,ETA,EMP_000001,TOCANCIPA,NO,NO,NO,NO,NO
325953,M,Mayor de 55 años,Entre 1 y 1.5 SMLV,SIGMA,LAMBDA,TAU,UPSILON,EMP_000001,,NO,NO,NO,NO,NO
326003,M,36 a 45 años,Entre 1 y 1.5 SMLV,SIGMA,LAMBDA,TAU,UPSILON,EMP_000001,,NO,NO,NO,NO,NO
326053,F,36 a 45 años,Entre 4 y 6 SMLV,ZETA,EPSILON,PI,XI,EMP_000002,BOGOTA D.C.,NO,NO,NO,NO,NO
326103,M,20 a 35 años,Entre 1 y 1.5 SMLV,SIGMA,LAMBDA,ETA,XI,EMP_000001,BOGOTA D.C.,NO,NO,NO,NO,NO
326153,M,20 a 35 años,Entre 10 y 20 SMLV,ZETA,LAMBDA,ETA,XI,EMP_000002,,NO,NO,NO,NO,NO
326203,M,20 a 35 años,Entre 1.5 y 2 SMLV,SIGMA,LAMBDA,ETA,XI,EMP_000002,,NO,NO,NO,NO,NO
326253,F,20 a 35 años,Entre 1.5 y 2 SMLV,SIGMA,LAMBDA,ETA,XI,EMP_000002,,NO,NO,NO,NO,NO
326303,M,20 a 35 años,Entre 1 y 1.5 SMLV,SIGMA,LAMBDA,ETA,XI,EMP_000002,,NO,NO,NO,NO,NO
326353,F,36 a 45 años,Entre 3 y 4 SMLV,PI,LAMBDA,PI,XI,EMP_000002,BOGOTA D.C.,NO,NO,NO,NO,NO
326403,M,20 a 35 años,Entre 1 y 1.5 SMLV,SIGMA,LAMBDA,TAU,DELTA,EMP_000001,BOGOTA D.C.,NO,NO,NO,NO,NO
326453,M,20 a 35 años,Entre 1 y 1.5 SMLV,SIGMA,RHO,PI,ETA,EMP_000001,BOGOTA D.C.,NO,NO,NO,NO,NO
326503,M,Mayor de 55 años,Entre 1 y 1.5 SMLV,SIGMA,LAMBDA,TAU,BETA,EMP_000001,,NO,NO,NO,NO,NO
326553,M,36 a 45 años,Entre 1 y 1.5 SMLV,SIGMA,IOTA,TAU,ETA,EMP_000001,LA CALERA,NO,NO,NO,NO,NO
326603,F,36 a 45 años,Entre 1.5 y 2 SMLV,SIGMA,LAMBDA,ETA,UPSILON,EMP_000001,,NO,NO,NO,NO,NO
326653,F,46 a 55 años,Entre 1 y 1.5 SMLV,SIGMA,LAMBDA,TAU,KAPPA,EMP_000001,BOGOTA D.C.,NO,NO,NO,NO,NO
326703,M,Menor de 19 años,Entre 1 y 1.5 SMLV,SIGMA,LAMBDA,ETA,UPSILON,EMP_000001,,NO,NO,NO,NO,NO
326753,F,46 a 55 años,Menor al SMLV,SIGMA,LAMBDA,TAU,OMEGA,EMP_000001,,NO,NO,NO,NO,NO
326803,M,20 a 35 años,Menor al SMLV,SIGMA,LAMBDA,TAU,OMEGA,EMP_000001,,NO,NO,NO,NO,NO
326853,M,20 a 35 años,Entre 1 y 1.5 SMLV,SIGMA,LAMBDA,TAU,UPSILON,EMP_000002,BOGOTA D.C.,NO,NO,NO,NO,NO
326903,M,36 a 45 años,Entre 1 y 1.5 SMLV,SIGMA,EPSILON,TAU,OMEGA,EMP_000001,BOGOTA D.C.,NO,NO,NO,NO,NO
326953,F,Mayor de 55 años,Entre 1 y 1.5 SMLV,SIGMA,LAMBDA,PI,KAPPA,EMP_000001,BOGOTA D.C.,NO,NO,NO,NO,NO
327003,F,46 a 55 años,Entre 1 y 1.5 SMLV,SIGMA,CHI,PI,ETA,EMP_000001,BOGOTA D.C.,NO,NO,NO,NO,NO
327053,F,20 a 35 años,Entre 1 y 1.5 SMLV,SIGMA,RHO,TAU,XI,EMP_000002,,NO,NO,NO,NO,NO
327103,M,36 a 45 años,Entre 2 y 2.5 SMLV,PI,RHO,PI,DELTA,EMP_000001,,NO,NO,NO,NO,NO
327153,M,36 a 45 años,Menor al SMLV,SIGMA,EPSILON,TAU,ETA,EMP_000001,,NO,NO,NO,NO,NO
327203,F,Mayor de 55 años,Entre 1 y 1.5 SMLV,SIGMA,LAMBDA,TAU,KAPPA,EMP_000001,FUSAGASUGA,NO,NO,NO,NO,NO
327253,M,36 a 45 años,Entre 4 y 6 SMLV,ZETA,LAMBDA,PI,OMEGA,EMP_000001,BOGOTA D.C.,NO,NO,NO,NO,NO
327303,F,20 a 35 años,Entre 1 y 1.5 SMLV,SIGMA,RHO,PI,UPSILON,EMP_000001,BOGOTA D.C.,NO,NO,NO,NO,NO
327353,F,36 a 45 años,Entre 1 y 1.5 SMLV,SIGMA,RHO,TAU,UPSILON,EMP_000001,FACATATIVA,NO,NO,NO,NO,NO
327403,F,20 a 35 años,Entre 1 y 1.5 SMLV,SIGMA,LAMBDA,TAU,XI,EMP_000002,,NO,NO,NO,NO,NO
327453,F,36 a 45 años,Entre 4 y 6 SMLV,ZETA,EPSILON,PI,DELTA,EMP_000001,SOACHA,NO,NO,NO,NO,NO
327503,M,46 a 55 años,Entre 1 y 1.5 SMLV,SIGMA,RHO,PI,UPSILON,EMP_000001,SOACHA,NO,NO,NO,NO,NO
327553,F,Mayor de 55 años,Menor al SMLV,SIGMA,LAMBDA,TAU,KAPPA,EMP_000001,BOGOTA D.C.,NO,NO,NO,NO,NO
327603,F,20 a 35 años,Entre 1.5 y 2 SMLV,PI,LAMBDA,ETA,UPSILON,EMP_000001,,NO,NO,NO,NO,NO
327653,M,36 a 45 años,Entre 1 y 1.5 SMLV,SIGMA,EPSILON,TAU,UPSILON,EMP_000001,BOGOTA D.C.,NO,NO,NO,NO,NO
327703,F,20 a 35 años,Entre 1.5 y 2 SMLV,SIGMA,RHO,PI,UPSILON,EMP_000001,BOGOTA D.C.,NO,NO,NO,NO,NO
327753,M,Mayor de 55 años,Entre 1 y 1.5 SMLV,SIGMA,IOTA,TAU,UPSILON,EMP_000001,,NO,NO,NO,NO,NO
327803,F,36 a 45 años,Entre 2.5 y 3 SMLV,PI,LAMBDA,PI,XI,EMP_000002,BOGOTA D.C.,NO,NO,NO,NO,NO
327853,M,Mayor de 55 años,Entre 2 y 2.5 SMLV,PI,LAMBDA,PI,ETA,EMP_000001,CHIA,NO,NO,NO,NO,NO
327903,F,20 a 35 años,Entre 1 y 1.5 SMLV,SIGMA,RHO,TAU,ETA,EMP_000001,,NO,NO,NO,NO,NO
327953,M,46 a 55 años,Entre 1 y 1.5 SMLV,SIGMA,EPSILON,PI,ETA,EMP_000001,BOGOTA D.C.,NO,NO,NO,NO,NO
328003,M,20 a 35 años,Entre 1 y 1.5 SMLV,SIGMA,LAMBDA,TAU,XI,EMP_000002,,NO,NO,NO,NO,NO
328053,M,20 a 35 años,Entre 1 y 1.5 SMLV,SIGMA,LAMBDA,ETA,XI,EMP_000002,,NO,NO,NO,NO,NO
328103,F,36 a 45 años,Menor al SMLV,SIGMA,RHO,TAU,ETA,EMP_000001,,NO,NO,NO,NO,NO
328153,M,36 a 45 años,Entre 4 y 6 SMLV,ZETA,LAMBDA,ETA,XI,EMP_000002,,NO,NO,NO,NO,NO
328203,M,20 a 35 años,Entre 1 y 1.5 SMLV,SIGMA,THETA,ETA,XI,EMP_000001,,NO,NO,NO,NO,NO
328253,M,46 a 55 años,Entre 1 y 1.5 SMLV,SIGMA,EPSILON,TAU,UPSILON,EMP_000001,BOGOTA D.C.,NO,NO,NO,NO,NO
328303,F,20 a 35 años,Entre 1 y 1.5 SMLV,SIGMA,RHO,TAU,XI,EMP_000002,BOGOTA D.C.,NO,NO,NO,NO,NO
328353,M,36 a 45 años,Entre 1 y 1.5 SMLV,SIGMA,RHO,TAU,UPSILON,EMP_000001,,NO,NO,NO,NO,NO
328403,M,Mayor de 55 años,Menor al SMLV,SIGMA,LAMBDA,TAU,ETA,EMP_000001,BOGOTA D.C.,NO,NO,NO,NO,NO
328453,M,20 a 35 años,Entre 1 y 1.5 SMLV,SIGMA,LAMBDA,TAU,DELTA,EMP_000001,,NO,NO,NO,NO,NO
328503,M,Mayor de 55 años,Menor al SMLV,SIGMA,IOTA,TAU,KAPPA,EMP_000001,BOGOTA D.C.,NO,NO,NO,NO,NO
328553,M,Mayor de 55 años,Entre 1 y 1.5 SMLV,SIGMA,LAMBDA,PI,DELTA,EMP_000001,BOGOTA D.C.,NO,NO,NO,NO,NO
328603,F,Mayor de 55 años,Entre 1 y 1.5 SMLV,SIGMA,LAMBDA,TAU,KAPPA,EMP_000001,BOGOTA D.C.,NO,NO,NO,NO,NO
328653,M,36 a 45 años,Entre 1.5 y 2 SMLV,SIGMA,EPSILON,PI,DELTA,EMP_000001,CHIA,NO,NO,NO,NO,NO
328703,F,46 a 55 años,Entre 1 y 1.5 SMLV,SIGMA,RHO,PI,UPSILON,EMP_000001,BOGOTA D.C.,NO,NO,NO,NO,NO
328753,M,20 a 35 años,Entre 1 y 1.5 SMLV,SIGMA,LAMBDA,TAU,UPSILON,EMP_000001,,NO,NO,NO,NO,NO
328803,F,20 a 35 años,Entre 1 y 1.5 SMLV,SIGMA,RHO,TAU,OMEGA,EMP_000001,,NO,NO,NO,NO,NO
328853,F,36 a 45 años,Entre 1.5 y 2 SMLV,SIGMA,LAMBDA,ETA,XI,EMP_000002,BOGOTA D.C.,NO,NO,NO,NO,NO
328903,F,36 a 45 años,Entre 1 y 1.5 SMLV,SIGMA,RHO,TAU,ETA,EMP_000001,,NO,NO,NO,NO,NO
328953,M,Mayor de 55 años,Entre 1 y 1.5 SMLV,SIGMA,EPSILON,TAU,ETA,EMP_000001,MOSQUERA,NO,NO,NO,NO,NO
329003,F,Mayor de 55 años,Entre 1 y 1.5 SMLV,SIGMA,IOTA,PI,ETA,EMP_000001,BOGOTA D.C.,NO,NO,NO,NO,NO
329053,M,20 a 35 años,Entre 1 y 1.5 SMLV,SIGMA,LAMBDA,TAU,DELTA,EMP_000001,,NO,NO,NO,NO,NO
329103,M,46 a 55 años,Entre 1 y 1.5 SMLV,SIGMA,RHO,TAU,ETA,EMP_000001,,NO,NO,NO,NO,NO
329153,M,46 a 55 años,Entre 1 y 1.5 SMLV,SIGMA,LAMBDA,TAU,DELTA,EMP_000001,BOGOTA D.C.,NO,NO,NO,NO,NO
329203,F,Mayor de 55 años,Menor al SMLV,SIGMA,LAMBDA,TAU,KAPPA,EMP_000001,BOGOTA D.C.,NO,NO,NO,NO,NO
329253,F,20 a 35 años,Entre 4 y 6 SMLV,ZETA,LAMBDA,ETA,UPSILON,EMP_000001,,NO,NO,NO,NO,NO
329303,M,36 a 45 años,Entre 1.5 y 2 SMLV,SIGMA,RHO,PI,UPSILON,EMP_000001,,NO,NO,NO,NO,NO
329353,M,20 a 35 años,Entre 1 y 1.5 SMLV,SIGMA,LAMBDA,ETA,BETA,EMP_000001,,NO,NO,NO,NO,NO
329403,F,46 a 55 años,Entre 1 y 1.5 SMLV,SIGMA,RHO,TAU,UPSILON,EMP_000001,MOSQUERA,NO,NO,NO,NO,NO
329453,M,20 a 35 años,Entre 1 y 1.5 SMLV,SIGMA,LAMBDA,TAU,XI,EMP_000002,,NO,NO,NO,NO,NO
329503,M,46 a 55 años,Entre 1 y 1.5 SMLV,SIGMA,CHI,TAU,OMEGA,EMP_000001,,NO,NO,NO,NO,NO
329553,F,20 a 35 años,Entre 2 y 2.5 SMLV,PI,LAMBDA,ETA,DELTA,EMP_000001,,NO,NO,NO,NO,NO
329603,M,36 a 45 años,Entre 1 y 1.5 SMLV,SIGMA,LAMBDA,TAU,ETA,EMP_000001,,NO,NO,NO,NO,NO
329653,M,20 a 35 años,Entre 1 y 1.5 SMLV,SIGMA,LAMBDA,ETA,BETA,EMP_000001,,NO,NO,NO,NO,NO
329703,F,20 a 35 años,Entre 1 y 1.5 SMLV,SIGMA,RHO,TAU,UPSILON,EMP_000001,,NO,NO,NO,NO,NO
329753,F,20 a 35 años,Entre 1 y 1.5 SMLV,SIGMA,RHO,PI,ETA,EMP_000001,BOGOTA D.C.,NO,NO,NO,NO,NO
329803,F,Mayor de 55 años,Entre 1 y 1.5 SMLV,SIGMA,LAMBDA,PI,UPSILON,EMP_000001,,NO,NO,NO,NO,NO
329853,M,46 a 55 años,Entre 4 y 6 SMLV,ZETA,EPSILON,PI,XI,EMP_000002,LA MESA,NO,NO,NO,NO,NO
329903,M,Mayor de 55 años,Entre 1 y 1.5 SMLV,SIGMA,LAMBDA,PI,ETA,EMP_000001,,NO,NO,NO,NO,NO
329953,F,46 a 55 años,Entre 1.5 y 2 SMLV,SIGMA,LAMBDA,PI,DELTA,EMP_000001,,NO,NO,NO,NO,NO
330003,M,Mayor de 55 años,Entre 1.5 y 2 SMLV,SIGMA,LAMBDA,PI,UPSILON,EMP_000001,,NO,NO,NO,NO,NO
330053,M,20 a 35 años,Entre 1 y 1.5 SMLV,SIGMA,RHO,PI,ETA,EMP_000001,GUADUAS,NO,NO,NO,NO,NO
330103,F,36 a 45 años,Entre 1 y 1.5 SMLV,SIGMA,RHO,TAU,ETA,EMP_000001,CHIA,NO,NO,NO,NO,NO
330153,F,20 a 35 años,Entre 4 y 6 SMLV,ZETA,LAMBDA,ETA,XI,EMP_000002,,NO,NO,NO,NO,NO
330203,M,36 a 45 años,Entre 1 y 1.5 SMLV,SIGMA,RHO,PI,PSI,EMP_000001,,NO,NO,NO,NO,NO
330253,F,36 a 45 años,Entre 1 y 1.5 SMLV,SIGMA,RHO,PI,DELTA,EMP_000001,,NO,NO,NO,NO,NO
330303,M,Mayor de 55 años,Entre 1 y 1.5 SMLV,SIGMA,LAMBDA,TAU,ETA,EMP_000001,,NO,NO,NO,NO,NO
330353,M,36 a 45 años,Entre 1 y 1.5 SMLV,SIGMA,RHO,PI,ETA,EMP_000001,BOGOTA D.C.,NO,NO,NO,NO,NO
330403,F,20 a 35 años,Entre 1 y 1.5 SMLV,SIGMA,LAMBDA,TAU,UPSILON,EMP_000001,,NO,NO,NO,NO,NO
330453,M,Mayor de 55 años,Menor al SMLV,SIGMA,RHO,TAU,ETA,EMP_000001,,NO,NO,NO,NO,NO
330503,F,20 a 35 años,Entre 1 y 1.5 SMLV,SIGMA,LAMBDA,TAU,UPSILON,EMP_000001,,NO,NO,NO,NO,NO
330553,F,Mayor de 55 años,Entre 1.5 y 2 SMLV,SIGMA,LAMBDA,PI,XI,EMP_000002,,NO,NO,NO,NO,NO
330603,M,46 a 55 años,Entre 4 y 6 SMLV,ZETA,EPSILON,PI,DELTA,EMP_000001,,NO,NO,NO,NO,NO
330653,M,20 a 35 años,Entre 4 y 6 SMLV,ZETA,IOTA,PI,XI,EMP_000002,BOGOTA D.C.,NO,NO,NO,NO,NO
330703,M,20 a 35 años,Entre 1 y 1.5 SMLV,SIGMA,LAMBDA,ETA,BETA,EMP_000001,,NO,NO,NO,NO,NO
330753,F,20 a 35 años,Entre 1 y 1.5 SMLV,SIGMA,RHO,TAU,XI,EMP_000002,,NO,NO,NO,NO,NO
330803,M,20 a 35 años,Entre 1 y 1.5 SMLV,SIGMA,LAMBDA,ETA,UPSILON,EMP_000001,,NO,NO,NO,NO,NO
330853,F,20 a 35 años,Entre 1 y 1.5 SMLV,SIGMA,RHO,TAU,ETA,EMP_000001,,NO,NO,NO,NO,NO
330903,M,20 a 35 años,Entre 2.5 y 3 SMLV,PI,LAMBDA,ETA,XI,EMP_000002,,NO,NO,NO,NO,NO
330953,M,36 a 45 años,Menor al SMLV,SIGMA,LAMBDA,TAU,ETA,EMP_000001,BOGOTA D.C.,NO,NO,NO,NO,NO
331003,M,36 a 45 años,Entre 10 y 20 SMLV,ZETA,LAMBDA,ETA,DELTA,EMP_000001,BOGOTA D.C.,NO,NO,NO,NO,NO
331053,F,36 a 45 años,Entre 1 y 1.5 SMLV,SIGMA,LAMBDA,TAU,PSI,EMP_000001,BOGOTA D.C.,NO,NO,NO,NO,NO
331103,F,20 a 35 años,Entre 1 y 1.5 SMLV,PI,LAMBDA,ETA,DELTA,EMP_000001,,NO,NO,NO,NO,NO
331153,M,36 a 45 años,Entre 1 y 1.5 SMLV,SIGMA,LAMBDA,TAU,ETA,EMP_000001,BOGOTA D.C.,NO,NO,NO,NO,NO
331203,M,20 a 35 años,Entre 1.5 y 2 SMLV,SIGMA,RHO,PI,XI,EMP_000002,BOGOTA D.C.,NO,NO,NO,NO,NO
331253,F,20 a 35 años,Entre 1 y 1.5 SMLV,SIGMA,RHO,TAU,ETA,EMP_000001,,NO,NO,NO,NO,NO
331303,M,36 a 45 años,Entre 4 y 6 SMLV,ZETA,LAMBDA,ETA,DELTA,EMP_000001,,NO,NO,NO,NO,NO
331353,F,36 a 45 años,Entre 1 y 1.5 SMLV,SIGMA,CHI,PI,XI,EMP_000002,BOGOTA D.C.,NO,NO,NO,NO,NO
331403,M,Mayor de 55 años,Entre 1 y 1.5 SMLV,SIGMA,EPSILON,TAU,ETA,EMP_000001,BOGOTA D.C.,NO,NO,NO,NO,NO
331453,M,20 a 35 años,Entre 1 y 1.5 SMLV,SIGMA,THETA,TAU,OMICRON,EMP_000001,,NO,NO,NO,NO,NO
331503,F,20 a 35 años,Entre 1 y 1.5 SMLV,SIGMA,LAMBDA,ETA,DELTA,EMP_000001,,NO,NO,NO,NO,NO
331553,F,36 a 45 años,,MU,THETA,OMEGA,OMICRON,EMP_000001,,NO,NO,NO,NO,NO
331603,M,20 a 35 años,Entre 1 y 1.5 SMLV,SIGMA,LAMBDA,TAU,ETA,EMP_000001,BOGOTA D.C.,NO,NO,NO,NO,NO
331653,M,20 a 35 años,Entre 1 y 1.5 SMLV,SIGMA,LAMBDA,TAU,DELTA,EMP_000001,,NO,NO,NO,NO,NO
331703,F,20 a 35 años,Entre 1 y 1.5 SMLV,SIGMA,LAMBDA,ETA,DELTA,EMP_000001,,NO,NO,NO,NO,NO
331753,M,36 a 45 años,Entre 1 y 1.5 SMLV,SIGMA,RHO,TAU,UPSILON,EMP_000001,,NO,NO,NO,NO,NO
331803,F,20 a 35 años,Entre 1 y 1.5 SMLV,SIGMA,LAMBDA,TAU,UPSILON,EMP_000001,,NO,NO,NO,NO,NO
331853,M,20 a 35 años,Menor al SMLV,SIGMA,EPSILON,TAU,ETA,EMP_000001,BOGOTA D.C.,NO,NO,NO,NO,NO
331903,M,36 a 45 años,Entre 1 y 1.5 SMLV,SIGMA,RHO,TAU,UPSILON,EMP_000001,,NO,NO,NO,NO,NO
331953,M,20 a 35 años,Entre 1 y 1.5 SMLV,SIGMA,LAMBDA,ETA,UPSILON,EMP_000001,,NO,NO,NO,NO,NO
332003,M,20 a 35 años,Entre 1 y 1.5 SMLV,SIGMA,LAMBDA,ETA,BETA,EMP_000001,,NO,NO,NO,NO,NO
332053,M,36 a 45 años,Entre 1 y 1.5 SMLV,SIGMA,LAMBDA,PI,BETA,EMP_000001,,NO,NO,NO,NO,NO
332103,F,36 a 45 años,Entre 2 y 2.5 SMLV,PI,CHI,PI,DELTA,EMP_000001,BOGOTA D.C.,NO,NO,NO,NO,NO
332153,M,20 a 35 años,Entre 1 y 1.5 SMLV,SIGMA,LAMBDA,TAU,ETA,EMP_000001,,NO,NO,NO,NO,NO
332203,M,20 a 35 años,Entre 1.5 y 2 SMLV,PI,LAMBDA,ETA,XI,EMP_000002,,NO,NO,NO,NO,NO
332253,F,Mayor de 55 años,Entre 1 y 1.5 SMLV,SIGMA,LAMBDA,TAU,UPSILON,EMP_000001,BOGOTA D.C.,NO,NO,NO,NO,NO
332303,F,46 a 55 años,Entre 1 y 1.5 SMLV,SIGMA,EPSILON,TAU,ETA,EMP_000001,,NO,NO,NO,NO,NO
332353,M,46 a 55 años,Entre 1 y 1.5 SMLV,SIGMA,EPSILON,TAU,DELTA,EMP_000001,FACATATIVA,NO,NO,NO,NO,NO
332403,M,36 a 45 años,Entre 1 y 1.5 SMLV,SIGMA,EPSILON,TAU,ETA,EMP_000001,BOGOTA D.C.,NO,NO,NO,NO,NO
332453,F,36 a 45 años,Menor al SMLV,SIGMA,RHO,TAU,ETA,EMP_000001,,NO,NO,NO,NO,NO
332503,F,20 a 35 años,Entre 1 y 1.5 SMLV,SIGMA,IOTA,TAU,ETA,EMP_000001,,NO,NO,NO,NO,NO
332553,M,36 a 45 años,Entre 6 y 8 SMLV,ZETA,LAMBDA,ETA,XI,EMP_000001,,NO,NO,NO,NO,NO
332603,F,20 a 35 años,Entre 2 y 2.5 SMLV,PI,LAMBDA,ETA,DELTA,EMP_000001,,NO,NO,NO,NO,NO
332653,F,36 a 45 años,Entre 2 y 2.5 SMLV,PI,RHO,PI,LAMBDA,EMP_000001,,NO,NO,NO,NO,NO
332703,M,46 a 55 años,Entre 2.5 y 3 SMLV,PI,LAMBDA,PI,ETA,EMP_000001,,NO,NO,NO,NO,NO
332753,M,20 a 35 años,Entre 1 y 1.5 SMLV,SIGMA,LAMBDA,ETA,UPSILON,EMP_000001,,NO,NO,NO,NO,NO
332803,F,46 a 55 años,Entre 1 y 1.5 SMLV,SIGMA,LAMBDA,TAU,ETA,EMP_000001,BOGOTA D.C.,NO,NO,NO,NO,NO
332853,F,20 a 35 años,Entre 1 y 1.5 SMLV,SIGMA,LAMBDA,TAU,XI,EMP_000002,BOGOTA D.C.,NO,NO,NO,NO,NO
332903,M,46 a 55 años,Entre 1 y 1.5 SMLV,SIGMA,CHI,TAU,OMEGA,EMP_000001,BOGOTA D.C.,NO,NO,NO,NO,NO
332953,M,36 a 45 años,Entre 1.5 y 2 SMLV,SIGMA,EPSILON,PI,DELTA,EMP_000001,SOACHA,NO,NO,NO,NO,NO
333003,M,Mayor de 55 años,Menor al SMLV,SIGMA,IOTA,TAU,KAPPA,EMP_000001,DUITAMA,NO,NO,NO,NO,NO
333053,F,46 a 55 años,Menor al SMLV,SIGMA,LAMBDA,PI,ETA,EMP_000001,,NO,NO,NO,NO,NO
333103,F,Mayor de 55 años,Entre 1 y 1.5 SMLV,SIGMA,IOTA,PI,KAPPA,EMP_000001,BOGOTA D.C.,NO,NO,NO,NO,NO
333153,M,Mayor de 55 años,Entre 1.5 y 2 SMLV,SIGMA,IOTA,PI,UPSILON,EMP_000001,,NO,NO,NO,NO,NO
333203,F,20 a 35 años,Entre 2.5 y 3 SMLV,PI,LAMBDA,ETA,DELTA,EMP_000001,,NO,NO,NO,NO,NO
333253,F,36 a 45 años,Menor al SMLV,SIGMA,LAMBDA,TAU,ETA,EMP_000001,,NO,NO,NO,NO,NO
333303,F,36 a 45 años,Entre 1 y 1.5 SMLV,PI,RHO,TAU,LAMBDA,EMP_000001,,NO,NO,NO,NO,NO
333353,F,Menor de 19 años,,MU,THETA,OMEGA,OMICRON,EMP_000001,,NO,NO,NO,NO,NO
333403,M,46 a 55 años,Entre 1 y 1.5 SMLV,SIGMA,LAMBDA,PI,ETA,EMP_000001,,NO,NO,NO,NO,NO
333453,F,20 a 35 años,Entre 1 y 1.5 SMLV,SIGMA,LAMBDA,TAU,ETA,EMP_000001,,NO,NO,NO,NO,NO
333503,M,20 a 35 años,Entre 1 y 1.5 SMLV,SIGMA,LAMBDA,TAU,XI,EMP_000002,,NO,NO,NO,NO,NO
333553,M,46 a 55 años,Entre 1 y 1.5 SMLV,SIGMA,RHO,TAU,DELTA,EMP_000001,,NO,NO,NO,NO,NO
333603,M,36 a 45 años,Entre 3 y 4 SMLV,PI,EPSILON,PI,ETA,EMP_000001,LA MESA,NO,NO,NO,NO,NO
333653,F,20 a 35 años,Entre 1.5 y 2 SMLV,SIGMA,LAMBDA,ETA,UPSILON,EMP_000001,,NO,NO,NO,NO,NO
333703,M,36 a 45 años,Entre 1 y 1.5 SMLV,PI,LAMBDA,PI,LAMBDA,EMP_000001,,NO,NO,NO,NO,NO
333753,M,36 a 45 años,Entre 1.5 y 2 SMLV,SIGMA,RHO,PI,XI,EMP_000001,,NO,NO,NO,NO,NO
333803,F,20 a 35 años,Menor al SMLV,SIGMA,LAMBDA,TAU,ETA,EMP_000001,,NO,NO,NO,NO,NO
333853,M,20 a 35 años,Entre 1 y 1.5 SMLV,SIGMA,LAMBDA,ETA,DELTA,EMP_000001,,NO,NO,NO,NO,NO
333903,M,36 a 45 años,Entre 1 y 1.5 SMLV,SIGMA,LAMBDA,ETA,BETA,EMP_000001,,NO,NO,NO,NO,NO
333953,F,46 a 55 años,Entre 2 y 2.5 SMLV,PI,RHO,PI,UPSILON,EMP_000001,,NO,NO,NO,NO,NO
334003,M,36 a 45 años,Menor al SMLV,SIGMA,LAMBDA,TAU,ETA,EMP_000001,,NO,NO,NO,NO,NO
334053,F,36 a 45 años,Entre 1 y 1.5 SMLV,SIGMA,LAMBDA,PI,ETA,EMP_000001,,NO,NO,NO,NO,NO
334103,F,36 a 45 años,Entre 1 y 1.5 SMLV,SIGMA,LAMBDA,TAU,XI,EMP_000001,,NO,NO,NO,NO,NO
334153,F,20 a 35 años,Menor al SMLV,SIGMA,LAMBDA,TAU,ETA,EMP_000001,COTA,NO,NO,NO,NO,NO
334203,M,20 a 35 años,,MU,THETA,OMEGA,OMICRON,EMP_000001,,NO,NO,NO,NO,NO
334253,F,20 a 35 años,Entre 1 y 1.5 SMLV,SIGMA,RHO,TAU,ETA,EMP_000001,,NO,NO,NO,NO,NO
334303,M,Mayor de 55 años,Entre 2 y 2.5 SMLV,PI,LAMBDA,PI,DELTA,EMP_000001,,NO,NO,NO,NO,NO
334353,F,46 a 55 años,Entre 1 y 1.5 SMLV,SIGMA,EPSILON,TAU,ETA,EMP_000001,,NO,NO,NO,NO,NO
334403,F,36 a 45 años,Entre 1.5 y 2 SMLV,SIGMA,EPSILON,PI,OMEGA,EMP_000001,,NO,NO,NO,NO,NO
334453,F,46 a 55 años,Entre 1 y 1.5 SMLV,SIGMA,RHO,TAU,ETA,EMP_000001,,NO,NO,NO,NO,NO
334503,F,20 a 35 años,Entre 2 y 2.5 SMLV,PI,EPSILON,PI,DELTA,EMP_000001,,NO,NO,NO,NO,NO
334553,F,36 a 45 años,Entre 1 y 1.5 SMLV,SIGMA,RHO,TAU,UPSILON,EMP_000001,,NO,NO,NO,NO,NO
334603,M,36 a 45 años,Entre 1 y 1.5 SMLV,SIGMA,RHO,TAU,XI,EMP_000002,,NO,NO,NO,NO,NO
334653,M,Mayor de 55 años,Entre 1 y 1.5 SMLV,SIGMA,IOTA,PI,KAPPA,EMP_000001,BOGOTA D.C.,NO,NO,NO,NO,NO
334703,M,Mayor de 55 años,Entre 4 y 6 SMLV,ZETA,LAMBDA,PI,DELTA,EMP_000001,,NO,NO,NO,NO,NO
334753,M,20 a 35 años,Entre 1 y 1.5 SMLV,SIGMA,LAMBDA,ETA,BETA,EMP_000001,,NO,NO,NO,NO,NO
334803,M,Mayor de 55 años,Entre 1 y 1.5 SMLV,SIGMA,IOTA,TAU,ETA,EMP_000001,MADRID,NO,NO,NO,NO,NO
334853,M,36 a 45 años,Entre 2 y 2.5 SMLV,PI,RHO,PI,ETA,EMP_000001,FUSAGASUGA,NO,NO,NO,NO,NO
334903,F,20 a 35 años,Entre 1 y 1.5 SMLV,SIGMA,RHO,TAU,ETA,EMP_000001,BOGOTA D.C.,NO,NO,NO,NO,NO
334953,F,46 a 55 años,Entre 1 y 1.5 SMLV,PI,RHO,TAU,LAMBDA,EMP_000001,,NO,NO,NO,NO,NO
335003,M,20 a 35 años,Entre 1 y 1.5 SMLV,SIGMA,RHO,PI,XI,EMP_000001,,NO,NO,NO,NO,NO
335053,M,20 a 35 años,Menor al SMLV,SIGMA,THETA,TAU,OMICRON,EMP_000001,,NO,NO,NO,NO,NO
335103,M,Mayor de 55 años,Menor al SMLV,SIGMA,LAMBDA,TAU,ETA,EMP_000001,BOGOTA D.C.,NO,NO,NO,NO,NO
335153,M,Mayor de 55 años,Menor al SMLV,SIGMA,LAMBDA,TAU,ETA,EMP_000001,,NO,NO,NO,NO,NO
335203,F,20 a 35 años,Entre 1.5 y 2 SMLV,SIGMA,LAMBDA,ETA,DELTA,EMP_000001,,NO,NO,NO,NO,NO
335253,F,20 a 35 años,Entre 1.5 y 2 SMLV,SIGMA,THETA,ETA,OMICRON,EMP_000001,,NO,NO,NO,NO,NO
335303,F,20 a 35 años,Entre 4 y 6 SMLV,ZETA,LAMBDA,ETA,XI,EMP_000002,ZIPAQUIRA,NO,NO,NO,NO,NO
335353,M,Mayor de 55 años,Entre 1 y 1.5 SMLV,SIGMA,IOTA,TAU,KAPPA,EMP_000001,BOGOTA D.C.,NO,NO,NO,NO,NO
335403,M,36 a 45 años,Entre 1 y 1.5 SMLV,SIGMA,CHI,PI,XI,EMP_000002,,NO,NO,NO,NO,NO
335453,F,20 a 35 años,Entre 1.5 y 2 SMLV,SIGMA,RHO,PI,XI,EMP_000002,,NO,NO,NO,NO,NO
335503,M,20 a 35 años,Entre 1 y 1.5 SMLV,SIGMA,LAMBDA,TAU,UPSILON,EMP_000001,,NO,NO,NO,NO,NO
335553,F,20 a 35 años,Entre 1 y 1.5 SMLV,SIGMA,RHO,TAU,ETA,EMP_000001,,NO,NO,NO,NO,NO
335603,M,36 a 45 años,Entre 1 y 1.5 SMLV,SIGMA,LAMBDA,PI,UPSILON,EMP_000001,,NO,NO,NO,NO,NO
335653,M,20 a 35 años,Entre 1 y 1.5 SMLV,SIGMA,LAMBDA,TAU,ETA,EMP_000001,BOGOTA D.C.,NO,NO,NO,NO,NO
335703,M,20 a 35 años,Entre 1 y 1.5 SMLV,SIGMA,LAMBDA,TAU,ETA,EMP_000001,,NO,NO,NO,NO,NO
335753,M,Mayor de 55 años,Entre 4 y 6 SMLV,SIGMA,IOTA,PI,KAPPA,EMP_000001,BOGOTA D.C.,NO,NO,NO,NO,NO
335803,F,20 a 35 años,Entre 1 y 1.5 SMLV,PI,LAMBDA,TAU,LAMBDA,EMP_000001,,NO,NO,NO,NO,NO
335853,F,Mayor de 55 años,Entre 1 y 1.5 SMLV,SIGMA,IOTA,TAU,ETA,EMP_000001,,NO,NO,NO,NO,NO
335903,M,Mayor de 55 años,Entre 1 y 1.5 SMLV,SIGMA,IOTA,TAU,ETA,EMP_000001,,NO,NO,NO,NO,NO
335953,M,36 a 45 años,Entre 1 y 1.5 SMLV,SIGMA,RHO,PI,ETA,EMP_000001,BOGOTA D.C.,NO,NO,NO,NO,NO
336003,M,36 a 45 años,Entre 1.5 y 2 SMLV,SIGMA,LAMBDA,PI,XI,EMP_000002,,NO,NO,NO,NO,NO
336053,F,20 a 35 años,Menor al SMLV,SIGMA,LAMBDA,TAU,ETA,EMP_000001,,NO,NO,NO,NO,NO
336103,F,36 a 45 años,Menor al SMLV,SIGMA,EPSILON,TAU,ETA,EMP_000001,BOGOTA D.C.,NO,NO,NO,NO,NO
336153,F,20 a 35 años,Entre 1 y 1.5 SMLV,SIGMA,LAMBDA,ETA,BETA,EMP_000001,,NO,NO,NO,NO,NO
336203,F,20 a 35 años,Entre 1 y 1.5 SMLV,SIGMA,LAMBDA,ETA,ETA,EMP_000001,,NO,NO,NO,NO,NO
336253,F,Mayor de 55 años,Entre 3 y 4 SMLV,PI,IOTA,PI,ETA,EMP_000001,BOGOTA D.C.,NO,NO,NO,NO,NO
336303,M,20 a 35 años,Menor al SMLV,SIGMA,LAMBDA,TAU,XI,EMP_000002,,NO,NO,NO,NO,NO
336353,M,46 a 55 años,Menor al SMLV,SIGMA,LAMBDA,TAU,ETA,EMP_000001,,NO,NO,NO,NO,NO
336403,M,46 a 55 años,Entre 1 y 1.5 SMLV,SIGMA,LAMBDA,PI,ETA,EMP_000001,BOGOTA D.C.,NO,NO,NO,NO,NO
336453,F,20 a 35 años,Entre 1 y 1.5 SMLV,SIGMA,LAMBDA,TAU,ETA,EMP_000001,,NO,NO,NO,NO,NO
336503,M,Mayor de 55 años,Entre 1.5 y 2 SMLV,SIGMA,RHO,PI,OMEGA,EMP_000001,ZIPAQUIRA,NO,NO,NO,NO,NO
336553,F,36 a 45 años,Entre 1 y 1.5 SMLV,SIGMA,LAMBDA,TAU,ETA,EMP_000001,,NO,NO,NO,NO,NO
336603,M,36 a 45 años,Entre 1 y 1.5 SMLV,SIGMA,LAMBDA,TAU,XI,EMP_000002,BOGOTA D.C.,NO,NO,NO,NO,NO
336653,M,36 a 45 años,Entre 1 y 1.5 SMLV,SIGMA,LAMBDA,TAU,DELTA,EMP_000001,BOGOTA D.C.,NO,NO,NO,NO,NO
336703,M,20 a 35 años,Entre 1 y 1.5 SMLV,SIGMA,RHO,TAU,UPSILON,EMP_000002,,NO,NO,NO,NO,NO
336753,F,46 a 55 años,Entre 1 y 1.5 SMLV,SIGMA,RHO,TAU,DELTA,EMP_000001,BOGOTA D.C.,NO,NO,NO,NO,NO
336803,F,46 a 55 años,Entre 1 y 1.5 SMLV,SIGMA,RHO,TAU,ETA,EMP_000001,,NO,NO,NO,NO,NO
336853,F,36 a 45 años,Entre 1 y 1.5 SMLV,PI,EPSILON,TAU,LAMBDA,EMP_000001,BOGOTA D.C.,NO,NO,NO,NO,NO
336903,F,20 a 35 años,Entre 1.5 y 2 SMLV,SIGMA,LAMBDA,ETA,DELTA,EMP_000001,,NO,NO,NO,NO,NO
336953,M,20 a 35 años,Entre 1 y 1.5 SMLV,PI,RHO,TAU,LAMBDA,EMP_000001,,NO,NO,NO,NO,NO
337003,F,46 a 55 años,Entre 1 y 1.5 SMLV,SIGMA,RHO,PI,ETA,EMP_000001,BOGOTA D.C.,NO,NO,NO,NO,NO
337053,F,20 a 35 años,Entre 1 y 1.5 SMLV,SIGMA,LAMBDA,TAU,UPSILON,EMP_000002,,NO,NO,NO,NO,NO
337103,F,20 a 35 años,Menor al SMLV,SIGMA,LAMBDA,TAU,ETA,EMP_000001,,NO,NO,NO,NO,NO
337153,F,46 a 55 años,Entre 3 y 4 SMLV,PI,EPSILON,PI,UPSILON,EMP_000001,,NO,NO,NO,NO,NO
337203,M,46 a 55 años,Entre 2 y 2.5 SMLV,PI,EPSILON,PI,ETA,EMP_000001,BOGOTA D.C.,NO,NO,NO,NO,NO
337253,F,20 a 35 años,Entre 2.5 y 3 SMLV,PI,LAMBDA,ETA,XI,EMP_000002,,NO,NO,NO,NO,NO
337303,F,Mayor de 55 años,Entre 4 y 6 SMLV,ZETA,LAMBDA,PI,ETA,EMP_000001,BOGOTA D.C.,NO,NO,NO,NO,NO
337353,M,46 a 55 años,Entre 6 y 8 SMLV,ZETA,RHO,PI,XI,EMP_000002,BOGOTA D.C.,NO,NO,NO,NO,NO
337403,M,36 a 45 años,Entre 1 y 1.5 SMLV,SIGMA,RHO,TAU,OMEGA,EMP_000001,,NO,NO,NO,NO,NO
337453,M,Mayor de 55 años,Entre 2.5 y 3 SMLV,PI,EPSILON,PI,ETA,EMP_000001,BOGOTA D.C.,NO,NO,NO,NO,NO
337503,F,36 a 45 años,Entre 4 y 6 SMLV,ZETA,RHO,PI,UPSILON,EMP_000001,BOGOTA D.C.,NO,NO,NO,NO,NO
337553,F,Mayor de 55 años,Menor al SMLV,SIGMA,LAMBDA,TAU,KAPPA,EMP_000001,BOGOTA D.C.,NO,NO,NO,NO,NO
337603,M,20 a 35 años,Entre 1 y 1.5 SMLV,SIGMA,LAMBDA,TAU,ETA,EMP_000001,SOACHA,NO,NO,NO,NO,NO
337653,M,36 a 45 años,Entre 4 y 6 SMLV,ZETA,LAMBDA,ETA,XI,EMP_000002,,NO,NO,NO,NO,NO
337703,F,Menor de 19 años,Entre 1 y 1.5 SMLV,SIGMA,LAMBDA,TAU,ETA,EMP_000001,,NO,NO,NO,NO,NO
337753,M,Mayor de 55 años,Entre 1 y 1.5 SMLV,SIGMA,EPSILON,TAU,ETA,EMP_000001,BOGOTA D.C.,NO,NO,NO,NO,NO
337803,F,20 a 35 años,Entre 1 y 1.5 SMLV,SIGMA,LAMBDA,TAU,ETA,EMP_000001,,NO,NO,NO,NO,NO
337853,F,20 a 35 años,Entre 1 y 1.5 SMLV,SIGMA,LAMBDA,TAU,UPSILON,EMP_000001,,NO,NO,NO,NO,NO
337903,M,46 a 55 años,Entre 1 y 1.5 SMLV,SIGMA,LAMBDA,TAU,DELTA,EMP_000001,,NO,NO,NO,NO,NO
337953,M,36 a 45 años,Entre 3 y 4 SMLV,PI,LAMBDA,PI,DELTA,EMP_000001,BOGOTA D.C.,NO,NO,NO,NO,NO
338003,M,46 a 55 años,Entre 1 y 1.5 SMLV,SIGMA,RHO,TAU,UPSILON,EMP_000001,MOSQUERA,NO,NO,NO,NO,NO
338053,M,Mayor de 55 años,Entre 4 y 6 SMLV,ZETA,EPSILON,PI,XI,EMP_000002,,NO,NO,NO,NO,NO
338103,F,36 a 45 años,Entre 8 y 10 SMLV,ZETA,LAMBDA,PI,XI,EMP_000001,BOGOTA D.C.,NO,NO,NO,NO,NO
338153,M,46 a 55 años,Entre 2.5 y 3 SMLV,PI,RHO,PI,UPSILON,EMP_000001,CHIQUINQUIRA,NO,NO,NO,NO,NO
338203,F,20 a 35 años,Entre 1 y 1.5 SMLV,SIGMA,LAMBDA,ETA,UPSILON,EMP_000001,,NO,NO,NO,NO,NO
338253,M,20 a 35 años,Entre 1 y 1.5 SMLV,SIGMA,LAMBDA,TAU,UPSILON,EMP_000001,,NO,NO,NO,NO,NO
338303,M,20 a 35 años,Entre 1 y 1.5 SMLV,PI,LAMBDA,TAU,LAMBDA,EMP_000001,,NO,NO,NO,NO,NO
338353,M,36 a 45 años,Entre 1 y 1.5 SMLV,SIGMA,LAMBDA,TAU,ETA,EMP_000001,FUSAGASUGA,NO,NO,NO,NO,NO
338403,F,36 a 45 años,Entre 2.5 y 3 SMLV,PI,RHO,PI,DELTA,EMP_000001,,NO,NO,NO,NO,NO
338453,M,Mayor de 55 años,Entre 1 y 1.5 SMLV,SIGMA,EPSILON,TAU,DELTA,EMP_000001,DUITAMA,NO,NO,NO,NO,NO
338503,F,36 a 45 años,Entre 1 y 1.5 SMLV,SIGMA,RHO,TAU,ETA,EMP_000001,ZIPAQUIRA,NO,NO,NO,NO,NO
338553,F,20 a 35 años,Entre 1.5 y 2 SMLV,SIGMA,LAMBDA,ETA,DELTA,EMP_000001,,NO,NO,NO,NO,NO
338603,M,36 a 45 años,Entre 1 y 1.5 SMLV,SIGMA,CHI,TAU,UPSILON,EMP_000001,BOGOTA D.C.,NO,NO,NO,NO,NO
338653,M,36 a 45 años,Entre 1.5 y 2 SMLV,SIGMA,LAMBDA,PI,DELTA,EMP_000001,,NO,NO,NO,NO,NO
338703,M,36 a 45 años,Menor al SMLV,SIGMA,LAMBDA,TAU,ETA,EMP_000001,,NO,NO,NO,NO,NO
338753,F,20 a 35 años,Entre 1 y 1.5 SMLV,SIGMA,LAMBDA,TAU,UPSILON,EMP_000001,,NO,NO,NO,NO,NO
338803,M,20 a 35 años,Entre 1 y 1.5 SMLV,SIGMA,EPSILON,TAU,UPSILON,EMP_000001,,NO,NO,NO,NO,NO
338853,M,46 a 55 años,Entre 1 y 1.5 SMLV,SIGMA,RHO,TAU,ETA,EMP_000001,BOGOTA D.C.,NO,NO,NO,NO,NO
338903,F,36 a 45 años,Entre 1 y 1.5 SMLV,SIGMA,RHO,PI,DELTA,EMP_000001,BOGOTA D.C.,NO,NO,NO,NO,NO
338953,M,20 a 35 años,Entre 1 y 1.5 SMLV,SIGMA,LAMBDA,ETA,XI,EMP_000002,,NO,NO,NO,NO,NO
339003,F,Mayor de 55 años,Menor al SMLV,SIGMA,LAMBDA,TAU,KAPPA,EMP_000001,,NO,NO,NO,NO,NO
339053,F,20 a 35 años,Entre 1 y 1.5 SMLV,SIGMA,LAMBDA,TAU,ETA,EMP_000001,,NO,NO,NO,NO,NO
339103,F,20 a 35 años,Entre 3 y 4 SMLV,PI,LAMBDA,ETA,XI,EMP_000001,,NO,NO,NO,NO,NO
339153,F,36 a 45 años,Entre 1 y 1.5 SMLV,SIGMA,RHO,PI,ETA,EMP_000001,,NO,NO,NO,NO,NO
339203,F,Menor de 19 años,Entre 1 y 1.5 SMLV,SIGMA,LAMBDA,TAU,UPSILON,EMP_000002,,NO,NO,NO,NO,NO
339253,M,46 a 55 años,Entre 1 y 1.5 SMLV,SIGMA,LAMBDA,TAU,ETA,EMP_000001,CHIQUINQUIRA,NO,NO,NO,NO,NO
339303,M,Mayor de 55 años,Entre 1.5 y 2 SMLV,SIGMA,EPSILON,PI,XI,EMP_000002,BOGOTA D.C.,NO,NO,NO,NO,NO
339353,M,20 a 35 años,Entre 2 y 2.5 SMLV,PI,LAMBDA,ETA,UPSILON,EMP_000001,,NO,NO,NO,NO,NO
339403,F,20 a 35 años,Entre 1 y 1.5 SMLV,SIGMA,RHO,TAU,XI,EMP_000001,,NO,NO,NO,NO,NO
339453,M,36 a 45 años,Menor al SMLV,SIGMA,LAMBDA,TAU,DELTA,EMP_000001,,NO,NO,NO,NO,NO
339503,M,36 a 45 años,Entre 1 y 1.5 SMLV,SIGMA,IOTA,TAU,XI,EMP_000002,BOGOTA D.C.,NO,NO,NO,NO,NO
339553,F,36 a 45 años,Entre 1 y 1.5 SMLV,SIGMA,RHO,TAU,ETA,EMP_000001,,NO,NO,NO,NO,NO
339603,M,20 a 35 años,Entre 1 y 1.5 SMLV,SIGMA,LAMBDA,TAU,ETA,EMP_000001,,NO,NO,NO,NO,NO
339653,M,Mayor de 55 años,Entre 4 y 6 SMLV,ZETA,EPSILON,PI,XI,EMP_000001,BOGOTA D.C.,NO,NO,NO,NO,NO
339703,M,46 a 55 años,Entre 10 y 20 SMLV,ZETA,EPSILON,PI,DELTA,EMP_000001,,NO,NO,NO,NO,NO
339753,F,20 a 35 años,Entre 1 y 1.5 SMLV,SIGMA,RHO,TAU,DELTA,EMP_000001,BOGOTA D.C.,NO,NO,NO,NO,NO
339803,M,20 a 35 años,Entre 1 y 1.5 SMLV,SIGMA,LAMBDA,TAU,ETA,EMP_000001,,NO,NO,NO,NO,NO
339853,M,20 a 35 años,Entre 1 y 1.5 SMLV,SIGMA,RHO,TAU,UPSILON,EMP_000001,,NO,NO,NO,NO,NO
339903,M,36 a 45 años,Entre 1 y 1.5 SMLV,SIGMA,EPSILON,TAU,ETA,EMP_000001,BOGOTA D.C.,NO,NO,NO,NO,NO
339953,M,Mayor de 55 años,Menor al SMLV,SIGMA,RHO,TAU,KAPPA,EMP_000001,BOGOTA D.C.,NO,NO,NO,NO,NO
340003,M,20 a 35 años,Entre 1 y 1.5 SMLV,SIGMA,LAMBDA,ETA,BETA,EMP_000001,,NO,NO,NO,NO,NO
340053,M,36 a 45 años,Entre 10 y 20 SMLV,ZETA,EPSILON,PI,XI,EMP_000001,BOGOTA D.C.,NO,NO,NO,NO,NO
340103,M,46 a 55 años,Entre 1 y 1.5 SMLV,SIGMA,LAMBDA,TAU,ETA,EMP_000001,,NO,NO,NO,NO,NO
340153,F,20 a 35 años,Menor al SMLV,SIGMA,RHO,TAU,ETA,EMP_000001,,NO,NO,NO,NO,NO
340203,F,36 a 45 años,Entre 2 y 2.5 SMLV,ZETA,LAMBDA,ETA,ETA,EMP_000001,,NO,NO,NO,NO,NO
340253,M,Mayor de 55 años,Entre 1 y 1.5 SMLV,SIGMA,EPSILON,PI,UPSILON,EMP_000001,BOGOTA D.C.,NO,NO,NO,NO,NO
340303,F,20 a 35 años,Entre 1 y 1.5 SMLV,SIGMA,LAMBDA,ETA,XI,EMP_000002,BOGOTA D.C.,NO,NO,NO,NO,NO
340353,M,36 a 45 años,Entre 1 y 1.5 SMLV,SIGMA,LAMBDA,ETA,DELTA,EMP_000001,,NO,NO,NO,NO,NO
340403,F,36 a 45 años,Entre 4 y 6 SMLV,ZETA,RHO,PI,XI,EMP_000001,BOGOTA D.C.,NO,NO,NO,NO,NO
340453,M,36 a 45 años,Entre 4 y 6 SMLV,ZETA,LAMBDA,PI,ETA,EMP_000001,,NO,NO,NO,NO,NO
340503,M,36 a 45 años,Entre 1 y 1.5 SMLV,SIGMA,EPSILON,TAU,UPSILON,EMP_000001,BOGOTA D.C.,NO,NO,NO,NO,NO
340553,M,20 a 35 años,Entre 1.5 y 2 SMLV,SIGMA,LAMBDA,ETA,UPSILON,EMP_000001,,NO,NO,NO,NO,NO
340603,M,36 a 45 años,Entre 1 y 1.5 SMLV,SIGMA,EPSILON,TAU,DELTA,EMP_000001,BOGOTA D.C.,NO,NO,NO,NO,NO
340653,M,Mayor de 55 años,Entre 1 y 1.5 SMLV,SIGMA,IOTA,TAU,UPSILON,EMP_000001,,NO,NO,NO,NO,NO
340703,F,46 a 55 años,Entre 1 y 1.5 SMLV,SIGMA,RHO,TAU,ETA,EMP_000001,,NO,NO,NO,NO,NO
340753,M,20 a 35 años,Entre 1 y 1.5 SMLV,SIGMA,LAMBDA,ETA,BETA,EMP_000001,,NO,NO,NO,NO,NO
340803,M,36 a 45 años,Entre 1 y 1.5 SMLV,SIGMA,LAMBDA,PI,BETA,EMP_000001,,NO,NO,NO,NO,NO
340853,F,46 a 55 años,Entre 1 y 1.5 SMLV,SIGMA,RHO,TAU,XI,EMP_000002,BOGOTA D.C.,NO,NO,NO,NO,NO
340903,F,Mayor de 55 años,Entre 1 y 1.5 SMLV,SIGMA,LAMBDA,TAU,ETA,EMP_000001,BOGOTA D.C.,NO,NO,NO,NO,NO
340953,F,46 a 55 años,Entre 2 y 2.5 SMLV,PI,LAMBDA,PI,UPSILON,EMP_000001,GIRARDOT,NO,NO,NO,NO,NO
341003,M,20 a 35 años,Entre 6 y 8 SMLV,ZETA,LAMBDA,ETA,XI,EMP_000001,BOGOTA D.C.,NO,NO,NO,NO,NO
341053,M,20 a 35 años,Entre 2 y 2.5 SMLV,PI,CHI,PI,UPSILON,EMP_000001,BOGOTA D.C.,NO,NO,NO,NO,NO
341103,F,46 a 55 años,Entre 1.5 y 2 SMLV,SIGMA,LAMBDA,PI,ETA,EMP_000001,BOGOTA D.C.,NO,NO,NO,NO,NO
341153,M,46 a 55 años,Menor al SMLV,SIGMA,LAMBDA,TAU,ETA,EMP_000001,,NO,NO,NO,NO,NO
341203,F,20 a 35 años,Entre 1 y 1.5 SMLV,SIGMA,EPSILON,TAU,DELTA,EMP_000001,,NO,NO,NO,NO,NO
341253,M,36 a 45 años,Entre 1 y 1.5 SMLV,SIGMA,RHO,PI,UPSILON,EMP_000001,BOGOTA D.C.,NO,NO,NO,NO,NO
341303,F,36 a 45 años,Entre 1 y 1.5 SMLV,SIGMA,RHO,PI,PSI,EMP_000001,,NO,NO,NO,NO,NO
341353,M,36 a 45 años,Menor al SMLV,SIGMA,LAMBDA,TAU,XI,EMP_000002,,NO,NO,NO,NO,NO
341403,F,46 a 55 años,Entre 3 y 4 SMLV,PI,LAMBDA,PI,DELTA,EMP_000001,BOGOTA D.C.,NO,NO,NO,NO,NO
341453,M,20 a 35 años,Entre 1 y 1.5 SMLV,SIGMA,RHO,TAU,UPSILON,EMP_000001,,NO,NO,NO,NO,NO
341503,F,20 a 35 años,Entre 1 y 1.5 SMLV,SIGMA,RHO,TAU,UPSILON,EMP_000001,,NO,NO,NO,NO,NO
341553,M,20 a 35 años,Entre 1 y 1.5 SMLV,SIGMA,LAMBDA,TAU,ETA,EMP_000001,,NO,NO,NO,NO,NO
341603,F,20 a 35 años,Entre 1 y 1.5 SMLV,SIGMA,LAMBDA,ETA,ETA,EMP_000001,,NO,NO,NO,NO,NO
341653,M,20 a 35 años,Menor al SMLV,SIGMA,LAMBDA,TAU,XI,EMP_000002,,NO,NO,NO,NO,NO
341703,M,20 a 35 años,Entre 1 y 1.5 SMLV,SIGMA,CHI,TAU,ETA,EMP_000001,SOACHA,NO,NO,NO,NO,NO
341753,F,36 a 45 años,Entre 1 y 1.5 SMLV,SIGMA,RHO,TAU,ETA,EMP_000001,,NO,NO,NO,NO,NO
341803,M,46 a 55 años,Entre 1 y 1.5 SMLV,SIGMA,EPSILON,PI,ETA,EMP_000001,BOGOTA D.C.,NO,NO,NO,NO,NO
341853,M,Mayor de 55 años,Entre 10 y 20 SMLV,ZETA,THETA,PI,OMICRON,EMP_000001,,NO,NO,NO,NO,NO
341903,F,46 a 55 años,Entre 1.5 y 2 SMLV,SIGMA,RHO,PI,ETA,EMP_000001,BOGOTA D.C.,NO,NO,NO,NO,NO
341953,M,20 a 35 años,Entre 1 y 1.5 SMLV,SIGMA,LAMBDA,ETA,XI,EMP_000002,,NO,NO,NO,NO,NO
342003,M,46 a 55 años,Entre 1 y 1.5 SMLV,SIGMA,EPSILON,TAU,ETA,EMP_000001,,NO,NO,NO,NO,NO
342053,M,20 a 35 años,Entre 2.5 y 3 SMLV,PI,LAMBDA,ETA,XI,EMP_000002,,NO,NO,NO,NO,NO
342103,F,Mayor de 55 años,Entre 1 y 1.5 SMLV,SIGMA,LAMBDA,TAU,KAPPA,EMP_000001,,NO,NO,NO,NO,NO
342153,M,20 a 35 años,Menor al SMLV,SIGMA,LAMBDA,TAU,OMEGA,EMP_000001,,NO,NO,NO,NO,NO
342203,M,36 a 45 años,Entre 1 y 1.5 SMLV,SIGMA,RHO,TAU,XI,EMP_000002,,NO,NO,NO,NO,NO
342253,F,20 a 35 años,Entre 1 y 1.5 SMLV,SIGMA,LAMBDA,ETA,BETA,EMP_000001,,NO,NO,NO,NO,NO
342303,F,20 a 35 años,Entre 1 y 1.5 SMLV,SIGMA,LAMBDA,ETA,DELTA,EMP_000001,,NO,NO,NO,NO,NO
342353,M,36 a 45 años,Entre 2 y 2.5 SMLV,PI,EPSILON,PI,ETA,EMP_000001,,NO,NO,NO,NO,NO
342403,F,36 a 45 años,Entre 3 y 4 SMLV,PI,LAMBDA,PI,XI,EMP_000002,,NO,NO,NO,NO,NO
342453,F,46 a 55 años,Entre 1.5 y 2 SMLV,SIGMA,LAMBDA,PI,XI,EMP_000002,,NO,NO,NO,NO,NO
342503,F,36 a 45 años,Entre 2 y 2.5 SMLV,PI,LAMBDA,PI,PSI,EMP_000001,BOGOTA D.C.,NO,NO,NO,NO,NO
342553,F,36 a 45 años,Entre 1 y 1.5 SMLV,SIGMA,LAMBDA,ETA,UPSILON,EMP_000001,BOGOTA D.C.,NO,NO,NO,NO,NO
342603,M,Mayor de 55 años,Entre 1 y 1.5 SMLV,SIGMA,LAMBDA,PI,DELTA,EMP_000001,BOGOTA D.C.,NO,NO,NO,NO,NO
342653,M,20 a 35 años,Menor al SMLV,SIGMA,LAMBDA,ETA,DELTA,EMP_000001,BOGOTA D.C.,NO,NO,NO,NO,NO
342703,M,20 a 35 años,Entre 1 y 1.5 SMLV,SIGMA,LAMBDA,TAU,XI,EMP_000002,,NO,NO,NO,NO,NO
342753,F,36 a 45 años,Entre 2.5 y 3 SMLV,PI,RHO,PI,UPSILON,EMP_000001,,NO,NO,NO,NO,NO
342803,M,46 a 55 años,Entre 1 y 1.5 SMLV,SIGMA,EPSILON,TAU,ETA,EMP_000001,BOGOTA D.C.,NO,NO,NO,NO,NO
342853,M,Mayor de 55 años,Entre 1 y 1.5 SMLV,SIGMA,IOTA,TAU,ETA,EMP_000001,BOGOTA D.C.,NO,NO,NO,NO,NO
342903,M,Mayor de 55 años,Entre 2 y 2.5 SMLV,PI,LAMBDA,PI,OMEGA,EMP_000001,,NO,NO,NO,NO,NO
342953,F,46 a 55 años,Entre 1 y 1.5 SMLV,SIGMA,LAMBDA,TAU,ETA,EMP_000001,,NO,NO,NO,NO,NO
343003,F,Mayor de 55 años,Entre 3 y 4 SMLV,PI,LAMBDA,PI,UPSILON,EMP_000001,BOGOTA D.C.,NO,NO,NO,NO,NO
343053,M,20 a 35 años,Entre 1 y 1.5 SMLV,SIGMA,LAMBDA,TAU,ETA,EMP_000001,,NO,NO,NO,NO,NO
343103,F,20 a 35 años,Entre 1 y 1.5 SMLV,SIGMA,LAMBDA,TAU,ETA,EMP_000001,,NO,NO,NO,NO,NO
343153,F,36 a 45 años,Entre 1 y 1.5 SMLV,SIGMA,EPSILON,TAU,XI,EMP_000002,BOGOTA D.C.,NO,NO,NO,NO,NO
343203,M,20 a 35 años,Entre 1 y 1.5 SMLV,SIGMA,LAMBDA,ETA,ETA,EMP_000001,,NO,NO,NO,NO,NO
343253,M,20 a 35 años,Entre 4 y 6 SMLV,ZETA,LAMBDA,ETA,UPSILON,EMP_000001,,NO,NO,NO,NO,NO
343303,F,20 a 35 años,Entre 1 y 1.5 SMLV,SIGMA,EPSILON,TAU,XI,EMP_000001,,NO,NO,NO,NO,NO
343353,M,Mayor de 55 años,Entre 1 y 1.5 SMLV,SIGMA,IOTA,TAU,DELTA,EMP_000001,BOGOTA D.C.,NO,NO,NO,NO,NO
343403,M,20 a 35 años,Entre 1 y 1.5 SMLV,SIGMA,LAMBDA,ETA,UPSILON,EMP_000001,,NO,NO,NO,NO,NO
343453,M,20 a 35 años,Entre 1 y 1.5 SMLV,SIGMA,LAMBDA,TAU,UPSILON,EMP_000001,,NO,NO,NO,NO,NO
343503,M,20 a 35 años,Entre 1 y 1.5 SMLV,SIGMA,CHI,PI,XI,EMP_000001,BOGOTA D.C.,NO,NO,NO,NO,NO
343553,M,20 a 35 años,Entre 1 y 1.5 SMLV,SIGMA,LAMBDA,ETA,BETA,EMP_000001,,NO,NO,NO,NO,NO
343603,F,20 a 35 años,Menor al SMLV,SIGMA,LAMBDA,TAU,ETA,EMP_000001,BOGOTA D.C.,NO,NO,NO,NO,NO
343653,F,20 a 35 años,Entre 1 y 1.5 SMLV,SIGMA,RHO,TAU,UPSILON,EMP_000001,,NO,NO,NO,NO,NO
343703,F,36 a 45 años,Entre 1 y 1.5 SMLV,SIGMA,EPSILON,TAU,XI,EMP_000001,,NO,NO,NO,NO,NO
343753,F,20 a 35 años,Entre 1 y 1.5 SMLV,SIGMA,LAMBDA,TAU,XI,EMP_000002,,NO,NO,NO,NO,NO
343803,F,20 a 35 años,Entre 1 y 1.5 SMLV,SIGMA,LAMBDA,TAU,ETA,EMP_000001,,NO,NO,NO,NO,NO
343853,M,36 a 45 años,Entre 1 y 1.5 SMLV,SIGMA,EPSILON,TAU,ETA,EMP_000001,BOGOTA D.C.,NO,NO,NO,NO,NO
343903,M,20 a 35 años,Entre 1 y 1.5 SMLV,SIGMA,LAMBDA,TAU,UPSILON,EMP_000001,,NO,NO,NO,NO,NO
343953,M,20 a 35 años,Entre 1 y 1.5 SMLV,SIGMA,LAMBDA,TAU,ETA,EMP_000001,SOACHA,NO,NO,NO,NO,NO
344003,M,20 a 35 años,Entre 1 y 1.5 SMLV,SIGMA,LAMBDA,ETA,XI,EMP_000002,,NO,NO,NO,NO,NO
344053,M,20 a 35 años,Entre 1 y 1.5 SMLV,SIGMA,LAMBDA,TAU,UPSILON,EMP_000001,FACATATIVA,NO,NO,NO,NO,NO
344103,M,46 a 55 años,Entre 1 y 1.5 SMLV,SIGMA,LAMBDA,PI,ETA,EMP_000001,,NO,NO,NO,NO,NO
344153,M,20 a 35 años,Menor al SMLV,SIGMA,LAMBDA,TAU,ETA,EMP_000001,,NO,NO,NO,NO,NO
344203,F,36 a 45 años,,MU,THETA,OMEGA,OMICRON,EMP_000001,,NO,NO,NO,NO,NO
344253,F,46 a 55 años,Entre 1 y 1.5 SMLV,SIGMA,LAMBDA,TAU,ETA,EMP_000001,BOGOTA D.C.,NO,NO,NO,NO,NO
344303,M,20 a 35 años,Entre 1 y 1.5 SMLV,SIGMA,LAMBDA,ETA,UPSILON,EMP_000001,BOGOTA D.C.,NO,NO,NO,NO,NO
344353,F,20 a 35 años,Entre 3 y 4 SMLV,PI,LAMBDA,ETA,XI,EMP_000002,,NO,NO,NO,NO,NO
344403,F,36 a 45 años,Menor al SMLV,SIGMA,RHO,TAU,ETA,EMP_000001,BOGOTA D.C.,NO,NO,NO,NO,NO
344453,F,20 a 35 años,Entre 1 y 1.5 SMLV,PI,LAMBDA,ETA,BETA,EMP_000001,,NO,NO,NO,NO,NO
344503,M,20 a 35 años,Entre 1 y 1.5 SMLV,SIGMA,LAMBDA,ETA,XI,EMP_000002,BOGOTA D.C.,NO,NO,NO,NO,NO
344553,F,20 a 35 años,Entre 1 y 1.5 SMLV,SIGMA,LAMBDA,TAU,ETA,EMP_000001,,NO,NO,NO,NO,NO
344603,F,20 a 35 años,Entre 1 y 1.5 SMLV,SIGMA,RHO,PI,UPSILON,EMP_000001,,NO,NO,NO,NO,NO
344653,F,46 a 55 años,Entre 1.5 y 2 SMLV,SIGMA,LAMBDA,PI,PSI,EMP_000001,BOGOTA D.C.,NO,NO,NO,NO,NO
344703,M,46 a 55 años,Entre 1.5 y 2 SMLV,SIGMA,LAMBDA,PI,UPSILON,EMP_000001,,NO,NO,NO,NO,NO
344753,F,Menor de 19 años,Entre 1 y 1.5 SMLV,SIGMA,LAMBDA,TAU,DELTA,EMP_000001,,NO,NO,NO,NO,NO
344803,M,36 a 45 años,Entre 1 y 1.5 SMLV,SIGMA,EPSILON,TAU,ETA,EMP_000001,,NO,NO,NO,NO,NO
344853,F,46 a 55 años,Entre 1 y 1.5 SMLV,SIGMA,LAMBDA,TAU,UPSILON,EMP_000001,BOGOTA D.C.,NO,NO,NO,NO,NO
344903,M,36 a 45 años,Menor al SMLV,SIGMA,LAMBDA,TAU,DELTA,EMP_000001,CHIA,NO,NO,NO,NO,NO
344953,M,20 a 35 años,Entre 1.5 y 2 SMLV,SIGMA,LAMBDA,ETA,DELTA,EMP_000001,,NO,NO,NO,NO,NO
345003,M,46 a 55 años,Entre 1 y 1.5 SMLV,SIGMA,EPSILON,TAU,ETA,EMP_000001,BOGOTA D.C.,NO,NO,NO,NO,NO
345053,M,Menor de 19 años,Entre 1 y 1.5 SMLV,SIGMA,LAMBDA,TAU,UPSILON,EMP_000001,,NO,NO,NO,NO,NO
345103,M,36 a 45 años,Entre 1 y 1.5 SMLV,SIGMA,LAMBDA,PI,UPSILON,EMP_000001,BOGOTA D.C.,NO,NO,NO,NO,NO
345153,M,20 a 35 años,Entre 1 y 1.5 SMLV,SIGMA,LAMBDA,ETA,DELTA,EMP_000001,,NO,NO,NO,NO,NO
345203,M,46 a 55 años,Entre 1 y 1.5 SMLV,SIGMA,EPSILON,TAU,ETA,EMP_000001,,NO,NO,NO,NO,NO
345253,F,20 a 35 años,Entre 1.5 y 2 SMLV,SIGMA,LAMBDA,ETA,UPSILON,EMP_000001,,NO,NO,NO,NO,NO
345303,M,36 a 45 años,Entre 1 y 1.5 SMLV,SIGMA,RHO,PI,UPSILON,EMP_000001,,NO,NO,NO,NO,NO
345353,F,20 a 35 años,Entre 3 y 4 SMLV,PI,LAMBDA,ETA,UPSILON,EMP_000001,,NO,NO,NO,NO,NO
345403,M,20 a 35 años,Entre 1 y 1.5 SMLV,SIGMA,LAMBDA,TAU,XI,EMP_000002,,NO,NO,NO,NO,NO
345453,F,36 a 45 años,Entre 1.5 y 2 SMLV,SIGMA,RHO,PI,DELTA,EMP_000001,MOSQUERA,NO,NO,NO,NO,NO
345503,M,20 a 35 años,Entre 1 y 1.5 SMLV,SIGMA,LAMBDA,ETA,UPSILON,EMP_000001,,NO,NO,NO,NO,NO
345553,M,36 a 45 años,Entre 3 y 4 SMLV,ZETA,EPSILON,PI,UPSILON,EMP_000001,BOGOTA D.C.,NO,NO,NO,NO,NO
345603,F,20 a 35 años,Entre 1.5 y 2 SMLV,SIGMA,RHO,PI,ETA,EMP_000001,BOGOTA D.C.,NO,NO,NO,NO,NO
345653,M,20 a 35 años,Entre 1 y 1.5 SMLV,SIGMA,LAMBDA,TAU,XI,EMP_000002,BOGOTA D.C.,NO,NO,NO,NO,NO
345703,F,46 a 55 años,Entre 1 y 1.5 SMLV,SIGMA,LAMBDA,TAU,ETA,EMP_000001,BOGOTA D.C.,NO,NO,NO,NO,NO
345753,F,46 a 55 años,Entre 1.5 y 2 SMLV,SIGMA,EPSILON,PI,UPSILON,EMP_000001,BOGOTA D.C.,NO,NO,NO,NO,NO
345803,M,46 a 55 años,Entre 10 y 20 SMLV,ZETA,EPSILON,PI,ETA,EMP_000001,,NO,NO,NO,NO,NO
345853,F,20 a 35 años,Menor al SMLV,SIGMA,LAMBDA,TAU,DELTA,EMP_000001,,NO,NO,NO,NO,NO
345903,M,20 a 35 años,Entre 1 y 1.5 SMLV,SIGMA,LAMBDA,TAU,UPSILON,EMP_000001,,NO,NO,NO,NO,NO
345953,M,36 a 45 años,Entre 1.5 y 2 SMLV,SIGMA,RHO,PI,DELTA,EMP_000001,BOGOTA D.C.,NO,NO,NO,NO,NO
346003,F,20 a 35 años,Entre 1 y 1.5 SMLV,SIGMA,LAMBDA,TAU,ETA,EMP_000001,,NO,NO,NO,NO,NO
346053,M,20 a 35 años,Entre 1.5 y 2 SMLV,PI,LAMBDA,ETA,ETA,EMP_000001,,NO,NO,NO,NO,NO
346103,F,20 a 35 años,Entre 1 y 1.5 SMLV,SIGMA,RHO,PI,UPSILON,EMP_000001,,NO,NO,NO,NO,NO
346153,M,Mayor de 55 años,Entre 10 y 20 SMLV,ZETA,LAMBDA,PI,DELTA,EMP_000001,,NO,NO,NO,NO,NO
346203,M,20 a 35 años,Entre 1 y 1.5 SMLV,SIGMA,EPSILON,TAU,ETA,EMP_000001,BOGOTA D.C.,NO,NO,NO,NO,NO
346253,F,46 a 55 años,Entre 1 y 1.5 SMLV,SIGMA,LAMBDA,TAU,DELTA,EMP_000001,,NO,NO,NO,NO,NO
346303,M,46 a 55 años,Entre 1 y 1.5 SMLV,SIGMA,LAMBDA,TAU,ETA,EMP_000001,,NO,NO,NO,NO,NO
346353,M,36 a 45 años,Menor al SMLV,SIGMA,RHO,TAU,ETA,EMP_000001,BOGOTA D.C.,NO,NO,NO,NO,NO
346403,F,20 a 35 años,Entre 1 y 1.5 SMLV,SIGMA,LAMBDA,TAU,ETA,EMP_000001,,NO,NO,NO,NO,NO
346453,M,Mayor de 55 años,Entre 1.5 y 2 SMLV,PI,RHO,PI,XI,EMP_000001,BOGOTA D.C.,NO,NO,NO,NO,NO
346503,F,46 a 55 años,Entre 6 y 8 SMLV,ZETA,EPSILON,PI,UPSILON,EMP_000001,BOGOTA D.C.,NO,NO,NO,NO,NO
346553,M,20 a 35 años,Entre 1 y 1.5 SMLV,SIGMA,RHO,TAU,UPSILON,EMP_000001,BOGOTA D.C.,NO,NO,NO,NO,NO
346603,M,20 a 35 años,Entre 1 y 1.5 SMLV,SIGMA,RHO,TAU,UPSILON,EMP_000001,,NO,NO,NO,NO,NO
346653,F,Mayor de 55 años,Entre 1 y 1.5 SMLV,SIGMA,LAMBDA,TAU,ETA,EMP_000001,,NO,NO,NO,NO,NO
346703,M,20 a 35 años,Entre 1 y 1.5 SMLV,SIGMA,LAMBDA,ETA,BETA,EMP_000001,,NO,NO,NO,NO,NO
346753,M,36 a 45 años,Entre 1 y 1.5 SMLV,SIGMA,LAMBDA,TAU,UPSILON,EMP_000001,BOGOTA D.C.,NO,NO,NO,NO,NO
346803,M,20 a 35 años,Entre 1 y 1.5 SMLV,SIGMA,LAMBDA,TAU,DELTA,EMP_000001,,NO,NO,NO,NO,NO
346853,M,46 a 55 años,Entre 1 y 1.5 SMLV,SIGMA,EPSILON,TAU,DELTA,EMP_000001,,NO,NO,NO,NO,NO
346903,M,Mayor de 55 años,Entre 1.5 y 2 SMLV,SIGMA,EPSILON,PI,XI,EMP_000001,SOACHA,NO,NO,NO,NO,NO
346953,M,Mayor de 55 años,Entre 1 y 1.5 SMLV,SIGMA,RHO,TAU,ETA,EMP_000001,BOGOTA D.C.,NO,NO,NO,NO,NO
347003,M,20 a 35 años,Entre 1 y 1.5 SMLV,SIGMA,RHO,TAU,ETA,EMP_000001,BOGOTA D.C.,NO,NO,NO,NO,NO
347053,M,36 a 45 años,Entre 2 y 2.5 SMLV,PI,RHO,PI,XI,EMP_000002,BOGOTA D.C.,NO,NO,NO,NO,NO
347103,M,46 a 55 años,Entre 1 y 1.5 SMLV,SIGMA,EPSILON,TAU,ETA,EMP_000001,,NO,NO,NO,NO,NO
347153,F,20 a 35 años,Entre 2 y 2.5 SMLV,PI,LAMBDA,ETA,DELTA,EMP_000001,,NO,NO,NO,NO,NO
347203,F,46 a 55 años,Entre 2 y 2.5 SMLV,PI,LAMBDA,PI,XI,EMP_000002,LA PALMA,NO,NO,NO,NO,NO
347253,M,20 a 35 años,Entre 1 y 1.5 SMLV,SIGMA,LAMBDA,ETA,ETA,EMP_000001,BOGOTA D.C.,NO,NO,NO,NO,NO
347303,F,20 a 35 años,Entre 1 y 1.5 SMLV,SIGMA,LAMBDA,TAU,ETA,EMP_000001,,NO,NO,NO,NO,NO
347353,F,20 a 35 años,Entre 1.5 y 2 SMLV,PI,LAMBDA,ETA,LAMBDA,EMP_000001,BOGOTA D.C.,NO,NO,NO,NO,NO
347403,M,46 a 55 años,Entre 1 y 1.5 SMLV,SIGMA,EPSILON,TAU,OMEGA,EMP_000001,,NO,NO,NO,NO,NO
347453,F,36 a 45 años,Entre 1 y 1.5 SMLV,SIGMA,LAMBDA,TAU,ETA,EMP_000001,,NO,NO,NO,NO,NO
347503,M,20 a 35 años,Entre 1 y 1.5 SMLV,SIGMA,LAMBDA,TAU,OMEGA,EMP_000001,,NO,NO,NO,NO,NO
347553,M,20 a 35 años,Entre 1.5 y 2 SMLV,SIGMA,LAMBDA,ETA,XI,EMP_000001,,NO,NO,NO,NO,NO
347603,M,20 a 35 años,Menor al SMLV,SIGMA,THETA,TAU,OMICRON,EMP_000001,,NO,NO,NO,NO,NO
347653,M,Mayor de 55 años,Entre 1.5 y 2 SMLV,SIGMA,LAMBDA,PI,ETA,EMP_000001,,NO,NO,NO,NO,NO
347703,M,36 a 45 años,Entre 1 y 1.5 SMLV,SIGMA,LAMBDA,TAU,ETA,EMP_000001,,NO,NO,NO,NO,NO
347753,M,36 a 45 años,Entre 1 y 1.5 SMLV,SIGMA,RHO,TAU,ETA,EMP_000001,BOGOTA D.C.,NO,NO,NO,NO,NO
347803,F,36 a 45 años,Entre 2.5 y 3 SMLV,PI,LAMBDA,PI,XI,EMP_000001,,NO,NO,NO,NO,NO
347853,M,36 a 45 años,,MU,THETA,OMEGA,OMICRON,EMP_000001,,NO,NO,NO,NO,NO
347903,F,46 a 55 años,Entre 1 y 1.5 SMLV,SIGMA,RHO,PI,ETA,EMP_000001,BOGOTA D.C.,NO,NO,NO,NO,NO
347953,F,36 a 45 años,Entre 1 y 1.5 SMLV,PI,LAMBDA,TAU,LAMBDA,EMP_000001,,NO,NO,NO,NO,NO
348003,M,Mayor de 55 años,Entre 1 y 1.5 SMLV,SIGMA,IOTA,TAU,UPSILON,EMP_000001,BOGOTA D.C.,NO,NO,NO,NO,NO
348053,F,20 a 35 años,Entre 1.5 y 2 SMLV,SIGMA,LAMBDA,ETA,ETA,EMP_000001,,NO,NO,NO,NO,NO
348103,F,36 a 45 años,Entre 1 y 1.5 SMLV,SIGMA,RHO,TAU,OMEGA,EMP_000001,,NO,NO,NO,NO,NO
348153,M,Mayor de 55 años,Menor al SMLV,SIGMA,LAMBDA,TAU,ETA,EMP_000001,,NO,NO,NO,NO,NO
348203,M,Mayor de 55 años,Entre 20 y 30 SMLV,ZETA,EPSILON,XI,DELTA,EMP_000001,BOGOTA D.C.,NO,NO,NO,NO,NO
348253,F,20 a 35 años,Entre 2 y 2.5 SMLV,PI,LAMBDA,ETA,ETA,EMP_000001,,NO,NO,NO,NO,NO
348303,F,36 a 45 años,Menor al SMLV,SIGMA,RHO,TAU,ETA,EMP_000001,,NO,NO,NO,NO,NO
348353,F,36 a 45 años,Entre 1 y 1.5 SMLV,SIGMA,LAMBDA,TAU,ETA,EMP_000001,MEDELLIN,NO,NO,NO,NO,NO
348403,F,20 a 35 años,Entre 1 y 1.5 SMLV,SIGMA,LAMBDA,TAU,ETA,EMP_000001,,NO,NO,NO,NO,NO
348453,M,20 a 35 años,Entre 1 y 1.5 SMLV,SIGMA,LAMBDA,ETA,BETA,EMP_000001,,NO,NO,NO,NO,NO
348503,F,20 a 35 años,Entre 1 y 1.5 SMLV,SIGMA,RHO,PI,ETA,EMP_000001,,NO,NO,NO,NO,NO
348553,M,Mayor de 55 años,Menor al SMLV,SIGMA,IOTA,TAU,ETA,EMP_000001,,NO,NO,NO,NO,NO
348603,F,Mayor de 55 años,Entre 1 y 1.5 SMLV,SIGMA,LAMBDA,TAU,DELTA,EMP_000001,BOGOTA D.C.,NO,NO,NO,NO,NO
348653,M,20 a 35 años,Entre 1.5 y 2 SMLV,SIGMA,LAMBDA,ETA,DELTA,EMP_000001,,NO,NO,NO,NO,NO
348703,F,20 a 35 años,Entre 1.5 y 2 SMLV,SIGMA,LAMBDA,ETA,DELTA,EMP_000001,,NO,NO,NO,NO,NO
348753,F,Mayor de 55 años,Menor al SMLV,SIGMA,LAMBDA,TAU,KAPPA,EMP_000001,BOGOTA D.C.,NO,NO,NO,NO,NO
348803,F,Mayor de 55 años,Entre 1.5 y 2 SMLV,SIGMA,IOTA,PI,ETA,EMP_000001,BOGOTA D.C.,NO,NO,NO,NO,NO
348853,F,36 a 45 años,Entre 1 y 1.5 SMLV,SIGMA,RHO,TAU,ETA,EMP_000001,BOGOTA D.C.,NO,NO,NO,NO,NO
348903,F,36 a 45 años,Entre 10 y 20 SMLV,ZETA,LAMBDA,PI,UPSILON,EMP_000001,BOGOTA D.C.,NO,NO,NO,NO,NO
348953,M,Mayor de 55 años,Menor al SMLV,SIGMA,IOTA,TAU,ETA,EMP_000001,,NO,NO,NO,NO,NO
349003,M,20 a 35 años,Entre 1 y 1.5 SMLV,SIGMA,LAMBDA,ETA,UPSILON,EMP_000001,,NO,NO,NO,NO,NO
349053,M,Mayor de 55 años,Entre 1 y 1.5 SMLV,SIGMA,LAMBDA,TAU,ETA,EMP_000001,,NO,NO,NO,NO,NO
349103,F,20 a 35 años,Entre 1 y 1.5 SMLV,SIGMA,EPSILON,TAU,ETA,EMP_000001,,NO,NO,NO,NO,NO
349153,F,36 a 45 años,Entre 3 y 4 SMLV,PI,LAMBDA,ETA,ETA,EMP_000001,BOGOTA D.C.,NO,NO,NO,NO,NO
349203,M,20 a 35 años,Entre 1 y 1.5 SMLV,SIGMA,LAMBDA,TAU,XI,EMP_000002,,NO,NO,NO,NO,NO
349253,M,36 a 45 años,Entre 2.5 y 3 SMLV,PI,LAMBDA,ETA,UPSILON,EMP_000001,,NO,NO,NO,NO,NO
349303,F,20 a 35 años,Entre 1 y 1.5 SMLV,SIGMA,LAMBDA,ETA,UPSILON,EMP_000001,,NO,NO,NO,NO,NO
349353,F,36 a 45 años,Entre 2 y 2.5 SMLV,PI,RHO,PI,DELTA,EMP_000001,,NO,NO,NO,NO,NO
349403,M,20 a 35 años,Entre 2.5 y 3 SMLV,PI,LAMBDA,ETA,XI,EMP_000001,BOGOTA D.C.,NO,NO,NO,NO,NO
349453,M,46 a 55 años,Entre 1 y 1.5 SMLV,SIGMA,LAMBDA,TAU,UPSILON,EMP_000001,,NO,NO,NO,NO,NO
349503,M,46 a 55 años,Entre 1 y 1.5 SMLV,SIGMA,EPSILON,TAU,DELTA,EMP_000001,,NO,NO,NO,NO,NO
349553,F,46 a 55 años,Entre 2.5 y 3 SMLV,PI,RHO,PI,UPSILON,EMP_000001,SOACHA,NO,NO,NO,NO,NO
349603,M,20 a 35 años,Entre 2 y 2.5 SMLV,PI,LAMBDA,ETA,DELTA,EMP_000001,BOGOTA D.C.,NO,NO,NO,NO,NO
349653,F,20 a 35 años,Entre 1 y 1.5 SMLV,SIGMA,RHO,TAU,ETA,EMP_000001,,NO,NO,NO,NO,NO
349703,M,20 a 35 años,Entre 6 y 8 SMLV,ZETA,LAMBDA,ETA,DELTA,EMP_000001,BOGOTA D.C.,NO,NO,NO,NO,NO
349753,M,20 a 35 años,Entre 1 y 1.5 SMLV,SIGMA,LAMBDA,TAU,UPSILON,EMP_000001,,NO,NO,NO,NO,NO
349803,M,36 a 45 años,Entre 1 y 1.5 SMLV,SIGMA,RHO,TAU,DELTA,EMP_000001,,NO,NO,NO,NO,NO
349853,F,36 a 45 años,Menor al SMLV,SIGMA,LAMBDA,ETA,ETA,EMP_000001,,NO,NO,NO,NO,NO
349903,F,Mayor de 55 años,Entre 1 y 1.5 SMLV,SIGMA,IOTA,PI,PSI,EMP_000001,BOGOTA D.C.,NO,NO,NO,NO,NO
349953,F,36 a 45 años,Entre 1 y 1.5 SMLV,SIGMA,LAMBDA,TAU,XI,EMP_000002,,NO,NO,NO,NO,NO
350003,M,46 a 55 años,Entre 1 y 1.5 SMLV,SIGMA,RHO,TAU,ETA,EMP_000001,BOGOTA D.C.,NO,NO,NO,NO,NO
350053,F,36 a 45 años,Entre 1 y 1.5 SMLV,SIGMA,LAMBDA,TAU,DELTA,EMP_000001,BOGOTA D.C.,NO,NO,NO,NO,NO
350103,F,46 a 55 años,Entre 1 y 1.5 SMLV,SIGMA,RHO,TAU,UPSILON,EMP_000001,MOSQUERA,NO,NO,NO,NO,NO
350153,F,36 a 45 años,Entre 2 y 2.5 SMLV,PI,RHO,PI,DELTA,EMP_000001,BOGOTA D.C.,NO,NO,NO,NO,NO
350203,F,46 a 55 años,Entre 1 y 1.5 SMLV,SIGMA,LAMBDA,TAU,DELTA,EMP_000001,BOGOTA D.C.,NO,NO,NO,NO,NO
350253,F,Mayor de 55 años,Menor al SMLV,SIGMA,LAMBDA,TAU,ETA,EMP_000001,,NO,NO,NO,NO,NO
350303,F,20 a 35 años,Entre 1 y 1.5 SMLV,SIGMA,RHO,TAU,XI,EMP_000001,BOGOTA D.C.,NO,NO,NO,NO,NO
350353,M,46 a 55 años,Entre 1 y 1.5 SMLV,SIGMA,IOTA,TAU,ETA,EMP_000001,,NO,NO,NO,NO,NO
350403,M,20 a 35 años,Entre 1 y 1.5 SMLV,SIGMA,RHO,PI,ETA,EMP_000001,BOGOTA D.C.,NO,NO,NO,NO,NO
350453,F,36 a 45 años,Entre 1.5 y 2 SMLV,SIGMA,LAMBDA,ETA,XI,EMP_000002,,NO,NO,NO,NO,NO
350503,M,36 a 45 años,Entre 1.5 y 2 SMLV,PI,LAMBDA,PI,ETA,EMP_000001,BOGOTA D.C.,NO,NO,NO,NO,NO
350553,F,36 a 45 años,Entre 1 y 1.5 SMLV,SIGMA,RHO,TAU,UPSILON,EMP_000001,FACATATIVA,NO,NO,NO,NO,NO
350603,M,20 a 35 años,Entre 1 y 1.5 SMLV,SIGMA,LAMBDA,ETA,DELTA,EMP_000001,,NO,NO,NO,NO,NO
350653,M,20 a 35 años,Entre 1 y 1.5 SMLV,SIGMA,RHO,TAU,UPSILON,EMP_000001,,NO,NO,NO,NO,NO
350703,F,20 a 35 años,Entre 1 y 1.5 SMLV,SIGMA,LAMBDA,TAU,OMEGA,EMP_000001,,NO,NO,NO,NO,NO
350753,F,36 a 45 años,Menor al SMLV,SIGMA,LAMBDA,TAU,ETA,EMP_000001,BOGOTA D.C.,NO,NO,NO,NO,NO
350803,F,Mayor de 55 años,Entre 1 y 1.5 SMLV,SIGMA,LAMBDA,TAU,UPSILON,EMP_000001,BOGOTA D.C.,NO,NO,NO,NO,NO
350853,F,20 a 35 años,Entre 2 y 2.5 SMLV,PI,LAMBDA,ETA,ETA,EMP_000001,,NO,NO,NO,NO,NO
350903,F,20 a 35 años,Menor al SMLV,SIGMA,RHO,TAU,ETA,EMP_000001,BOGOTA D.C.,NO,NO,NO,NO,NO
350953,M,36 a 45 años,Entre 1 y 1.5 SMLV,SIGMA,RHO,TAU,ETA,EMP_000001,,NO,NO,NO,NO,NO
351003,F,20 a 35 años,Entre 1 y 1.5 SMLV,SIGMA,LAMBDA,TAU,DELTA,EMP_000001,,NO,NO,NO,NO,NO
351053,F,46 a 55 años,Entre 2.5 y 3 SMLV,PI,RHO,PI,UPSILON,EMP_000001,,NO,NO,NO,NO,NO
351103,M,Mayor de 55 años,Entre 1 y 1.5 SMLV,PI,RHO,TAU,LAMBDA,EMP_000001,TABIO,NO,NO,NO,NO,NO
351153,F,36 a 45 años,Entre 1.5 y 2 SMLV,SIGMA,RHO,PI,XI,EMP_000002,BOGOTA D.C.,NO,NO,NO,NO,NO
351203,F,36 a 45 años,Menor al SMLV,SIGMA,EPSILON,TAU,ETA,EMP_000001,BOGOTA D.C.,NO,NO,NO,NO,NO
351253,F,20 a 35 años,Entre 2 y 2.5 SMLV,PI,LAMBDA,ETA,XI,EMP_000001,BOGOTA D.C.,NO,NO,NO,NO,NO
351303,M,Mayor de 55 años,Entre 2 y 2.5 SMLV,PI,IOTA,PI,ETA,EMP_000001,BOGOTA D.C.,NO,NO,NO,NO,NO
351353,F,36 a 45 años,Entre 1 y 1.5 SMLV,SIGMA,RHO,TAU,ETA,EMP_000001,,NO,NO,NO,NO,NO
351403,M,20 a 35 años,Entre 1 y 1.5 SMLV,SIGMA,LAMBDA,TAU,XI,EMP_000001,,NO,NO,NO,NO,NO
351453,M,20 a 35 años,Entre 1 y 1.5 SMLV,SIGMA,LAMBDA,TAU,ETA,EMP_000001,,NO,NO,NO,NO,NO
351503,M,36 a 45 años,Entre 1 y 1.5 SMLV,SIGMA,LAMBDA,TAU,ETA,EMP_000001,,NO,NO,NO,NO,NO
351553,F,46 a 55 años,Entre 1 y 1.5 SMLV,SIGMA,RHO,TAU,ETA,EMP_000001,BOGOTA D.C.,NO,NO,NO,NO,NO
351603,F,Mayor de 55 años,Entre 1 y 1.5 SMLV,SIGMA,LAMBDA,TAU,ETA,EMP_000001,,NO,NO,NO,NO,NO
351653,M,Mayor de 55 años,Menor al SMLV,SIGMA,LAMBDA,TAU,ETA,EMP_000001,ZIPAQUIRA,NO,NO,NO,NO,NO
351703,F,20 a 35 años,Entre 2 y 2.5 SMLV,PI,LAMBDA,ETA,XI,EMP_000002,,NO,NO,NO,NO,NO
351753,F,20 a 35 años,Entre 1 y 1.5 SMLV,SIGMA,LAMBDA,ETA,BETA,EMP_000001,,NO,NO,NO,NO,NO
351803,M,36 a 45 años,Entre 1 y 1.5 SMLV,SIGMA,LAMBDA,TAU,ETA,EMP_000001,,NO,NO,NO,NO,NO
351853,M,36 a 45 años,Entre 1 y 1.5 SMLV,SIGMA,LAMBDA,ETA,BETA,EMP_000001,,NO,NO,NO,NO,NO
351903,F,36 a 45 años,Entre 1 y 1.5 SMLV,SIGMA,RHO,PI,DELTA,EMP_000001,,NO,NO,NO,NO,NO
351953,M,20 a 35 años,Entre 1 y 1.5 SMLV,SIGMA,LAMBDA,TAU,ETA,EMP_000001,,NO,NO,NO,NO,NO
352003,F,20 a 35 años,Entre 3 y 4 SMLV,ZETA,LAMBDA,ETA,ETA,EMP_000001,,NO,NO,NO,NO,NO
352053,M,Mayor de 55 años,Entre 1 y 1.5 SMLV,SIGMA,IOTA,TAU,XI,EMP_000002,,NO,NO,NO,NO,NO
352103,M,20 a 35 años,Entre 1 y 1.5 SMLV,SIGMA,LAMBDA,TAU,ETA,EMP_000001,,NO,NO,NO,NO,NO
352153,F,36 a 45 años,Menor al SMLV,SIGMA,RHO,TAU,ETA,EMP_000001,,NO,NO,NO,NO,NO
352203,M,46 a 55 años,Entre 10 y 20 SMLV,ZETA,RHO,PI,XI,EMP_000002,BOGOTA D.C.,NO,NO,NO,NO,NO
352253,F,36 a 45 años,Entre 1 y 1.5 SMLV,SIGMA,RHO,TAU,OMEGA,EMP_000001,BOGOTA D.C.,NO,NO,NO,NO,NO
352303,F,36 a 45 años,Entre 1 y 1.5 SMLV,SIGMA,RHO,TAU,ETA,EMP_000001,,NO,NO,NO,NO,NO
352353,F,Mayor de 55 años,Menor al SMLV,SIGMA,RHO,TAU,OMEGA,EMP_000001,BOGOTA D.C.,NO,NO,NO,NO,NO
352403,M,46 a 55 años,Entre 1 y 1.5 SMLV,SIGMA,LAMBDA,TAU,DELTA,EMP_000001,BOGOTA D.C.,NO,NO,NO,NO,NO
352453,F,46 a 55 años,Entre 4 y 6 SMLV,ZETA,LAMBDA,PI,XI,EMP_000002,,NO,NO,NO,NO,NO
352503,M,Mayor de 55 años,Menor al SMLV,SIGMA,IOTA,TAU,DELTA,EMP_000001,BOGOTA D.C.,NO,NO,NO,NO,NO
352553,F,36 a 45 años,Entre 1 y 1.5 SMLV,SIGMA,RHO,TAU,DELTA,EMP_000001,BOGOTA D.C.,NO,NO,NO,NO,NO
352603,F,36 a 45 años,Menor al SMLV,SIGMA,RHO,TAU,ETA,EMP_000001,,NO,NO,NO,NO,NO
352653,F,36 a 45 años,Entre 4 y 6 SMLV,ZETA,LAMBDA,ETA,XI,EMP_000002,BOGOTA D.C.,NO,NO,NO,NO,NO
352703,M,20 a 35 años,Entre 1 y 1.5 SMLV,SIGMA,LAMBDA,TAU,UPSILON,EMP_000001,,NO,NO,NO,NO,NO
352753,F,46 a 55 años,Entre 1 y 1.5 SMLV,SIGMA,CHI,TAU,ETA,EMP_000001,,NO,NO,NO,NO,NO
352803,M,20 a 35 años,Entre 1 y 1.5 SMLV,SIGMA,LAMBDA,ETA,BETA,EMP_000001,,NO,NO,NO,NO,NO
352853,M,46 a 55 años,Entre 1 y 1.5 SMLV,SIGMA,RHO,TAU,ETA,EMP_000001,BOGOTA D.C.,NO,NO,NO,NO,NO
352903,F,20 a 35 años,Entre 1 y 1.5 SMLV,SIGMA,LAMBDA,TAU,UPSILON,EMP_000001,,NO,NO,NO,NO,NO
352953,F,20 a 35 años,Entre 1 y 1.5 SMLV,PI,LAMBDA,TAU,LAMBDA,EMP_000001,,NO,NO,NO,NO,NO
353003,M,20 a 35 años,Entre 1 y 1.5 SMLV,SIGMA,LAMBDA,TAU,XI,EMP_000002,,NO,NO,NO,NO,NO
353053,M,36 a 45 años,Entre 2 y 2.5 SMLV,PI,RHO,PI,XI,EMP_000002,BOGOTA D.C.,NO,NO,NO,NO,NO
353103,M,Mayor de 55 años,Menor al SMLV,SIGMA,IOTA,TAU,ETA,EMP_000001,BOGOTA D.C.,NO,NO,NO,NO,NO
353153,F,20 a 35 años,Entre 1 y 1.5 SMLV,SIGMA,LAMBDA,ETA,XI,EMP_000002,,NO,NO,NO,NO,NO
353203,M,20 a 35 años,Entre 1 y 1.5 SMLV,SIGMA,RHO,TAU,DELTA,EMP_000001,,NO,NO,NO,NO,NO
353253,M,36 a 45 años,Entre 1 y 1.5 SMLV,SIGMA,LAMBDA,TAU,XI,EMP_000002,BOGOTA D.C.,NO,NO,NO,NO,NO
353303,M,36 a 45 años,Entre 1 y 1.5 SMLV,SIGMA,LAMBDA,TAU,ETA,EMP_000001,BOGOTA D.C.,NO,NO,NO,NO,NO
353353,M,36 a 45 años,Entre 1 y 1.5 SMLV,SIGMA,LAMBDA,ETA,BETA,EMP_000001,,NO,NO,NO,NO,NO
353403,F,Mayor de 55 años,Entre 1 y 1.5 SMLV,SIGMA,IOTA,TAU,UPSILON,EMP_000001,BOGOTA D.C.,NO,NO,NO,NO,NO
353453,M,20 a 35 años,Entre 1 y 1.5 SMLV,PI,RHO,TAU,LAMBDA,EMP_000001,BOGOTA D.C.,NO,NO,NO,NO,NO
353503,M,36 a 45 años,Entre 3 y 4 SMLV,ZETA,EPSILON,PI,XI,EMP_000002,BOGOTA D.C.,NO,NO,NO,NO,NO
353553,F,20 a 35 años,Entre 1 y 1.5 SMLV,PI,LAMBDA,ETA,UPSILON,EMP_000001,,NO,NO,NO,NO,NO
353603,F,46 a 55 años,Entre 2.5 y 3 SMLV,PI,RHO,PI,UPSILON,EMP_000001,BOGOTA D.C.,NO,NO,NO,NO,NO
353653,M,46 a 55 años,Entre 1.5 y 2 SMLV,SIGMA,EPSILON,PI,UPSILON,EMP_000001,BOGOTA D.C.,NO,NO,NO,NO,NO
353703,F,Mayor de 55 años,Entre 4 y 6 SMLV,ZETA,LAMBDA,PI,ETA,EMP_000001,BOGOTA D.C.,NO,NO,NO,NO,NO
353753,M,20 a 35 años,Menor al SMLV,SIGMA,RHO,TAU,ETA,EMP_000001,BOGOTA D.C.,NO,NO,NO,NO,NO
353803,F,46 a 55 años,Entre 2 y 2.5 SMLV,PI,IOTA,PI,XI,EMP_000002,BOGOTA D.C.,NO,NO,NO,NO,NO
353853,F,46 a 55 años,Entre 4 y 6 SMLV,ZETA,LAMBDA,PI,XI,EMP_000002,BOGOTA D.C.,NO,NO,NO,NO,NO
353903,M,46 a 55 años,Entre 1 y 1.5 SMLV,SIGMA,EPSILON,TAU,ETA,EMP_000001,FUNZA,NO,NO,NO,NO,NO
353953,M,20 a 35 años,Entre 1 y 1.5 SMLV,SIGMA,LAMBDA,TAU,XI,EMP_000002,,NO,NO,NO,NO,NO
354003,F,46 a 55 años,Entre 1 y 1.5 SMLV,SIGMA,LAMBDA,TAU,OMEGA,EMP_000001,,NO,NO,NO,NO,NO
354053,F,46 a 55 años,Menor al SMLV,SIGMA,LAMBDA,TAU,OMEGA,EMP_000001,,NO,NO,NO,NO,NO
354103,M,20 a 35 años,Menor al SMLV,SIGMA,LAMBDA,TAU,ETA,EMP_000001,,NO,NO,NO,NO,NO
354153,F,36 a 45 años,Entre 1 y 1.5 SMLV,SIGMA,RHO,TAU,UPSILON,EMP_000001,,NO,NO,NO,NO,NO
354203,M,46 a 55 años,Entre 1 y 1.5 SMLV,SIGMA,LAMBDA,TAU,ETA,EMP_000001,,NO,NO,NO,NO,NO
354253,F,20 a 35 años,Menor al SMLV,SIGMA,LAMBDA,TAU,ETA,EMP_000001,BOGOTA D.C.,NO,NO,NO,NO,NO
354303,F,20 a 35 años,Entre 1 y 1.5 SMLV,SIGMA,LAMBDA,ETA,UPSILON,EMP_000001,,NO,NO,NO,NO,NO
354353,F,20 a 35 años,Entre 1 y 1.5 SMLV,SIGMA,LAMBDA,TAU,ETA,EMP_000001,,NO,NO,NO,NO,NO
354403,M,46 a 55 años,Entre 1 y 1.5 SMLV,SIGMA,RHO,TAU,ETA,EMP_000001,,NO,NO,NO,NO,NO
354453,M,46 a 55 años,Entre 4 y 6 SMLV,ZETA,LAMBDA,PI,XI,EMP_000002,BOGOTA D.C.,NO,NO,NO,NO,NO
354503,F,20 a 35 años,Entre 1 y 1.5 SMLV,PI,LAMBDA,ETA,BETA,EMP_000001,,NO,NO,NO,NO,NO
354553,F,20 a 35 años,Entre 2 y 2.5 SMLV,PI,RHO,PI,XI,EMP_000002,,NO,NO,NO,NO,NO
354603,F,20 a 35 años,Entre 4 y 6 SMLV,ZETA,LAMBDA,ETA,XI,EMP_000002,,NO,NO,NO,NO,NO
354653,M,20 a 35 años,Entre 1.5 y 2 SMLV,SIGMA,LAMBDA,ETA,UPSILON,EMP_000001,,NO,NO,NO,NO,NO
354703,M,20 a 35 años,Entre 1 y 1.5 SMLV,SIGMA,LAMBDA,TAU,UPSILON,EMP_000002,,NO,NO,NO,NO,NO
354753,F,20 a 35 años,Entre 1 y 1.5 SMLV,SIGMA,LAMBDA,ETA,BETA,EMP_000001,,NO,NO,NO,NO,NO
354803,F,20 a 35 años,Entre 1 y 1.5 SMLV,SIGMA,LAMBDA,TAU,DELTA,EMP_000001,,NO,NO,NO,NO,NO
354853,F,Mayor de 55 años,Menor al SMLV,SIGMA,LAMBDA,TAU,KAPPA,EMP_000001,BOGOTA D.C.,NO,NO,NO,NO,NO
354903,M,20 a 35 años,Entre 1 y 1.5 SMLV,SIGMA,LAMBDA,TAU,ETA,EMP_000001,,NO,NO,NO,NO,NO
354953,F,20 a 35 años,Entre 1 y 1.5 SMLV,SIGMA,RHO,TAU,XI,EMP_000001,,NO,NO,NO,NO,NO
355003,F,46 a 55 años,Entre 10 y 20 SMLV,ZETA,EPSILON,PI,DELTA,EMP_000001,BOGOTA D.C.,NO,NO,NO,NO,NO
355053,M,20 a 35 años,Entre 1.5 y 2 SMLV,SIGMA,LAMBDA,ETA,ETA,EMP_000001,,NO,NO,NO,NO,NO
355103,F,20 a 35 años,Entre 1 y 1.5 SMLV,SIGMA,LAMBDA,ETA,BETA,EMP_000001,,NO,NO,NO,NO,NO
355153,M,20 a 35 años,Entre 1 y 1.5 SMLV,SIGMA,EPSILON,TAU,ETA,EMP_000001,,NO,NO,NO,NO,NO
355203,M,20 a 35 años,Entre 1 y 1.5 SMLV,SIGMA,LAMBDA,ETA,BETA,EMP_000001,,NO,NO,NO,NO,NO
355253,F,46 a 55 años,Entre 1 y 1.5 SMLV,SIGMA,LAMBDA,TAU,ETA,EMP_000001,BOGOTA D.C.,NO,NO,NO,NO,NO
355303,F,20 a 35 años,Entre 1 y 1.5 SMLV,SIGMA,RHO,TAU,ETA,EMP_000001,,NO,NO,NO,NO,NO
355353,M,20 a 35 años,Entre 1 y 1.5 SMLV,SIGMA,LAMBDA,TAU,ETA,EMP_000001,,NO,NO,NO,NO,NO
355403,F,Mayor de 55 años,Entre 1 y 1.5 SMLV,SIGMA,LAMBDA,PI,KAPPA,EMP_000001,BOGOTA D.C.,NO,NO,NO,NO,NO
355453,M,Mayor de 55 años,Entre 1 y 1.5 SMLV,SIGMA,LAMBDA,TAU,ETA,EMP_000001,BOGOTA D.C.,NO,NO,NO,NO,NO
355503,M,20 a 35 años,Entre 4 y 6 SMLV,ZETA,LAMBDA,ETA,UPSILON,EMP_000001,,NO,NO,NO,NO,NO
355553,M,36 a 45 años,Entre 1 y 1.5 SMLV,SIGMA,RHO,PI,UPSILON,EMP_000001,BOGOTA D.C.,NO,NO,NO,NO,NO
355603,F,20 a 35 años,Menor al SMLV,SIGMA,EPSILON,TAU,ETA,EMP_000001,BOGOTA D.C.,NO,NO,NO,NO,NO
355653,F,Mayor de 55 años,Entre 2.5 y 3 SMLV,SIGMA,LAMBDA,PI,KAPPA,EMP_000001,BOGOTA D.C.,NO,NO,NO,NO,NO
355703,F,46 a 55 años,Entre 2 y 2.5 SMLV,PI,RHO,PI,XI,EMP_000002,,NO,NO,NO,NO,NO
355753,M,Mayor de 55 años,Entre 1 y 1.5 SMLV,SIGMA,IOTA,PI,KAPPA,EMP_000001,BOGOTA D.C.,NO,NO,NO,NO,NO
355803,F,Menor de 19 años,Menor al SMLV,SIGMA,LAMBDA,TAU,XI,EMP_000001,,NO,NO,NO,NO,NO
355853,F,20 a 35 años,Entre 1 y 1.5 SMLV,SIGMA,LAMBDA,ETA,UPSILON,EMP_000001,VILLAVICENCIO,NO,NO,NO,NO,NO
355903,M,20 a 35 años,Entre 1 y 1.5 SMLV,SIGMA,LAMBDA,TAU,ETA,EMP_000001,,NO,NO,NO,NO,NO
355953,M,20 a 35 años,Entre 1 y 1.5 SMLV,SIGMA,LAMBDA,TAU,OMEGA,EMP_000001,,NO,NO,NO,NO,NO
356003,F,20 a 35 años,Entre 1.5 y 2 SMLV,SIGMA,LAMBDA,ETA,ETA,EMP_000001,,NO,NO,NO,NO,NO
356053,F,20 a 35 años,Entre 1 y 1.5 SMLV,SIGMA,LAMBDA,ETA,XI,EMP_000002,BOGOTA D.C.,NO,NO,NO,NO,NO
356103,F,36 a 45 años,,MU,THETA,OMEGA,OMICRON,EMP_000001,,NO,NO,NO,NO,NO
356153,F,20 a 35 años,Entre 1 y 1.5 SMLV,SIGMA,LAMBDA,ETA,ETA,EMP_000001,,NO,NO,NO,NO,NO
356203,M,Mayor de 55 años,Entre 1 y 1.5 SMLV,SIGMA,IOTA,TAU,DELTA,EMP_000001,COTA,NO,NO,NO,NO,NO
356253,M,20 a 35 años,Entre 1 y 1.5 SMLV,SIGMA,LAMBDA,ETA,BETA,EMP_000001,,NO,NO,NO,NO,NO
356303,M,36 a 45 años,Entre 1 y 1.5 SMLV,SIGMA,RHO,TAU,ETA,EMP_000001,,NO,NO,NO,NO,NO
356353,M,36 a 45 años,Entre 1 y 1.5 SMLV,SIGMA,RHO,PI,UPSILON,EMP_000001,,NO,NO,NO,NO,NO
356403,F,36 a 45 años,Entre 1 y 1.5 SMLV,SIGMA,RHO,TAU,DELTA,EMP_000001,BOGOTA D.C.,NO,NO,NO,NO,NO
356453,M,36 a 45 años,Entre 1.5 y 2 SMLV,PI,LAMBDA,ETA,ETA,EMP_000001,BOGOTA D.C.,NO,NO,NO,NO,NO
356503,M,20 a 35 años,Entre 1 y 1.5 SMLV,SIGMA,LAMBDA,ETA,BETA,EMP_000001,,NO,NO,NO,NO,NO
356553,M,36 a 45 años,Entre 1 y 1.5 SMLV,SIGMA,LAMBDA,TAU,UPSILON,EMP_000001,,NO,NO,NO,NO,NO
356603,M,46 a 55 años,Entre 4 y 6 SMLV,ZETA,LAMBDA,PI,XI,EMP_000001,BOGOTA D.C.,NO,NO,NO,NO,NO
356653,M,46 a 55 años,Entre 2.5 y 3 SMLV,PI,RHO,PI,UPSILON,EMP_000001,GIRARDOT,NO,NO,NO,NO,NO
356703,M,20 a 35 años,Entre 1 y 1.5 SMLV,SIGMA,RHO,TAU,UPSILON,EMP_000001,,NO,NO,NO,NO,NO
356753,F,20 a 35 años,Entre 1 y 1.5 SMLV,SIGMA,LAMBDA,ETA,UPSILON,EMP_000001,,NO,NO,NO,NO,NO
356803,F,36 a 45 años,Entre 1 y 1.5 SMLV,PI,RHO,TAU,LAMBDA,EMP_000001,,NO,NO,NO,NO,NO
356853,M,Menor de 19 años,,MU,THETA,OMEGA,OMICRON,EMP_000001,,NO,NO,NO,NO,NO
356903,M,36 a 45 años,Entre 1 y 1.5 SMLV,SIGMA,LAMBDA,ETA,ETA,EMP_000001,,NO,NO,NO,NO,NO
356953,M,36 a 45 años,Entre 1 y 1.5 SMLV,SIGMA,LAMBDA,TAU,ETA,EMP_000001,BOGOTA D.C.,NO,NO,NO,NO,NO
357003,M,20 a 35 años,Entre 1 y 1.5 SMLV,SIGMA,LAMBDA,TAU,ETA,EMP_000001,,NO,NO,NO,NO,NO
357053,M,20 a 35 años,Entre 1 y 1.5 SMLV,SIGMA,LAMBDA,ETA,ETA,EMP_000001,,NO,NO,NO,NO,NO
357103,M,20 a 35 años,Entre 1 y 1.5 SMLV,SIGMA,LAMBDA,ETA,BETA,EMP_000001,,NO,NO,NO,NO,NO
357153,F,36 a 45 años,Entre 2 y 2.5 SMLV,PI,RHO,PI,ETA,EMP_000001,GIRARDOT,NO,NO,NO,NO,NO
357203,F,36 a 45 años,Entre 2 y 2.5 SMLV,PI,RHO,PI,ETA,EMP_000001,BOGOTA D.C.,NO,NO,NO,NO,NO
357253,M,20 a 35 años,Entre 1 y 1.5 SMLV,ZETA,LAMBDA,ETA,UPSILON,EMP_000001,BOGOTA D.C.,NO,NO,NO,NO,NO
357303,M,36 a 45 años,Entre 1 y 1.5 SMLV,SIGMA,RHO,TAU,ETA,EMP_000001,,NO,NO,NO,NO,NO
357353,M,20 a 35 años,Entre 1.5 y 2 SMLV,SIGMA,LAMBDA,ETA,ETA,EMP_000001,SOACHA,NO,NO,NO,NO,NO
357403,F,46 a 55 años,Entre 1 y 1.5 SMLV,SIGMA,RHO,TAU,DELTA,EMP_000001,SOACHA,NO,NO,NO,NO,NO
357453,M,36 a 45 años,Menor al SMLV,SIGMA,RHO,TAU,ETA,EMP_000001,BOGOTA D.C.,NO,NO,NO,NO,NO
357503,F,20 a 35 años,Entre 1 y 1.5 SMLV,SIGMA,RHO,TAU,XI,EMP_000002,,NO,NO,NO,NO,NO
357553,M,36 a 45 años,Menor al SMLV,SIGMA,LAMBDA,TAU,OMEGA,EMP_000001,BOGOTA D.C.,NO,NO,NO,NO,NO
357603,M,20 a 35 años,Entre 1 y 1.5 SMLV,SIGMA,LAMBDA,ETA,ETA,EMP_000001,,NO,NO,NO,NO,NO
357653,F,46 a 55 años,Entre 1 y 1.5 SMLV,SIGMA,LAMBDA,PI,XI,EMP_000002,BOGOTA D.C.,NO,NO,NO,NO,NO
357703,M,46 a 55 años,Entre 1 y 1.5 SMLV,SIGMA,LAMBDA,TAU,ETA,EMP_000001,BOGOTA D.C.,NO,NO,NO,NO,NO
357753,M,20 a 35 años,Menor al SMLV,SIGMA,LAMBDA,TAU,ETA,EMP_000001,,NO,NO,NO,NO,NO
357803,F,20 a 35 años,Entre 1 y 1.5 SMLV,SIGMA,THETA,TAU,DELTA,EMP_000001,,NO,NO,NO,NO,NO
357853,F,46 a 55 años,Entre 1.5 y 2 SMLV,SIGMA,RHO,PI,ETA,EMP_000001,FACATATIVA,NO,NO,NO,NO,NO
357903,M,Mayor de 55 años,Entre 1 y 1.5 SMLV,SIGMA,LAMBDA,TAU,ETA,EMP_000001,ZIPAQUIRA,NO,NO,NO,NO,NO
357953,F,20 a 35 años,Entre 1 y 1.5 SMLV,SIGMA,RHO,TAU,XI,EMP_000002,,NO,NO,NO,NO,NO
358003,F,Mayor de 55 años,Entre 4 y 6 SMLV,SIGMA,LAMBDA,PI,KAPPA,EMP_000001,BOGOTA D.C.,NO,NO,NO,NO,NO
358053,F,36 a 45 años,Entre 2.5 y 3 SMLV,PI,CHI,PI,XI,EMP_000002,BOGOTA D.C.,NO,NO,NO,NO,NO
358103,F,36 a 45 años,Entre 4 y 6 SMLV,ZETA,IOTA,PI,DELTA,EMP_000001,BOGOTA D.C.,NO,NO,NO,NO,NO
358153,M,20 a 35 años,Entre 1 y 1.5 SMLV,SIGMA,LAMBDA,TAU,DELTA,EMP_000001,,NO,NO,NO,NO,NO
358203,M,20 a 35 años,Entre 1 y 1.5 SMLV,SIGMA,RHO,PI,ETA,EMP_000001,,NO,NO,NO,NO,NO
358253,M,36 a 45 años,Entre 1 y 1.5 SMLV,SIGMA,EPSILON,TAU,DELTA,EMP_000001,,NO,NO,NO,NO,NO
358303,M,46 a 55 años,Menor al SMLV,SIGMA,RHO,TAU,ETA,EMP_000001,,NO,NO,NO,NO,NO
358353,M,36 a 45 años,Entre 1 y 1.5 SMLV,SIGMA,LAMBDA,PI,UPSILON,EMP_000001,BOGOTA D.C.,NO,NO,NO,NO,NO
358403,F,20 a 35 años,Entre 1 y 1.5 SMLV,SIGMA,RHO,PI,XI,EMP_000002,,NO,NO,NO,NO,NO
358453,F,36 a 45 años,Entre 3 y 4 SMLV,PI,RHO,PI,XI,EMP_000002,BOGOTA D.C.,NO,NO,NO,NO,NO
358503,M,46 a 55 años,Entre 1 y 1.5 SMLV,SIGMA,EPSILON,PI,DELTA,EMP_000001,BOGOTA D.C.,NO,NO,NO,NO,NO
358553,M,Mayor de 55 años,Entre 1 y 1.5 SMLV,SIGMA,LAMBDA,TAU,ETA,EMP_000001,,NO,NO,NO,NO,NO
358603,F,20 a 35 años,Menor al SMLV,SIGMA,LAMBDA,TAU,ETA,EMP_000001,,NO,NO,NO,NO,NO
358653,F,46 a 55 años,Entre 20 y 30 SMLV,ZETA,LAMBDA,XI,ETA,EMP_000001,,NO,NO,NO,NO,NO
358703,M,36 a 45 años,Entre 4 y 6 SMLV,ZETA,LAMBDA,PI,UPSILON,EMP_000001,BOGOTA D.C.,NO,NO,NO,NO,NO
358753,F,20 a 35 años,Entre 1 y 1.5 SMLV,SIGMA,LAMBDA,TAU,DELTA,EMP_000001,,NO,NO,NO,NO,NO
358803,F,20 a 35 años,Entre 3 y 4 SMLV,PI,LAMBDA,ETA,ETA,EMP_000001,,NO,NO,NO,NO,NO
358853,F,Mayor de 55 años,Entre 1 y 1.5 SMLV,SIGMA,LAMBDA,TAU,KAPPA,EMP_000001,BOGOTA D.C.,NO,NO,NO,NO,NO
358903,M,20 a 35 años,Entre 1 y 1.5 SMLV,SIGMA,LAMBDA,TAU,ETA,EMP_000001,,NO,NO,NO,NO,NO
358953,F,36 a 45 años,Entre 1 y 1.5 SMLV,SIGMA,IOTA,TAU,ETA,EMP_000001,BOGOTA D.C.,NO,NO,NO,NO,NO
359003,F,46 a 55 años,Entre 6 y 8 SMLV,ZETA,LAMBDA,PI,XI,EMP_000001,BOGOTA D.C.,NO,NO,NO,NO,NO
359053,F,20 a 35 años,Entre 1 y 1.5 SMLV,SIGMA,RHO,PI,ETA,EMP_000001,,NO,NO,NO,NO,NO
359103,M,36 a 45 años,Entre 1 y 1.5 SMLV,SIGMA,LAMBDA,PI,BETA,EMP_000001,,NO,NO,NO,NO,NO
359153,M,36 a 45 años,Entre 1 y 1.5 SMLV,SIGMA,LAMBDA,TAU,DELTA,EMP_000001,BOGOTA D.C.,NO,NO,NO,NO,NO
359203,M,20 a 35 años,Entre 1 y 1.5 SMLV,SIGMA,LAMBDA,ETA,BETA,EMP_000001,,NO,NO,NO,NO,NO
359253,F,20 a 35 años,Entre 1 y 1.5 SMLV,SIGMA,LAMBDA,ETA,BETA,EMP_000001,,NO,NO,NO,NO,NO
359303,M,20 a 35 años,Entre 2 y 2.5 SMLV,PI,EPSILON,PI,UPSILON,EMP_000001,BOGOTA D.C.,NO,NO,NO,NO,NO
359353,M,46 a 55 años,Entre 1.5 y 2 SMLV,SIGMA,CHI,PI,UPSILON,EMP_000001,SOACHA,NO,NO,NO,NO,NO
359403,M,36 a 45 años,Entre 1 y 1.5 SMLV,SIGMA,RHO,PI,UPSILON,EMP_000001,BOGOTA D.C.,NO,NO,NO,NO,NO
359453,M,Mayor de 55 años,Entre 1 y 1.5 SMLV,SIGMA,LAMBDA,PI,XI,EMP_000002,TOCANCIPA,NO,NO,NO,NO,NO
359503,M,36 a 45 años,Entre 1 y 1.5 SMLV,SIGMA,EPSILON,TAU,DELTA,EMP_000001,,NO,NO,NO,NO,NO
359553,M,20 a 35 años,Entre 2.5 y 3 SMLV,PI,LAMBDA,ETA,ETA,EMP_000001,,NO,NO,NO,NO,NO
359603,M,Menor de 19 años,Menor al SMLV,SIGMA,LAMBDA,TAU,ETA,EMP_000001,,NO,NO,NO,NO,NO
359653,F,46 a 55 años,Entre 1 y 1.5 SMLV,SIGMA,RHO,TAU,XI,EMP_000002,,NO,NO,NO,NO,NO
359703,M,20 a 35 años,Entre 1 y 1.5 SMLV,SIGMA,LAMBDA,TAU,XI,EMP_000001,,NO,NO,NO,NO,NO
359753,M,Mayor de 55 años,Entre 1 y 1.5 SMLV,SIGMA,LAMBDA,PI,ETA,EMP_000001,BOGOTA D.C.,NO,NO,NO,NO,NO
359803,M,20 a 35 años,Entre 6 y 8 SMLV,ZETA,LAMBDA,ETA,ETA,EMP_000001,BOGOTA D.C.,NO,NO,NO,NO,NO
359853,M,20 a 35 años,Entre 1.5 y 2 SMLV,SIGMA,CHI,PI,ETA,EMP_000001,,NO,NO,NO,NO,NO
359903,F,Mayor de 55 años,Entre 1.5 y 2 SMLV,PI,LAMBDA,PI,XI,EMP_000001,,NO,NO,NO,NO,NO
359953,M,36 a 45 años,Entre 1 y 1.5 SMLV,SIGMA,EPSILON,TAU,DELTA,EMP_000001,BOGOTA D.C.,NO,NO,NO,NO,NO
360003,F,36 a 45 años,Entre 1 y 1.5 SMLV,SIGMA,RHO,TAU,ETA,EMP_000001,,NO,NO,NO,NO,NO
360053,F,Mayor de 55 años,Entre 1 y 1.5 SMLV,PI,IOTA,TAU,LAMBDA,EMP_000001,BOGOTA D.C.,NO,NO,NO,NO,NO
360103,F,20 a 35 años,Entre 1 y 1.5 SMLV,SIGMA,LAMBDA,TAU,DELTA,EMP_000001,,NO,NO,NO,NO,NO
360153,M,36 a 45 años,Entre 1.5 y 2 SMLV,SIGMA,RHO,PI,DELTA,EMP_000001,,NO,NO,NO,NO,NO
360203,M,46 a 55 años,Entre 1 y 1.5 SMLV,SIGMA,RHO,TAU,ETA,EMP_000001,SOACHA,NO,NO,NO,NO,NO
360253,M,36 a 45 años,Entre 1 y 1.5 SMLV,SIGMA,RHO,TAU,ETA,EMP_000001,BOGOTA D.C.,NO,NO,NO,NO,NO
360303,M,20 a 35 años,Entre 2 y 2.5 SMLV,PI,LAMBDA,ETA,XI,EMP_000002,,NO,NO,NO,NO,NO
360353,M,36 a 45 años,Entre 1 y 1.5 SMLV,SIGMA,LAMBDA,TAU,OMEGA,EMP_000001,BOGOTA D.C.,NO,NO,NO,NO,NO
360403,M,46 a 55 años,Menor al SMLV,PI,EPSILON,PI,ETA,EMP_000001,BOGOTA D.C.,NO,NO,NO,NO,NO
360453,F,36 a 45 años,Entre 1 y 1.5 SMLV,SIGMA,EPSILON,TAU,DELTA,EMP_000001,BOGOTA D.C.,NO,NO,NO,NO,NO
360503,M,46 a 55 años,Entre 1 y 1.5 SMLV,SIGMA,RHO,TAU,ETA,EMP_000001,BOGOTA D.C.,NO,NO,NO,NO,NO
360553,F,46 a 55 años,Entre 1.5 y 2 SMLV,SIGMA,EPSILON,PI,UPSILON,EMP_000001,,NO,NO,NO,NO,NO
360603,F,Mayor de 55 años,Entre 1 y 1.5 SMLV,SIGMA,LAMBDA,TAU,KAPPA,EMP_000001,,NO,NO,NO,NO,NO
360653,M,20 a 35 años,,MU,THETA,OMEGA,OMICRON,EMP_000001,,NO,NO,NO,NO,NO
360703,F,46 a 55 años,Entre 4 y 6 SMLV,ZETA,EPSILON,PI,XI,EMP_000002,,NO,NO,NO,NO,NO
360753,M,36 a 45 años,Entre 2 y 2.5 SMLV,SIGMA,RHO,PI,UPSILON,EMP_000001,FUNZA,NO,NO,NO,NO,NO
360803,F,46 a 55 años,Entre 1 y 1.5 SMLV,SIGMA,LAMBDA,TAU,BETA,EMP_000001,,NO,NO,NO,NO,NO
360853,M,20 a 35 años,Entre 1 y 1.5 SMLV,SIGMA,LAMBDA,ETA,ETA,EMP_000001,,NO,NO,NO,NO,NO
360903,F,46 a 55 años,Entre 1 y 1.5 SMLV,SIGMA,IOTA,TAU,ETA,EMP_000001,BOGOTA D.C.,NO,NO,NO,NO,NO
360953,M,46 a 55 años,Entre 1 y 1.5 SMLV,SIGMA,LAMBDA,PI,XI,EMP_000002,BOGOTA D.C.,NO,NO,NO,NO,NO
361003,M,20 a 35 años,Entre 2 y 2.5 SMLV,PI,LAMBDA,ETA,XI,EMP_000002,,NO,NO,NO,NO,NO
361053,M,20 a 35 años,Entre 1 y 1.5 SMLV,SIGMA,LAMBDA,ETA,ETA,EMP_000001,BARRANQUILLA,NO,NO,NO,NO,NO
361103,F,20 a 35 años,Entre 1.5 y 2 SMLV,SIGMA,RHO,PI,DELTA,EMP_000001,ZIPAQUIRA,NO,NO,NO,NO,NO
361153,M,46 a 55 años,Entre 1 y 1.5 SMLV,SIGMA,CHI,TAU,ETA,EMP_000001,,NO,NO,NO,NO,NO
361203,F,20 a 35 años,Entre 1 y 1.5 SMLV,SIGMA,IOTA,TAU,ETA,EMP_000001,,NO,NO,NO,NO,NO
361253,M,36 a 45 años,Entre 1 y 1.5 SMLV,SIGMA,LAMBDA,ETA,BETA,EMP_000001,,NO,NO,NO,NO,NO
361303,F,Mayor de 55 años,Entre 1 y 1.5 SMLV,SIGMA,LAMBDA,PI,ETA,EMP_000001,,NO,NO,NO,NO,NO
361353,F,36 a 45 años,Entre 1 y 1.5 SMLV,SIGMA,RHO,TAU,OMEGA,EMP_000001,,NO,NO,NO,NO,NO
361403,M,Mayor de 55 años,Entre 1 y 1.5 SMLV,SIGMA,LAMBDA,TAU,ETA,EMP_000001,,NO,NO,NO,NO,NO
361453,F,20 a 35 años,Entre 3 y 4 SMLV,PI,LAMBDA,ETA,XI,EMP_000002,,NO,NO,NO,NO,NO
361503,M,20 a 35 años,Entre 1 y 1.5 SMLV,SIGMA,RHO,PI,UPSILON,EMP_000001,,NO,NO,NO,NO,NO
361553,M,20 a 35 años,Entre 1 y 1.5 SMLV,SIGMA,RHO,TAU,DELTA,EMP_000001,ZIPAQUIRA,NO,NO,NO,NO,NO
361603,M,Mayor de 55 años,Entre 1 y 1.5 SMLV,SIGMA,LAMBDA,TAU,ETA,EMP_000001,,NO,NO,NO,NO,NO
361653,F,20 a 35 años,Entre 1 y 1.5 SMLV,SIGMA,CHI,TAU,OMEGA,EMP_000001,,NO,NO,NO,NO,NO
361703,F,46 a 55 años,Entre 1 y 1.5 SMLV,SIGMA,IOTA,TAU,ETA,EMP_000001,,NO,NO,NO,NO,NO
361753,F,20 a 35 años,Entre 1 y 1.5 SMLV,SIGMA,LAMBDA,ETA,XI,EMP_000002,,NO,NO,NO,NO,NO
361803,M,Mayor de 55 años,Entre 4 y 6 SMLV,ZETA,LAMBDA,PI,ETA,EMP_000001,,NO,NO,NO,NO,NO
361853,M,36 a 45 años,Entre 1 y 1.5 SMLV,SIGMA,LAMBDA,ETA,BETA,EMP_000001,,NO,NO,NO,NO,NO
361903,F,20 a 35 años,Entre 1 y 1.5 SMLV,SIGMA,RHO,TAU,OMEGA,EMP_000001,,NO,NO,NO,NO,NO
361953,M,20 a 35 años,Entre 1.5 y 2 SMLV,SIGMA,RHO,PI,DELTA,EMP_000001,,NO,NO,NO,NO,NO
362003,M,Mayor de 55 años,Entre 1.5 y 2 SMLV,SIGMA,LAMBDA,PI,KAPPA,EMP_000001,BOGOTA D.C.,NO,NO,NO,NO,NO
362053,M,20 a 35 años,Entre 1 y 1.5 SMLV,SIGMA,LAMBDA,ETA,ETA,EMP_000001,,NO,NO,NO,NO,NO
362103,M,20 a 35 años,Entre 1 y 1.5 SMLV,SIGMA,THETA,ETA,OMICRON,EMP_000001,,NO,NO,NO,NO,NO
362153,M,Mayor de 55 años,Entre 1 y 1.5 SMLV,SIGMA,LAMBDA,TAU,BETA,EMP_000001,,NO,NO,NO,NO,NO
362203,M,20 a 35 años,Menor al SMLV,SIGMA,LAMBDA,TAU,ETA,EMP_000001,BOGOTA D.C.,NO,NO,NO,NO,NO
362253,M,Mayor de 55 años,Entre 1.5 y 2 SMLV,SIGMA,LAMBDA,PI,OMEGA,EMP_000001,BOGOTA D.C.,NO,NO,NO,NO,NO
362303,F,20 a 35 años,Entre 2.5 y 3 SMLV,PI,LAMBDA,ETA,XI,EMP_000001,BOGOTA D.C.,NO,NO,NO,NO,NO
362353,F,36 a 45 años,Menor al SMLV,SIGMA,LAMBDA,TAU,ETA,EMP_000001,,NO,NO,NO,NO,NO
362403,F,46 a 55 años,Entre 1 y 1.5 SMLV,SIGMA,RHO,TAU,UPSILON,EMP_000001,BOGOTA D.C.,NO,NO,NO,NO,NO
362453,F,36 a 45 años,Entre 1 y 1.5 SMLV,SIGMA,EPSILON,TAU,ETA,EMP_000001,SOACHA,NO,NO,NO,NO,NO
362503,M,36 a 45 años,Entre 1 y 1.5 SMLV,SIGMA,LAMBDA,TAU,ETA,EMP_000001,,NO,NO,NO,NO,NO
362553,M,20 a 35 años,Entre 1 y 1.5 SMLV,SIGMA,RHO,TAU,ETA,EMP_000001,,NO,NO,NO,NO,NO
362603,M,20 a 35 años,Entre 1 y 1.5 SMLV,SIGMA,LAMBDA,ETA,DELTA,EMP_000001,TENJO,NO,NO,NO,NO,NO
362653,F,36 a 45 años,Entre 1 y 1.5 SMLV,SIGMA,RHO,TAU,UPSILON,EMP_000001,,NO,NO,NO,NO,NO
362703,M,46 a 55 años,Entre 1 y 1.5 SMLV,SIGMA,LAMBDA,TAU,ETA,EMP_000001,,NO,NO,NO,NO,NO
362753,M,36 a 45 años,Entre 1 y 1.5 SMLV,SIGMA,RHO,TAU,UPSILON,EMP_000001,BOGOTA D.C.,NO,NO,NO,NO,NO
362803,M,46 a 55 años,Entre 1 y 1.5 SMLV,SIGMA,CHI,TAU,XI,EMP_000002,CHIQUINQUIRA,NO,NO,NO,NO,NO
362853,F,20 a 35 años,Entre 4 y 6 SMLV,ZETA,LAMBDA,ETA,XI,EMP_000002,,NO,NO,NO,NO,NO
362903,M,Mayor de 55 años,Entre 1 y 1.5 SMLV,SIGMA,EPSILON,PI,UPSILON,EMP_000001,,NO,NO,NO,NO,NO
362953,F,20 a 35 años,Entre 1 y 1.5 SMLV,SIGMA,EPSILON,PI,UPSILON,EMP_000001,,NO,NO,NO,NO,NO
363003,M,20 a 35 años,Entre 1 y 1.5 SMLV,SIGMA,LAMBDA,ETA,BETA,EMP_000001,,NO,NO,NO,NO,NO
363053,M,20 a 35 años,Entre 4 y 6 SMLV,ZETA,LAMBDA,ETA,XI,EMP_000002,,NO,NO,NO,NO,NO
363103,M,36 a 45 años,Entre 1.5 y 2 SMLV,SIGMA,LAMBDA,ETA,ETA,EMP_000001,BOGOTA D.C.,NO,NO,NO,NO,NO
363153,M,36 a 45 años,Entre 1 y 1.5 SMLV,SIGMA,RHO,TAU,OMEGA,EMP_000001,,NO,NO,NO,NO,NO
363203,F,36 a 45 años,Entre 1 y 1.5 SMLV,SIGMA,EPSILON,TAU,ETA,EMP_000001,,NO,NO,NO,NO,NO
363253,M,Menor de 19 años,Entre 1 y 1.5 SMLV,SIGMA,LAMBDA,ETA,XI,EMP_000002,,NO,NO,NO,NO,NO
363303,M,36 a 45 años,Entre 1 y 1.5 SMLV,SIGMA,RHO,TAU,UPSILON,EMP_000001,,NO,NO,NO,NO,NO
363353,F,36 a 45 años,Entre 1 y 1.5 SMLV,SIGMA,RHO,TAU,DELTA,EMP_000001,BOGOTA D.C.,NO,NO,NO,NO,NO
363403,M,36 a 45 años,Entre 6 y 8 SMLV,ZETA,EPSILON,PI,XI,EMP_000002,,NO,NO,NO,NO,NO
363453,F,Mayor de 55 años,Entre 1 y 1.5 SMLV,SIGMA,LAMBDA,TAU,DELTA,EMP_000001,BOGOTA D.C.,NO,NO,NO,NO,NO
363503,M,20 a 35 años,Menor al SMLV,SIGMA,IOTA,TAU,DELTA,EMP_000001,,NO,NO,NO,NO,NO
363553,F,36 a 45 años,Entre 4 y 6 SMLV,ZETA,EPSILON,PI,ETA,EMP_000001,BOGOTA D.C.,NO,NO,NO,NO,NO
363603,M,20 a 35 años,Entre 1 y 1.5 SMLV,SIGMA,LAMBDA,TAU,XI,EMP_000002,,NO,NO,NO,NO,NO
363653,M,Menor de 19 años,Entre 1 y 1.5 SMLV,SIGMA,LAMBDA,TAU,UPSILON,EMP_000001,,NO,NO,NO,NO,NO
363703,F,20 a 35 años,Entre 1 y 1.5 SMLV,SIGMA,LAMBDA,ETA,XI,EMP_000001,,NO,NO,NO,NO,NO
363753,F,20 a 35 años,Entre 1 y 1.5 SMLV,SIGMA,LAMBDA,TAU,XI,EMP_000002,,NO,NO,NO,NO,NO
363803,F,20 a 35 años,Entre 1 y 1.5 SMLV,SIGMA,RHO,PI,UPSILON,EMP_000001,BOGOTA D.C.,NO,NO,NO,NO,NO
363853,M,20 a 35 años,Entre 1 y 1.5 SMLV,SIGMA,LAMBDA,ETA,BETA,EMP_000001,,NO,NO,NO,NO,NO
363903,M,36 a 45 años,Entre 1 y 1.5 SMLV,SIGMA,LAMBDA,ETA,UPSILON,EMP_000001,BOGOTA D.C.,NO,NO,NO,NO,NO
363953,M,36 a 45 años,Entre 3 y 4 SMLV,ZETA,EPSILON,PI,UPSILON,EMP_000001,,NO,NO,NO,NO,NO
364003,F,36 a 45 años,Entre 1.5 y 2 SMLV,SIGMA,RHO,PI,ETA,EMP_000001,BOGOTA D.C.,NO,NO,NO,NO,NO
364053,F,20 a 35 años,Entre 1 y 1.5 SMLV,SIGMA,RHO,PI,XI,EMP_000002,BOGOTA D.C.,NO,NO,NO,NO,NO
364103,F,20 a 35 años,Entre 2 y 2.5 SMLV,PI,LAMBDA,ETA,XI,EMP_000002,BOGOTA D.C.,NO,NO,NO,NO,NO
364153,M,Mayor de 55 años,Entre 1 y 1.5 SMLV,SIGMA,LAMBDA,TAU,ETA,EMP_000001,BOGOTA D.C.,NO,NO,NO,NO,NO
364203,F,Mayor de 55 años,Entre 1 y 1.5 SMLV,SIGMA,LAMBDA,TAU,ETA,EMP_000001,BOGOTA D.C.,NO,NO,NO,NO,NO
364253,F,Mayor de 55 años,Entre 1 y 1.5 SMLV,SIGMA,IOTA,TAU,KAPPA,EMP_000001,,NO,NO,NO,NO,NO
364303,M,Mayor de 55 años,Entre 1 y 1.5 SMLV,SIGMA,RHO,TAU,DELTA,EMP_000001,,NO,NO,NO,NO,NO
364353,M,20 a 35 años,Entre 1 y 1.5 SMLV,SIGMA,RHO,TAU,ETA,EMP_000001,BOGOTA D.C.,NO,NO,NO,NO,NO
364403,M,Mayor de 55 años,Entre 1 y 1.5 SMLV,SIGMA,IOTA,TAU,ETA,EMP_000001,BOGOTA D.C.,NO,NO,NO,NO,NO
364453,F,20 a 35 años,Entre 1 y 1.5 SMLV,SIGMA,LAMBDA,TAU,OMEGA,EMP_000001,,NO,NO,NO,NO,NO
364503,F,20 a 35 años,Entre 1 y 1.5 SMLV,SIGMA,LAMBDA,TAU,DELTA,EMP_000001,,NO,NO,NO,NO,NO
364553,F,36 a 45 años,Entre 1.5 y 2 SMLV,SIGMA,RHO,PI,XI,EMP_000001,BOGOTA D.C.,NO,NO,NO,NO,NO
364603,M,36 a 45 años,Entre 6 y 8 SMLV,ZETA,LAMBDA,ETA,XI,EMP_000002,BOGOTA D.C.,NO,NO,NO,NO,NO
364653,M,36 a 45 años,Entre 1.5 y 2 SMLV,SIGMA,RHO,PI,ETA,EMP_000001,BOGOTA D.C.,NO,NO,NO,NO,NO
364703,F,36 a 45 años,Entre 1 y 1.5 SMLV,SIGMA,LAMBDA,PI,XI,EMP_000002,,NO,NO,NO,NO,NO
364753,F,36 a 45 años,Menor al SMLV,PI,LAMBDA,PI,OMEGA,EMP_000001,BOGOTA D.C.,NO,NO,NO,NO,NO
364803,M,36 a 45 años,Entre 1 y 1.5 SMLV,SIGMA,LAMBDA,TAU,ETA,EMP_000001,,NO,NO,NO,NO,NO
364853,F,36 a 45 años,Entre 1 y 1.5 SMLV,SIGMA,RHO,TAU,UPSILON,EMP_000001,,NO,NO,NO,NO,NO
364903,M,46 a 55 años,Entre 1 y 1.5 SMLV,SIGMA,RHO,PI,UPSILON,EMP_000001,BOGOTA D.C.,NO,NO,NO,NO,NO
364953,M,36 a 45 años,Entre 4 y 6 SMLV,ZETA,IOTA,PI,XI,EMP_000002,BOGOTA D.C.,NO,NO,NO,NO,NO
365003,M,46 a 55 años,Entre 1 y 1.5 SMLV,PI,EPSILON,TAU,LAMBDA,EMP_000001,BOGOTA D.C.,NO,NO,NO,NO,NO
365053,F,20 a 35 años,Entre 1 y 1.5 SMLV,SIGMA,LAMBDA,ETA,UPSILON,EMP_000001,,NO,NO,NO,NO,NO
365103,F,20 a 35 años,Entre 1 y 1.5 SMLV,SIGMA,LAMBDA,TAU,UPSILON,EMP_000001,,NO,NO,NO,NO,NO
365153,F,20 a 35 años,Entre 2 y 2.5 SMLV,PI,EPSILON,PI,DELTA,EMP_000001,,NO,NO,NO,NO,NO
365203,M,36 a 45 años,Entre 1 y 1.5 SMLV,SIGMA,LAMBDA,TAU,ETA,EMP_000001,,NO,NO,NO,NO,NO
365253,M,36 a 45 años,Entre 10 y 20 SMLV,ZETA,LAMBDA,PI,UPSILON,EMP_000001,,NO,NO,NO,NO,NO
365303,M,20 a 35 años,Entre 1 y 1.5 SMLV,SIGMA,LAMBDA,ETA,UPSILON,EMP_000001,,NO,NO,NO,NO,NO
365353,F,20 a 35 años,Entre 1 y 1.5 SMLV,SIGMA,LAMBDA,ETA,ETA,EMP_000001,,NO,NO,NO,NO,NO
365403,F,46 a 55 años,Entre 1 y 1.5 SMLV,SIGMA,RHO,TAU,ETA,EMP_000001,,NO,NO,NO,NO,NO
365453,F,20 a 35 años,Entre 1.5 y 2 SMLV,SIGMA,RHO,PI,ETA,EMP_000001,,NO,NO,NO,NO,NO
365503,M,20 a 35 años,Entre 1 y 1.5 SMLV,SIGMA,LAMBDA,ETA,DELTA,EMP_000001,,NO,NO,NO,NO,NO
365553,M,36 a 45 años,Entre 1.5 y 2 SMLV,SIGMA,LAMBDA,PI,UPSILON,EMP_000001,,NO,NO,NO,NO,NO
365603,F,46 a 55 años,Mayor a 30 SMLV,ZETA,IOTA,XI,UPSILON,EMP_000001,BOGOTA D.C.,NO,NO,NO,NO,NO
365653,F,46 a 55 años,Entre 4 y 6 SMLV,ZETA,IOTA,PI,XI,EMP_000001,BOGOTA D.C.,NO,NO,NO,NO,NO
365703,M,36 a 45 años,Entre 1 y 1.5 SMLV,SIGMA,RHO,TAU,OMEGA,EMP_000001,ZIPAQUIRA,NO,NO,NO,NO,NO
365753,F,36 a 45 años,Entre 1 y 1.5 SMLV,SIGMA,LAMBDA,TAU,XI,EMP_000002,SIBATE,NO,NO,NO,NO,NO
365803,F,20 a 35 años,Entre 1 y 1.5 SMLV,SIGMA,LAMBDA,ETA,UPSILON,EMP_000001,,NO,NO,NO,NO,NO
365853,M,36 a 45 años,Entre 1 y 1.5 SMLV,SIGMA,LAMBDA,TAU,ETA,EMP_000001,,NO,NO,NO,NO,NO
365903,M,20 a 35 años,Entre 1 y 1.5 SMLV,SIGMA,LAMBDA,TAU,ETA,EMP_000001,,NO,NO,NO,NO,NO
365953,F,36 a 45 años,Entre 1 y 1.5 SMLV,SIGMA,LAMBDA,TAU,ETA,EMP_000001,BOGOTA D.C.,NO,NO,NO,NO,NO
366003,M,Mayor de 55 años,Entre 1 y 1.5 SMLV,SIGMA,LAMBDA,TAU,DELTA,EMP_000001,,NO,NO,NO,NO,NO
366053,F,Mayor de 55 años,Entre 1.5 y 2 SMLV,SIGMA,LAMBDA,PI,KAPPA,EMP_000001,BOGOTA D.C.,NO,NO,NO,NO,NO
366103,M,20 a 35 años,Entre 1 y 1.5 SMLV,SIGMA,LAMBDA,ETA,UPSILON,EMP_000001,SOACHA,NO,NO,NO,NO,NO
366153,F,20 a 35 años,Entre 1.5 y 2 SMLV,SIGMA,LAMBDA,ETA,UPSILON,EMP_000001,,NO,NO,NO,NO,NO
366203,M,36 a 45 años,Entre 1 y 1.5 SMLV,SIGMA,CHI,TAU,UPSILON,EMP_000001,,NO,NO,NO,NO,NO
366253,F,20 a 35 años,Entre 1 y 1.5 SMLV,SIGMA,RHO,TAU,ETA,EMP_000001,,NO,NO,NO,NO,NO
366303,M,20 a 35 años,Entre 1 y 1.5 SMLV,SIGMA,LAMBDA,ETA,UPSILON,EMP_000001,,NO,NO,NO,NO,NO
366353,M,20 a 35 años,Entre 1 y 1.5 SMLV,SIGMA,LAMBDA,ETA,XI,EMP_000001,,NO,NO,NO,NO,NO
366403,F,46 a 55 años,Entre 1 y 1.5 SMLV,SIGMA,LAMBDA,TAU,DELTA,EMP_000001,MOSQUERA,NO,NO,NO,NO,NO
366453,F,46 a 55 años,Entre 1 y 1.5 SMLV,SIGMA,LAMBDA,TAU,XI,EMP_000002,,NO,NO,NO,NO,NO
366503,F,20 a 35 años,Menor al SMLV,SIGMA,LAMBDA,TAU,ETA,EMP_000001,BOGOTA D.C.,NO,NO,NO,NO,NO
366553,M,46 a 55 años,Entre 1 y 1.5 SMLV,SIGMA,LAMBDA,TAU,ETA,EMP_000001,,NO,NO,NO,NO,NO
366603,F,20 a 35 años,Entre 1 y 1.5 SMLV,SIGMA,LAMBDA,TAU,ETA,EMP_000001,,NO,NO,NO,NO,NO
366653,M,Mayor de 55 años,Menor al SMLV,SIGMA,IOTA,TAU,KAPPA,EMP_000001,BOGOTA D.C.,NO,NO,NO,NO,NO
366703,M,20 a 35 años,Entre 1 y 1.5 SMLV,SIGMA,LAMBDA,ETA,BETA,EMP_000001,,NO,NO,NO,NO,NO
366753,F,20 a 35 años,Entre 1 y 1.5 SMLV,SIGMA,LAMBDA,TAU,XI,EMP_000001,SOACHA,NO,NO,NO,NO,NO
366803,M,20 a 35 años,Menor al SMLV,SIGMA,LAMBDA,TAU,UPSILON,EMP_000001,,NO,NO,NO,NO,NO
366853,M,20 a 35 años,Entre 1 y 1.5 SMLV,SIGMA,LAMBDA,TAU,UPSILON,EMP_000001,,NO,NO,NO,NO,NO
366903,M,Mayor de 55 años,Entre 1 y 1.5 SMLV,SIGMA,IOTA,TAU,XI,EMP_000001,BOGOTA D.C.,NO,NO,NO,NO,NO
366953,M,20 a 35 años,Entre 1 y 1.5 SMLV,SIGMA,LAMBDA,TAU,UPSILON,EMP_000001,,NO,NO,NO,NO,NO
367003,M,20 a 35 años,Entre 1 y 1.5 SMLV,ZETA,EPSILON,PI,XI,EMP_000001,,NO,NO,NO,NO,NO
367053,F,20 a 35 años,Entre 1 y 1.5 SMLV,SIGMA,LAMBDA,TAU,UPSILON,EMP_000001,,NO,NO,NO,NO,NO
367103,M,20 a 35 años,Entre 1.5 y 2 SMLV,SIGMA,RHO,PI,XI,EMP_000002,BOGOTA D.C.,NO,NO,NO,NO,NO
367153,M,Mayor de 55 años,Entre 3 y 4 SMLV,PI,IOTA,PI,UPSILON,EMP_000001,BOGOTA D.C.,NO,NO,NO,NO,NO
367203,M,Mayor de 55 años,Entre 2 y 2.5 SMLV,PI,IOTA,PI,UPSILON,EMP_000001,BOGOTA D.C.,NO,NO,NO,NO,NO
367253,M,36 a 45 años,Entre 2 y 2.5 SMLV,PI,EPSILON,PI,ETA,EMP_000001,BOGOTA D.C.,NO,NO,NO,NO,NO
367303,M,36 a 45 años,Entre 2.5 y 3 SMLV,PI,LAMBDA,PI,DELTA,EMP_000001,,NO,NO,NO,NO,NO
367353,M,20 a 35 años,Entre 1.5 y 2 SMLV,SIGMA,CHI,PI,DELTA,EMP_000001,,NO,NO,NO,NO,NO
367403,M,36 a 45 años,,MU,THETA,OMEGA,OMICRON,EMP_000001,,NO,NO,NO,NO,NO
367453,M,36 a 45 años,Entre 1 y 1.5 SMLV,SIGMA,LAMBDA,TAU,UPSILON,EMP_000001,,NO,NO,NO,NO,NO
367503,M,36 a 45 años,Entre 1 y 1.5 SMLV,SIGMA,LAMBDA,TAU,OMEGA,EMP_000001,,NO,NO,NO,NO,NO
367553,M,20 a 35 años,Entre 1 y 1.5 SMLV,SIGMA,LAMBDA,ETA,BETA,EMP_000001,,NO,NO,NO,NO,NO
367603,M,46 a 55 años,Entre 1 y 1.5 SMLV,SIGMA,EPSILON,TAU,ETA,EMP_000001,BOGOTA D.C.,NO,NO,NO,NO,NO
367653,F,Menor de 19 años,Entre 1 y 1.5 SMLV,SIGMA,LAMBDA,TAU,ETA,EMP_000001,,NO,NO,NO,NO,NO
367703,M,36 a 45 años,Menor al SMLV,SIGMA,LAMBDA,TAU,ETA,EMP_000001,BOGOTA D.C.,NO,NO,NO,NO,NO
367753,F,20 a 35 años,Menor al SMLV,SIGMA,LAMBDA,TAU,DELTA,EMP_000001,BOGOTA D.C.,NO,NO,NO,NO,NO
367803,F,20 a 35 años,Entre 1.5 y 2 SMLV,SIGMA,RHO,PI,PSI,EMP_000001,,NO,NO,NO,NO,NO
367853,F,36 a 45 años,Entre 2 y 2.5 SMLV,PI,EPSILON,PI,XI,EMP_000002,BOGOTA D.C.,NO,NO,NO,NO,NO
367903,F,36 a 45 años,Entre 1 y 1.5 SMLV,SIGMA,EPSILON,PI,XI,EMP_000002,BOGOTA D.C.,NO,NO,NO,NO,NO
367953,M,36 a 45 años,Entre 1 y 1.5 SMLV,SIGMA,LAMBDA,TAU,ETA,EMP_000001,,NO,NO,NO,NO,NO
368003,M,20 a 35 años,Entre 1 y 1.5 SMLV,SIGMA,LAMBDA,ETA,DELTA,EMP_000001,,NO,NO,NO,NO,NO
368053,F,46 a 55 años,Entre 1 y 1.5 SMLV,SIGMA,LAMBDA,TAU,ETA,EMP_000001,,NO,NO,NO,NO,NO
368103,F,20 a 35 años,Entre 1 y 1.5 SMLV,SIGMA,IOTA,PI,OMEGA,EMP_000001,,NO,NO,NO,NO,NO
368153,M,36 a 45 años,Entre 1 y 1.5 SMLV,SIGMA,LAMBDA,TAU,ETA,EMP_000001,,NO,NO,NO,NO,NO
368203,F,20 a 35 años,Entre 2 y 2.5 SMLV,PI,LAMBDA,ETA,XI,EMP_000002,BOGOTA D.C.,NO,NO,NO,NO,NO
368253,F,Menor de 19 años,,MU,THETA,OMEGA,OMICRON,EMP_000001,,NO,NO,NO,NO,NO
368303,M,20 a 35 años,Entre 1 y 1.5 SMLV,SIGMA,LAMBDA,TAU,UPSILON,EMP_000001,,NO,NO,NO,NO,NO
368353,M,20 a 35 años,Entre 2.5 y 3 SMLV,PI,LAMBDA,ETA,DELTA,EMP_000001,BOGOTA D.C.,NO,NO,NO,NO,NO
368403,F,20 a 35 años,,MU,THETA,OMEGA,OMICRON,EMP_000001,,NO,NO,NO,NO,NO
368453,F,20 a 35 años,Entre 1.5 y 2 SMLV,SIGMA,LAMBDA,ETA,UPSILON,EMP_000001,,NO,NO,NO,NO,NO
368503,M,20 a 35 años,Entre 1 y 1.5 SMLV,SIGMA,IOTA,TAU,UPSILON,EMP_000001,,NO,NO,NO,NO,NO
368553,M,Mayor de 55 años,Entre 2 y 2.5 SMLV,PI,IOTA,PI,ETA,EMP_000001,BOGOTA D.C.,NO,NO,NO,NO,NO
368603,M,20 a 35 años,Entre 1 y 1.5 SMLV,SIGMA,RHO,PI,ETA,EMP_000001,BOGOTA D.C.,NO,NO,NO,NO,NO
368653,M,20 a 35 años,Menor al SMLV,SIGMA,LAMBDA,TAU,ETA,EMP_000001,,NO,NO,NO,NO,NO
368703,F,20 a 35 años,Entre 1.5 y 2 SMLV,SIGMA,EPSILON,PI,UPSILON,EMP_000001,ZIPAQUIRA,NO,NO,NO,NO,NO
368753,M,20 a 35 años,Entre 1 y 1.5 SMLV,PI,LAMBDA,ETA,BETA,EMP_000001,,NO,NO,NO,NO,NO
368803,F,20 a 35 años,Entre 1 y 1.5 SMLV,SIGMA,LAMBDA,ETA,XI,EMP_000001,,NO,NO,NO,NO,NO
368853,M,46 a 55 años,Entre 1 y 1.5 SMLV,SIGMA,RHO,TAU,DELTA,EMP_000001,BOGOTA D.C.,NO,NO,NO,NO,NO
368903,F,36 a 45 años,Menor al SMLV,SIGMA,EPSILON,TAU,ETA,EMP_000001,BOGOTA D.C.,NO,NO,NO,NO,NO
368953,M,20 a 35 años,Entre 1 y 1.5 SMLV,SIGMA,LAMBDA,ETA,BETA,EMP_000001,,NO,NO,NO,NO,NO
369003,M,46 a 55 años,Entre 3 y 4 SMLV,PI,EPSILON,PI,UPSILON,EMP_000001,BOGOTA D.C.,NO,NO,NO,NO,NO
369053,M,46 a 55 años,Entre 1 y 1.5 SMLV,SIGMA,LAMBDA,PI,DELTA,EMP_000001,,NO,NO,NO,NO,NO
369103,F,20 a 35 años,Entre 1.5 y 2 SMLV,SIGMA,LAMBDA,ETA,XI,EMP_000002,,NO,NO,NO,NO,NO
369153,F,36 a 45 años,Entre 1 y 1.5 SMLV,SIGMA,RHO,TAU,ETA,EMP_000001,BOGOTA D.C.,NO,NO,NO,NO,NO
369203,F,20 a 35 años,Entre 1 y 1.5 SMLV,SIGMA,RHO,TAU,UPSILON,EMP_000001,,NO,NO,NO,NO,NO
369253,M,Menor de 19 años,Menor al SMLV,SIGMA,LAMBDA,TAU,UPSILON,EMP_000001,,NO,NO,NO,NO,NO
369303,M,46 a 55 años,Entre 1 y 1.5 SMLV,SIGMA,EPSILON,TAU,ETA,EMP_000001,MOSQUERA,NO,NO,NO,NO,NO
369353,F,46 a 55 años,Entre 1 y 1.5 SMLV,SIGMA,IOTA,TAU,DELTA,EMP_000001,BOGOTA D.C.,NO,NO,NO,NO,NO
369403,M,36 a 45 años,Entre 1 y 1.5 SMLV,SIGMA,LAMBDA,PI,ETA,EMP_000001,,NO,NO,NO,NO,NO
369453,F,20 a 35 años,Entre 1 y 1.5 SMLV,SIGMA,RHO,TAU,ETA,EMP_000001,,NO,NO,NO,NO,NO
369503,M,46 a 55 años,Entre 3 y 4 SMLV,PI,LAMBDA,PI,XI,EMP_000002,,NO,NO,NO,NO,NO
369553,M,20 a 35 años,Menor al SMLV,SIGMA,EPSILON,TAU,ETA,EMP_000001,BOGOTA D.C.,NO,NO,NO,NO,NO
369603,F,20 a 35 años,Entre 1 y 1.5 SMLV,SIGMA,RHO,TAU,DELTA,EMP_000001,SOACHA,NO,NO,NO,NO,NO
369653,M,46 a 55 años,Entre 1 y 1.5 SMLV,SIGMA,LAMBDA,TAU,DELTA,EMP_000001,BOGOTA D.C.,NO,NO,NO,NO,NO
369703,F,36 a 45 años,Entre 1 y 1.5 SMLV,SIGMA,RHO,TAU,OMEGA,EMP_000001,FACATATIVA,NO,NO,NO,NO,NO
369753,F,20 a 35 años,Entre 1 y 1.5 SMLV,SIGMA,RHO,PI,XI,EMP_000002,,NO,NO,NO,NO,NO
369803,M,20 a 35 años,Entre 1 y 1.5 SMLV,SIGMA,LAMBDA,ETA,ETA,EMP_000001,,NO,NO,NO,NO,NO
369853,M,20 a 35 años,Entre 2.5 y 3 SMLV,PI,LAMBDA,ETA,XI,EMP_000002,,NO,NO,NO,NO,NO
369903,F,36 a 45 años,Entre 1 y 1.5 SMLV,SIGMA,RHO,TAU,ETA,EMP_000001,,NO,NO,NO,NO,NO
369953,M,36 a 45 años,Entre 3 y 4 SMLV,PI,RHO,PI,DELTA,EMP_000001,BOGOTA D.C.,NO,NO,NO,NO,NO
370003,F,20 a 35 años,Entre 1 y 1.5 SMLV,SIGMA,LAMBDA,ETA,ETA,EMP_000001,,NO,NO,NO,NO,NO
370053,M,20 a 35 años,Entre 1 y 1.5 SMLV,SIGMA,LAMBDA,ETA,UPSILON,EMP_000001,,NO,NO,NO,NO,NO
370103,F,20 a 35 años,Entre 3 y 4 SMLV,ZETA,RHO,PI,ETA,EMP_000001,BOGOTA D.C.,NO,NO,NO,NO,NO
370153,F,46 a 55 años,Entre 1 y 1.5 SMLV,SIGMA,EPSILON,TAU,ETA,EMP_000001,BOGOTA D.C.,NO,NO,NO,NO,NO
370203,F,20 a 35 años,Entre 1 y 1.5 SMLV,SIGMA,LAMBDA,ETA,XI,EMP_000002,,NO,NO,NO,NO,NO
370253,F,20 a 35 años,Entre 1 y 1.5 SMLV,SIGMA,LAMBDA,ETA,UPSILON,EMP_000001,,NO,NO,NO,NO,NO
370303,F,46 a 55 años,Entre 1 y 1.5 SMLV,SIGMA,LAMBDA,TAU,ETA,EMP_000001,,NO,NO,NO,NO,NO
370353,M,20 a 35 años,Entre 1 y 1.5 SMLV,SIGMA,LAMBDA,TAU,DELTA,EMP_000001,,NO,NO,NO,NO,NO
370403,F,20 a 35 años,Entre 1 y 1.5 SMLV,SIGMA,RHO,TAU,DELTA,EMP_000001,,NO,NO,NO,NO,NO
370453,M,46 a 55 años,Menor al SMLV,SIGMA,LAMBDA,TAU,ETA,EMP_000001,,NO,NO,NO,NO,NO
370503,F,20 a 35 años,Entre 4 y 6 SMLV,ZETA,LAMBDA,ETA,UPSILON,EMP_000001,BOGOTA D.C.,NO,NO,NO,NO,NO
370553,F,36 a 45 años,Entre 1.5 y 2 SMLV,SIGMA,RHO,PI,ETA,EMP_000001,BOGOTA D.C.,NO,NO,NO,NO,NO
370603,F,36 a 45 años,Entre 1 y 1.5 SMLV,SIGMA,RHO,TAU,UPSILON,EMP_000001,,NO,NO,NO,NO,NO
370653,M,Mayor de 55 años,Entre 3 y 4 SMLV,PI,IOTA,PI,ETA,EMP_000001,BOGOTA D.C.,NO,NO,NO,NO,NO
370703,M,20 a 35 años,Entre 1 y 1.5 SMLV,SIGMA,LAMBDA,TAU,ETA,EMP_000001,,NO,NO,NO,NO,NO
370753,F,20 a 35 años,Menor al SMLV,SIGMA,RHO,TAU,UPSILON,EMP_000001,,NO,NO,NO,NO,NO
370803,F,20 a 35 años,Entre 1 y 1.5 SMLV,SIGMA,LAMBDA,TAU,ETA,EMP_000001,,NO,NO,NO,NO,NO
370853,M,36 a 45 años,Entre 1 y 1.5 SMLV,SIGMA,RHO,TAU,ETA,EMP_000001,FLANDES,NO,NO,NO,NO,NO
370903,F,20 a 35 años,Entre 1 y 1.5 SMLV,SIGMA,LAMBDA,ETA,DELTA,EMP_000001,,NO,NO,NO,NO,NO
370953,M,20 a 35 años,,MU,THETA,OMEGA,OMICRON,EMP_000001,,NO,NO,NO,NO,NO
371003,F,20 a 35 años,Entre 2 y 2.5 SMLV,PI,LAMBDA,ETA,UPSILON,EMP_000001,,NO,NO,NO,NO,NO
371053,M,20 a 35 años,Entre 1 y 1.5 SMLV,SIGMA,LAMBDA,TAU,ETA,EMP_000001,,NO,NO,NO,NO,NO
371103,F,36 a 45 años,Entre 1 y 1.5 SMLV,SIGMA,RHO,TAU,ETA,EMP_000001,BOGOTA D.C.,NO,NO,NO,NO,NO
371153,F,20 a 35 años,Entre 1 y 1.5 SMLV,SIGMA,RHO,TAU,ETA,EMP_000001,,NO,NO,NO,NO,NO
371203,M,Mayor de 55 años,Entre 1 y 1.5 SMLV,SIGMA,IOTA,PI,KAPPA,EMP_000001,BOGOTA D.C.,NO,NO,NO,NO,NO
371253,M,20 a 35 años,Entre 4 y 6 SMLV,ZETA,LAMBDA,ETA,XI,EMP_000001,,NO,NO,NO,NO,NO
371303,F,20 a 35 años,Entre 1 y 1.5 SMLV,SIGMA,LAMBDA,TAU,XI,EMP_000002,,NO,NO,NO,NO,NO
371353,M,20 a 35 años,Entre 1 y 1.5 SMLV,SIGMA,RHO,PI,DELTA,EMP_000001,BOGOTA D.C.,NO,NO,NO,NO,NO
371403,M,Mayor de 55 años,Entre 1 y 1.5 SMLV,SIGMA,IOTA,TAU,KAPPA,EMP_000001,BOGOTA D.C.,NO,NO,NO,NO,NO
371453,M,20 a 35 años,Entre 1 y 1.5 SMLV,SIGMA,LAMBDA,ETA,UPSILON,EMP_000001,,NO,NO,NO,NO,NO
371503,F,36 a 45 años,Entre 2.5 y 3 SMLV,PI,LAMBDA,ETA,XI,EMP_000002,BOGOTA D.C.,NO,NO,NO,NO,NO
371553,F,46 a 55 años,Entre 1 y 1.5 SMLV,SIGMA,IOTA,PI,ETA,EMP_000001,BOGOTA D.C.,NO,NO,NO,NO,NO
371603,M,20 a 35 años,Entre 1 y 1.5 SMLV,SIGMA,LAMBDA,ETA,UPSILON,EMP_000001,,NO,NO,NO,NO,NO
371653,F,20 a 35 años,Entre 1 y 1.5 SMLV,SIGMA,LAMBDA,TAU,ETA,EMP_000001,,NO,NO,NO,NO,NO
371703,M,20 a 35 años,Entre 1 y 1.5 SMLV,SIGMA,LAMBDA,ETA,ETA,EMP_000001,,NO,NO,NO,NO,NO
371753,M,20 a 35 años,Entre 4 y 6 SMLV,ZETA,LAMBDA,ETA,XI,EMP_000002,BOGOTA D.C.,NO,NO,NO,NO,NO
371803,M,20 a 35 años,Entre 1 y 1.5 SMLV,SIGMA,LAMBDA,ETA,BETA,EMP_000001,,NO,NO,NO,NO,NO
371853,F,46 a 55 años,Entre 1 y 1.5 SMLV,SIGMA,LAMBDA,TAU,ETA,EMP_000001,BOGOTA D.C.,NO,NO,NO,NO,NO
371903,M,20 a 35 años,Entre 1 y 1.5 SMLV,SIGMA,LAMBDA,TAU,UPSILON,EMP_000001,,NO,NO,NO,NO,NO
371953,F,46 a 55 años,Entre 1 y 1.5 SMLV,SIGMA,IOTA,PI,UPSILON,EMP_000001,,NO,NO,NO,NO,NO
372003,M,Mayor de 55 años,Menor al SMLV,SIGMA,IOTA,TAU,ETA,EMP_000001,,NO,NO,NO,NO,NO
372053,F,36 a 45 años,Entre 4 y 6 SMLV,ZETA,LAMBDA,PI,XI,EMP_000002,,NO,NO,NO,NO,NO
372103,F,36 a 45 años,Entre 1 y 1.5 SMLV,SIGMA,RHO,TAU,UPSILON,EMP_000001,FUNZA,NO,NO,NO,NO,NO
372153,M,20 a 35 años,Entre 1 y 1.5 SMLV,SIGMA,LAMBDA,TAU,UPSILON,EMP_000001,,NO,NO,NO,NO,NO
372203,F,46 a 55 años,Entre 1 y 1.5 SMLV,SIGMA,LAMBDA,PI,PSI,EMP_000001,SOACHA,NO,NO,NO,NO,NO
372253,M,36 a 45 años,Entre 2 y 2.5 SMLV,PI,EPSILON,PI,DELTA,EMP_000001,,NO,NO,NO,NO,NO
372303,F,Mayor de 55 años,Entre 1 y 1.5 SMLV,SIGMA,LAMBDA,TAU,ETA,EMP_000001,,NO,NO,NO,NO,NO
372353,M,36 a 45 años,Entre 1 y 1.5 SMLV,SIGMA,EPSILON,TAU,ETA,EMP_000001,,NO,NO,NO,NO,NO
372403,M,Mayor de 55 años,Entre 1.5 y 2 SMLV,SIGMA,LAMBDA,PI,XI,EMP_000002,SOACHA,NO,NO,NO,NO,NO
372453,M,20 a 35 años,Entre 1 y 1.5 SMLV,SIGMA,LAMBDA,TAU,DELTA,EMP_000001,BOGOTA D.C.,NO,NO,NO,NO,NO
372503,M,36 a 45 años,Entre 1.5 y 2 SMLV,SIGMA,EPSILON,PI,UPSILON,EMP_000001,BOGOTA D.C.,NO,NO,NO,NO,NO
372553,F,20 a 35 años,Entre 1 y 1.5 SMLV,SIGMA,LAMBDA,ETA,UPSILON,EMP_000001,,NO,NO,NO,NO,NO
372603,M,20 a 35 años,Entre 2 y 2.5 SMLV,PI,LAMBDA,ETA,ETA,EMP_000001,BOGOTA D.C.,NO,NO,NO,NO,NO
372653,M,36 a 45 años,Menor al SMLV,SIGMA,LAMBDA,TAU,XI,EMP_000002,,NO,NO,NO,NO,NO
372703,M,20 a 35 años,Entre 1 y 1.5 SMLV,SIGMA,LAMBDA,TAU,ETA,EMP_000001,BOGOTA D.C.,NO,NO,NO,NO,NO
372753,M,20 a 35 años,Entre 1 y 1.5 SMLV,SIGMA,LAMBDA,ETA,BETA,EMP_000001,,NO,NO,NO,NO,NO
372803,F,36 a 45 años,Entre 10 y 20 SMLV,ZETA,LAMBDA,PI,XI,EMP_000002,,NO,NO,NO,NO,NO
372853,F,36 a 45 años,Entre 1 y 1.5 SMLV,PI,LAMBDA,PI,UPSILON,EMP_000001,BOGOTA D.C.,NO,NO,NO,NO,NO
372903,M,20 a 35 años,Entre 3 y 4 SMLV,PI,LAMBDA,ETA,UPSILON,EMP_000001,,NO,NO,NO,NO,NO
372953,M,20 a 35 años,Entre 1 y 1.5 SMLV,SIGMA,LAMBDA,TAU,DELTA,EMP_000001,,NO,NO,NO,NO,NO
373003,M,46 a 55 años,Entre 1 y 1.5 SMLV,SIGMA,EPSILON,PI,ETA,EMP_000001,,NO,NO,NO,NO,NO
373053,M,46 a 55 años,Entre 10 y 20 SMLV,ZETA,RHO,PI,UPSILON,EMP_000001,BOGOTA D.C.,NO,NO,NO,NO,NO
373103,M,46 a 55 años,Entre 1 y 1.5 SMLV,SIGMA,RHO,TAU,DELTA,EMP_000001,,NO,NO,NO,NO,NO
373153,M,20 a 35 años,Entre 1 y 1.5 SMLV,SIGMA,LAMBDA,TAU,UPSILON,EMP_000001,BOGOTA D.C.,NO,NO,NO,NO,NO
373203,F,Mayor de 55 años,Entre 1 y 1.5 SMLV,SIGMA,LAMBDA,TAU,ETA,EMP_000001,,NO,NO,NO,NO,NO
373253,F,Mayor de 55 años,Menor al SMLV,SIGMA,LAMBDA,TAU,KAPPA,EMP_000001,BOGOTA D.C.,NO,NO,NO,NO,NO
373303,M,20 a 35 años,Entre 2 y 2.5 SMLV,PI,RHO,PI,UPSILON,EMP_000001,BOGOTA D.C.,NO,NO,NO,NO,NO
373353,M,46 a 55 años,Entre 1 y 1.5 SMLV,SIGMA,EPSILON,TAU,ETA,EMP_000001,BOGOTA D.C.,NO,NO,NO,NO,NO
373403,M,46 a 55 años,Entre 10 y 20 SMLV,ZETA,LAMBDA,PI,XI,EMP_000001,,NO,NO,NO,NO,NO
373453,M,20 a 35 años,Entre 1.5 y 2 SMLV,PI,LAMBDA,ETA,XI,EMP_000002,,NO,NO,NO,NO,NO
373503,M,20 a 35 años,Entre 1 y 1.5 SMLV,SIGMA,LAMBDA,TAU,UPSILON,EMP_000001,,NO,NO,NO,NO,NO
373553,M,20 a 35 años,Menor al SMLV,SIGMA,RHO,TAU,UPSILON,EMP_000001,,NO,NO,NO,NO,NO
373603,M,20 a 35 años,Entre 1 y 1.5 SMLV,SIGMA,LAMBDA,TAU,DELTA,EMP_000001,,NO,NO,NO,NO,NO
373653,M,36 a 45 años,Entre 1 y 1.5 SMLV,SIGMA,LAMBDA,ETA,BETA,EMP_000001,,NO,NO,NO,NO,NO
373703,F,46 a 55 años,Entre 1 y 1.5 SMLV,SIGMA,THETA,PI,OMICRON,EMP_000001,,NO,NO,NO,NO,NO
373753,M,36 a 45 años,Entre 1 y 1.5 SMLV,SIGMA,RHO,TAU,XI,EMP_000002,BOGOTA D.C.,NO,NO,NO,NO,NO
373803,M,36 a 45 años,Entre 1.5 y 2 SMLV,SIGMA,EPSILON,PI,UPSILON,EMP_000001,,NO,NO,NO,NO,NO
373853,F,36 a 45 años,Entre 4 y 6 SMLV,ZETA,LAMBDA,PI,XI,EMP_000002,BOGOTA D.C.,NO,NO,NO,NO,NO
373903,M,46 a 55 años,Entre 1 y 1.5 SMLV,SIGMA,RHO,PI,OMEGA,EMP_000001,LA CALERA,NO,NO,NO,NO,NO
373953,M,36 a 45 años,Entre 1 y 1.5 SMLV,SIGMA,RHO,PI,XI,EMP_000002,BOGOTA D.C.,NO,NO,NO,NO,NO
374003,F,46 a 55 años,Mayor a 30 SMLV,ZETA,EPSILON,XI,XI,EMP_000002,BOGOTA D.C.,NO,NO,NO,NO,NO
374053,M,20 a 35 años,Entre 1 y 1.5 SMLV,SIGMA,LAMBDA,ETA,ETA,EMP_000001,,NO,NO,NO,NO,NO
374103,F,20 a 35 años,Entre 1.5 y 2 SMLV,SIGMA,LAMBDA,ETA,XI,EMP_000002,BOGOTA D.C.,NO,NO,NO,NO,NO
374153,M,Mayor de 55 años,Entre 6 y 8 SMLV,ZETA,LAMBDA,PI,XI,EMP_000002,BOGOTA D.C.,NO,NO,NO,NO,NO
374203,M,36 a 45 años,Entre 1 y 1.5 SMLV,SIGMA,LAMBDA,ETA,UPSILON,EMP_000001,BOGOTA D.C.,NO,NO,NO,NO,NO
374253,F,20 a 35 años,Entre 1 y 1.5 SMLV,SIGMA,LAMBDA,TAU,ETA,EMP_000001,,NO,NO,NO,NO,NO
374303,M,Mayor de 55 años,Entre 1 y 1.5 SMLV,SIGMA,EPSILON,TAU,ETA,EMP_000001,,NO,NO,NO,NO,NO
374353,F,20 a 35 años,Entre 1 y 1.5 SMLV,SIGMA,RHO,TAU,XI,EMP_000002,,NO,NO,NO,NO,NO
374403,M,Mayor de 55 años,Entre 2 y 2.5 SMLV,PI,IOTA,PI,XI,EMP_000002,,NO,NO,NO,NO,NO
374453,F,36 a 45 años,Entre 6 y 8 SMLV,ZETA,RHO,PI,XI,EMP_000002,BOGOTA D.C.,NO,NO,NO,NO,NO
374503,M,20 a 35 años,Entre 1 y 1.5 SMLV,SIGMA,LAMBDA,ETA,BETA,EMP_000001,,NO,NO,NO,NO,NO
374553,M,36 a 45 años,Entre 1 y 1.5 SMLV,SIGMA,IOTA,PI,UPSILON,EMP_000001,BOGOTA D.C.,NO,NO,NO,NO,NO
374603,F,36 a 45 años,Entre 1 y 1.5 SMLV,SIGMA,LAMBDA,TAU,DELTA,EMP_000001,,NO,NO,NO,NO,NO
374653,F,46 a 55 años,Entre 8 y 10 SMLV,ZETA,LAMBDA,PI,ETA,EMP_000001,,NO,NO,NO,NO,NO
374703,M,Mayor de 55 años,Entre 1 y 1.5 SMLV,SIGMA,LAMBDA,TAU,ETA,EMP_000001,,NO,NO,NO,NO,NO
374753,F,36 a 45 años,Entre 3 y 4 SMLV,PI,LAMBDA,ETA,UPSILON,EMP_000001,,NO,NO,NO,NO,NO
374803,F,Mayor de 55 años,Entre 1 y 1.5 SMLV,SIGMA,LAMBDA,TAU,KAPPA,EMP_000001,,NO,NO,NO,NO,NO
374853,M,20 a 35 años,Entre 1 y 1.5 SMLV,SIGMA,LAMBDA,TAU,UPSILON,EMP_000001,BOGOTA D.C.,NO,NO,NO,NO,NO
374903,M,20 a 35 años,Menor al SMLV,SIGMA,LAMBDA,TAU,OMEGA,EMP_000001,,NO,NO,NO,NO,NO
374953,F,20 a 35 años,Entre 1 y 1.5 SMLV,SIGMA,LAMBDA,TAU,ETA,EMP_000001,,NO,NO,NO,NO,NO
375003,F,20 a 35 años,Entre 1 y 1.5 SMLV,SIGMA,RHO,PI,ETA,EMP_000001,BOGOTA D.C.,NO,NO,NO,NO,NO
375053,M,36 a 45 años,Entre 1 y 1.5 SMLV,SIGMA,LAMBDA,TAU,UPSILON,EMP_000001,BOGOTA D.C.,NO,NO,NO,NO,NO
375103,F,20 a 35 años,Entre 1 y 1.5 SMLV,SIGMA,THETA,TAU,UPSILON,EMP_000001,,NO,NO,NO,NO,NO
375153,M,36 a 45 años,Menor al SMLV,SIGMA,EPSILON,TAU,ETA,EMP_000001,BOGOTA D.C.,NO,NO,NO,NO,NO
375203,M,20 a 35 años,Entre 1 y 1.5 SMLV,SIGMA,EPSILON,TAU,UPSILON,EMP_000001,BOGOTA D.C.,NO,NO,NO,NO,NO
375253,F,46 a 55 años,Entre 1 y 1.5 SMLV,SIGMA,EPSILON,TAU,ETA,EMP_000001,,NO,NO,NO,NO,NO
375303,M,46 a 55 años,Entre 4 y 6 SMLV,ZETA,LAMBDA,PI,XI,EMP_000001,BOGOTA D.C.,NO,NO,NO,NO,NO
375353,F,36 a 45 años,Entre 1 y 1.5 SMLV,SIGMA,RHO,TAU,UPSILON,EMP_000001,BOGOTA D.C.,NO,NO,NO,NO,NO
375403,M,20 a 35 años,Entre 1 y 1.5 SMLV,SIGMA,LAMBDA,TAU,ETA,EMP_000001,,NO,NO,NO,NO,NO
375453,F,20 a 35 años,Entre 1 y 1.5 SMLV,SIGMA,RHO,TAU,ETA,EMP_000001,,NO,NO,NO,NO,NO
375503,F,46 a 55 años,Entre 1 y 1.5 SMLV,PI,EPSILON,TAU,LAMBDA,EMP_000001,BOGOTA D.C.,NO,NO,NO,NO,NO
375553,M,36 a 45 años,Entre 1 y 1.5 SMLV,SIGMA,RHO,TAU,DELTA,EMP_000001,,NO,NO,NO,NO,NO
375603,M,46 a 55 años,Entre 2.5 y 3 SMLV,PI,LAMBDA,PI,OMEGA,EMP_000001,BOGOTA D.C.,NO,NO,NO,NO,NO
375653,M,36 a 45 años,Entre 1 y 1.5 SMLV,SIGMA,EPSILON,TAU,OMEGA,EMP_000001,,NO,NO,NO,NO,NO
375703,M,20 a 35 años,Entre 1 y 1.5 SMLV,SIGMA,LAMBDA,ETA,DELTA,EMP_000001,,NO,NO,NO,NO,NO
375753,M,Mayor de 55 años,Entre 1 y 1.5 SMLV,SIGMA,RHO,TAU,OMEGA,EMP_000001,CHOCONTA,NO,NO,NO,NO,NO
375803,M,20 a 35 años,Entre 1 y 1.5 SMLV,SIGMA,EPSILON,TAU,DELTA,EMP_000001,,NO,NO,NO,NO,NO
375853,M,20 a 35 años,Entre 1 y 1.5 SMLV,SIGMA,RHO,PI,DELTA,EMP_000001,,NO,NO,NO,NO,NO
375903,F,20 a 35 años,Entre 1 y 1.5 SMLV,SIGMA,RHO,TAU,XI,EMP_000002,,NO,NO,NO,NO,NO
375953,M,46 a 55 años,Entre 1 y 1.5 SMLV,SIGMA,EPSILON,PI,DELTA,EMP_000001,ZIPAQUIRA,NO,NO,NO,NO,NO
376003,M,20 a 35 años,Entre 1 y 1.5 SMLV,SIGMA,LAMBDA,TAU,ETA,EMP_000001,BOGOTA D.C.,NO,NO,NO,NO,NO
376053,F,20 a 35 años,Entre 1 y 1.5 SMLV,SIGMA,LAMBDA,TAU,ETA,EMP_000001,BOGOTA D.C.,NO,NO,NO,NO,NO
376103,M,36 a 45 años,Entre 3 y 4 SMLV,PI,EPSILON,PI,XI,EMP_000002,,NO,NO,NO,NO,NO
376153,M,20 a 35 años,Entre 1 y 1.5 SMLV,SIGMA,RHO,PI,ETA,EMP_000001,BOGOTA D.C.,NO,NO,NO,NO,NO
376203,M,20 a 35 años,Entre 1 y 1.5 SMLV,SIGMA,LAMBDA,ETA,UPSILON,EMP_000001,,NO,NO,NO,NO,NO
376253,M,36 a 45 años,Entre 1 y 1.5 SMLV,SIGMA,RHO,TAU,XI,EMP_000002,SOACHA,NO,NO,NO,NO,NO
376303,F,20 a 35 años,Entre 1 y 1.5 SMLV,SIGMA,LAMBDA,ETA,UPSILON,EMP_000001,FACATATIVA,NO,NO,NO,NO,NO
376353,F,20 a 35 años,Entre 1 y 1.5 SMLV,PI,LAMBDA,ETA,BETA,EMP_000001,,NO,NO,NO,NO,NO
376403,M,46 a 55 años,Menor al SMLV,SIGMA,LAMBDA,TAU,ETA,EMP_000001,BOGOTA D.C.,NO,NO,NO,NO,NO
376453,F,20 a 35 años,Entre 1 y 1.5 SMLV,SIGMA,RHO,TAU,ETA,EMP_000001,BOGOTA D.C.,NO,NO,NO,NO,NO
376503,M,46 a 55 años,Entre 1 y 1.5 SMLV,SIGMA,LAMBDA,TAU,ETA,EMP_000001,,NO,NO,NO,NO,NO
376553,M,20 a 35 años,Entre 1 y 1.5 SMLV,SIGMA,RHO,TAU,DELTA,EMP_000001,,NO,NO,NO,NO,NO
376603,F,36 a 45 años,Entre 2 y 2.5 SMLV,PI,RHO,PI,UPSILON,EMP_000001,IBAGUE,NO,NO,NO,NO,NO
376653,M,Mayor de 55 años,Entre 1 y 1.5 SMLV,SIGMA,LAMBDA,PI,DELTA,EMP_000001,MADRID,NO,NO,NO,NO,NO
376703,M,20 a 35 años,Entre 1 y 1.5 SMLV,SIGMA,LAMBDA,TAU,ETA,EMP_000001,,NO,NO,NO,NO,NO
376753,F,20 a 35 años,Entre 1 y 1.5 SMLV,SIGMA,RHO,TAU,XI,EMP_000002,BOGOTA D.C.,NO,NO,NO,NO,NO
376803,M,20 a 35 años,Entre 1 y 1.5 SMLV,SIGMA,RHO,TAU,XI,EMP_000002,,NO,NO,NO,NO,NO
376853,M,46 a 55 años,Entre 1 y 1.5 SMLV,SIGMA,LAMBDA,TAU,DELTA,EMP_000001,MADRID,NO,NO,NO,NO,NO
376903,M,20 a 35 años,Entre 1 y 1.5 SMLV,SIGMA,LAMBDA,TAU,UPSILON,EMP_000001,,NO,NO,NO,NO,NO
376953,F,20 a 35 años,Menor al SMLV,SIGMA,LAMBDA,TAU,ETA,EMP_000001,,NO,NO,NO,NO,NO
377003,F,20 a 35 años,Entre 1 y 1.5 SMLV,PI,LAMBDA,ETA,BETA,EMP_000001,,NO,NO,NO,NO,NO
377053,F,46 a 55 años,Entre 1 y 1.5 SMLV,SIGMA,RHO,PI,ETA,EMP_000001,BOGOTA D.C.,NO,NO,NO,NO,NO
377103,M,20 a 35 años,Entre 1.5 y 2 SMLV,PI,LAMBDA,ETA,UPSILON,EMP_000002,,NO,NO,NO,NO,NO
377153,M,36 a 45 años,Entre 1 y 1.5 SMLV,SIGMA,LAMBDA,TAU,UPSILON,EMP_000001,,NO,NO,NO,NO,NO
377203,M,36 a 45 años,Entre 1.5 y 2 SMLV,SIGMA,RHO,PI,ETA,EMP_000001,BOGOTA D.C.,NO,NO,NO,NO,NO
377253,F,36 a 45 años,Entre 2 y 2.5 SMLV,PI,RHO,PI,DELTA,EMP_000001,BOGOTA D.C.,NO,NO,NO,NO,NO
377303,M,36 a 45 años,Entre 1 y 1.5 SMLV,SIGMA,LAMBDA,TAU,DELTA,EMP_000001,FACATATIVA,NO,NO,NO,NO,NO
377353,M,20 a 35 años,Entre 1 y 1.5 SMLV,SIGMA,LAMBDA,ETA,DELTA,EMP_000001,BOGOTA D.C.,NO,NO,NO,NO,NO
377403,F,36 a 45 años,Entre 1 y 1.5 SMLV,SIGMA,LAMBDA,ETA,ETA,EMP_000001,BOGOTA D.C.,NO,NO,NO,NO,NO
377453,F,36 a 45 años,Entre 1 y 1.5 SMLV,SIGMA,RHO,TAU,OMEGA,EMP_000001,,NO,NO,NO,NO,NO
377503,F,20 a 35 años,Entre 1 y 1.5 SMLV,SIGMA,LAMBDA,TAU,DELTA,EMP_000001,,NO,NO,NO,NO,NO
377553,M,46 a 55 años,Entre 1 y 1.5 SMLV,SIGMA,RHO,TAU,ETA,EMP_000001,MOSQUERA,NO,NO,NO,NO,NO
377603,M,36 a 45 años,Entre 1 y 1.5 SMLV,SIGMA,LAMBDA,ETA,ETA,EMP_000001,,NO,NO,NO,NO,NO
377653,F,36 a 45 años,Entre 3 y 4 SMLV,PI,LAMBDA,PI,UPSILON,EMP_000001,BOGOTA D.C.,NO,NO,NO,NO,NO
377703,F,36 a 45 años,Entre 1 y 1.5 SMLV,SIGMA,RHO,TAU,UPSILON,EMP_000001,SOACHA,NO,NO,NO,NO,NO
377753,F,36 a 45 años,Entre 2.5 y 3 SMLV,PI,LAMBDA,PI,ETA,EMP_000001,BOGOTA D.C.,NO,NO,NO,NO,NO
377803,M,36 a 45 años,Entre 4 y 6 SMLV,ZETA,LAMBDA,PI,PSI,EMP_000001,BOGOTA D.C.,NO,NO,NO,NO,NO
377853,F,36 a 45 años,Entre 1 y 1.5 SMLV,SIGMA,RHO,TAU,OMEGA,EMP_000001,BOGOTA D.C.,NO,NO,NO,NO,NO
377903,F,20 a 35 años,Entre 1 y 1.5 SMLV,SIGMA,LAMBDA,ETA,UPSILON,EMP_000001,BOGOTA D.C.,NO,NO,NO,NO,NO
377953,M,20 a 35 años,Entre 1 y 1.5 SMLV,SIGMA,EPSILON,TAU,XI,EMP_000002,BOGOTA D.C.,NO,NO,NO,NO,NO
378003,M,46 a 55 años,Entre 1.5 y 2 SMLV,SIGMA,CHI,PI,UPSILON,EMP_000001,BOGOTA D.C.,NO,NO,NO,NO,NO
378053,F,20 a 35 años,Entre 1 y 1.5 SMLV,SIGMA,LAMBDA,TAU,ETA,EMP_000001,,NO,NO,NO,NO,NO
378103,M,36 a 45 años,Entre 2 y 2.5 SMLV,PI,RHO,PI,UPSILON,EMP_000001,BOGOTA D.C.,NO,NO,NO,NO,NO
378153,M,20 a 35 años,Entre 1 y 1.5 SMLV,SIGMA,LAMBDA,ETA,BETA,EMP_000001,,NO,NO,NO,NO,NO
378203,M,Mayor de 55 años,Menor al SMLV,SIGMA,LAMBDA,TAU,ETA,EMP_000001,,NO,NO,NO,NO,NO
378253,M,20 a 35 años,Entre 1.5 y 2 SMLV,SIGMA,LAMBDA,ETA,UPSILON,EMP_000002,,NO,NO,NO,NO,NO
378303,F,20 a 35 años,Entre 1 y 1.5 SMLV,SIGMA,LAMBDA,ETA,BETA,EMP_000001,,NO,NO,NO,NO,NO
378353,F,36 a 45 años,Entre 1 y 1.5 SMLV,SIGMA,LAMBDA,TAU,ETA,EMP_000001,,NO,NO,NO,NO,NO
378403,F,20 a 35 años,Entre 1 y 1.5 SMLV,SIGMA,LAMBDA,ETA,DELTA,EMP_000001,,NO,NO,NO,NO,NO
378453,M,20 a 35 años,Entre 1 y 1.5 SMLV,SIGMA,LAMBDA,TAU,UPSILON,EMP_000001,,NO,NO,NO,NO,NO
378503,F,Menor de 19 años,Entre 1 y 1.5 SMLV,SIGMA,LAMBDA,TAU,DELTA,EMP_000001,,NO,NO,NO,NO,NO
378553,M,46 a 55 años,Entre 1 y 1.5 SMLV,SIGMA,LAMBDA,TAU,UPSILON,EMP_000001,SOACHA,NO,NO,NO,NO,NO
378603,M,46 a 55 años,Entre 2 y 2.5 SMLV,PI,EPSILON,PI,XI,EMP_000002,PACHO,NO,NO,NO,NO,NO
378653,M,Mayor de 55 años,Menor al SMLV,SIGMA,LAMBDA,TAU,ETA,EMP_000001,BOGOTA D.C.,NO,NO,NO,NO,NO
378703,F,20 a 35 años,Entre 1 y 1.5 SMLV,SIGMA,RHO,TAU,XI,EMP_000001,BOGOTA D.C.,NO,NO,NO,NO,NO
378753,M,20 a 35 años,Entre 1 y 1.5 SMLV,SIGMA,LAMBDA,TAU,ETA,EMP_000001,BOGOTA D.C.,NO,NO,NO,NO,NO
378803,F,46 a 55 años,Entre 1 y 1.5 SMLV,SIGMA,RHO,TAU,ETA,EMP_000001,BOGOTA D.C.,NO,NO,NO,NO,NO
378853,M,36 a 45 años,Entre 1 y 1.5 SMLV,SIGMA,RHO,TAU,ETA,EMP_000001,BOGOTA D.C.,NO,NO,NO,NO,NO
378903,M,20 a 35 años,Entre 1 y 1.5 SMLV,SIGMA,LAMBDA,TAU,DELTA,EMP_000001,BOGOTA D.C.,NO,NO,NO,NO,NO
378953,F,46 a 55 años,Entre 3 y 4 SMLV,PI,LAMBDA,PI,XI,EMP_000002,BOGOTA D.C.,NO,NO,NO,NO,NO
379003,M,46 a 55 años,Entre 1 y 1.5 SMLV,SIGMA,LAMBDA,TAU,UPSILON,EMP_000001,FUNZA,NO,NO,NO,NO,NO
379053,F,36 a 45 años,Entre 10 y 20 SMLV,ZETA,LAMBDA,ETA,XI,EMP_000002,,NO,NO,NO,NO,NO
379103,M,20 a 35 años,Entre 3 y 4 SMLV,PI,RHO,PI,UPSILON,EMP_000001,BOGOTA D.C.,NO,NO,NO,NO,NO
379153,M,20 a 35 años,Entre 1 y 1.5 SMLV,SIGMA,LAMBDA,ETA,UPSILON,EMP_000001,,NO,NO,NO,NO,NO
379203,F,46 a 55 años,Entre 2 y 2.5 SMLV,PI,LAMBDA,PI,XI,EMP_000002,,NO,NO,NO,NO,NO
379253,F,20 a 35 años,Entre 1.5 y 2 SMLV,SIGMA,LAMBDA,ETA,ETA,EMP_000001,,NO,NO,NO,NO,NO
379303,M,36 a 45 años,Entre 1 y 1.5 SMLV,SIGMA,RHO,PI,ETA,EMP_000001,BOGOTA D.C.,NO,NO,NO,NO,NO
379353,F,20 a 35 años,Entre 1 y 1.5 SMLV,SIGMA,RHO,TAU,ETA,EMP_000001,,NO,NO,NO,NO,NO
379403,F,46 a 55 años,Entre 1 y 1.5 SMLV,SIGMA,CHI,PI,ETA,EMP_000001,BOGOTA D.C.,NO,NO,NO,NO,NO
379453,F,46 a 55 años,Menor al SMLV,SIGMA,LAMBDA,TAU,ETA,EMP_000001,BOGOTA D.C.,NO,NO,NO,NO,NO
379503,F,20 a 35 años,Entre 1.5 y 2 SMLV,SIGMA,RHO,PI,UPSILON,EMP_000001,,NO,NO,NO,NO,NO
379553,F,46 a 55 años,Entre 1 y 1.5 SMLV,SIGMA,IOTA,TAU,ETA,EMP_000001,BOGOTA D.C.,NO,NO,NO,NO,NO
379603,M,36 a 45 años,Entre 1 y 1.5 SMLV,SIGMA,RHO,PI,UPSILON,EMP_000001,BOGOTA D.C.,NO,NO,NO,NO,NO
379653,M,20 a 35 años,Menor al SMLV,SIGMA,LAMBDA,TAU,ETA,EMP_000001,,NO,NO,NO,NO,NO
379703,F,46 a 55 años,Entre 1 y 1.5 SMLV,SIGMA,LAMBDA,TAU,ETA,EMP_000001,BOGOTA D.C.,NO,NO,NO,NO,NO
379753,M,36 a 45 años,Entre 1 y 1.5 SMLV,SIGMA,LAMBDA,TAU,ETA,EMP_000001,,NO,NO,NO,NO,NO
379803,F,46 a 55 años,Menor al SMLV,SIGMA,LAMBDA,TAU,ETA,EMP_000001,,NO,NO,NO,NO,NO
379853,F,20 a 35 años,Menor al SMLV,SIGMA,LAMBDA,TAU,DELTA,EMP_000001,,NO,NO,NO,NO,NO
379903,F,36 a 45 años,Entre 1 y 1.5 SMLV,SIGMA,RHO,TAU,ETA,EMP_000001,BOGOTA D.C.,NO,NO,NO,NO,NO
379953,M,20 a 35 años,Entre 1 y 1.5 SMLV,SIGMA,LAMBDA,TAU,UPSILON,EMP_000001,,NO,NO,NO,NO,NO
380003,F,20 a 35 años,Entre 2.5 y 3 SMLV,PI,LAMBDA,ETA,DELTA,EMP_000001,FUSAGASUGA,NO,NO,NO,NO,NO
380053,F,36 a 45 años,Entre 1 y 1.5 SMLV,PI,LAMBDA,TAU,LAMBDA,EMP_000001,,NO,NO,NO,NO,NO
380103,M,36 a 45 años,Menor al SMLV,SIGMA,RHO,TAU,ETA,EMP_000001,CAJICA,NO,NO,NO,NO,NO
380153,F,Mayor de 55 años,Entre 1 y 1.5 SMLV,SIGMA,RHO,PI,ETA,EMP_000001,BOGOTA D.C.,NO,NO,NO,NO,NO
380203,M,20 a 35 años,Entre 1 y 1.5 SMLV,SIGMA,LAMBDA,TAU,ETA,EMP_000001,,NO,NO,NO,NO,NO
380253,F,20 a 35 años,Entre 1 y 1.5 SMLV,SIGMA,RHO,TAU,DELTA,EMP_000001,BOGOTA D.C.,NO,NO,NO,NO,NO
380303,M,Mayor de 55 años,Entre 1 y 1.5 SMLV,SIGMA,RHO,TAU,ETA,EMP_000001,,NO,NO,NO,NO,NO
380353,M,46 a 55 años,Entre 1 y 1.5 SMLV,SIGMA,IOTA,PI,UPSILON,EMP_000001,ZIPAQUIRA,NO,NO,NO,NO,NO
380403,M,36 a 45 años,Entre 1 y 1.5 SMLV,SIGMA,RHO,PI,UPSILON,EMP_000001,BOGOTA D.C.,NO,NO,NO,NO,NO
380453,F,20 a 35 años,Entre 1 y 1.5 SMLV,PI,RHO,TAU,LAMBDA,EMP_000001,GIRARDOT,NO,NO,NO,NO,NO
380503,M,20 a 35 años,Entre 1 y 1.5 SMLV,SIGMA,LAMBDA,ETA,BETA,EMP_000001,,NO,NO,NO,NO,NO
380553,F,46 a 55 años,Entre 2.5 y 3 SMLV,PI,LAMBDA,PI,XI,EMP_000002,,NO,NO,NO,NO,NO
380603,F,20 a 35 años,Entre 2.5 y 3 SMLV,PI,LAMBDA,ETA,UPSILON,EMP_000001,,NO,NO,NO,NO,NO
380653,M,20 a 35 años,Entre 1.5 y 2 SMLV,SIGMA,LAMBDA,ETA,DELTA,EMP_000001,,NO,NO,NO,NO,NO
380703,M,Mayor de 55 años,Entre 4 y 6 SMLV,ZETA,LAMBDA,PI,XI,EMP_000001,BARRANCABERMEJA,NO,NO,NO,NO,NO
380753,M,20 a 35 años,Entre 2 y 2.5 SMLV,PI,LAMBDA,ETA,XI,EMP_000002,,NO,NO,NO,NO,NO
380803,M,20 a 35 años,Entre 3 y 4 SMLV,PI,LAMBDA,ETA,UPSILON,EMP_000001,BOGOTA D.C.,NO,NO,NO,NO,NO
380853,F,36 a 45 años,Entre 1 y 1.5 SMLV,SIGMA,RHO,TAU,PSI,EMP_000001,BOGOTA D.C.,NO,NO,NO,NO,NO
380903,F,20 a 35 años,Entre 1 y 1.5 SMLV,SIGMA,RHO,TAU,ETA,EMP_000001,,NO,NO,NO,NO,NO
380953,F,36 a 45 años,Entre 4 y 6 SMLV,ZETA,CHI,PI,DELTA,EMP_000001,,NO,NO,NO,NO,NO
381003,M,20 a 35 años,Menor al SMLV,SIGMA,LAMBDA,TAU,UPSILON,EMP_000001,,NO,NO,NO,NO,NO
381053,M,36 a 45 años,Entre 1 y 1.5 SMLV,SIGMA,EPSILON,TAU,ETA,EMP_000001,BOGOTA D.C.,NO,NO,NO,NO,NO
381103,F,46 a 55 años,Entre 1 y 1.5 SMLV,SIGMA,EPSILON,TAU,OMEGA,EMP_000001,BOGOTA D.C.,NO,NO,NO,NO,NO
381153,F,20 a 35 años,Entre 4 y 6 SMLV,ZETA,LAMBDA,ETA,XI,EMP_000002,BOGOTA D.C.,NO,NO,NO,NO,NO
381203,M,20 a 35 años,Entre 1 y 1.5 SMLV,SIGMA,RHO,TAU,UPSILON,EMP_000001,,NO,NO,NO,NO,NO
381253,M,36 a 45 años,Entre 1 y 1.5 SMLV,SIGMA,RHO,TAU,OMEGA,EMP_000001,BOGOTA D.C.,NO,NO,NO,NO,NO
381303,F,36 a 45 años,Entre 1 y 1.5 SMLV,SIGMA,LAMBDA,TAU,ETA,EMP_000001,,NO,NO,NO,NO,NO
381353,M,20 a 35 años,Entre 1 y 1.5 SMLV,SIGMA,LAMBDA,ETA,XI,EMP_000002,BOGOTA D.C.,NO,NO,NO,NO,NO
381403,F,36 a 45 años,Entre 1 y 1.5 SMLV,SIGMA,LAMBDA,TAU,UPSILON,EMP_000001,BOGOTA D.C.,NO,NO,NO,NO,NO
381453,M,36 a 45 años,Entre 1 y 1.5 SMLV,SIGMA,LAMBDA,ETA,BETA,EMP_000001,,NO,NO,NO,NO,NO
381503,M,Mayor de 55 años,Entre 4 y 6 SMLV,ZETA,IOTA,PI,XI,EMP_000002,BOGOTA D.C.,NO,NO,NO,NO,NO
381553,M,36 a 45 años,Entre 1 y 1.5 SMLV,SIGMA,LAMBDA,TAU,ETA,EMP_000001,BOGOTA D.C.,NO,NO,NO,NO,NO
381603,M,20 a 35 años,Entre 1 y 1.5 SMLV,SIGMA,LAMBDA,TAU,ETA,EMP_000001,,NO,NO,NO,NO,NO
381653,M,20 a 35 años,Entre 1 y 1.5 SMLV,SIGMA,LAMBDA,ETA,XI,EMP_000001,MADRID,NO,NO,NO,NO,NO
381703,F,Mayor de 55 años,Entre 2 y 2.5 SMLV,SIGMA,LAMBDA,PI,KAPPA,EMP_000001,,NO,NO,NO,NO,NO
381753,F,36 a 45 años,Entre 1 y 1.5 SMLV,SIGMA,LAMBDA,TAU,ETA,EMP_000001,,NO,NO,NO,NO,NO
381803,F,20 a 35 años,Entre 3 y 4 SMLV,PI,LAMBDA,ETA,ETA,EMP_000001,BOGOTA D.C.,NO,NO,NO,NO,NO
381853,F,20 a 35 años,Entre 1 y 1.5 SMLV,SIGMA,RHO,PI,UPSILON,EMP_000001,BOGOTA D.C.,NO,NO,NO,NO,NO
381903,M,Mayor de 55 años,Entre 1 y 1.5 SMLV,SIGMA,IOTA,PI,DELTA,EMP_000001,BOGOTA D.C.,NO,NO,NO,NO,NO
381953,M,20 a 35 años,Entre 1 y 1.5 SMLV,SIGMA,LAMBDA,ETA,BETA,EMP_000001,,NO,NO,NO,NO,NO
382003,M,20 a 35 años,Entre 1 y 1.5 SMLV,SIGMA,LAMBDA,ETA,ETA,EMP_000001,,NO,NO,NO,NO,NO
382053,M,20 a 35 años,Entre 1 y 1.5 SMLV,SIGMA,LAMBDA,TAU,ETA,EMP_000001,,NO,NO,NO,NO,NO
382103,F,20 a 35 años,Entre 1 y 1.5 SMLV,SIGMA,LAMBDA,ETA,ETA,EMP_000001,BOGOTA D.C.,NO,NO,NO,NO,NO
382153,F,46 a 55 años,Entre 1 y 1.5 SMLV,SIGMA,LAMBDA,TAU,ETA,EMP_000001,BOGOTA D.C.,NO,NO,NO,NO,NO
382203,F,Mayor de 55 años,Entre 1 y 1.5 SMLV,SIGMA,LAMBDA,PI,KAPPA,EMP_000001,BOGOTA D.C.,NO,NO,NO,NO,NO
382253,M,46 a 55 años,Entre 1 y 1.5 SMLV,SIGMA,EPSILON,TAU,DELTA,EMP_000001,,NO,NO,NO,NO,NO
382303,M,20 a 35 años,Entre 3 y 4 SMLV,PI,LAMBDA,ETA,XI,EMP_000002,,NO,NO,NO,NO,NO
382353,F,46 a 55 años,Entre 1.5 y 2 SMLV,PI,LAMBDA,PI,ETA,EMP_000001,BOGOTA D.C.,NO,NO,NO,NO,NO
382403,M,20 a 35 años,Entre 1.5 y 2 SMLV,SIGMA,LAMBDA,ETA,XI,EMP_000002,BOGOTA D.C.,NO,NO,NO,NO,NO
382453,F,Mayor de 55 años,Entre 1.5 y 2 SMLV,SIGMA,IOTA,PI,OMEGA,EMP_000001,BOGOTA D.C.,NO,NO,NO,NO,NO
382503,M,20 a 35 años,Entre 1 y 1.5 SMLV,SIGMA,LAMBDA,TAU,ETA,EMP_000001,,NO,NO,NO,NO,NO
382553,M,36 a 45 años,Entre 3 y 4 SMLV,PI,EPSILON,PI,UPSILON,EMP_000001,,NO,NO,NO,NO,NO
382603,M,20 a 35 años,Entre 1 y 1.5 SMLV,SIGMA,LAMBDA,TAU,UPSILON,EMP_000001,,NO,NO,NO,NO,NO
382653,F,46 a 55 años,Entre 1 y 1.5 SMLV,SIGMA,LAMBDA,TAU,ETA,EMP_000001,,NO,NO,NO,NO,NO
382703,M,Mayor de 55 años,Entre 1 y 1.5 SMLV,SIGMA,RHO,TAU,ETA,EMP_000001,BOGOTA D.C.,NO,NO,NO,NO,NO
382753,F,20 a 35 años,Entre 1 y 1.5 SMLV,SIGMA,LAMBDA,TAU,ETA,EMP_000001,,NO,NO,NO,NO,NO
382803,M,20 a 35 años,Entre 1 y 1.5 SMLV,SIGMA,EPSILON,TAU,UPSILON,EMP_000001,,NO,NO,NO,NO,NO
382853,M,46 a 55 años,Menor al SMLV,SIGMA,RHO,TAU,KAPPA,EMP_000001,BOGOTA D.C.,NO,NO,NO,NO,NO
382903,M,46 a 55 años,Entre 1 y 1.5 SMLV,SIGMA,RHO,TAU,ETA,EMP_000001,CHIA,NO,NO,NO,NO,NO
382953,M,20 a 35 años,Entre 1 y 1.5 SMLV,SIGMA,LAMBDA,TAU,UPSILON,EMP_000001,,NO,NO,NO,NO,NO
383003,M,20 a 35 años,Entre 4 y 6 SMLV,ZETA,CHI,PI,UPSILON,EMP_000001,BOGOTA D.C.,NO,NO,NO,NO,NO
383053,M,20 a 35 años,Entre 3 y 4 SMLV,PI,EPSILON,PI,DELTA,EMP_000001,,NO,NO,NO,NO,NO
383103,F,36 a 45 años,Entre 1.5 y 2 SMLV,SIGMA,LAMBDA,PI,ETA,EMP_000001,,NO,NO,NO,NO,NO
383153,M,46 a 55 años,Menor al SMLV,SIGMA,LAMBDA,TAU,ETA,EMP_000001,,NO,NO,NO,NO,NO
383203,M,20 a 35 años,Entre 2.5 y 3 SMLV,PI,LAMBDA,ETA,UPSILON,EMP_000001,,NO,NO,NO,NO,NO
383253,M,20 a 35 años,Entre 1 y 1.5 SMLV,SIGMA,RHO,TAU,ETA,EMP_000001,BOGOTA D.C.,NO,NO,NO,NO,NO
383303,M,Menor de 19 años,,MU,THETA,OMEGA,OMICRON,EMP_000001,,NO,NO,NO,NO,NO
383353,F,36 a 45 años,Entre 3 y 4 SMLV,PI,RHO,PI,UPSILON,EMP_000001,,NO,NO,NO,NO,NO
383403,M,20 a 35 años,Entre 1.5 y 2 SMLV,SIGMA,LAMBDA,ETA,UPSILON,EMP_000001,,NO,NO,NO,NO,NO
383453,F,Mayor de 55 años,Entre 3 y 4 SMLV,PI,RHO,PI,DELTA,EMP_000001,,NO,NO,NO,NO,NO
383503,F,46 a 55 años,Entre 1 y 1.5 SMLV,SIGMA,RHO,TAU,XI,EMP_000002,BOGOTA D.C.,NO,NO,NO,NO,NO
383553,M,36 a 45 años,Entre 4 y 6 SMLV,ZETA,RHO,PI,XI,EMP_000002,BOGOTA D.C.,NO,NO,NO,NO,NO
383603,M,20 a 35 años,Entre 1 y 1.5 SMLV,SIGMA,RHO,PI,OMEGA,EMP_000001,BOGOTA D.C.,NO,NO,NO,NO,NO
383653,M,36 a 45 años,Entre 1 y 1.5 SMLV,SIGMA,RHO,PI,UPSILON,EMP_000001,,NO,NO,NO,NO,NO
383703,M,20 a 35 años,Entre 2 y 2.5 SMLV,PI,RHO,PI,XI,EMP_000001,BOGOTA D.C.,NO,NO,NO,NO,NO
383753,F,20 a 35 años,Entre 1 y 1.5 SMLV,SIGMA,RHO,TAU,UPSILON,EMP_000001,,NO,NO,NO,NO,NO
383803,F,Mayor de 55 años,Entre 6 y 8 SMLV,ZETA,LAMBDA,PI,DELTA,EMP_000001,BOGOTA D.C.,NO,NO,NO,NO,NO
383853,M,20 a 35 años,Entre 1 y 1.5 SMLV,SIGMA,LAMBDA,TAU,UPSILON,EMP_000001,,NO,NO,NO,NO,NO
383903,F,20 a 35 años,Entre 6 y 8 SMLV,ZETA,LAMBDA,ETA,UPSILON,EMP_000002,,NO,NO,NO,NO,NO
383953,M,46 a 55 años,Entre 1 y 1.5 SMLV,SIGMA,LAMBDA,TAU,UPSILON,EMP_000001,,NO,NO,NO,NO,NO
384003,M,20 a 35 años,Menor al SMLV,SIGMA,LAMBDA,TAU,XI,EMP_000002,,NO,NO,NO,NO,NO
384053,M,20 a 35 años,Entre 1 y 1.5 SMLV,SIGMA,LAMBDA,ETA,BETA,EMP_000001,,NO,NO,NO,NO,NO
384103,M,36 a 45 años,Entre 1 y 1.5 SMLV,SIGMA,RHO,TAU,OMEGA,EMP_000001,,NO,NO,NO,NO,NO
384153,M,20 a 35 años,Menor al SMLV,SIGMA,LAMBDA,TAU,ETA,EMP_000001,,NO,NO,NO,NO,NO
384203,F,20 a 35 años,Entre 3 y 4 SMLV,PI,LAMBDA,ETA,UPSILON,EMP_000001,,NO,NO,NO,NO,NO
384253,M,20 a 35 años,Entre 1 y 1.5 SMLV,SIGMA,LAMBDA,TAU,DELTA,EMP_000001,BOGOTA D.C.,NO,NO,NO,NO,NO
384303,F,46 a 55 años,Entre 1 y 1.5 SMLV,SIGMA,LAMBDA,TAU,UPSILON,EMP_000001,BOGOTA D.C.,NO,NO,NO,NO,NO
384353,F,20 a 35 años,Entre 1 y 1.5 SMLV,SIGMA,LAMBDA,ETA,DELTA,EMP_000001,,NO,NO,NO,NO,NO
384403,M,36 a 45 años,Entre 1 y 1.5 SMLV,SIGMA,LAMBDA,ETA,ETA,EMP_000001,BOGOTA D.C.,NO,NO,NO,NO,NO
384453,F,46 a 55 años,Entre 1 y 1.5 SMLV,SIGMA,RHO,TAU,DELTA,EMP_000001,,NO,NO,NO,NO,NO
384503,F,Mayor de 55 años,Entre 4 y 6 SMLV,ZETA,LAMBDA,PI,XI,EMP_000002,BOGOTA D.C.,NO,NO,NO,NO,NO
384553,F,20 a 35 años,,SIGMA,THETA,OMEGA,OMICRON,EMP_000001,,NO,NO,NO,NO,NO
384603,F,20 a 35 años,Entre 1 y 1.5 SMLV,SIGMA,LAMBDA,TAU,XI,EMP_000001,BOGOTA D.C.,NO,NO,NO,NO,NO
384653,F,46 a 55 años,Entre 1 y 1.5 SMLV,SIGMA,IOTA,TAU,ETA,EMP_000001,BOGOTA D.C.,NO,NO,NO,NO,NO
384703,F,46 a 55 años,Entre 1 y 1.5 SMLV,SIGMA,RHO,TAU,ETA,EMP_000001,,NO,NO,NO,NO,NO
384753,M,36 a 45 años,Entre 1 y 1.5 SMLV,SIGMA,RHO,TAU,UPSILON,EMP_000001,BOGOTA D.C.,NO,NO,NO,NO,NO
384803,M,20 a 35 años,Entre 1 y 1.5 SMLV,SIGMA,EPSILON,PI,ETA,EMP_000001,BOGOTA D.C.,NO,NO,NO,NO,NO
384853,M,Mayor de 55 años,Entre 3 y 4 SMLV,PI,LAMBDA,PI,ETA,EMP_000001,BOGOTA D.C.,NO,NO,NO,NO,NO
384903,M,20 a 35 años,Entre 1 y 1.5 SMLV,SIGMA,LAMBDA,TAU,UPSILON,EMP_000001,,NO,NO,NO,NO,NO
384953,M,36 a 45 años,Entre 1 y 1.5 SMLV,SIGMA,LAMBDA,PI,BETA,EMP_000001,,NO,NO,NO,NO,NO
385003,M,46 a 55 años,Entre 1 y 1.5 SMLV,SIGMA,EPSILON,TAU,ETA,EMP_000001,,NO,NO,NO,NO,NO
385053,F,20 a 35 años,Entre 3 y 4 SMLV,ZETA,LAMBDA,ETA,UPSILON,EMP_000001,,NO,NO,NO,NO,NO
385103,M,36 a 45 años,Menor al SMLV,SIGMA,EPSILON,TAU,DELTA,EMP_000001,,NO,NO,NO,NO,NO
385153,M,46 a 55 años,Entre 1 y 1.5 SMLV,SIGMA,LAMBDA,TAU,ETA,EMP_000001,,NO,NO,NO,NO,NO
385203,M,Mayor de 55 años,Entre 1 y 1.5 SMLV,SIGMA,LAMBDA,TAU,UPSILON,EMP_000001,BOGOTA D.C.,NO,NO,NO,NO,NO
385253,M,Mayor de 55 años,Entre 1 y 1.5 SMLV,SIGMA,LAMBDA,TAU,UPSILON,EMP_000001,BOGOTA D.C.,NO,NO,NO,NO,NO
385303,M,20 a 35 años,Entre 1 y 1.5 SMLV,SIGMA,LAMBDA,ETA,BETA,EMP_000001,,NO,NO,NO,NO,NO
385353,M,20 a 35 años,Entre 1 y 1.5 SMLV,SIGMA,LAMBDA,ETA,XI,EMP_000002,,NO,NO,NO,NO,NO
385403,M,20 a 35 años,Entre 1 y 1.5 SMLV,SIGMA,LAMBDA,TAU,ETA,EMP_000001,,NO,NO,NO,NO,NO
385453,M,20 a 35 años,,MU,THETA,OMEGA,OMICRON,EMP_000001,,NO,NO,NO,NO,NO
385503,F,20 a 35 años,Entre 1 y 1.5 SMLV,SIGMA,LAMBDA,ETA,BETA,EMP_000001,,NO,NO,NO,NO,NO
385553,F,Mayor de 55 años,Entre 1 y 1.5 SMLV,SIGMA,LAMBDA,PI,DELTA,EMP_000001,,NO,NO,NO,NO,NO
385603,M,20 a 35 años,Entre 1 y 1.5 SMLV,SIGMA,LAMBDA,ETA,BETA,EMP_000001,,NO,NO,NO,NO,NO
385653,F,20 a 35 años,Entre 1 y 1.5 SMLV,SIGMA,LAMBDA,ETA,ETA,EMP_000001,,NO,NO,NO,NO,NO
385703,F,46 a 55 años,Entre 1 y 1.5 SMLV,SIGMA,CHI,TAU,DELTA,EMP_000001,,NO,NO,NO,NO,NO
385753,F,Menor de 19 años,Entre 1 y 1.5 SMLV,SIGMA,LAMBDA,TAU,ETA,EMP_000001,,NO,NO,NO,NO,NO
385803,M,20 a 35 años,Entre 1 y 1.5 SMLV,SIGMA,LAMBDA,TAU,ETA,EMP_000001,,NO,NO,NO,NO,NO
385853,M,Mayor de 55 años,Entre 1 y 1.5 SMLV,PI,CHI,TAU,LAMBDA,EMP_000001,BOGOTA D.C.,NO,NO,NO,NO,NO
385903,F,20 a 35 años,Entre 1 y 1.5 SMLV,SIGMA,LAMBDA,TAU,UPSILON,EMP_000001,,NO,NO,NO,NO,NO
385953,F,20 a 35 años,Entre 1 y 1.5 SMLV,SIGMA,RHO,TAU,UPSILON,EMP_000001,,NO,NO,NO,NO,NO
386003,M,Mayor de 55 años,Entre 1 y 1.5 SMLV,SIGMA,LAMBDA,TAU,ETA,EMP_000001,BOGOTA D.C.,NO,NO,NO,NO,NO
386053,F,Mayor de 55 años,Entre 1 y 1.5 SMLV,SIGMA,LAMBDA,TAU,ETA,EMP_000001,,NO,NO,NO,NO,NO
386103,M,36 a 45 años,Entre 1.5 y 2 SMLV,SIGMA,EPSILON,PI,XI,EMP_000002,,NO,NO,NO,NO,NO
386153,F,20 a 35 años,Entre 1.5 y 2 SMLV,PI,LAMBDA,ETA,UPSILON,EMP_000001,,NO,NO,NO,NO,NO
386203,M,46 a 55 años,Entre 4 y 6 SMLV,PI,LAMBDA,PI,LAMBDA,EMP_000001,,NO,NO,NO,NO,NO
386253,M,Mayor de 55 años,Entre 3 y 4 SMLV,SIGMA,IOTA,PI,KAPPA,EMP_000001,,NO,NO,NO,NO,NO
386303,M,20 a 35 años,Entre 1 y 1.5 SMLV,SIGMA,RHO,TAU,ETA,EMP_000001,BOGOTA D.C.,NO,NO,NO,NO,NO
386353,M,20 a 35 años,Entre 1 y 1.5 SMLV,SIGMA,RHO,TAU,DELTA,EMP_000001,BOGOTA D.C.,NO,NO,NO,NO,NO
386403,M,20 a 35 años,Entre 1 y 1.5 SMLV,SIGMA,LAMBDA,TAU,ETA,EMP_000001,,NO,NO,NO,NO,NO
386453,F,20 a 35 años,Entre 1 y 1.5 SMLV,SIGMA,LAMBDA,ETA,ETA,EMP_000001,,NO,NO,NO,NO,NO
386503,M,20 a 35 años,Entre 2.5 y 3 SMLV,PI,RHO,PI,XI,EMP_000002,,NO,NO,NO,NO,NO
386553,F,20 a 35 años,Entre 1.5 y 2 SMLV,PI,LAMBDA,ETA,DELTA,EMP_000001,,NO,NO,NO,NO,NO
386603,F,36 a 45 años,Entre 1 y 1.5 SMLV,SIGMA,LAMBDA,PI,UPSILON,EMP_000001,BOGOTA D.C.,NO,NO,NO,NO,NO
386653,M,20 a 35 años,Entre 1 y 1.5 SMLV,SIGMA,LAMBDA,ETA,BETA,EMP_000001,BOGOTA D.C.,NO,NO,NO,NO,NO
386703,M,20 a 35 años,Entre 1 y 1.5 SMLV,SIGMA,IOTA,PI,XI,EMP_000002,,NO,NO,NO,NO,NO
386753,M,20 a 35 años,Entre 3 y 4 SMLV,PI,LAMBDA,ETA,XI,EMP_000002,,NO,NO,NO,NO,NO
386803,M,36 a 45 años,Entre 1 y 1.5 SMLV,SIGMA,EPSILON,TAU,ETA,EMP_000001,,NO,NO,NO,NO,NO
386853,M,36 a 45 años,Entre 1 y 1.5 SMLV,SIGMA,LAMBDA,TAU,ETA,EMP_000001,BOGOTA D.C.,NO,NO,NO,NO,NO
386903,M,20 a 35 años,Entre 1 y 1.5 SMLV,SIGMA,LAMBDA,ETA,BETA,EMP_000001,,NO,NO,NO,NO,NO
386953,M,20 a 35 años,Entre 1.5 y 2 SMLV,SIGMA,RHO,PI,XI,EMP_000001,,NO,NO,NO,NO,NO
387003,M,36 a 45 años,Entre 1.5 y 2 SMLV,SIGMA,RHO,PI,ETA,EMP_000001,VILLA DE SAN DIEGO DE UBATE,NO,NO,NO,NO,NO
387053,F,20 a 35 años,Entre 1 y 1.5 SMLV,SIGMA,LAMBDA,TAU,ETA,EMP_000001,,NO,NO,NO,NO,NO
387103,M,20 a 35 años,Entre 1 y 1.5 SMLV,SIGMA,LAMBDA,TAU,ETA,EMP_000001,,NO,NO,NO,NO,NO
387153,M,Menor de 19 años,Entre 1 y 1.5 SMLV,SIGMA,LAMBDA,ETA,DELTA,EMP_000001,,NO,NO,NO,NO,NO
387203,F,20 a 35 años,Entre 1 y 1.5 SMLV,SIGMA,LAMBDA,ETA,UPSILON,EMP_000001,,NO,NO,NO,NO,NO
387253,F,20 a 35 años,Entre 1 y 1.5 SMLV,SIGMA,LAMBDA,ETA,PSI,EMP_000001,BOGOTA D.C.,NO,NO,NO,NO,NO
387303,F,20 a 35 años,Entre 1 y 1.5 SMLV,SIGMA,RHO,TAU,ETA,EMP_000001,BOGOTA D.C.,NO,NO,NO,NO,NO
387353,M,20 a 35 años,Entre 1 y 1.5 SMLV,SIGMA,EPSILON,TAU,UPSILON,EMP_000001,,NO,NO,NO,NO,NO
387403,M,36 a 45 años,Entre 6 y 8 SMLV,ZETA,LAMBDA,ETA,XI,EMP_000002,BOGOTA D.C.,NO,NO,NO,NO,NO
387453,F,20 a 35 años,Entre 1 y 1.5 SMLV,SIGMA,LAMBDA,TAU,DELTA,EMP_000001,FUNZA,NO,NO,NO,NO,NO
387503,M,20 a 35 años,Entre 1.5 y 2 SMLV,PI,LAMBDA,ETA,UPSILON,EMP_000001,,NO,NO,NO,NO,NO
387553,F,36 a 45 años,Entre 1 y 1.5 SMLV,SIGMA,RHO,TAU,ETA,EMP_000001,,NO,NO,NO,NO,NO
387603,F,Mayor de 55 años,Entre 2.5 y 3 SMLV,PI,LAMBDA,PI,ETA,EMP_000001,,NO,NO,NO,NO,NO
387653,F,20 a 35 años,Entre 1 y 1.5 SMLV,SIGMA,LAMBDA,TAU,ETA,EMP_000001,MADRID,NO,NO,NO,NO,NO
387703,F,46 a 55 años,Entre 10 y 20 SMLV,ZETA,LAMBDA,PI,ETA,EMP_000001,BOGOTA D.C.,NO,NO,NO,NO,NO
387753,M,20 a 35 años,Entre 1 y 1.5 SMLV,SIGMA,LAMBDA,TAU,DELTA,EMP_000001,,NO,NO,NO,NO,NO
387803,F,20 a 35 años,Entre 1 y 1.5 SMLV,SIGMA,CHI,TAU,ETA,EMP_000001,BOGOTA D.C.,NO,NO,NO,NO,NO
387853,M,20 a 35 años,Entre 1 y 1.5 SMLV,SIGMA,LAMBDA,ETA,BETA,EMP_000001,,NO,NO,NO,NO,NO
387903,F,Mayor de 55 años,Entre 1 y 1.5 SMLV,SIGMA,IOTA,TAU,ETA,EMP_000001,BOGOTA D.C.,NO,NO,NO,NO,NO
387953,M,20 a 35 años,Entre 2 y 2.5 SMLV,PI,LAMBDA,ETA,ETA,EMP_000001,,NO,NO,NO,NO,NO
388003,M,Mayor de 55 años,Entre 1 y 1.5 SMLV,SIGMA,RHO,TAU,DELTA,EMP_000001,BOGOTA D.C.,NO,NO,NO,NO,NO
388053,M,20 a 35 años,Entre 1 y 1.5 SMLV,SIGMA,LAMBDA,ETA,XI,EMP_000002,,NO,NO,NO,NO,NO
388103,M,36 a 45 años,Entre 1 y 1.5 SMLV,SIGMA,EPSILON,TAU,ETA,EMP_000001,BOGOTA D.C.,NO,NO,NO,NO,NO
388153,M,20 a 35 años,Entre 4 y 6 SMLV,ZETA,LAMBDA,ETA,XI,EMP_000002,,NO,NO,NO,NO,NO
388203,F,36 a 45 años,Entre 2 y 2.5 SMLV,PI,EPSILON,PI,DELTA,EMP_000001,BOGOTA D.C.,NO,NO,NO,NO,NO
388253,M,46 a 55 años,Menor al SMLV,SIGMA,LAMBDA,TAU,ETA,EMP_000001,,NO,NO,NO,NO,NO
388303,F,Mayor de 55 años,Entre 1 y 1.5 SMLV,SIGMA,LAMBDA,TAU,KAPPA,EMP_000001,,NO,NO,NO,NO,NO
388353,M,20 a 35 años,Entre 2 y 2.5 SMLV,PI,LAMBDA,ETA,ETA,EMP_000001,,NO,NO,NO,NO,NO
388403,M,20 a 35 años,Entre 1 y 1.5 SMLV,SIGMA,LAMBDA,ETA,XI,EMP_000002,BOGOTA D.C.,NO,NO,NO,NO,NO
388453,F,36 a 45 años,Entre 4 y 6 SMLV,ZETA,RHO,PI,XI,EMP_000002,BOGOTA D.C.,NO,NO,NO,NO,NO
388503,F,36 a 45 años,Entre 1 y 1.5 SMLV,SIGMA,RHO,TAU,ETA,EMP_000001,CHIA,NO,NO,NO,NO,NO
388553,M,46 a 55 años,Entre 1 y 1.5 SMLV,SIGMA,RHO,TAU,DELTA,EMP_000001,ZIPAQUIRA,NO,NO,NO,NO,NO
388603,M,20 a 35 años,Entre 1 y 1.5 SMLV,SIGMA,EPSILON,TAU,ETA,EMP_000001,,NO,NO,NO,NO,NO
388653,F,36 a 45 años,Menor al SMLV,SIGMA,LAMBDA,TAU,ETA,EMP_000001,BOGOTA D.C.,NO,NO,NO,NO,NO
388703,F,Mayor de 55 años,Entre 1 y 1.5 SMLV,SIGMA,LAMBDA,TAU,ETA,EMP_000001,BOGOTA D.C.,NO,NO,NO,NO,NO
388753,M,20 a 35 años,Entre 1 y 1.5 SMLV,SIGMA,LAMBDA,ETA,ETA,EMP_000001,BOGOTA D.C.,NO,NO,NO,NO,NO
388803,F,20 a 35 años,Entre 1.5 y 2 SMLV,SIGMA,RHO,PI,UPSILON,EMP_000001,BOGOTA D.C.,NO,NO,NO,NO,NO
388853,M,Mayor de 55 años,Entre 1 y 1.5 SMLV,SIGMA,RHO,TAU,ETA,EMP_000001,SUBACHOQUE,NO,NO,NO,NO,NO
388903,M,36 a 45 años,Menor al SMLV,SIGMA,LAMBDA,TAU,OMEGA,EMP_000001,,NO,NO,NO,NO,NO
388953,M,Mayor de 55 años,Entre 1 y 1.5 SMLV,SIGMA,RHO,TAU,XI,EMP_000001,,NO,NO,NO,NO,NO
389003,F,36 a 45 años,Entre 1 y 1.5 SMLV,SIGMA,LAMBDA,ETA,XI,EMP_000002,,NO,NO,NO,NO,NO
389053,M,46 a 55 años,Entre 2 y 2.5 SMLV,PI,EPSILON,PI,DELTA,EMP_000001,BOGOTA D.C.,NO,NO,NO,NO,NO
389103,F,36 a 45 años,Entre 6 y 8 SMLV,ZETA,LAMBDA,ETA,UPSILON,EMP_000001,,NO,NO,NO,NO,NO
389153,M,36 a 45 años,Entre 2 y 2.5 SMLV,PI,RHO,PI,DELTA,EMP_000001,BOGOTA D.C.,NO,NO,NO,NO,NO
389203,F,36 a 45 años,Entre 1 y 1.5 SMLV,SIGMA,RHO,TAU,ETA,EMP_000001,,NO,NO,NO,NO,NO
389253,M,Mayor de 55 años,Entre 1 y 1.5 SMLV,SIGMA,LAMBDA,TAU,UPSILON,EMP_000001,BOGOTA D.C.,NO,NO,NO,NO,NO
389303,M,20 a 35 años,Entre 1 y 1.5 SMLV,SIGMA,RHO,PI,UPSILON,EMP_000001,BOGOTA D.C.,NO,NO,NO,NO,NO
389353,M,20 a 35 años,Entre 1.5 y 2 SMLV,SIGMA,RHO,PI,ETA,EMP_000001,BOGOTA D.C.,NO,NO,NO,NO,NO
389403,M,20 a 35 años,Entre 1 y 1.5 SMLV,SIGMA,RHO,TAU,XI,EMP_000002,BOGOTA D.C.,NO,NO,NO,NO,NO
389453,F,36 a 45 años,Entre 1 y 1.5 SMLV,SIGMA,RHO,TAU,UPSILON,EMP_000001,,NO,NO,NO,NO,NO
389503,M,20 a 35 años,Entre 1 y 1.5 SMLV,SIGMA,RHO,PI,UPSILON,EMP_000001,BOGOTA D.C.,NO,NO,NO,NO,NO
389553,F,36 a 45 años,Entre 1 y 1.5 SMLV,SIGMA,RHO,PI,ETA,EMP_000001,,NO,NO,NO,NO,NO
389603,M,46 a 55 años,Entre 1 y 1.5 SMLV,SIGMA,LAMBDA,PI,ETA,EMP_000001,BOGOTA D.C.,NO,NO,NO,NO,NO
389653,F,46 a 55 años,Entre 2 y 2.5 SMLV,PI,LAMBDA,PI,UPSILON,EMP_000001,BOGOTA D.C.,NO,NO,NO,NO,NO
389703,F,36 a 45 años,Entre 1 y 1.5 SMLV,SIGMA,RHO,TAU,UPSILON,EMP_000001,,NO,NO,NO,NO,NO
389753,M,20 a 35 años,Entre 1 y 1.5 SMLV,SIGMA,LAMBDA,TAU,XI,EMP_000001,,NO,NO,NO,NO,NO
389803,F,36 a 45 años,Entre 1 y 1.5 SMLV,SIGMA,EPSILON,TAU,DELTA,EMP_000001,FUSAGASUGA,NO,NO,NO,NO,NO
389853,F,20 a 35 años,Entre 1 y 1.5 SMLV,SIGMA,RHO,TAU,DELTA,EMP_000001,BOGOTA D.C.,NO,NO,NO,NO,NO
389903,F,46 a 55 años,Entre 3 y 4 SMLV,PI,RHO,PI,XI,EMP_000002,,NO,NO,NO,NO,NO
389953,M,36 a 45 años,Entre 1 y 1.5 SMLV,SIGMA,LAMBDA,TAU,UPSILON,EMP_000001,BOGOTA D.C.,NO,NO,NO,NO,NO
390003,M,20 a 35 años,Entre 1 y 1.5 SMLV,SIGMA,LAMBDA,ETA,UPSILON,EMP_000001,,NO,NO,NO,NO,NO
390053,M,46 a 55 años,Entre 1 y 1.5 SMLV,SIGMA,LAMBDA,PI,DELTA,EMP_000001,,NO,NO,NO,NO,NO
390103,M,20 a 35 años,Entre 1 y 1.5 SMLV,SIGMA,RHO,TAU,DELTA,EMP_000001,,NO,NO,NO,NO,NO
390153,F,36 a 45 años,Menor al SMLV,SIGMA,LAMBDA,TAU,ETA,EMP_000001,,NO,NO,NO,NO,NO
390203,M,Mayor de 55 años,Entre 1.5 y 2 SMLV,SIGMA,EPSILON,PI,XI,EMP_000002,BOGOTA D.C.,NO,NO,NO,NO,NO
390253,F,Mayor de 55 años,Entre 4 y 6 SMLV,ZETA,IOTA,PI,XI,EMP_000001,BOGOTA D.C.,NO,NO,NO,NO,NO
390303,F,Mayor de 55 años,Entre 4 y 6 SMLV,ZETA,IOTA,PI,XI,EMP_000002,,NO,NO,NO,NO,NO
390353,M,20 a 35 años,Entre 1 y 1.5 SMLV,SIGMA,RHO,TAU,ETA,EMP_000001,,NO,NO,NO,NO,NO
390403,F,20 a 35 años,Entre 1 y 1.5 SMLV,SIGMA,LAMBDA,TAU,UPSILON,EMP_000001,,NO,NO,NO,NO,NO
390453,F,46 a 55 años,Entre 1 y 1.5 SMLV,SIGMA,CHI,TAU,UPSILON,EMP_000001,SOACHA,NO,NO,NO,NO,NO
390503,M,20 a 35 años,Entre 1 y 1.5 SMLV,SIGMA,LAMBDA,ETA,BETA,EMP_000001,,NO,NO,NO,NO,NO
390553,M,20 a 35 años,Menor al SMLV,SIGMA,LAMBDA,TAU,ETA,EMP_000001,,NO,NO,NO,NO,NO
390603,F,Mayor de 55 años,Entre 4 y 6 SMLV,ZETA,LAMBDA,PI,XI,EMP_000002,FACATATIVA,NO,NO,NO,NO,NO
390653,M,20 a 35 años,Entre 1 y 1.5 SMLV,SIGMA,LAMBDA,ETA,BETA,EMP_000001,,NO,NO,NO,NO,NO
390703,F,46 a 55 años,Entre 1 y 1.5 SMLV,SIGMA,RHO,TAU,UPSILON,EMP_000001,BOGOTA D.C.,NO,NO,NO,NO,NO
390753,F,36 a 45 años,Entre 1 y 1.5 SMLV,SIGMA,RHO,TAU,ETA,EMP_000001,VILLAPINZON,NO,NO,NO,NO,NO
390803,M,20 a 35 años,Entre 1.5 y 2 SMLV,PI,LAMBDA,ETA,LAMBDA,EMP_000001,,NO,NO,NO,NO,NO
390853,M,46 a 55 años,Entre 2 y 2.5 SMLV,SIGMA,LAMBDA,PI,UPSILON,EMP_000001,,NO,NO,NO,NO,NO
390903,M,Mayor de 55 años,Entre 4 y 6 SMLV,SIGMA,IOTA,PI,KAPPA,EMP_000001,,NO,NO,NO,NO,NO
390953,M,20 a 35 años,Entre 1 y 1.5 SMLV,SIGMA,RHO,PI,DELTA,EMP_000001,,NO,NO,NO,NO,NO
391003,M,20 a 35 años,Entre 1 y 1.5 SMLV,SIGMA,LAMBDA,TAU,ETA,EMP_000001,,NO,NO,NO,NO,NO
391053,M,46 a 55 años,Entre 1 y 1.5 SMLV,SIGMA,EPSILON,TAU,XI,EMP_000002,BOGOTA D.C.,NO,NO,NO,NO,NO
391103,F,20 a 35 años,Entre 1 y 1.5 SMLV,SIGMA,RHO,TAU,UPSILON,EMP_000001,BOGOTA D.C.,NO,NO,NO,NO,NO
391153,F,20 a 35 años,Entre 1 y 1.5 SMLV,SIGMA,LAMBDA,TAU,XI,EMP_000001,,NO,NO,NO,NO,NO
391203,M,36 a 45 años,Entre 3 y 4 SMLV,PI,LAMBDA,PI,ETA,EMP_000001,,NO,NO,NO,NO,NO
391253,F,20 a 35 años,Entre 1 y 1.5 SMLV,SIGMA,LAMBDA,TAU,DELTA,EMP_000001,,NO,NO,NO,NO,NO
391303,F,36 a 45 años,Entre 1 y 1.5 SMLV,SIGMA,EPSILON,TAU,DELTA,EMP_000001,BOGOTA D.C.,NO,NO,NO,NO,NO
391353,M,20 a 35 años,Entre 1 y 1.5 SMLV,SIGMA,RHO,TAU,XI,EMP_000002,BOGOTA D.C.,NO,NO,NO,NO,NO
391403,F,20 a 35 años,Entre 1 y 1.5 SMLV,SIGMA,IOTA,TAU,UPSILON,EMP_000001,BOGOTA D.C.,NO,NO,NO,NO,NO
391453,F,36 a 45 años,Entre 1 y 1.5 SMLV,SIGMA,LAMBDA,TAU,ETA,EMP_000001,,NO,NO,NO,NO,NO
391503,M,36 a 45 años,Entre 1 y 1.5 SMLV,SIGMA,CHI,TAU,XI,EMP_000002,,NO,NO,NO,NO,NO
391553,F,Mayor de 55 años,Entre 4 y 6 SMLV,ZETA,LAMBDA,PI,XI,EMP_000002,GACHETA,NO,NO,NO,NO,NO
391603,M,20 a 35 años,Entre 1 y 1.5 SMLV,SIGMA,RHO,TAU,ETA,EMP_000001,,NO,NO,NO,NO,NO
391653,F,20 a 35 años,Entre 1 y 1.5 SMLV,SIGMA,LAMBDA,TAU,UPSILON,EMP_000001,,NO,NO,NO,NO,NO
391703,M,20 a 35 años,Menor al SMLV,SIGMA,THETA,TAU,UPSILON,EMP_000001,,NO,NO,NO,NO,NO
391753,F,20 a 35 años,Entre 1 y 1.5 SMLV,SIGMA,THETA,TAU,OMICRON,EMP_000001,,NO,NO,NO,NO,NO
391803,F,46 a 55 años,Entre 2.5 y 3 SMLV,PI,CHI,PI,ETA,EMP_000001,,NO,NO,NO,NO,NO
391853,M,20 a 35 años,Entre 1.5 y 2 SMLV,SIGMA,LAMBDA,ETA,UPSILON,EMP_000001,,NO,NO,NO,NO,NO
391903,F,20 a 35 años,Entre 8 y 10 SMLV,ZETA,LAMBDA,ETA,XI,EMP_000001,,NO,NO,NO,NO,NO
391953,F,20 a 35 años,Entre 1 y 1.5 SMLV,SIGMA,RHO,TAU,OMEGA,EMP_000001,,NO,NO,NO,NO,NO
392003,M,20 a 35 años,Entre 10 y 20 SMLV,ZETA,CHI,PI,XI,EMP_000002,BOGOTA D.C.,NO,NO,NO,NO,NO
392053,M,36 a 45 años,,MU,THETA,OMEGA,OMICRON,EMP_000001,,NO,NO,NO,NO,NO
392103,M,20 a 35 años,Entre 1 y 1.5 SMLV,SIGMA,LAMBDA,ETA,ETA,EMP_000001,,NO,NO,NO,NO,NO
392153,F,20 a 35 años,Entre 1 y 1.5 SMLV,SIGMA,LAMBDA,TAU,UPSILON,EMP_000001,,NO,NO,NO,NO,NO
392203,M,36 a 45 años,Entre 4 y 6 SMLV,ZETA,LAMBDA,PI,UPSILON,EMP_000001,BOGOTA D.C.,NO,NO,NO,NO,NO
392253,F,20 a 35 años,Entre 1 y 1.5 SMLV,SIGMA,LAMBDA,TAU,XI,EMP_000002,,NO,NO,NO,NO,NO
392303,M,20 a 35 años,Entre 1 y 1.5 SMLV,SIGMA,LAMBDA,TAU,ETA,EMP_000001,,NO,NO,NO,NO,NO
392353,M,20 a 35 años,Entre 1 y 1.5 SMLV,SIGMA,LAMBDA,TAU,ETA,EMP_000001,,NO,NO,NO,NO,NO
392403,M,20 a 35 años,Entre 1 y 1.5 SMLV,SIGMA,LAMBDA,ETA,BETA,EMP_000001,,NO,NO,NO,NO,NO
392453,M,36 a 45 años,Entre 1 y 1.5 SMLV,SIGMA,LAMBDA,TAU,XI,EMP_000001,,NO,NO,NO,NO,NO
392503,F,20 a 35 años,Entre 1 y 1.5 SMLV,SIGMA,RHO,TAU,XI,EMP_000002,BOGOTA D.C.,NO,NO,NO,NO,NO
392553,F,36 a 45 años,Entre 1 y 1.5 SMLV,SIGMA,RHO,TAU,XI,EMP_000002,,NO,NO,NO,NO,NO
392603,M,Mayor de 55 años,Entre 1 y 1.5 SMLV,SIGMA,EPSILON,TAU,UPSILON,EMP_000001,,NO,NO,NO,NO,NO
392653,F,20 a 35 años,Menor al SMLV,SIGMA,LAMBDA,TAU,OMEGA,EMP_000001,,NO,NO,NO,NO,NO
392703,F,20 a 35 años,Menor al SMLV,SIGMA,LAMBDA,TAU,ETA,EMP_000001,BOGOTA D.C.,NO,NO,NO,NO,NO
392753,F,36 a 45 años,Entre 1 y 1.5 SMLV,SIGMA,LAMBDA,ETA,DELTA,EMP_000001,BOGOTA D.C.,NO,NO,NO,NO,NO
392803,M,20 a 35 años,Entre 2 y 2.5 SMLV,PI,LAMBDA,ETA,ETA,EMP_000001,,NO,NO,NO,NO,NO
392853,M,Mayor de 55 años,Entre 1 y 1.5 SMLV,SIGMA,CHI,PI,UPSILON,EMP_000001,BOGOTA D.C.,NO,NO,NO,NO,NO
392903,F,20 a 35 años,Entre 3 y 4 SMLV,PI,LAMBDA,ETA,XI,EMP_000002,BOGOTA D.C.,NO,NO,NO,NO,NO
392953,F,36 a 45 años,Entre 2 y 2.5 SMLV,PI,LAMBDA,PI,DELTA,EMP_000001,BOGOTA D.C.,NO,NO,NO,NO,NO
393003,M,Mayor de 55 años,Menor al SMLV,SIGMA,RHO,TAU,OMEGA,EMP_000001,BOGOTA D.C.,NO,NO,NO,NO,NO
393053,M,20 a 35 años,Entre 1 y 1.5 SMLV,SIGMA,LAMBDA,TAU,DELTA,EMP_000001,,NO,NO,NO,NO,NO
393103,M,36 a 45 años,Entre 1 y 1.5 SMLV,SIGMA,LAMBDA,TAU,XI,EMP_000002,BOGOTA D.C.,NO,NO,NO,NO,NO
393153,M,Mayor de 55 años,Entre 1 y 1.5 SMLV,SIGMA,LAMBDA,PI,OMEGA,EMP_000001,BOGOTA D.C.,NO,NO,NO,NO,NO
393203,M,Mayor de 55 años,Entre 1 y 1.5 SMLV,SIGMA,IOTA,TAU,UPSILON,EMP_000001,GIRARDOT,NO,NO,NO,NO,NO
393253,M,20 a 35 años,Entre 1 y 1.5 SMLV,SIGMA,LAMBDA,TAU,ETA,EMP_000001,,NO,NO,NO,NO,NO
393303,F,20 a 35 años,Entre 1 y 1.5 SMLV,SIGMA,RHO,TAU,ETA,EMP_000001,,NO,NO,NO,NO,NO
393353,F,20 a 35 años,Entre 1 y 1.5 SMLV,SIGMA,LAMBDA,ETA,XI,EMP_000002,,NO,NO,NO,NO,NO
393403,F,20 a 35 años,Entre 1 y 1.5 SMLV,SIGMA,RHO,TAU,DELTA,EMP_000001,,NO,NO,NO,NO,NO
393453,M,Mayor de 55 años,Entre 1 y 1.5 SMLV,SIGMA,LAMBDA,TAU,KAPPA,EMP_000001,,NO,NO,NO,NO,NO
393503,M,20 a 35 años,Entre 1 y 1.5 SMLV,SIGMA,LAMBDA,ETA,BETA,EMP_000001,,NO,NO,NO,NO,NO
393553,F,20 a 35 años,Entre 2 y 2.5 SMLV,PI,RHO,PI,XI,EMP_000001,BOGOTA D.C.,NO,NO,NO,NO,NO
393603,M,20 a 35 años,Entre 1 y 1.5 SMLV,SIGMA,LAMBDA,TAU,DELTA,EMP_000001,,NO,NO,NO,NO,NO
393653,M,20 a 35 años,Entre 1 y 1.5 SMLV,SIGMA,LAMBDA,ETA,BETA,EMP_000001,,NO,NO,NO,NO,NO
393703,F,Menor de 19 años,Entre 1 y 1.5 SMLV,SIGMA,LAMBDA,ETA,DELTA,EMP_000001,,NO,NO,NO,NO,NO
393753,M,20 a 35 años,Entre 1 y 1.5 SMLV,SIGMA,LAMBDA,TAU,XI,EMP_000002,,NO,NO,NO,NO,NO
393803,F,46 a 55 años,Entre 3 y 4 SMLV,PI,LAMBDA,PI,XI,EMP_000002,BOGOTA D.C.,NO,NO,NO,NO,NO
393853,M,46 a 55 años,Entre 4 y 6 SMLV,ZETA,LAMBDA,PI,XI,EMP_000001,BOGOTA D.C.,NO,NO,NO,NO,NO
393903,F,20 a 35 años,Entre 1 y 1.5 SMLV,SIGMA,RHO,TAU,ETA,EMP_000001,,NO,NO,NO,NO,NO
393953,M,20 a 35 años,Entre 3 y 4 SMLV,PI,LAMBDA,ETA,DELTA,EMP_000001,BOGOTA D.C.,NO,NO,NO,NO,NO
394003,M,20 a 35 años,Menor al SMLV,SIGMA,LAMBDA,TAU,OMEGA,EMP_000001,,NO,NO,NO,NO,NO
394053,F,20 a 35 años,Entre 1 y 1.5 SMLV,SIGMA,LAMBDA,ETA,UPSILON,EMP_000001,BOGOTA D.C.,NO,NO,NO,NO,NO
394103,M,20 a 35 años,Entre 1 y 1.5 SMLV,SIGMA,LAMBDA,TAU,ETA,EMP_000001,,NO,NO,NO,NO,NO
394153,F,20 a 35 años,Entre 1 y 1.5 SMLV,SIGMA,LAMBDA,TAU,XI,EMP_000002,,NO,NO,NO,NO,NO
394203,M,20 a 35 años,Entre 1 y 1.5 SMLV,SIGMA,RHO,PI,OMEGA,EMP_000001,,NO,NO,NO,NO,NO
394253,F,36 a 45 años,Entre 1 y 1.5 SMLV,SIGMA,RHO,TAU,ETA,EMP_000001,BOGOTA D.C.,NO,NO,NO,NO,NO
394303,M,36 a 45 años,Entre 1 y 1.5 SMLV,SIGMA,LAMBDA,PI,BETA,EMP_000001,,NO,NO,NO,NO,NO
394353,M,46 a 55 años,Entre 1 y 1.5 SMLV,PI,LAMBDA,TAU,LAMBDA,EMP_000001,,NO,NO,NO,NO,NO
394403,M,Mayor de 55 años,Entre 2.5 y 3 SMLV,PI,LAMBDA,PI,ETA,EMP_000001,BOGOTA D.C.,NO,NO,NO,NO,NO
394453,M,20 a 35 años,Menor al SMLV,SIGMA,LAMBDA,TAU,ETA,EMP_000001,BOGOTA D.C.,NO,NO,NO,NO,NO
394503,F,46 a 55 años,Entre 4 y 6 SMLV,ZETA,LAMBDA,PI,XI,EMP_000002,BOGOTA D.C.,NO,NO,NO,NO,NO
394553,M,46 a 55 años,Entre 1 y 1.5 SMLV,SIGMA,LAMBDA,TAU,ETA,EMP_000001,,NO,NO,NO,NO,NO
394603,F,20 a 35 años,Entre 1.5 y 2 SMLV,SIGMA,RHO,PI,UPSILON,EMP_000001,BOGOTA D.C.,NO,NO,NO,NO,NO
394653,M,46 a 55 años,Entre 1 y 1.5 SMLV,SIGMA,LAMBDA,TAU,ETA,EMP_000001,BOGOTA D.C.,NO,NO,NO,NO,NO
394703,M,46 a 55 años,Entre 1 y 1.5 SMLV,SIGMA,EPSILON,TAU,XI,EMP_000002,,NO,NO,NO,NO,NO
394753,F,36 a 45 años,Entre 2 y 2.5 SMLV,PI,RHO,PI,UPSILON,EMP_000001,GIRARDOT,NO,NO,NO,NO,NO
394803,M,36 a 45 años,Menor al SMLV,SIGMA,LAMBDA,TAU,ETA,EMP_000001,,NO,NO,NO,NO,NO
394853,F,36 a 45 años,Entre 1 y 1.5 SMLV,SIGMA,EPSILON,TAU,ETA,EMP_000001,BOGOTA D.C.,NO,NO,NO,NO,NO
394903,M,Mayor de 55 años,Entre 1 y 1.5 SMLV,SIGMA,RHO,TAU,DELTA,EMP_000001,BOGOTA D.C.,NO,NO,NO,NO,NO
394953,M,36 a 45 años,Entre 1 y 1.5 SMLV,SIGMA,EPSILON,TAU,ETA,EMP_000001,,NO,NO,NO,NO,NO
395003,F,46 a 55 años,Entre 4 y 6 SMLV,ZETA,RHO,PI,ETA,EMP_000001,,NO,NO,NO,NO,NO
395053,F,20 a 35 años,Entre 1 y 1.5 SMLV,PI,LAMBDA,ETA,XI,EMP_000002,,NO,NO,NO,NO,NO
395103,F,20 a 35 años,Entre 1.5 y 2 SMLV,SIGMA,LAMBDA,ETA,XI,EMP_000002,,NO,NO,NO,NO,NO
395153,F,46 a 55 años,Entre 4 y 6 SMLV,ZETA,EPSILON,PI,DELTA,EMP_000001,BOGOTA D.C.,NO,NO,NO,NO,NO
395203,F,20 a 35 años,Entre 1 y 1.5 SMLV,SIGMA,RHO,PI,UPSILON,EMP_000001,BOGOTA D.C.,NO,NO,NO,NO,NO
395253,F,20 a 35 años,Entre 2.5 y 3 SMLV,PI,LAMBDA,ETA,XI,EMP_000002,,NO,NO,NO,NO,NO
395303,F,46 a 55 años,Entre 1 y 1.5 SMLV,SIGMA,EPSILON,TAU,DELTA,EMP_000001,BOGOTA D.C.,NO,NO,NO,NO,NO
395353,M,Mayor de 55 años,Menor al SMLV,SIGMA,IOTA,TAU,ETA,EMP_000001,BOGOTA D.C.,NO,NO,NO,NO,NO
395403,M,36 a 45 años,Entre 1 y 1.5 SMLV,SIGMA,RHO,TAU,UPSILON,EMP_000001,,NO,NO,NO,NO,NO
395453,M,36 a 45 años,Entre 1 y 1.5 SMLV,SIGMA,RHO,TAU,ETA,EMP_000001,BOGOTA D.C.,NO,NO,NO,NO,NO
395503,F,36 a 45 años,Entre 20 y 30 SMLV,ZETA,LAMBDA,XI,XI,EMP_000001,BOGOTA D.C.,NO,NO,NO,NO,NO
395553,M,20 a 35 años,Entre 1 y 1.5 SMLV,SIGMA,RHO,TAU,OMEGA,EMP_000001,SOACHA,NO,NO,NO,NO,NO
395603,M,20 a 35 años,Entre 1 y 1.5 SMLV,SIGMA,EPSILON,TAU,UPSILON,EMP_000001,,NO,NO,NO,NO,NO
395653,M,Mayor de 55 años,Entre 1 y 1.5 SMLV,SIGMA,LAMBDA,PI,UPSILON,EMP_000001,BOGOTA D.C.,NO,NO,NO,NO,NO
395703,M,20 a 35 años,Menor al SMLV,SIGMA,LAMBDA,TAU,ETA,EMP_000001,,NO,NO,NO,NO,NO
395753,F,36 a 45 años,Entre 1.5 y 2 SMLV,SIGMA,RHO,PI,UPSILON,EMP_000001,,NO,NO,NO,NO,NO
395803,M,46 a 55 años,Entre 4 y 6 SMLV,ZETA,EPSILON,PI,UPSILON,EMP_000001,BOGOTA D.C.,NO,NO,NO,NO,NO
395853,F,46 a 55 años,Entre 1 y 1.5 SMLV,SIGMA,CHI,TAU,XI,EMP_000002,BOGOTA D.C.,NO,NO,NO,NO,NO
395903,F,20 a 35 años,Entre 1 y 1.5 SMLV,PI,RHO,TAU,LAMBDA,EMP_000001,,NO,NO,NO,NO,NO
395953,M,20 a 35 años,Entre 1 y 1.5 SMLV,SIGMA,RHO,TAU,UPSILON,EMP_000001,,NO,NO,NO,NO,NO
396003,M,36 a 45 años,Entre 1 y 1.5 SMLV,SIGMA,RHO,PI,XI,EMP_000001,BOGOTA D.C.,NO,NO,NO,NO,NO
396053,M,20 a 35 años,Entre 1 y 1.5 SMLV,SIGMA,RHO,TAU,UPSILON,EMP_000001,BOGOTA D.C.,NO,NO,NO,NO,NO
396103,M,20 a 35 años,Entre 1 y 1.5 SMLV,SIGMA,LAMBDA,TAU,ETA,EMP_000001,,NO,NO,NO,NO,NO
396153,M,20 a 35 años,Entre 1 y 1.5 SMLV,SIGMA,RHO,PI,UPSILON,EMP_000001,,NO,NO,NO,NO,NO
396203,F,46 a 55 años,Entre 3 y 4 SMLV,ZETA,LAMBDA,PI,DELTA,EMP_000001,BOGOTA D.C.,NO,NO,NO,NO,NO
396253,M,46 a 55 años,Entre 1 y 1.5 SMLV,SIGMA,IOTA,TAU,ETA,EMP_000001,,NO,NO,NO,NO,NO
396303,F,20 a 35 años,Entre 1 y 1.5 SMLV,SIGMA,RHO,TAU,XI,EMP_000002,,NO,NO,NO,NO,NO
396353,M,36 a 45 años,Entre 1 y 1.5 SMLV,SIGMA,EPSILON,TAU,ETA,EMP_000001,BOGOTA D.C.,NO,NO,NO,NO,NO
396403,M,20 a 35 años,Entre 1 y 1.5 SMLV,SIGMA,LAMBDA,ETA,BETA,EMP_000001,,NO,NO,NO,NO,NO
396453,M,20 a 35 años,Entre 2.5 y 3 SMLV,PI,LAMBDA,ETA,UPSILON,EMP_000001,BOGOTA D.C.,NO,NO,NO,NO,NO
396503,M,20 a 35 años,Entre 1 y 1.5 SMLV,SIGMA,EPSILON,TAU,ETA,EMP_000001,SOACHA,NO,NO,NO,NO,NO
396553,M,20 a 35 años,Entre 1 y 1.5 SMLV,SIGMA,LAMBDA,TAU,ETA,EMP_000001,,NO,NO,NO,NO,NO
396603,F,46 a 55 años,Menor al SMLV,SIGMA,EPSILON,TAU,ETA,EMP_000001,BOGOTA D.C.,NO,NO,NO,NO,NO
396653,F,46 a 55 años,Entre 1 y 1.5 SMLV,SIGMA,IOTA,PI,ETA,EMP_000001,,NO,NO,NO,NO,NO
396703,M,20 a 35 años,Entre 1 y 1.5 SMLV,SIGMA,EPSILON,TAU,UPSILON,EMP_000001,,NO,NO,NO,NO,NO
396753,M,36 a 45 años,Entre 1 y 1.5 SMLV,SIGMA,EPSILON,TAU,UPSILON,EMP_000001,BOGOTA D.C.,NO,NO,NO,NO,NO
396803,M,20 a 35 años,Entre 3 y 4 SMLV,PI,EPSILON,PI,DELTA,EMP_000001,,NO,NO,NO,NO,NO
396853,M,20 a 35 años,Entre 1 y 1.5 SMLV,SIGMA,LAMBDA,ETA,BETA,EMP_000001,,NO,NO,NO,NO,NO
396903,M,20 a 35 años,Entre 1 y 1.5 SMLV,SIGMA,RHO,TAU,ETA,EMP_000001,,NO,NO,NO,NO,NO
396953,M,20 a 35 años,Menor al SMLV,SIGMA,LAMBDA,TAU,ETA,EMP_000001,,NO,NO,NO,NO,NO
397003,F,46 a 55 años,Entre 1 y 1.5 SMLV,SIGMA,LAMBDA,TAU,ETA,EMP_000001,BOGOTA D.C.,NO,NO,NO,NO,NO
397053,F,20 a 35 años,Entre 1 y 1.5 SMLV,SIGMA,LAMBDA,ETA,UPSILON,EMP_000001,,NO,NO,NO,NO,NO
397103,M,20 a 35 años,Entre 1 y 1.5 SMLV,SIGMA,LAMBDA,TAU,ETA,EMP_000001,,NO,NO,NO,NO,NO
397153,M,Mayor de 55 años,Entre 1 y 1.5 SMLV,SIGMA,EPSILON,TAU,UPSILON,EMP_000001,BOGOTA D.C.,NO,NO,NO,NO,NO
397203,F,36 a 45 años,Entre 1 y 1.5 SMLV,SIGMA,EPSILON,TAU,ETA,EMP_000001,,NO,NO,NO,NO,NO
397253,F,20 a 35 años,Entre 1 y 1.5 SMLV,SIGMA,EPSILON,TAU,ETA,EMP_000001,,NO,NO,NO,NO,NO
397303,M,36 a 45 años,Entre 1 y 1.5 SMLV,SIGMA,LAMBDA,ETA,ETA,EMP_000001,BOGOTA D.C.,NO,NO,NO,NO,NO
397353,M,46 a 55 años,Entre 3 y 4 SMLV,PI,EPSILON,PI,XI,EMP_000002,,NO,NO,NO,NO,NO
397403,M,46 a 55 años,Entre 1 y 1.5 SMLV,SIGMA,EPSILON,TAU,DELTA,EMP_000001,,NO,NO,NO,NO,NO
397453,M,36 a 45 años,Entre 1 y 1.5 SMLV,SIGMA,RHO,TAU,DELTA,EMP_000001,BOGOTA D.C.,NO,NO,NO,NO,NO
397503,F,20 a 35 años,Entre 1 y 1.5 SMLV,SIGMA,LAMBDA,TAU,ETA,EMP_000001,,NO,NO,NO,NO,NO
397553,M,36 a 45 años,Entre 1 y 1.5 SMLV,SIGMA,LAMBDA,ETA,DELTA,EMP_000001,,NO,NO,NO,NO,NO
397603,M,Mayor de 55 años,Entre 4 y 6 SMLV,ZETA,EPSILON,PI,UPSILON,EMP_000001,BOGOTA D.C.,NO,NO,NO,NO,NO
397653,F,20 a 35 años,Entre 3 y 4 SMLV,PI,LAMBDA,ETA,XI,EMP_000002,,NO,NO,NO,NO,NO
397703,M,20 a 35 años,Entre 1 y 1.5 SMLV,SIGMA,LAMBDA,ETA,XI,EMP_000001,,NO,NO,NO,NO,NO
397753,M,36 a 45 años,Entre 4 y 6 SMLV,ZETA,CHI,PI,XI,EMP_000002,BOGOTA D.C.,NO,NO,NO,NO,NO
397803,F,36 a 45 años,Entre 1 y 1.5 SMLV,SIGMA,LAMBDA,ETA,ETA,EMP_000001,BOGOTA D.C.,NO,NO,NO,NO,NO
397853,M,Mayor de 55 años,Entre 1 y 1.5 SMLV,SIGMA,LAMBDA,PI,ETA,EMP_000001,,NO,NO,NO,NO,NO
397903,F,20 a 35 años,Entre 3 y 4 SMLV,PI,LAMBDA,ETA,XI,EMP_000002,,NO,NO,NO,NO,NO
397953,M,Mayor de 55 años,Entre 1 y 1.5 SMLV,SIGMA,RHO,TAU,OMEGA,EMP_000001,,NO,NO,NO,NO,NO
398003,F,20 a 35 años,Entre 1.5 y 2 SMLV,SIGMA,LAMBDA,ETA,ETA,EMP_000001,,NO,NO,NO,NO,NO
398053,F,36 a 45 años,Entre 2.5 y 3 SMLV,PI,RHO,PI,XI,EMP_000002,BOGOTA D.C.,NO,NO,NO,NO,NO
398103,F,20 a 35 años,Entre 1.5 y 2 SMLV,SIGMA,LAMBDA,ETA,DELTA,EMP_000001,BOGOTA D.C.,NO,NO,NO,NO,NO
398153,M,20 a 35 años,Entre 1 y 1.5 SMLV,SIGMA,RHO,PI,XI,EMP_000002,,NO,NO,NO,NO,NO
398203,F,Mayor de 55 años,Entre 3 y 4 SMLV,PI,LAMBDA,PI,ETA,EMP_000001,,NO,NO,NO,NO,NO
398253,M,Menor de 19 años,Entre 1 y 1.5 SMLV,SIGMA,LAMBDA,TAU,ETA,EMP_000001,,NO,NO,NO,NO,NO
398303,M,20 a 35 años,Entre 1 y 1.5 SMLV,SIGMA,LAMBDA,ETA,ETA,EMP_000001,BOGOTA D.C.,NO,NO,NO,NO,NO
398353,M,20 a 35 años,Entre 1 y 1.5 SMLV,PI,LAMBDA,TAU,LAMBDA,EMP_000001,BOGOTA D.C.,NO,NO,NO,NO,NO
398403,F,20 a 35 años,Entre 1 y 1.5 SMLV,SIGMA,RHO,TAU,UPSILON,EMP_000001,,NO,NO,NO,NO,NO
398453,M,20 a 35 años,Entre 1 y 1.5 SMLV,SIGMA,LAMBDA,ETA,UPSILON,EMP_000001,BOGOTA D.C.,NO,NO,NO,NO,NO
398503,F,36 a 45 años,Entre 1 y 1.5 SMLV,SIGMA,RHO,TAU,DELTA,EMP_000001,BOGOTA D.C.,NO,NO,NO,NO,NO
398553,F,20 a 35 años,Entre 10 y 20 SMLV,ZETA,LAMBDA,ETA,XI,EMP_000002,,NO,NO,NO,NO,NO
398603,M,36 a 45 años,Entre 1 y 1.5 SMLV,SIGMA,LAMBDA,TAU,ETA,EMP_000001,SOACHA,NO,NO,NO,NO,NO
398653,F,46 a 55 años,Entre 1 y 1.5 SMLV,SIGMA,RHO,TAU,UPSILON,EMP_000001,BOGOTA D.C.,NO,NO,NO,NO,NO
398703,F,36 a 45 años,Entre 1 y 1.5 SMLV,SIGMA,RHO,TAU,ETA,EMP_000001,BOGOTA D.C.,NO,NO,NO,NO,NO
398753,M,36 a 45 años,Entre 1 y 1.5 SMLV,SIGMA,RHO,TAU,ETA,EMP_000001,,NO,NO,NO,NO,NO
398803,M,20 a 35 años,Entre 1 y 1.5 SMLV,SIGMA,LAMBDA,ETA,XI,EMP_000002,,NO,NO,NO,NO,NO
398853,M,20 a 35 años,Entre 1 y 1.5 SMLV,SIGMA,LAMBDA,ETA,UPSILON,EMP_000001,,NO,NO,NO,NO,NO
398903,F,46 a 55 años,Menor al SMLV,SIGMA,LAMBDA,TAU,ETA,EMP_000001,CAJICA,NO,NO,NO,NO,NO
398953,M,46 a 55 años,Menor al SMLV,SIGMA,RHO,TAU,XI,EMP_000002,BOGOTA D.C.,NO,NO,NO,NO,NO
399003,F,36 a 45 años,Entre 1 y 1.5 SMLV,SIGMA,LAMBDA,TAU,OMEGA,EMP_000001,,NO,NO,NO,NO,NO
399053,F,20 a 35 años,Entre 1.5 y 2 SMLV,SIGMA,LAMBDA,ETA,XI,EMP_000002,,NO,NO,NO,NO,NO
399103,F,20 a 35 años,Menor al SMLV,SIGMA,LAMBDA,TAU,DELTA,EMP_000001,BOGOTA D.C.,NO,NO,NO,NO,NO
399153,F,20 a 35 años,Entre 1.5 y 2 SMLV,SIGMA,LAMBDA,ETA,ETA,EMP_000001,BOGOTA D.C.,NO,NO,NO,NO,NO
399203,F,36 a 45 años,Entre 1 y 1.5 SMLV,SIGMA,LAMBDA,PI,DELTA,EMP_000001,,NO,NO,NO,NO,NO
399253,M,Mayor de 55 años,Entre 1.5 y 2 SMLV,SIGMA,IOTA,PI,UPSILON,EMP_000001,,NO,NO,NO,NO,NO
399303,F,20 a 35 años,Entre 1 y 1.5 SMLV,SIGMA,RHO,PI,UPSILON,EMP_000001,,NO,NO,NO,NO,NO
399353,M,20 a 35 años,Entre 1 y 1.5 SMLV,SIGMA,EPSILON,PI,DELTA,EMP_000001,,NO,NO,NO,NO,NO
399403,F,20 a 35 años,Entre 1 y 1.5 SMLV,SIGMA,LAMBDA,TAU,UPSILON,EMP_000001,,NO,NO,NO,NO,NO
399453,F,20 a 35 años,Entre 1 y 1.5 SMLV,SIGMA,EPSILON,TAU,ETA,EMP_000001,,NO,NO,NO,NO,NO
399503,M,46 a 55 años,Entre 4 y 6 SMLV,ZETA,LAMBDA,PI,UPSILON,EMP_000001,BOGOTA D.C.,NO,NO,NO,NO,NO
399553,F,20 a 35 años,Entre 1 y 1.5 SMLV,SIGMA,LAMBDA,ETA,XI,EMP_000001,,NO,NO,NO,NO,NO
399603,F,20 a 35 años,Entre 1 y 1.5 SMLV,SIGMA,EPSILON,TAU,ETA,EMP_000001,BOGOTA D.C.,NO,NO,NO,NO,NO
399653,M,20 a 35 años,Entre 1 y 1.5 SMLV,SIGMA,LAMBDA,ETA,BETA,EMP_000001,,NO,NO,NO,NO,NO
399703,M,20 a 35 años,Entre 1 y 1.5 SMLV,SIGMA,LAMBDA,ETA,ETA,EMP_000001,,NO,NO,NO,NO,NO
399753,F,46 a 55 años,Entre 4 y 6 SMLV,ZETA,RHO,PI,UPSILON,EMP_000001,CHIA,NO,NO,NO,NO,NO
399803,F,46 a 55 años,Entre 1 y 1.5 SMLV,SIGMA,LAMBDA,TAU,XI,EMP_000002,BOGOTA D.C.,NO,NO,NO,NO,NO
399853,F,20 a 35 años,Entre 1 y 1.5 SMLV,SIGMA,RHO,PI,PSI,EMP_000001,,NO,NO,NO,NO,NO
399903,M,20 a 35 años,Entre 1.5 y 2 SMLV,PI,LAMBDA,ETA,XI,EMP_000002,,NO,NO,NO,NO,NO
399953,F,46 a 55 años,Menor al SMLV,SIGMA,RHO,TAU,ETA,EMP_000001,BOGOTA D.C.,NO,NO,NO,NO,NO
400003,F,20 a 35 años,Entre 1 y 1.5 SMLV,SIGMA,EPSILON,PI,ETA,EMP_000001,BOGOTA D.C.,NO,NO,NO,NO,NO
400053,F,20 a 35 años,Entre 1 y 1.5 SMLV,SIGMA,RHO,PI,XI,EMP_000002,,NO,NO,NO,NO,NO
400103,M,20 a 35 años,Entre 1 y 1.5 SMLV,SIGMA,RHO,PI,ETA,EMP_000001,,NO,NO,NO,NO,NO
400153,F,36 a 45 años,Entre 1 y 1.5 SMLV,SIGMA,RHO,TAU,ETA,EMP_000001,,NO,NO,NO,NO,NO
400203,F,36 a 45 años,Entre 1 y 1.5 SMLV,SIGMA,LAMBDA,TAU,XI,EMP_000001,BOGOTA D.C.,NO,NO,NO,NO,NO
400253,M,20 a 35 años,Entre 1 y 1.5 SMLV,SIGMA,RHO,TAU,ETA,EMP_000001,BOGOTA D.C.,NO,NO,NO,NO,NO
400303,F,36 a 45 años,Entre 1 y 1.5 SMLV,SIGMA,RHO,TAU,ETA,EMP_000001,FUSAGASUGA,NO,NO,NO,NO,NO
400353,M,Mayor de 55 años,Entre 1 y 1.5 SMLV,SIGMA,LAMBDA,TAU,UPSILON,EMP_000001,,NO,NO,NO,NO,NO
400403,F,Mayor de 55 años,Entre 1 y 1.5 SMLV,SIGMA,LAMBDA,PI,KAPPA,EMP_000001,BOGOTA D.C.,NO,NO,NO,NO,NO
400453,M,Mayor de 55 años,Entre 2 y 2.5 SMLV,PI,IOTA,PI,XI,EMP_000002,BOGOTA D.C.,NO,NO,NO,NO,NO
400503,F,36 a 45 años,Entre 4 y 6 SMLV,ZETA,LAMBDA,ETA,XI,EMP_000002,BOGOTA D.C.,NO,NO,NO,NO,NO
400553,F,Mayor de 55 años,Entre 3 y 4 SMLV,PI,IOTA,PI,XI,EMP_000002,BOGOTA D.C.,NO,NO,NO,NO,NO
400603,M,Mayor de 55 años,Entre 1 y 1.5 SMLV,SIGMA,RHO,TAU,ETA,EMP_000001,,NO,NO,NO,NO,NO
400653,M,36 a 45 años,Entre 1.5 y 2 SMLV,SIGMA,CHI,PI,UPSILON,EMP_000001,BOGOTA D.C.,NO,NO,NO,NO,NO
400703,M,Mayor de 55 años,Entre 1 y 1.5 SMLV,SIGMA,LAMBDA,PI,ETA,EMP_000001,,NO,NO,NO,NO,NO
400753,F,20 a 35 años,Entre 1.5 y 2 SMLV,SIGMA,LAMBDA,ETA,OMEGA,EMP_000001,SOACHA,NO,NO,NO,NO,NO
400803,F,36 a 45 años,Entre 1 y 1.5 SMLV,SIGMA,RHO,TAU,DELTA,EMP_000001,BOGOTA D.C.,NO,NO,NO,NO,NO
400853,F,Mayor de 55 años,Entre 1 y 1.5 SMLV,SIGMA,LAMBDA,TAU,ETA,EMP_000001,,NO,NO,NO,NO,NO
400903,M,20 a 35 años,Entre 1 y 1.5 SMLV,SIGMA,LAMBDA,TAU,UPSILON,EMP_000002,BOGOTA D.C.,NO,NO,NO,NO,NO
400953,F,20 a 35 años,Entre 1 y 1.5 SMLV,SIGMA,LAMBDA,TAU,UPSILON,EMP_000001,BOGOTA D.C.,NO,NO,NO,NO,NO
401003,F,46 a 55 años,Entre 1 y 1.5 SMLV,SIGMA,EPSILON,TAU,DELTA,EMP_000001,BOGOTA D.C.,NO,NO,NO,NO,NO
401053,F,46 a 55 años,Entre 4 y 6 SMLV,ZETA,RHO,PI,XI,EMP_000002,,NO,NO,NO,NO,NO
401103,F,20 a 35 años,Entre 1 y 1.5 SMLV,SIGMA,LAMBDA,ETA,XI,EMP_000002,,NO,NO,NO,NO,NO
401153,F,20 a 35 años,Entre 1 y 1.5 SMLV,SIGMA,LAMBDA,ETA,ETA,EMP_000001,,NO,NO,NO,NO,NO
401203,F,46 a 55 años,Entre 6 y 8 SMLV,ZETA,RHO,PI,UPSILON,EMP_000001,,NO,NO,NO,NO,NO
401253,M,36 a 45 años,Entre 1 y 1.5 SMLV,SIGMA,LAMBDA,TAU,DELTA,EMP_000001,,NO,NO,NO,NO,NO
401303,M,20 a 35 años,Entre 1.5 y 2 SMLV,SIGMA,RHO,PI,UPSILON,EMP_000001,BOGOTA D.C.,NO,NO,NO,NO,NO
401353,M,20 a 35 años,Entre 1 y 1.5 SMLV,SIGMA,LAMBDA,ETA,BETA,EMP_000001,,NO,NO,NO,NO,NO
401403,M,46 a 55 años,Entre 1 y 1.5 SMLV,SIGMA,EPSILON,TAU,ETA,EMP_000001,,NO,NO,NO,NO,NO
401453,F,46 a 55 años,Entre 1 y 1.5 SMLV,PI,RHO,TAU,LAMBDA,EMP_000001,,NO,NO,NO,NO,NO
401503,F,20 a 35 años,Entre 6 y 8 SMLV,ZETA,LAMBDA,ETA,UPSILON,EMP_000001,BOGOTA D.C.,NO,NO,NO,NO,NO
401553,F,20 a 35 años,Entre 1 y 1.5 SMLV,SIGMA,RHO,PI,ETA,EMP_000001,FUNZA,NO,NO,NO,NO,NO
401603,M,20 a 35 años,Entre 1 y 1.5 SMLV,SIGMA,LAMBDA,ETA,BETA,EMP_000001,,NO,NO,NO,NO,NO
401653,M,20 a 35 años,Entre 1 y 1.5 SMLV,SIGMA,RHO,TAU,UPSILON,EMP_000001,,NO,NO,NO,NO,NO
401703,F,20 a 35 años,Menor al SMLV,SIGMA,LAMBDA,TAU,ETA,EMP_000001,,NO,NO,NO,NO,NO
401753,F,36 a 45 años,Entre 1 y 1.5 SMLV,SIGMA,RHO,TAU,UPSILON,EMP_000001,,NO,NO,NO,NO,NO
401803,F,46 a 55 años,Entre 1 y 1.5 SMLV,SIGMA,LAMBDA,TAU,OMEGA,EMP_000001,BOGOTA D.C.,NO,NO,NO,NO,NO
401853,F,36 a 45 años,Entre 1 y 1.5 SMLV,SIGMA,RHO,TAU,ETA,EMP_000001,,NO,NO,NO,NO,NO
401903,M,36 a 45 años,Entre 1 y 1.5 SMLV,SIGMA,EPSILON,TAU,ETA,EMP_000001,BOGOTA D.C.,NO,NO,NO,NO,NO
401953,F,46 a 55 años,Entre 1 y 1.5 SMLV,SIGMA,LAMBDA,TAU,ETA,EMP_000001,,NO,NO,NO,NO,NO
402003,M,Mayor de 55 años,Entre 3 y 4 SMLV,PI,LAMBDA,PI,KAPPA,EMP_000001,BOGOTA D.C.,NO,NO,NO,NO,NO
402053,F,Menor de 19 años,Entre 1 y 1.5 SMLV,SIGMA,LAMBDA,TAU,DELTA,EMP_000001,,NO,NO,NO,NO,NO
402103,M,20 a 35 años,Entre 4 y 6 SMLV,ZETA,LAMBDA,ETA,XI,EMP_000001,BOGOTA D.C.,NO,NO,NO,NO,NO
402153,M,36 a 45 años,Entre 1 y 1.5 SMLV,SIGMA,RHO,PI,DELTA,EMP_000001,BOGOTA D.C.,NO,NO,NO,NO,NO
402203,F,20 a 35 años,Entre 1.5 y 2 SMLV,SIGMA,LAMBDA,ETA,XI,EMP_000002,,NO,NO,NO,NO,NO
402253,F,36 a 45 años,Entre 1 y 1.5 SMLV,SIGMA,LAMBDA,TAU,UPSILON,EMP_000001,,NO,NO,NO,NO,NO
402303,F,46 a 55 años,Entre 1 y 1.5 SMLV,SIGMA,RHO,TAU,DELTA,EMP_000001,BOGOTA D.C.,NO,NO,NO,NO,NO
402353,M,20 a 35 años,Entre 1 y 1.5 SMLV,SIGMA,EPSILON,TAU,DELTA,EMP_000001,,NO,NO,NO,NO,NO
402403,F,36 a 45 años,Entre 1 y 1.5 SMLV,SIGMA,LAMBDA,TAU,ETA,EMP_000001,,NO,NO,NO,NO,NO
402453,M,20 a 35 años,Entre 1 y 1.5 SMLV,SIGMA,RHO,TAU,ETA,EMP_000001,BOGOTA D.C.,NO,NO,NO,NO,NO
402503,F,Mayor de 55 años,Entre 1 y 1.5 SMLV,SIGMA,IOTA,PI,KAPPA,EMP_000001,BOGOTA D.C.,NO,NO,NO,NO,NO
402553,M,46 a 55 años,Entre 1 y 1.5 SMLV,SIGMA,LAMBDA,PI,UPSILON,EMP_000001,,NO,NO,NO,NO,NO
402603,F,20 a 35 años,Entre 1 y 1.5 SMLV,SIGMA,LAMBDA,TAU,ETA,EMP_000001,,NO,NO,NO,NO,NO
402653,F,20 a 35 años,Entre 1 y 1.5 SMLV,SIGMA,LAMBDA,TAU,DELTA,EMP_000001,,NO,NO,NO,NO,NO
402703,M,20 a 35 años,Entre 3 y 4 SMLV,PI,LAMBDA,ETA,XI,EMP_000001,,NO,NO,NO,NO,NO
402753,M,36 a 45 años,Menor al SMLV,SIGMA,LAMBDA,TAU,ETA,EMP_000001,,NO,NO,NO,NO,NO
402803,M,36 a 45 años,Entre 1 y 1.5 SMLV,SIGMA,RHO,TAU,UPSILON,EMP_000001,BOGOTA D.C.,NO,NO,NO,NO,NO
402853,M,20 a 35 años,Entre 1 y 1.5 SMLV,SIGMA,LAMBDA,TAU,UPSILON,EMP_000001,,NO,NO,NO,NO,NO
402903,F,20 a 35 años,Entre 2.5 y 3 SMLV,PI,LAMBDA,ETA,XI,EMP_000002,BOGOTA D.C.,NO,NO,NO,NO,NO
402953,M,20 a 35 años,Entre 1.5 y 2 SMLV,SIGMA,LAMBDA,ETA,XI,EMP_000001,,NO,NO,NO,NO,NO
403003,F,20 a 35 años,Entre 1 y 1.5 SMLV,SIGMA,LAMBDA,ETA,XI,EMP_000002,,NO,NO,NO,NO,NO
403053,F,46 a 55 años,Entre 1 y 1.5 SMLV,SIGMA,RHO,TAU,ETA,EMP_000001,,NO,NO,NO,NO,NO
403103,M,46 a 55 años,Entre 6 y 8 SMLV,ZETA,EPSILON,PI,DELTA,EMP_000001,BOGOTA D.C.,NO,NO,NO,NO,NO
403153,M,36 a 45 años,Entre 1 y 1.5 SMLV,SIGMA,RHO,TAU,DELTA,EMP_000001,SOACHA,NO,NO,NO,NO,NO
403203,M,46 a 55 años,Entre 1 y 1.5 SMLV,SIGMA,LAMBDA,TAU,ETA,EMP_000001,,NO,NO,NO,NO,NO
403253,M,36 a 45 años,Entre 1 y 1.5 SMLV,SIGMA,LAMBDA,TAU,UPSILON,EMP_000001,BOGOTA D.C.,NO,NO,NO,NO,NO
403303,F,Menor de 19 años,Entre 1 y 1.5 SMLV,SIGMA,LAMBDA,TAU,UPSILON,EMP_000001,,NO,NO,NO,NO,NO
403353,F,36 a 45 años,Entre 1 y 1.5 SMLV,SIGMA,RHO,TAU,DELTA,EMP_000001,BOGOTA D.C.,NO,NO,NO,NO,NO
403403,F,20 a 35 años,Entre 1 y 1.5 SMLV,SIGMA,RHO,TAU,ETA,EMP_000001,,NO,NO,NO,NO,NO
403453,M,36 a 45 años,Entre 4 y 6 SMLV,ZETA,LAMBDA,PI,ETA,EMP_000001,,NO,NO,NO,NO,NO
403503,F,20 a 35 años,Entre 1 y 1.5 SMLV,SIGMA,LAMBDA,TAU,XI,EMP_000002,,NO,NO,NO,NO,NO
403553,M,36 a 45 años,Entre 2 y 2.5 SMLV,PI,RHO,PI,UPSILON,EMP_000001,,NO,NO,NO,NO,NO
403603,F,46 a 55 años,Entre 2 y 2.5 SMLV,PI,IOTA,PI,UPSILON,EMP_000001,BOGOTA D.C.,NO,NO,NO,NO,NO
403653,F,36 a 45 años,Entre 1 y 1.5 SMLV,SIGMA,RHO,PI,UPSILON,EMP_000001,,NO,NO,NO,NO,NO
403703,F,20 a 35 años,Entre 1 y 1.5 SMLV,SIGMA,RHO,TAU,ETA,EMP_000001,,NO,NO,NO,NO,NO
403753,M,20 a 35 años,Entre 1 y 1.5 SMLV,SIGMA,LAMBDA,TAU,ETA,EMP_000001,,NO,NO,NO,NO,NO
403803,F,36 a 45 años,Menor al SMLV,SIGMA,LAMBDA,TAU,ETA,EMP_000001,BOGOTA D.C.,NO,NO,NO,NO,NO
403853,F,46 a 55 años,Entre 4 y 6 SMLV,ZETA,LAMBDA,PI,XI,EMP_000002,TUNJA,NO,NO,NO,NO,NO
403903,M,Mayor de 55 años,Entre 1 y 1.5 SMLV,SIGMA,LAMBDA,TAU,DELTA,EMP_000001,BOGOTA D.C.,NO,NO,NO,NO,NO
403953,M,36 a 45 años,Entre 1 y 1.5 SMLV,SIGMA,LAMBDA,TAU,ETA,EMP_000001,BOGOTA D.C.,NO,NO,NO,NO,NO
404003,M,36 a 45 años,Entre 2 y 2.5 SMLV,PI,LAMBDA,PI,ETA,EMP_000001,,NO,NO,NO,NO,NO
404053,F,36 a 45 años,Entre 1 y 1.5 SMLV,SIGMA,RHO,TAU,ETA,EMP_000001,BOGOTA D.C.,NO,NO,NO,NO,NO
404103,M,20 a 35 años,Entre 1.5 y 2 SMLV,SIGMA,LAMBDA,ETA,XI,EMP_000002,,NO,NO,NO,NO,NO
404153,M,46 a 55 años,Entre 1 y 1.5 SMLV,SIGMA,LAMBDA,PI,UPSILON,EMP_000001,SOACHA,NO,NO,NO,NO,NO
404203,M,36 a 45 años,Entre 8 y 10 SMLV,ZETA,RHO,PI,UPSILON,EMP_000001,,NO,NO,NO,NO,NO
404253,M,20 a 35 años,Entre 1 y 1.5 SMLV,SIGMA,LAMBDA,ETA,BETA,EMP_000001,,NO,NO,NO,NO,NO
404303,M,46 a 55 años,Entre 2.5 y 3 SMLV,PI,LAMBDA,PI,XI,EMP_000002,BOGOTA D.C.,NO,NO,NO,NO,NO
404353,M,36 a 45 años,Entre 1 y 1.5 SMLV,SIGMA,EPSILON,TAU,ETA,EMP_000001,BOGOTA D.C.,NO,NO,NO,NO,NO
404403,M,36 a 45 años,Entre 1 y 1.5 SMLV,SIGMA,EPSILON,TAU,ETA,EMP_000001,,NO,NO,NO,NO,NO
404453,F,46 a 55 años,Entre 1 y 1.5 SMLV,SIGMA,RHO,PI,ETA,EMP_000001,FUSAGASUGA,NO,NO,NO,NO,NO
404503,M,20 a 35 años,Entre 1 y 1.5 SMLV,SIGMA,LAMBDA,TAU,XI,EMP_000002,,NO,NO,NO,NO,NO
404553,F,20 a 35 años,Entre 1 y 1.5 SMLV,SIGMA,LAMBDA,TAU,XI,EMP_000002,,NO,NO,NO,NO,NO
404603,M,36 a 45 años,Menor al SMLV,SIGMA,LAMBDA,TAU,UPSILON,EMP_000001,BOGOTA D.C.,NO,NO,NO,NO,NO
404653,M,36 a 45 años,Entre 2.5 y 3 SMLV,PI,EPSILON,PI,XI,EMP_000002,BOGOTA D.C.,NO,NO,NO,NO,NO
404703,F,36 a 45 años,Entre 3 y 4 SMLV,PI,LAMBDA,ETA,XI,EMP_000002,,NO,NO,NO,NO,NO
404753,F,36 a 45 años,Entre 1.5 y 2 SMLV,SIGMA,LAMBDA,PI,DELTA,EMP_000001,BOGOTA D.C.,NO,NO,NO,NO,NO
404803,M,20 a 35 años,Entre 1 y 1.5 SMLV,SIGMA,LAMBDA,TAU,UPSILON,EMP_000001,,NO,NO,NO,NO,NO
404853,F,20 a 35 años,Entre 1 y 1.5 SMLV,SIGMA,LAMBDA,ETA,UPSILON,EMP_000002,,NO,NO,NO,NO,NO
404903,F,20 a 35 años,Entre 1 y 1.5 SMLV,SIGMA,RHO,TAU,XI,EMP_000001,,NO,NO,NO,NO,NO
404953,M,Mayor de 55 años,Entre 1.5 y 2 SMLV,PI,LAMBDA,PI,ETA,EMP_000001,BOGOTA D.C.,NO,NO,NO,NO,NO
405003,M,46 a 55 años,Entre 1.5 y 2 SMLV,SIGMA,LAMBDA,PI,XI,EMP_000002,SOLEDAD,NO,NO,NO,NO,NO
405053,M,20 a 35 años,Entre 1 y 1.5 SMLV,SIGMA,LAMBDA,ETA,XI,EMP_000002,,NO,NO,NO,NO,NO
405103,M,Mayor de 55 años,Entre 1 y 1.5 SMLV,SIGMA,LAMBDA,TAU,DELTA,EMP_000001,BOGOTA D.C.,NO,NO,NO,NO,NO
405153,M,20 a 35 años,Entre 1 y 1.5 SMLV,SIGMA,RHO,PI,DELTA,EMP_000001,BOGOTA D.C.,NO,NO,NO,NO,NO
405203,M,46 a 55 años,Entre 10 y 20 SMLV,ZETA,LAMBDA,PI,UPSILON,EMP_000001,,NO,NO,NO,NO,NO
405253,F,Mayor de 55 años,Entre 1 y 1.5 SMLV,SIGMA,LAMBDA,TAU,ETA,EMP_000001,BOGOTA D.C.,NO,NO,NO,NO,NO
405303,M,20 a 35 años,Menor al SMLV,SIGMA,LAMBDA,ETA,ETA,EMP_000001,BOGOTA D.C.,NO,NO,NO,NO,NO
405353,M,Mayor de 55 años,Entre 1 y 1.5 SMLV,SIGMA,LAMBDA,TAU,ETA,EMP_000001,,NO,NO,NO,NO,NO
405403,M,36 a 45 años,Entre 2 y 2.5 SMLV,PI,RHO,PI,ETA,EMP_000001,BOGOTA D.C.,NO,NO,NO,NO,NO
405453,M,20 a 35 años,Entre 1 y 1.5 SMLV,SIGMA,LAMBDA,ETA,UPSILON,EMP_000001,,NO,NO,NO,NO,NO
405503,F,20 a 35 años,Entre 1 y 1.5 SMLV,SIGMA,LAMBDA,TAU,ETA,EMP_000001,,NO,NO,NO,NO,NO
405553,F,46 a 55 años,Entre 1 y 1.5 SMLV,SIGMA,RHO,TAU,ETA,EMP_000001,,NO,NO,NO,NO,NO
405603,F,Mayor de 55 años,Entre 1 y 1.5 SMLV,SIGMA,LAMBDA,TAU,ETA,EMP_000001,,NO,NO,NO,NO,NO
405653,M,46 a 55 años,Entre 1 y 1.5 SMLV,SIGMA,LAMBDA,TAU,ETA,EMP_000001,BOGOTA D.C.,NO,NO,NO,NO,NO
405703,F,Mayor de 55 años,Entre 1.5 y 2 SMLV,SIGMA,IOTA,PI,ETA,EMP_000001,BOGOTA D.C.,NO,NO,NO,NO,NO
405753,F,20 a 35 años,Entre 1 y 1.5 SMLV,SIGMA,RHO,TAU,DELTA,EMP_000001,SOACHA,NO,NO,NO,NO,NO
405803,M,Mayor de 55 años,Entre 1 y 1.5 SMLV,SIGMA,LAMBDA,TAU,ETA,EMP_000001,BOGOTA D.C.,NO,NO,NO,NO,NO
405853,F,20 a 35 años,Entre 2 y 2.5 SMLV,PI,RHO,PI,DELTA,EMP_000001,,NO,NO,NO,NO,NO
405903,M,20 a 35 años,Entre 3 y 4 SMLV,PI,LAMBDA,ETA,UPSILON,EMP_000001,,NO,NO,NO,NO,NO
405953,M,20 a 35 años,Entre 1 y 1.5 SMLV,SIGMA,RHO,TAU,ETA,EMP_000001,,NO,NO,NO,NO,NO
406003,F,20 a 35 años,Entre 1 y 1.5 SMLV,SIGMA,RHO,TAU,ETA,EMP_000001,BOGOTA D.C.,NO,NO,NO,NO,NO
406053,M,46 a 55 años,Entre 1 y 1.5 SMLV,SIGMA,LAMBDA,TAU,UPSILON,EMP_000001,BOGOTA D.C.,NO,NO,NO,NO,NO
406103,F,36 a 45 años,Entre 1 y 1.5 SMLV,SIGMA,LAMBDA,TAU,DELTA,EMP_000001,BOGOTA D.C.,NO,NO,NO,NO,NO
406153,M,36 a 45 años,Entre 1 y 1.5 SMLV,SIGMA,LAMBDA,TAU,UPSILON,EMP_000001,,NO,NO,NO,NO,NO
406203,F,46 a 55 años,Menor al SMLV,SIGMA,LAMBDA,TAU,ETA,EMP_000001,,NO,NO,NO,NO,NO
406253,F,46 a 55 años,Entre 1 y 1.5 SMLV,SIGMA,IOTA,TAU,XI,EMP_000002,BOGOTA D.C.,NO,NO,NO,NO,NO
406303,M,36 a 45 años,Entre 1 y 1.5 SMLV,SIGMA,LAMBDA,ETA,BETA,EMP_000001,,NO,NO,NO,NO,NO
406353,F,20 a 35 años,Entre 1 y 1.5 SMLV,SIGMA,LAMBDA,ETA,UPSILON,EMP_000001,,NO,NO,NO,NO,NO
406403,F,Mayor de 55 años,Entre 1 y 1.5 SMLV,SIGMA,LAMBDA,TAU,KAPPA,EMP_000001,FUSAGASUGA,NO,NO,NO,NO,NO
406453,M,36 a 45 años,Entre 1.5 y 2 SMLV,SIGMA,LAMBDA,PI,PSI,EMP_000001,,NO,NO,NO,NO,NO
406503,M,20 a 35 años,Entre 1 y 1.5 SMLV,SIGMA,LAMBDA,ETA,BETA,EMP_000001,,NO,NO,NO,NO,NO
406553,F,46 a 55 años,Entre 6 y 8 SMLV,ZETA,LAMBDA,PI,UPSILON,EMP_000001,,NO,NO,NO,NO,NO
406603,M,36 a 45 años,Entre 1 y 1.5 SMLV,SIGMA,RHO,TAU,ETA,EMP_000001,BOGOTA D.C.,NO,NO,NO,NO,NO
406653,F,20 a 35 años,Entre 1 y 1.5 SMLV,SIGMA,LAMBDA,TAU,XI,EMP_000002,,NO,NO,NO,NO,NO
406703,F,20 a 35 años,Entre 2.5 y 3 SMLV,PI,LAMBDA,ETA,DELTA,EMP_000001,,NO,NO,NO,NO,NO
406753,M,20 a 35 años,Entre 2.5 y 3 SMLV,PI,LAMBDA,ETA,OMEGA,EMP_000001,,NO,NO,NO,NO,NO
406803,M,Mayor de 55 años,Entre 1 y 1.5 SMLV,SIGMA,EPSILON,TAU,DELTA,EMP_000001,BOGOTA D.C.,NO,NO,NO,NO,NO
406853,M,36 a 45 años,Entre 1 y 1.5 SMLV,SIGMA,LAMBDA,TAU,ETA,EMP_000001,BOGOTA D.C.,NO,NO,NO,NO,NO
406903,F,Mayor de 55 años,Entre 1 y 1.5 SMLV,SIGMA,LAMBDA,TAU,KAPPA,EMP_000001,,NO,NO,NO,NO,NO
406953,M,20 a 35 años,Entre 1.5 y 2 SMLV,SIGMA,LAMBDA,ETA,UPSILON,EMP_000001,,NO,NO,NO,NO,NO
407003,M,36 a 45 años,Entre 1 y 1.5 SMLV,SIGMA,EPSILON,TAU,UPSILON,EMP_000001,BOGOTA D.C.,NO,NO,NO,NO,NO
407053,M,20 a 35 años,Entre 1 y 1.5 SMLV,SIGMA,RHO,TAU,DELTA,EMP_000001,,NO,NO,NO,NO,NO
407103,M,Mayor de 55 años,Entre 6 y 8 SMLV,ZETA,EPSILON,PI,DELTA,EMP_000001,,NO,NO,NO,NO,NO
407153,M,Mayor de 55 años,Entre 2 y 2.5 SMLV,SIGMA,IOTA,PI,KAPPA,EMP_000001,,NO,NO,NO,NO,NO
407203,M,20 a 35 años,Entre 1 y 1.5 SMLV,SIGMA,LAMBDA,ETA,BETA,EMP_000001,,NO,NO,NO,NO,NO
407253,M,20 a 35 años,Entre 1 y 1.5 SMLV,SIGMA,LAMBDA,TAU,XI,EMP_000001,BOGOTA D.C.,NO,NO,NO,NO,NO
407303,M,20 a 35 años,Entre 1 y 1.5 SMLV,SIGMA,LAMBDA,TAU,ETA,EMP_000001,,NO,NO,NO,NO,NO
407353,F,20 a 35 años,Entre 1 y 1.5 SMLV,SIGMA,LAMBDA,TAU,UPSILON,EMP_000001,,NO,NO,NO,NO,NO
407403,F,36 a 45 años,Entre 1 y 1.5 SMLV,SIGMA,RHO,PI,PSI,EMP_000001,FUNZA,NO,NO,NO,NO,NO
407453,M,20 a 35 años,Entre 1 y 1.5 SMLV,SIGMA,RHO,PI,UPSILON,EMP_000001,BOGOTA D.C.,NO,NO,NO,NO,NO
407503,M,Mayor de 55 años,Entre 1 y 1.5 SMLV,SIGMA,IOTA,TAU,XI,EMP_000001,GUADUAS,NO,NO,NO,NO,NO
407553,M,20 a 35 años,Entre 1 y 1.5 SMLV,SIGMA,LAMBDA,ETA,UPSILON,EMP_000001,,NO,NO,NO,NO,NO
407603,M,20 a 35 años,Entre 2.5 y 3 SMLV,PI,LAMBDA,ETA,UPSILON,EMP_000001,,NO,NO,NO,NO,NO
407653,M,36 a 45 años,Entre 1 y 1.5 SMLV,SIGMA,CHI,TAU,XI,EMP_000002,BOGOTA D.C.,NO,NO,NO,NO,NO
407703,M,46 a 55 años,Entre 1 y 1.5 SMLV,SIGMA,LAMBDA,TAU,ETA,EMP_000001,BOGOTA D.C.,NO,NO,NO,NO,NO
407753,F,20 a 35 años,Entre 1 y 1.5 SMLV,SIGMA,LAMBDA,TAU,ETA,EMP_000001,,NO,NO,NO,NO,NO
407803,M,20 a 35 años,Entre 1 y 1.5 SMLV,SIGMA,LAMBDA,ETA,XI,EMP_000002,,NO,NO,NO,NO,NO
407853,F,36 a 45 años,Entre 10 y 20 SMLV,ZETA,LAMBDA,PI,XI,EMP_000002,,NO,NO,NO,NO,NO
407903,M,20 a 35 años,Entre 1 y 1.5 SMLV,SIGMA,LAMBDA,TAU,DELTA,EMP_000001,,NO,NO,NO,NO,NO
407953,M,20 a 35 años,Entre 4 y 6 SMLV,ZETA,LAMBDA,ETA,XI,EMP_000002,,NO,NO,NO,NO,NO
408003,F,36 a 45 años,Entre 1 y 1.5 SMLV,SIGMA,RHO,TAU,UPSILON,EMP_000001,,NO,NO,NO,NO,NO
408053,M,20 a 35 años,Entre 1 y 1.5 SMLV,SIGMA,EPSILON,TAU,UPSILON,EMP_000001,BOGOTA D.C.,NO,NO,NO,NO,NO
408103,M,20 a 35 años,Entre 10 y 20 SMLV,ZETA,LAMBDA,ETA,XI,EMP_000002,,NO,NO,NO,NO,NO
408153,F,Mayor de 55 años,Entre 1 y 1.5 SMLV,SIGMA,CHI,TAU,ETA,EMP_000001,BOGOTA D.C.,NO,NO,NO,NO,NO
408203,M,46 a 55 años,Entre 1.5 y 2 SMLV,SIGMA,LAMBDA,PI,ETA,EMP_000001,,NO,NO,NO,NO,NO
408253,M,36 a 45 años,Entre 1 y 1.5 SMLV,SIGMA,LAMBDA,ETA,BETA,EMP_000001,,NO,NO,NO,NO,NO
408303,M,20 a 35 años,Entre 1 y 1.5 SMLV,SIGMA,LAMBDA,ETA,DELTA,EMP_000001,,NO,NO,NO,NO,NO
408353,M,36 a 45 años,Entre 6 y 8 SMLV,ZETA,LAMBDA,ETA,XI,EMP_000002,BOGOTA D.C.,NO,NO,NO,NO,NO
408403,F,20 a 35 años,Entre 1 y 1.5 SMLV,SIGMA,LAMBDA,ETA,ETA,EMP_000001,,NO,NO,NO,NO,NO
408453,F,36 a 45 años,Entre 3 y 4 SMLV,PI,IOTA,PI,XI,EMP_000002,BOGOTA D.C.,NO,NO,NO,NO,NO
408503,M,36 a 45 años,Entre 6 y 8 SMLV,ZETA,CHI,PI,UPSILON,EMP_000001,BOGOTA D.C.,NO,NO,NO,NO,NO
408553,M,36 a 45 años,Entre 1 y 1.5 SMLV,SIGMA,RHO,TAU,XI,EMP_000002,,NO,NO,NO,NO,NO
408603,M,20 a 35 años,Entre 1 y 1.5 SMLV,SIGMA,LAMBDA,TAU,DELTA,EMP_000001,,NO,NO,NO,NO,NO
408653,F,46 a 55 años,Entre 1 y 1.5 SMLV,SIGMA,LAMBDA,TAU,BETA,EMP_000001,BOGOTA D.C.,NO,NO,NO,NO,NO
408703,M,20 a 35 años,Entre 1 y 1.5 SMLV,SIGMA,LAMBDA,TAU,DELTA,EMP_000001,,NO,NO,NO,NO,NO
408753,M,20 a 35 años,Entre 6 y 8 SMLV,ZETA,LAMBDA,ETA,UPSILON,EMP_000001,,NO,NO,NO,NO,NO
408803,F,46 a 55 años,Entre 1 y 1.5 SMLV,SIGMA,RHO,TAU,ETA,EMP_000001,,NO,NO,NO,NO,NO
408853,M,36 a 45 años,Entre 1 y 1.5 SMLV,SIGMA,LAMBDA,PI,ETA,EMP_000001,BOGOTA D.C.,NO,NO,NO,NO,NO
408903,M,20 a 35 años,Entre 4 y 6 SMLV,ZETA,LAMBDA,ETA,XI,EMP_000001,BOGOTA D.C.,NO,NO,NO,NO,NO
408953,M,20 a 35 años,Entre 1 y 1.5 SMLV,SIGMA,LAMBDA,ETA,BETA,EMP_000001,,NO,NO,NO,NO,NO
409003,F,20 a 35 años,Entre 1 y 1.5 SMLV,SIGMA,LAMBDA,TAU,ETA,EMP_000001,,NO,NO,NO,NO,NO
409053,M,Mayor de 55 años,Entre 4 y 6 SMLV,ZETA,LAMBDA,PI,XI,EMP_000001,FUSAGASUGA,NO,NO,NO,NO,NO
409103,F,46 a 55 años,Entre 3 y 4 SMLV,PI,RHO,PI,XI,EMP_000002,BOGOTA D.C.,NO,NO,NO,NO,NO
409153,F,Mayor de 55 años,Entre 1 y 1.5 SMLV,SIGMA,LAMBDA,TAU,KAPPA,EMP_000001,BOGOTA D.C.,NO,NO,NO,NO,NO
409203,F,Mayor de 55 años,Entre 1 y 1.5 SMLV,SIGMA,LAMBDA,PI,KAPPA,EMP_000001,BOGOTA D.C.,NO,NO,NO,NO,NO
409253,M,Mayor de 55 años,Entre 1 y 1.5 SMLV,SIGMA,LAMBDA,PI,KAPPA,EMP_000001,,NO,NO,NO,NO,NO
409303,F,20 a 35 años,Entre 1 y 1.5 SMLV,SIGMA,LAMBDA,TAU,UPSILON,EMP_000001,,NO,NO,NO,NO,NO
409353,F,46 a 55 años,Entre 1 y 1.5 SMLV,PI,EPSILON,TAU,LAMBDA,EMP_000001,,NO,NO,NO,NO,NO
409403,F,36 a 45 años,Entre 3 y 4 SMLV,PI,LAMBDA,PI,XI,EMP_000002,,NO,NO,NO,NO,NO
409453,M,36 a 45 años,Entre 8 y 10 SMLV,ZETA,IOTA,PI,XI,EMP_000001,,NO,NO,NO,NO,NO
409503,M,36 a 45 años,Entre 1 y 1.5 SMLV,SIGMA,RHO,PI,XI,EMP_000002,BOGOTA D.C.,NO,NO,NO,NO,NO
409553,M,36 a 45 años,Entre 1 y 1.5 SMLV,SIGMA,RHO,PI,OMEGA,EMP_000001,SOACHA,NO,NO,NO,NO,NO
409603,F,20 a 35 años,Entre 4 y 6 SMLV,ZETA,LAMBDA,ETA,XI,EMP_000002,BOGOTA D.C.,NO,NO,NO,NO,NO
409653,M,Mayor de 55 años,Entre 1 y 1.5 SMLV,SIGMA,EPSILON,PI,XI,EMP_000002,BOGOTA D.C.,NO,NO,NO,NO,NO
409703,M,36 a 45 años,Entre 1 y 1.5 SMLV,SIGMA,RHO,TAU,UPSILON,EMP_000001,,NO,NO,NO,NO,NO
409753,M,46 a 55 años,Entre 1.5 y 2 SMLV,SIGMA,IOTA,PI,XI,EMP_000002,,NO,NO,NO,NO,NO
409803,M,20 a 35 años,Entre 1 y 1.5 SMLV,SIGMA,LAMBDA,TAU,ETA,EMP_000001,,NO,NO,NO,NO,NO
409853,F,Mayor de 55 años,Entre 1 y 1.5 SMLV,SIGMA,CHI,TAU,ETA,EMP_000001,,NO,NO,NO,NO,NO
409903,M,36 a 45 años,Entre 1 y 1.5 SMLV,SIGMA,RHO,TAU,UPSILON,EMP_000001,ALBAN,NO,NO,NO,NO,NO
409953,F,20 a 35 años,Entre 4 y 6 SMLV,ZETA,LAMBDA,ETA,UPSILON,EMP_000001,BOGOTA D.C.,NO,NO,NO,NO,NO
410003,F,46 a 55 años,Menor al SMLV,SIGMA,LAMBDA,TAU,UPSILON,EMP_000001,,NO,NO,NO,NO,NO
410053,M,36 a 45 años,Entre 1 y 1.5 SMLV,SIGMA,LAMBDA,ETA,BETA,EMP_000001,,NO,NO,NO,NO,NO
410103,M,36 a 45 años,Entre 1.5 y 2 SMLV,SIGMA,EPSILON,PI,UPSILON,EMP_000001,CHIA,NO,NO,NO,NO,NO
410153,M,46 a 55 años,Entre 4 y 6 SMLV,ZETA,LAMBDA,PI,XI,EMP_000002,ZIPAQUIRA,NO,NO,NO,NO,NO
410203,M,46 a 55 años,Entre 1 y 1.5 SMLV,SIGMA,RHO,TAU,ETA,EMP_000001,,NO,NO,NO,NO,NO
410253,M,20 a 35 años,Menor al SMLV,SIGMA,RHO,PI,DELTA,EMP_000001,,NO,NO,NO,NO,NO
410303,M,36 a 45 años,Entre 1 y 1.5 SMLV,SIGMA,LAMBDA,TAU,ETA,EMP_000001,BOGOTA D.C.,NO,NO,NO,NO,NO
410353,M,20 a 35 años,Entre 1 y 1.5 SMLV,SIGMA,LAMBDA,ETA,XI,EMP_000001,,NO,NO,NO,NO,NO
410403,M,46 a 55 años,Entre 1 y 1.5 SMLV,SIGMA,IOTA,PI,ETA,EMP_000001,,NO,NO,NO,NO,NO
410453,M,20 a 35 años,Entre 1 y 1.5 SMLV,SIGMA,RHO,TAU,ETA,EMP_000001,BOGOTA D.C.,NO,NO,NO,NO,NO
410503,F,20 a 35 años,Entre 1 y 1.5 SMLV,SIGMA,LAMBDA,TAU,UPSILON,EMP_000001,,NO,NO,NO,NO,NO
410553,M,46 a 55 años,Entre 3 y 4 SMLV,PI,CHI,PI,XI,EMP_000002,BOGOTA D.C.,NO,NO,NO,NO,NO
410603,M,36 a 45 años,Entre 1 y 1.5 SMLV,SIGMA,RHO,TAU,DELTA,EMP_000001,,NO,NO,NO,NO,NO
410653,F,20 a 35 años,Entre 1 y 1.5 SMLV,SIGMA,RHO,TAU,DELTA,EMP_000001,BOGOTA D.C.,NO,NO,NO,NO,NO
410703,M,36 a 45 años,Entre 1 y 1.5 SMLV,SIGMA,RHO,PI,ETA,EMP_000001,BOGOTA D.C.,NO,NO,NO,NO,NO
410753,M,46 a 55 años,Entre 1 y 1.5 SMLV,SIGMA,RHO,TAU,ETA,EMP_000001,,NO,NO,NO,NO,NO
410803,F,20 a 35 años,Menor al SMLV,SIGMA,RHO,TAU,XI,EMP_000002,,NO,NO,NO,NO,NO
410853,F,Menor de 19 años,Entre 1 y 1.5 SMLV,SIGMA,LAMBDA,ETA,DELTA,EMP_000001,,NO,NO,NO,NO,NO
410903,F,46 a 55 años,Entre 1 y 1.5 SMLV,SIGMA,RHO,TAU,ETA,EMP_000001,BOGOTA D.C.,NO,NO,NO,NO,NO
410953,F,36 a 45 años,Entre 1 y 1.5 SMLV,SIGMA,RHO,PI,DELTA,EMP_000001,BOGOTA D.C.,NO,NO,NO,NO,NO
411003,F,20 a 35 años,Entre 1 y 1.5 SMLV,SIGMA,LAMBDA,TAU,ETA,EMP_000001,BOGOTA D.C.,NO,NO,NO,NO,NO
411053,M,20 a 35 años,Menor al SMLV,SIGMA,LAMBDA,TAU,ETA,EMP_000001,BOGOTA D.C.,NO,NO,NO,NO,NO
411103,F,20 a 35 años,Entre 1 y 1.5 SMLV,SIGMA,LAMBDA,TAU,ETA,EMP_000001,,NO,NO,NO,NO,NO
411153,F,46 a 55 años,Entre 3 y 4 SMLV,PI,IOTA,PI,ETA,EMP_000001,BOGOTA D.C.,NO,NO,NO,NO,NO
411203,M,36 a 45 años,Entre 1 y 1.5 SMLV,SIGMA,THETA,TAU,OMICRON,EMP_000001,,NO,NO,NO,NO,NO
411253,M,20 a 35 años,Entre 1 y 1.5 SMLV,SIGMA,LAMBDA,TAU,ETA,EMP_000001,,NO,NO,NO,NO,NO
411303,F,46 a 55 años,Entre 10 y 20 SMLV,ZETA,LAMBDA,PI,XI,EMP_000001,BOGOTA D.C.,NO,NO,NO,NO,NO
411353,F,20 a 35 años,Entre 1 y 1.5 SMLV,SIGMA,RHO,TAU,XI,EMP_000002,BOGOTA D.C.,NO,NO,NO,NO,NO
411403,F,36 a 45 años,Entre 3 y 4 SMLV,PI,LAMBDA,ETA,UPSILON,EMP_000001,,NO,NO,NO,NO,NO
411453,F,Mayor de 55 años,Entre 1 y 1.5 SMLV,SIGMA,LAMBDA,PI,ETA,EMP_000001,BOGOTA D.C.,NO,NO,NO,NO,NO
411503,F,36 a 45 años,Entre 2.5 y 3 SMLV,PI,LAMBDA,PI,XI,EMP_000002,,NO,NO,NO,NO,NO
411553,M,Mayor de 55 años,Entre 1 y 1.5 SMLV,SIGMA,RHO,PI,XI,EMP_000002,BOGOTA D.C.,NO,NO,NO,NO,NO
411603,M,36 a 45 años,Entre 1 y 1.5 SMLV,SIGMA,RHO,TAU,ETA,EMP_000001,,NO,NO,NO,NO,NO
411653,M,20 a 35 años,Entre 1 y 1.5 SMLV,SIGMA,LAMBDA,ETA,XI,EMP_000001,,NO,NO,NO,NO,NO
411703,F,20 a 35 años,Entre 1.5 y 2 SMLV,PI,LAMBDA,ETA,XI,EMP_000002,,NO,NO,NO,NO,NO
411753,M,Mayor de 55 años,Entre 1 y 1.5 SMLV,SIGMA,IOTA,TAU,UPSILON,EMP_000001,BOGOTA D.C.,NO,NO,NO,NO,NO
411803,F,46 a 55 años,Entre 1 y 1.5 SMLV,SIGMA,RHO,PI,DELTA,EMP_000001,BOGOTA D.C.,NO,NO,NO,NO,NO
411853,F,36 a 45 años,Entre 1 y 1.5 SMLV,SIGMA,LAMBDA,TAU,ETA,EMP_000001,MADRID,NO,NO,NO,NO,NO
411903,F,36 a 45 años,Entre 1 y 1.5 SMLV,SIGMA,RHO,TAU,ETA,EMP_000001,,NO,NO,NO,NO,NO
411953,F,Mayor de 55 años,Entre 3 y 4 SMLV,PI,LAMBDA,PI,KAPPA,EMP_000001,BOGOTA D.C.,NO,NO,NO,NO,NO
412003,M,20 a 35 años,Entre 1.5 y 2 SMLV,SIGMA,RHO,PI,DELTA,EMP_000001,BOGOTA D.C.,NO,NO,NO,NO,NO
412053,M,36 a 45 años,Entre 1 y 1.5 SMLV,SIGMA,LAMBDA,TAU,DELTA,EMP_000001,,NO,NO,NO,NO,NO
412103,M,36 a 45 años,Entre 1 y 1.5 SMLV,SIGMA,LAMBDA,TAU,XI,EMP_000002,,NO,NO,NO,NO,NO
412153,F,20 a 35 años,Entre 1.5 y 2 SMLV,SIGMA,LAMBDA,ETA,DELTA,EMP_000001,SOACHA,NO,NO,NO,NO,NO
412203,F,46 a 55 años,Entre 1 y 1.5 SMLV,SIGMA,LAMBDA,PI,XI,EMP_000002,BOGOTA D.C.,NO,NO,NO,NO,NO
412253,M,20 a 35 años,Entre 1.5 y 2 SMLV,SIGMA,LAMBDA,ETA,XI,EMP_000002,,NO,NO,NO,NO,NO
412303,M,20 a 35 años,Menor al SMLV,SIGMA,LAMBDA,TAU,ETA,EMP_000001,,NO,NO,NO,NO,NO
412353,M,20 a 35 años,Entre 1 y 1.5 SMLV,SIGMA,LAMBDA,ETA,XI,EMP_000002,,NO,NO,NO,NO,NO
412403,M,36 a 45 años,Entre 2.5 y 3 SMLV,PI,LAMBDA,ETA,ETA,EMP_000001,BOGOTA D.C.,NO,NO,NO,NO,NO
412453,M,36 a 45 años,Entre 1 y 1.5 SMLV,SIGMA,RHO,TAU,DELTA,EMP_000001,ZIPAQUIRA,NO,NO,NO,NO,NO
412503,F,20 a 35 años,Entre 1 y 1.5 SMLV,SIGMA,LAMBDA,TAU,UPSILON,EMP_000001,,NO,NO,NO,NO,NO
412553,M,36 a 45 años,Entre 1 y 1.5 SMLV,SIGMA,LAMBDA,TAU,ETA,EMP_000001,,NO,NO,NO,NO,NO
412603,M,20 a 35 años,Entre 1 y 1.5 SMLV,SIGMA,LAMBDA,ETA,BETA,EMP_000001,,NO,NO,NO,NO,NO
412653,M,20 a 35 años,Entre 1 y 1.5 SMLV,SIGMA,RHO,TAU,DELTA,EMP_000001,BOGOTA D.C.,NO,NO,NO,NO,NO
412703,F,Mayor de 55 años,Entre 2 y 2.5 SMLV,PI,LAMBDA,PI,XI,EMP_000001,,NO,NO,NO,NO,NO
412753,M,Menor de 19 años,Entre 1 y 1.5 SMLV,SIGMA,LAMBDA,ETA,UPSILON,EMP_000001,,NO,NO,NO,NO,NO
412803,M,20 a 35 años,Entre 1 y 1.5 SMLV,SIGMA,RHO,PI,UPSILON,EMP_000001,BOGOTA D.C.,NO,NO,NO,NO,NO
412853,M,20 a 35 años,Entre 1 y 1.5 SMLV,SIGMA,THETA,TAU,OMICRON,EMP_000001,,NO,NO,NO,NO,NO
412903,M,20 a 35 años,Entre 1 y 1.5 SMLV,SIGMA,RHO,PI,ETA,EMP_000001,BOGOTA D.C.,NO,NO,NO,NO,NO
412953,M,36 a 45 años,Menor al SMLV,SIGMA,LAMBDA,TAU,ETA,EMP_000001,,NO,NO,NO,NO,NO
413003,M,20 a 35 años,Entre 1 y 1.5 SMLV,SIGMA,RHO,TAU,XI,EMP_000002,BOGOTA D.C.,NO,NO,NO,NO,NO
413053,M,20 a 35 años,Entre 1 y 1.5 SMLV,SIGMA,EPSILON,TAU,ETA,EMP_000001,,NO,NO,NO,NO,NO
413103,F,36 a 45 años,Entre 2 y 2.5 SMLV,PI,RHO,PI,XI,EMP_000002,BOGOTA D.C.,NO,NO,NO,NO,NO
413153,F,36 a 45 años,Entre 1 y 1.5 SMLV,SIGMA,LAMBDA,TAU,XI,EMP_000002,BOGOTA D.C.,NO,NO,NO,NO,NO
413203,F,20 a 35 años,Entre 2.5 y 3 SMLV,PI,LAMBDA,ETA,XI,EMP_000002,,NO,NO,NO,NO,NO
413253,M,20 a 35 años,Entre 1 y 1.5 SMLV,SIGMA,LAMBDA,TAU,UPSILON,EMP_000001,,NO,NO,NO,NO,NO
413303,M,20 a 35 años,Entre 1 y 1.5 SMLV,SIGMA,LAMBDA,TAU,UPSILON,EMP_000001,,NO,NO,NO,NO,NO
413353,F,46 a 55 años,Entre 2.5 y 3 SMLV,PI,LAMBDA,PI,XI,EMP_000002,,NO,NO,NO,NO,NO
413403,F,36 a 45 años,Entre 1 y 1.5 SMLV,SIGMA,RHO,TAU,ETA,EMP_000001,,NO,NO,NO,NO,NO
413453,F,20 a 35 años,Entre 1 y 1.5 SMLV,SIGMA,LAMBDA,ETA,BETA,EMP_000001,,NO,NO,NO,NO,NO
413503,F,20 a 35 años,Entre 1 y 1.5 SMLV,SIGMA,RHO,PI,XI,EMP_000002,BOGOTA D.C.,NO,NO,NO,NO,NO
413553,F,36 a 45 años,Entre 1 y 1.5 SMLV,SIGMA,RHO,TAU,DELTA,EMP_000001,BOGOTA D.C.,NO,NO,NO,NO,NO
413603,M,20 a 35 años,Entre 1 y 1.5 SMLV,SIGMA,LAMBDA,ETA,ETA,EMP_000001,,NO,NO,NO,NO,NO
413653,F,20 a 35 años,Entre 1 y 1.5 SMLV,SIGMA,LAMBDA,TAU,UPSILON,EMP_000001,,NO,NO,NO,NO,NO
413703,M,20 a 35 años,Entre 1 y 1.5 SMLV,SIGMA,RHO,TAU,DELTA,EMP_000001,,NO,NO,NO,NO,NO
413753,M,36 a 45 años,Entre 4 y 6 SMLV,ZETA,LAMBDA,ETA,DELTA,EMP_000001,BOGOTA D.C.,NO,NO,NO,NO,NO
413803,F,20 a 35 años,Entre 1 y 1.5 SMLV,SIGMA,LAMBDA,TAU,UPSILON,EMP_000002,,NO,NO,NO,NO,NO
413853,F,20 a 35 años,Entre 1 y 1.5 SMLV,SIGMA,LAMBDA,TAU,XI,EMP_000001,,NO,NO,NO,NO,NO
413903,M,36 a 45 años,Entre 1 y 1.5 SMLV,SIGMA,RHO,PI,UPSILON,EMP_000001,,NO,NO,NO,NO,NO
413953,M,46 a 55 años,Entre 2 y 2.5 SMLV,PI,LAMBDA,PI,UPSILON,EMP_000001,SOACHA,NO,NO,NO,NO,NO
414003,F,20 a 35 años,Entre 1.5 y 2 SMLV,SIGMA,LAMBDA,ETA,XI,EMP_000001,,NO,NO,NO,NO,NO
414053,F,36 a 45 años,Entre 6 y 8 SMLV,ZETA,LAMBDA,ETA,UPSILON,EMP_000001,BOGOTA D.C.,NO,NO,NO,NO,NO
414103,F,20 a 35 años,Entre 1 y 1.5 SMLV,SIGMA,RHO,TAU,DELTA,EMP_000001,,NO,NO,NO,NO,NO
414153,F,46 a 55 años,Entre 1 y 1.5 SMLV,SIGMA,LAMBDA,TAU,BETA,EMP_000001,,NO,NO,NO,NO,NO
414203,M,Mayor de 55 años,Entre 1.5 y 2 SMLV,SIGMA,IOTA,PI,UPSILON,EMP_000001,,NO,NO,NO,NO,NO
414253,M,36 a 45 años,Entre 2 y 2.5 SMLV,PI,RHO,PI,OMEGA,EMP_000001,BOGOTA D.C.,NO,NO,NO,NO,NO
414303,F,36 a 45 años,Entre 10 y 20 SMLV,ZETA,EPSILON,PI,XI,EMP_000002,BOGOTA D.C.,NO,NO,NO,NO,NO
414353,F,20 a 35 años,Menor al SMLV,SIGMA,LAMBDA,TAU,XI,EMP_000002,BOGOTA D.C.,NO,NO,NO,NO,NO
414403,M,20 a 35 años,Entre 1 y 1.5 SMLV,SIGMA,LAMBDA,TAU,ETA,EMP_000001,,NO,NO,NO,NO,NO
414453,M,20 a 35 años,Entre 1 y 1.5 SMLV,PI,LAMBDA,TAU,LAMBDA,EMP_000001,,NO,NO,NO,NO,NO
414503,F,36 a 45 años,Entre 1 y 1.5 SMLV,SIGMA,RHO,TAU,XI,EMP_000002,BOGOTA D.C.,NO,NO,NO,NO,NO
414553,M,46 a 55 años,Entre 4 y 6 SMLV,ZETA,IOTA,PI,UPSILON,EMP_000001,BOGOTA D.C.,NO,NO,NO,NO,NO
414603,M,46 a 55 años,Entre 1 y 1.5 SMLV,SIGMA,LAMBDA,TAU,ETA,EMP_000001,,NO,NO,NO,NO,NO
414653,F,46 a 55 años,Entre 1 y 1.5 SMLV,PI,RHO,TAU,LAMBDA,EMP_000001,BOGOTA D.C.,NO,NO,NO,NO,NO
414703,F,20 a 35 años,Entre 1 y 1.5 SMLV,SIGMA,LAMBDA,ETA,PSI,EMP_000001,BOGOTA D.C.,NO,NO,NO,NO,NO
414753,F,20 a 35 años,Entre 1 y 1.5 SMLV,PI,LAMBDA,TAU,LAMBDA,EMP_000001,BOGOTA D.C.,NO,NO,NO,NO,NO
414803,M,Mayor de 55 años,Entre 1 y 1.5 SMLV,SIGMA,IOTA,TAU,ETA,EMP_000001,BOGOTA D.C.,NO,NO,NO,NO,NO
414853,F,20 a 35 años,Entre 1 y 1.5 SMLV,SIGMA,RHO,TAU,ETA,EMP_000001,,NO,NO,NO,NO,NO
414903,F,Mayor de 55 años,Entre 1 y 1.5 SMLV,SIGMA,IOTA,TAU,ETA,EMP_000001,BOGOTA D.C.,NO,NO,NO,NO,NO
414953,F,Mayor de 55 años,Entre 1 y 1.5 SMLV,SIGMA,IOTA,TAU,KAPPA,EMP_000001,,NO,NO,NO,NO,NO
415003,F,46 a 55 años,Menor al SMLV,SIGMA,LAMBDA,TAU,ETA,EMP_000001,BOGOTA D.C.,NO,NO,NO,NO,NO
415053,M,20 a 35 años,Entre 1 y 1.5 SMLV,SIGMA,LAMBDA,TAU,UPSILON,EMP_000001,,NO,NO,NO,NO,NO
415103,M,20 a 35 años,Entre 1 y 1.5 SMLV,SIGMA,LAMBDA,TAU,ETA,EMP_000001,,NO,NO,NO,NO,NO
415153,F,36 a 45 años,Entre 10 y 20 SMLV,ZETA,LAMBDA,ETA,XI,EMP_000002,,NO,NO,NO,NO,NO
415203,M,20 a 35 años,Entre 1.5 y 2 SMLV,SIGMA,LAMBDA,ETA,DELTA,EMP_000001,,NO,NO,NO,NO,NO
415253,F,46 a 55 años,Entre 1.5 y 2 SMLV,SIGMA,LAMBDA,PI,OMEGA,EMP_000001,BOGOTA D.C.,NO,NO,NO,NO,NO
415303,F,36 a 45 años,Menor al SMLV,SIGMA,IOTA,TAU,ETA,EMP_000001,,NO,NO,NO,NO,NO
415353,M,36 a 45 años,Entre 1 y 1.5 SMLV,SIGMA,LAMBDA,ETA,BETA,EMP_000001,,NO,NO,NO,NO,NO
415403,M,36 a 45 años,Entre 1 y 1.5 SMLV,SIGMA,RHO,TAU,OMEGA,EMP_000001,CAJICA,NO,NO,NO,NO,NO
415453,M,20 a 35 años,Entre 4 y 6 SMLV,ZETA,LAMBDA,ETA,UPSILON,EMP_000001,BOGOTA D.C.,NO,NO,NO,NO,NO
415503,F,36 a 45 años,Menor al SMLV,SIGMA,EPSILON,TAU,ETA,EMP_000001,BOGOTA D.C.,NO,NO,NO,NO,NO
415553,F,20 a 35 años,Entre 2 y 2.5 SMLV,PI,LAMBDA,ETA,XI,EMP_000002,BOGOTA D.C.,NO,NO,NO,NO,NO
415603,F,36 a 45 años,Entre 1 y 1.5 SMLV,SIGMA,LAMBDA,TAU,ETA,EMP_000001,BOGOTA D.C.,NO,NO,NO,NO,NO
415653,F,36 a 45 años,Menor al SMLV,PI,LAMBDA,PI,DELTA,EMP_000001,BOGOTA D.C.,NO,NO,NO,NO,NO
415703,M,Mayor de 55 años,Menor al SMLV,SIGMA,IOTA,TAU,KAPPA,EMP_000001,BOGOTA D.C.,NO,NO,NO,NO,NO
415753,M,20 a 35 años,Entre 1 y 1.5 SMLV,SIGMA,LAMBDA,TAU,DELTA,EMP_000001,,NO,NO,NO,NO,NO
415803,F,46 a 55 años,Entre 4 y 6 SMLV,ZETA,LAMBDA,PI,UPSILON,EMP_000001,,NO,NO,NO,NO,NO
415853,M,46 a 55 años,Entre 2 y 2.5 SMLV,PI,RHO,PI,XI,EMP_000002,BOGOTA D.C.,NO,NO,NO,NO,NO
415903,M,20 a 35 años,Entre 1 y 1.5 SMLV,SIGMA,LAMBDA,ETA,XI,EMP_000002,,NO,NO,NO,NO,NO
415953,F,Mayor de 55 años,Entre 1 y 1.5 SMLV,SIGMA,IOTA,PI,XI,EMP_000002,BOGOTA D.C.,NO,NO,NO,NO,NO
416003,F,36 a 45 años,Entre 1 y 1.5 SMLV,SIGMA,LAMBDA,TAU,BETA,EMP_000001,,NO,NO,NO,NO,NO
416053,F,Mayor de 55 años,Entre 4 y 6 SMLV,ZETA,LAMBDA,PI,XI,EMP_000002,TABIO,NO,NO,NO,NO,NO
416103,M,20 a 35 años,Entre 1 y 1.5 SMLV,SIGMA,LAMBDA,TAU,DELTA,EMP_000001,,NO,NO,NO,NO,NO
416153,M,36 a 45 años,Entre 1 y 1.5 SMLV,SIGMA,LAMBDA,TAU,ETA,EMP_000001,,NO,NO,NO,NO,NO
416203,M,36 a 45 años,Menor al SMLV,SIGMA,LAMBDA,TAU,ETA,EMP_000001,,NO,NO,NO,NO,NO
416253,M,20 a 35 años,Entre 1 y 1.5 SMLV,SIGMA,LAMBDA,ETA,BETA,EMP_000001,,NO,NO,NO,NO,NO
416303,F,20 a 35 años,,MU,THETA,OMEGA,OMICRON,EMP_000001,,NO,NO,NO,NO,NO
416353,M,20 a 35 años,Entre 8 y 10 SMLV,ZETA,LAMBDA,ETA,XI,EMP_000002,,NO,NO,NO,NO,NO
416403,M,Mayor de 55 años,Entre 1.5 y 2 SMLV,SIGMA,EPSILON,PI,KAPPA,EMP_000001,,NO,NO,NO,NO,NO
416453,M,36 a 45 años,Entre 1 y 1.5 SMLV,SIGMA,LAMBDA,TAU,ETA,EMP_000001,,NO,NO,NO,NO,NO
416503,F,36 a 45 años,Entre 2.5 y 3 SMLV,PI,RHO,PI,ETA,EMP_000001,BOGOTA D.C.,NO,NO,NO,NO,NO
416553,M,36 a 45 años,Entre 1.5 y 2 SMLV,PI,RHO,PI,DELTA,EMP_000001,MADRID,NO,NO,NO,NO,NO
416603,F,20 a 35 años,Entre 1 y 1.5 SMLV,SIGMA,LAMBDA,TAU,ETA,EMP_000001,,NO,NO,NO,NO,NO
416653,F,46 a 55 años,Entre 1 y 1.5 SMLV,SIGMA,LAMBDA,PI,UPSILON,EMP_000001,ZIPAQUIRA,NO,NO,NO,NO,NO
416703,F,36 a 45 años,Entre 1 y 1.5 SMLV,SIGMA,RHO,PI,UPSILON,EMP_000001,,NO,NO,NO,NO,NO
416753,M,20 a 35 años,Entre 1 y 1.5 SMLV,SIGMA,LAMBDA,ETA,BETA,EMP_000001,,NO,NO,NO,NO,NO
416803,M,36 a 45 años,Entre 1 y 1.5 SMLV,SIGMA,CHI,PI,UPSILON,EMP_000001,BOGOTA D.C.,NO,NO,NO,NO,NO
416853,M,Menor de 19 años,Entre 1 y 1.5 SMLV,SIGMA,LAMBDA,ETA,DELTA,EMP_000001,,NO,NO,NO,NO,NO
416903,F,36 a 45 años,Entre 1 y 1.5 SMLV,SIGMA,RHO,TAU,DELTA,EMP_000001,,NO,NO,NO,NO,NO
416953,F,20 a 35 años,Entre 1 y 1.5 SMLV,SIGMA,LAMBDA,ETA,XI,EMP_000002,,NO,NO,NO,NO,NO
417003,F,20 a 35 años,Entre 1 y 1.5 SMLV,PI,LAMBDA,TAU,LAMBDA,EMP_000001,BOGOTA D.C.,NO,NO,NO,NO,NO
417053,F,36 a 45 años,Entre 1 y 1.5 SMLV,SIGMA,RHO,TAU,UPSILON,EMP_000001,BOGOTA D.C.,NO,NO,NO,NO,NO
417103,F,20 a 35 años,Entre 1 y 1.5 SMLV,SIGMA,LAMBDA,ETA,UPSILON,EMP_000001,,NO,NO,NO,NO,NO
417153,M,20 a 35 años,Entre 1 y 1.5 SMLV,SIGMA,RHO,PI,XI,EMP_000001,,NO,NO,NO,NO,NO
417203,F,46 a 55 años,Entre 1 y 1.5 SMLV,SIGMA,EPSILON,TAU,XI,EMP_000002,BOGOTA D.C.,NO,NO,NO,NO,NO
417253,M,36 a 45 años,Entre 1 y 1.5 SMLV,SIGMA,LAMBDA,TAU,ETA,EMP_000001,,NO,NO,NO,NO,NO
417303,M,20 a 35 años,Entre 1 y 1.5 SMLV,SIGMA,LAMBDA,ETA,ETA,EMP_000001,,NO,NO,NO,NO,NO
417353,M,36 a 45 años,Entre 1 y 1.5 SMLV,SIGMA,LAMBDA,PI,DELTA,EMP_000001,,NO,NO,NO,NO,NO
417403,M,46 a 55 años,Entre 10 y 20 SMLV,ZETA,IOTA,PI,XI,EMP_000002,BOGOTA D.C.,NO,NO,NO,NO,NO
417453,M,36 a 45 años,Entre 1 y 1.5 SMLV,SIGMA,LAMBDA,PI,UPSILON,EMP_000001,FUNZA,NO,NO,NO,NO,NO
417503,F,Mayor de 55 años,Entre 1 y 1.5 SMLV,SIGMA,LAMBDA,TAU,ETA,EMP_000001,BOGOTA D.C.,NO,NO,NO,NO,NO
417553,M,36 a 45 años,Entre 1 y 1.5 SMLV,SIGMA,RHO,PI,UPSILON,EMP_000001,BOGOTA D.C.,NO,NO,NO,NO,NO
417603,M,46 a 55 años,Entre 1 y 1.5 SMLV,SIGMA,RHO,TAU,ETA,EMP_000001,FUNZA,NO,NO,NO,NO,NO
417653,M,46 a 55 años,Entre 8 y 10 SMLV,ZETA,LAMBDA,PI,OMEGA,EMP_000001,,NO,NO,NO,NO,NO
417703,M,36 a 45 años,Entre 10 y 20 SMLV,ZETA,RHO,PI,XI,EMP_000002,,NO,NO,NO,NO,NO
417753,M,46 a 55 años,Entre 1 y 1.5 SMLV,SIGMA,LAMBDA,TAU,ETA,EMP_000001,SOACHA,NO,NO,NO,NO,NO
417803,M,46 a 55 años,Entre 1.5 y 2 SMLV,SIGMA,RHO,PI,ETA,EMP_000001,,NO,NO,NO,NO,NO
417853,F,36 a 45 años,Entre 1.5 y 2 SMLV,SIGMA,RHO,PI,ETA,EMP_000001,,NO,NO,NO,NO,NO
417903,M,20 a 35 años,Entre 1.5 y 2 SMLV,PI,LAMBDA,ETA,ETA,EMP_000001,BOGOTA D.C.,NO,NO,NO,NO,NO
417953,M,46 a 55 años,Entre 4 y 6 SMLV,ZETA,RHO,PI,XI,EMP_000001,BOGOTA D.C.,NO,NO,NO,NO,NO
418003,F,Menor de 19 años,Entre 1 y 1.5 SMLV,SIGMA,LAMBDA,TAU,UPSILON,EMP_000002,,NO,NO,NO,NO,NO
418053,M,20 a 35 años,Entre 1 y 1.5 SMLV,SIGMA,LAMBDA,ETA,OMEGA,EMP_000001,,NO,NO,NO,NO,NO
418103,M,20 a 35 años,Entre 1 y 1.5 SMLV,SIGMA,RHO,PI,XI,EMP_000002,,NO,NO,NO,NO,NO
418153,M,20 a 35 años,Entre 1 y 1.5 SMLV,SIGMA,EPSILON,TAU,ETA,EMP_000001,,NO,NO,NO,NO,NO
418203,F,20 a 35 años,Menor al SMLV,SIGMA,LAMBDA,TAU,ETA,EMP_000001,BOGOTA D.C.,NO,NO,NO,NO,NO
418253,F,Mayor de 55 años,Entre 1 y 1.5 SMLV,SIGMA,LAMBDA,PI,KAPPA,EMP_000001,FACATATIVA,NO,NO,NO,NO,NO
418303,M,36 a 45 años,Entre 1 y 1.5 SMLV,SIGMA,EPSILON,TAU,XI,EMP_000002,,NO,NO,NO,NO,NO
418353,F,20 a 35 años,Entre 1 y 1.5 SMLV,SIGMA,LAMBDA,ETA,BETA,EMP_000001,,NO,NO,NO,NO,NO
418403,F,36 a 45 años,Entre 1 y 1.5 SMLV,SIGMA,RHO,TAU,DELTA,EMP_000001,BOGOTA D.C.,NO,NO,NO,NO,NO
418453,M,20 a 35 años,Entre 1.5 y 2 SMLV,SIGMA,CHI,PI,UPSILON,EMP_000001,,NO,NO,NO,NO,NO
418503,M,36 a 45 años,Entre 1 y 1.5 SMLV,SIGMA,EPSILON,TAU,XI,EMP_000002,GIRARDOT,NO,NO,NO,NO,NO
418553,M,Mayor de 55 años,Entre 1 y 1.5 SMLV,SIGMA,IOTA,TAU,ETA,EMP_000001,,NO,NO,NO,NO,NO
418603,F,46 a 55 años,Entre 1 y 1.5 SMLV,SIGMA,RHO,PI,UPSILON,EMP_000001,BOGOTA D.C.,NO,NO,NO,NO,NO
418653,F,46 a 55 años,Menor al SMLV,SIGMA,LAMBDA,TAU,XI,EMP_000002,BOGOTA D.C.,NO,NO,NO,NO,NO
418703,F,46 a 55 años,Entre 3 y 4 SMLV,PI,LAMBDA,PI,XI,EMP_000002,,NO,NO,NO,NO,NO
418753,M,46 a 55 años,Menor al SMLV,SIGMA,LAMBDA,TAU,ETA,EMP_000001,BOGOTA D.C.,NO,NO,NO,NO,NO
418803,M,36 a 45 años,Entre 1 y 1.5 SMLV,SIGMA,RHO,PI,OMEGA,EMP_000001,BOGOTA D.C.,NO,NO,NO,NO,NO
418853,M,36 a 45 años,Entre 1 y 1.5 SMLV,SIGMA,LAMBDA,PI,BETA,EMP_000001,,NO,NO,NO,NO,NO
418903,F,20 a 35 años,Entre 1 y 1.5 SMLV,SIGMA,RHO,PI,UPSILON,EMP_000001,,NO,NO,NO,NO,NO
418953,F,46 a 55 años,Entre 1.5 y 2 SMLV,PI,LAMBDA,PI,ETA,EMP_000001,BOGOTA D.C.,NO,NO,NO,NO,NO
419003,M,20 a 35 años,Entre 1 y 1.5 SMLV,PI,LAMBDA,ETA,LAMBDA,EMP_000001,,NO,NO,NO,NO,NO
419053,M,20 a 35 años,Menor al SMLV,SIGMA,THETA,TAU,OMICRON,EMP_000001,,NO,NO,NO,NO,NO
419103,M,36 a 45 años,Entre 1 y 1.5 SMLV,SIGMA,LAMBDA,PI,UPSILON,EMP_000001,BOGOTA D.C.,NO,NO,NO,NO,NO
419153,M,46 a 55 años,Entre 1 y 1.5 SMLV,SIGMA,RHO,TAU,ETA,EMP_000001,BOGOTA D.C.,NO,NO,NO,NO,NO
419203,M,20 a 35 años,Entre 1 y 1.5 SMLV,SIGMA,LAMBDA,TAU,ETA,EMP_000001,BOGOTA D.C.,NO,NO,NO,NO,NO
419253,M,20 a 35 años,Entre 1 y 1.5 SMLV,SIGMA,RHO,TAU,OMEGA,EMP_000001,,NO,NO,NO,NO,NO
419303,F,20 a 35 años,Entre 4 y 6 SMLV,ZETA,LAMBDA,ETA,UPSILON,EMP_000001,GIRARDOT,NO,NO,NO,NO,NO
419353,M,Mayor de 55 años,Entre 1 y 1.5 SMLV,SIGMA,LAMBDA,TAU,OMEGA,EMP_000001,BOGOTA D.C.,NO,NO,NO,NO,NO
419403,M,46 a 55 años,Entre 2 y 2.5 SMLV,PI,LAMBDA,PI,ETA,EMP_000001,,NO,NO,NO,NO,NO
419453,F,36 a 45 años,Entre 1.5 y 2 SMLV,SIGMA,EPSILON,PI,ETA,EMP_000001,BOGOTA D.C.,NO,NO,NO,NO,NO
419503,M,20 a 35 años,Entre 1 y 1.5 SMLV,SIGMA,RHO,TAU,ETA,EMP_000001,,NO,NO,NO,NO,NO
419553,M,46 a 55 años,Entre 1.5 y 2 SMLV,SIGMA,EPSILON,PI,ETA,EMP_000001,GACHANCIPA,NO,NO,NO,NO,NO
419603,M,20 a 35 años,Entre 1 y 1.5 SMLV,SIGMA,LAMBDA,ETA,BETA,EMP_000001,,NO,NO,NO,NO,NO
419653,M,46 a 55 años,Entre 1 y 1.5 SMLV,SIGMA,LAMBDA,TAU,ETA,EMP_000001,,NO,NO,NO,NO,NO
419703,F,20 a 35 años,Entre 1 y 1.5 SMLV,SIGMA,LAMBDA,ETA,ETA,EMP_000001,,NO,NO,NO,NO,NO
419753,M,20 a 35 años,Entre 1 y 1.5 SMLV,SIGMA,LAMBDA,ETA,XI,EMP_000002,,NO,NO,NO,NO,NO
419803,M,46 a 55 años,Menor al SMLV,SIGMA,LAMBDA,TAU,ETA,EMP_000001,,NO,NO,NO,NO,NO
419853,F,46 a 55 años,Entre 2.5 y 3 SMLV,PI,LAMBDA,PI,PSI,EMP_000001,BOGOTA D.C.,NO,NO,NO,NO,NO
419903,F,36 a 45 años,Entre 1 y 1.5 SMLV,SIGMA,RHO,TAU,UPSILON,EMP_000001,,NO,NO,NO,NO,NO
419953,F,20 a 35 años,Entre 1 y 1.5 SMLV,PI,RHO,TAU,LAMBDA,EMP_000001,,NO,NO,NO,NO,NO
420003,F,20 a 35 años,Entre 1 y 1.5 SMLV,SIGMA,LAMBDA,ETA,DELTA,EMP_000001,,NO,NO,NO,NO,NO
420053,M,20 a 35 años,Entre 1 y 1.5 SMLV,SIGMA,LAMBDA,TAU,XI,EMP_000001,,NO,NO,NO,NO,NO
420103,F,36 a 45 años,Entre 10 y 20 SMLV,ZETA,LAMBDA,ETA,XI,EMP_000002,BOGOTA D.C.,NO,NO,NO,NO,NO
420153,M,Mayor de 55 años,Menor al SMLV,SIGMA,IOTA,TAU,ETA,EMP_000001,,NO,NO,NO,NO,NO
420203,F,Mayor de 55 años,Entre 1 y 1.5 SMLV,SIGMA,LAMBDA,TAU,ETA,EMP_000001,,NO,NO,NO,NO,NO
420253,F,Menor de 19 años,,MU,THETA,OMEGA,OMICRON,EMP_000001,,NO,NO,NO,NO,NO
420303,F,20 a 35 años,Menor al SMLV,SIGMA,LAMBDA,TAU,ETA,EMP_000001,,NO,NO,NO,NO,NO
420353,M,20 a 35 años,,MU,THETA,OMEGA,OMICRON,EMP_000001,,NO,NO,NO,NO,NO
420403,M,46 a 55 años,Entre 1.5 y 2 SMLV,SIGMA,RHO,PI,UPSILON,EMP_000001,BOGOTA D.C.,NO,NO,NO,NO,NO
420453,M,36 a 45 años,Entre 1 y 1.5 SMLV,SIGMA,LAMBDA,TAU,UPSILON,EMP_000001,,NO,NO,NO,NO,NO
420503,M,20 a 35 años,Entre 1 y 1.5 SMLV,SIGMA,LAMBDA,ETA,BETA,EMP_000001,,NO,NO,NO,NO,NO
420553,F,Menor de 19 años,Entre 1 y 1.5 SMLV,SIGMA,LAMBDA,TAU,DELTA,EMP_000001,,NO,NO,NO,NO,NO
420603,M,20 a 35 años,Entre 1 y 1.5 SMLV,SIGMA,LAMBDA,ETA,ETA,EMP_000001,,NO,NO,NO,NO,NO
420653,M,20 a 35 años,Entre 1 y 1.5 SMLV,SIGMA,RHO,TAU,UPSILON,EMP_000001,,NO,NO,NO,NO,NO
420703,F,46 a 55 años,Entre 1 y 1.5 SMLV,SIGMA,LAMBDA,PI,ETA,EMP_000001,BOGOTA D.C.,NO,NO,NO,NO,NO
420753,M,20 a 35 años,Menor al SMLV,SIGMA,LAMBDA,TAU,UPSILON,EMP_000001,,NO,NO,NO,NO,NO
420803,M,20 a 35 años,Entre 1 y 1.5 SMLV,SIGMA,LAMBDA,TAU,ETA,EMP_000001,,NO,NO,NO,NO,NO
420853,M,20 a 35 años,Entre 1 y 1.5 SMLV,SIGMA,LAMBDA,ETA,BETA,EMP_000001,,NO,NO,NO,NO,NO
420903,M,Mayor de 55 años,Entre 1.5 y 2 SMLV,SIGMA,RHO,PI,XI,EMP_000001,BOGOTA D.C.,NO,NO,NO,NO,NO
420953,M,Mayor de 55 años,Menor al SMLV,SIGMA,RHO,TAU,OMEGA,EMP_000001,BOGOTA D.C.,NO,NO,NO,NO,NO
421003,M,36 a 45 años,Menor al SMLV,SIGMA,LAMBDA,TAU,ETA,EMP_000001,,NO,NO,NO,NO,NO
421053,M,20 a 35 años,Entre 4 y 6 SMLV,ZETA,LAMBDA,ETA,DELTA,EMP_000001,,NO,NO,NO,NO,NO
421103,M,36 a 45 años,Entre 2 y 2.5 SMLV,PI,LAMBDA,PI,ETA,EMP_000001,,NO,NO,NO,NO,NO
421153,M,36 a 45 años,Entre 2.5 y 3 SMLV,PI,LAMBDA,ETA,XI,EMP_000002,BOGOTA D.C.,NO,NO,NO,NO,NO
421203,F,36 a 45 años,Entre 1 y 1.5 SMLV,SIGMA,LAMBDA,ETA,ETA,EMP_000001,BOGOTA D.C.,NO,NO,NO,NO,NO
421253,M,20 a 35 años,Entre 1.5 y 2 SMLV,SIGMA,LAMBDA,ETA,UPSILON,EMP_000001,BOGOTA D.C.,NO,NO,NO,NO,NO
421303,M,36 a 45 años,Entre 1 y 1.5 SMLV,SIGMA,RHO,TAU,DELTA,EMP_000001,SUBACHOQUE,NO,NO,NO,NO,NO
421353,F,20 a 35 años,Entre 1 y 1.5 SMLV,SIGMA,RHO,PI,XI,EMP_000002,,NO,NO,NO,NO,NO
421403,M,46 a 55 años,Entre 4 y 6 SMLV,ZETA,EPSILON,PI,XI,EMP_000002,SOACHA,NO,NO,NO,NO,NO
421453,M,Mayor de 55 años,Entre 2 y 2.5 SMLV,PI,CHI,PI,XI,EMP_000002,,NO,NO,NO,NO,NO
421503,F,20 a 35 años,Entre 1 y 1.5 SMLV,SIGMA,RHO,TAU,XI,EMP_000002,,NO,NO,NO,NO,NO
421553,F,20 a 35 años,Entre 4 y 6 SMLV,ZETA,LAMBDA,ETA,XI,EMP_000002,FACATATIVA,NO,NO,NO,NO,NO
421603,M,20 a 35 años,Entre 1 y 1.5 SMLV,SIGMA,LAMBDA,ETA,BETA,EMP_000001,,NO,NO,NO,NO,NO
421653,F,Mayor de 55 años,Entre 4 y 6 SMLV,ZETA,IOTA,PI,XI,EMP_000002,BOGOTA D.C.,NO,NO,NO,NO,NO
421703,M,Mayor de 55 años,Entre 1 y 1.5 SMLV,SIGMA,IOTA,TAU,KAPPA,EMP_000001,,NO,NO,NO,NO,NO
421753,F,36 a 45 años,Entre 4 y 6 SMLV,ZETA,RHO,PI,ETA,EMP_000001,,NO,NO,NO,NO,NO
421803,F,20 a 35 años,Entre 1 y 1.5 SMLV,SIGMA,LAMBDA,TAU,UPSILON,EMP_000001,,NO,NO,NO,NO,NO
421853,F,36 a 45 años,Entre 1 y 1.5 SMLV,SIGMA,LAMBDA,PI,ETA,EMP_000001,COTA,NO,NO,NO,NO,NO
421903,F,Mayor de 55 años,Entre 1 y 1.5 SMLV,SIGMA,LAMBDA,TAU,XI,EMP_000002,,NO,NO,NO,NO,NO
421953,F,36 a 45 años,Entre 1.5 y 2 SMLV,SIGMA,CHI,PI,UPSILON,EMP_000001,BOGOTA D.C.,NO,NO,NO,NO,NO
422003,M,20 a 35 años,Entre 1 y 1.5 SMLV,SIGMA,LAMBDA,ETA,BETA,EMP_000001,,NO,NO,NO,NO,NO
422053,M,20 a 35 años,Entre 1 y 1.5 SMLV,SIGMA,LAMBDA,ETA,BETA,EMP_000001,,NO,NO,NO,NO,NO
422103,M,46 a 55 años,Entre 1 y 1.5 SMLV,PI,EPSILON,TAU,LAMBDA,EMP_000001,,NO,NO,NO,NO,NO
422153,F,46 a 55 años,Entre 1.5 y 2 SMLV,SIGMA,RHO,PI,UPSILON,EMP_000001,BOGOTA D.C.,NO,NO,NO,NO,NO
422203,F,20 a 35 años,Entre 1 y 1.5 SMLV,SIGMA,LAMBDA,TAU,ETA,EMP_000001,,NO,NO,NO,NO,NO
422253,M,36 a 45 años,Entre 1 y 1.5 SMLV,SIGMA,EPSILON,TAU,DELTA,EMP_000001,BOGOTA D.C.,NO,NO,NO,NO,NO
422303,M,20 a 35 años,Entre 1.5 y 2 SMLV,SIGMA,LAMBDA,ETA,DELTA,EMP_000001,BOGOTA D.C.,NO,NO,NO,NO,NO
422353,M,36 a 45 años,Entre 1 y 1.5 SMLV,SIGMA,EPSILON,TAU,DELTA,EMP_000001,,NO,NO,NO,NO,NO
422403,M,20 a 35 años,Entre 2.5 y 3 SMLV,PI,LAMBDA,ETA,UPSILON,EMP_000001,,NO,NO,NO,NO,NO
422453,M,36 a 45 años,Entre 1 y 1.5 SMLV,SIGMA,RHO,TAU,UPSILON,EMP_000001,BOGOTA D.C.,NO,NO,NO,NO,NO
422503,F,36 a 45 años,Entre 2 y 2.5 SMLV,PI,RHO,PI,DELTA,EMP_000001,,NO,NO,NO,NO,NO
422553,F,36 a 45 años,Entre 1 y 1.5 SMLV,SIGMA,IOTA,TAU,OMEGA,EMP_000001,,NO,NO,NO,NO,NO
422603,F,Mayor de 55 años,Entre 1 y 1.5 SMLV,SIGMA,LAMBDA,TAU,KAPPA,EMP_000001,BOGOTA D.C.,NO,NO,NO,NO,NO
422653,F,20 a 35 años,Entre 1 y 1.5 SMLV,PI,LAMBDA,TAU,LAMBDA,EMP_000001,,NO,NO,NO,NO,NO
422703,M,36 a 45 años,Entre 1 y 1.5 SMLV,SIGMA,RHO,PI,DELTA,EMP_000001,BOGOTA D.C.,NO,NO,NO,NO,NO
422753,M,20 a 35 años,Entre 1 y 1.5 SMLV,SIGMA,LAMBDA,TAU,ETA,EMP_000001,,NO,NO,NO,NO,NO
422803,M,20 a 35 años,Entre 2 y 2.5 SMLV,PI,LAMBDA,ETA,UPSILON,EMP_000001,GIRARDOT,NO,NO,NO,NO,NO
422853,M,36 a 45 años,Entre 1 y 1.5 SMLV,SIGMA,LAMBDA,TAU,XI,EMP_000002,BOGOTA D.C.,NO,NO,NO,NO,NO
422903,F,36 a 45 años,Entre 1 y 1.5 SMLV,SIGMA,LAMBDA,TAU,XI,EMP_000002,,NO,NO,NO,NO,NO
422953,F,36 a 45 años,Entre 2 y 2.5 SMLV,PI,RHO,PI,ETA,EMP_000001,,NO,NO,NO,NO,NO
423003,M,20 a 35 años,Entre 1 y 1.5 SMLV,SIGMA,LAMBDA,ETA,ETA,EMP_000001,,NO,NO,NO,NO,NO
423053,F,Mayor de 55 años,Entre 1 y 1.5 SMLV,SIGMA,LAMBDA,PI,KAPPA,EMP_000001,,NO,NO,NO,NO,NO
423103,F,20 a 35 años,Entre 1 y 1.5 SMLV,SIGMA,RHO,PI,UPSILON,EMP_000001,,NO,NO,NO,NO,NO
423153,M,36 a 45 años,Entre 1 y 1.5 SMLV,SIGMA,RHO,TAU,ETA,EMP_000001,MADRID,NO,NO,NO,NO,NO
423203,F,20 a 35 años,Entre 1 y 1.5 SMLV,SIGMA,LAMBDA,ETA,XI,EMP_000001,,NO,NO,NO,NO,NO
423253,F,46 a 55 años,Entre 2.5 y 3 SMLV,PI,EPSILON,PI,XI,EMP_000002,BOGOTA D.C.,NO,NO,NO,NO,NO
423303,M,36 a 45 años,Entre 1 y 1.5 SMLV,SIGMA,RHO,TAU,UPSILON,EMP_000001,BOGOTA D.C.,NO,NO,NO,NO,NO
423353,F,36 a 45 años,Entre 3 y 4 SMLV,PI,RHO,PI,XI,EMP_000002,BOGOTA D.C.,NO,NO,NO,NO,NO
423403,F,46 a 55 años,Entre 2 y 2.5 SMLV,PI,EPSILON,PI,XI,EMP_000002,,NO,NO,NO,NO,NO
423453,F,36 a 45 años,Entre 1.5 y 2 SMLV,SIGMA,LAMBDA,PI,XI,EMP_000002,,NO,NO,NO,NO,NO
423503,F,20 a 35 años,Entre 1 y 1.5 SMLV,SIGMA,LAMBDA,TAU,XI,EMP_000001,,NO,NO,NO,NO,NO
423553,F,36 a 45 años,Entre 3 y 4 SMLV,PI,LAMBDA,PI,XI,EMP_000002,BOGOTA D.C.,NO,NO,NO,NO,NO
423603,M,46 a 55 años,Entre 1 y 1.5 SMLV,SIGMA,IOTA,PI,ETA,EMP_000001,COTA,NO,NO,NO,NO,NO
423653,M,46 a 55 años,Entre 4 y 6 SMLV,ZETA,RHO,PI,UPSILON,EMP_000001,,NO,NO,NO,NO,NO
423703,M,36 a 45 años,Entre 3 y 4 SMLV,PI,RHO,PI,XI,EMP_000002,BOGOTA D.C.,NO,NO,NO,NO,NO
423753,F,20 a 35 años,Entre 1 y 1.5 SMLV,SIGMA,RHO,TAU,ETA,EMP_000001,,NO,NO,NO,NO,NO
423803,M,46 a 55 años,Entre 1 y 1.5 SMLV,SIGMA,THETA,PI,UPSILON,EMP_000001,BOGOTA D.C.,NO,NO,NO,NO,NO
423853,F,36 a 45 años,Menor al SMLV,SIGMA,IOTA,PI,ETA,EMP_000001,,NO,NO,NO,NO,NO
423903,M,36 a 45 años,Menor al SMLV,SIGMA,LAMBDA,PI,ETA,EMP_000001,,NO,NO,NO,NO,NO
423953,M,Mayor de 55 años,Entre 1 y 1.5 SMLV,SIGMA,LAMBDA,TAU,DELTA,EMP_000001,,NO,NO,NO,NO,NO
424003,F,20 a 35 años,Entre 1 y 1.5 SMLV,SIGMA,LAMBDA,ETA,ETA,EMP_000001,BOGOTA D.C.,NO,NO,NO,NO,NO
424053,F,20 a 35 años,Entre 2 y 2.5 SMLV,PI,LAMBDA,ETA,ETA,EMP_000001,BOGOTA D.C.,NO,NO,NO,NO,NO
424103,F,20 a 35 años,Entre 1 y 1.5 SMLV,SIGMA,RHO,TAU,ETA,EMP_000001,BOGOTA D.C.,NO,NO,NO,NO,NO
424153,M,20 a 35 años,Entre 1 y 1.5 SMLV,SIGMA,LAMBDA,TAU,ETA,EMP_000001,,NO,NO,NO,NO,NO
424203,F,36 a 45 años,Entre 1.5 y 2 SMLV,PI,RHO,PI,XI,EMP_000002,BOGOTA D.C.,NO,NO,NO,NO,NO
424253,F,46 a 55 años,Entre 1 y 1.5 SMLV,SIGMA,RHO,TAU,ETA,EMP_000001,,NO,NO,NO,NO,NO
424303,M,20 a 35 años,Entre 1 y 1.5 SMLV,SIGMA,LAMBDA,ETA,BETA,EMP_000001,,NO,NO,NO,NO,NO
424353,F,46 a 55 años,Entre 1 y 1.5 SMLV,SIGMA,EPSILON,TAU,ETA,EMP_000001,,NO,NO,NO,NO,NO
424403,F,20 a 35 años,Entre 1 y 1.5 SMLV,SIGMA,LAMBDA,ETA,ETA,EMP_000001,,NO,NO,NO,NO,NO
424453,M,Mayor de 55 años,Entre 1 y 1.5 SMLV,SIGMA,IOTA,TAU,ETA,EMP_000001,,NO,NO,NO,NO,NO
424503,F,20 a 35 años,Entre 1 y 1.5 SMLV,SIGMA,RHO,PI,ETA,EMP_000001,,NO,NO,NO,NO,NO
424553,F,36 a 45 años,Entre 1 y 1.5 SMLV,SIGMA,RHO,PI,XI,EMP_000002,MOSQUERA,NO,NO,NO,NO,NO
424603,F,36 a 45 años,Entre 4 y 6 SMLV,ZETA,LAMBDA,PI,DELTA,EMP_000001,,NO,NO,NO,NO,NO
424653,M,Mayor de 55 años,Entre 1.5 y 2 SMLV,SIGMA,LAMBDA,PI,UPSILON,EMP_000001,SOACHA,NO,NO,NO,NO,NO
424703,M,20 a 35 años,Entre 1 y 1.5 SMLV,SIGMA,LAMBDA,ETA,UPSILON,EMP_000001,,NO,NO,NO,NO,NO
424753,M,20 a 35 años,Menor al SMLV,SIGMA,LAMBDA,TAU,UPSILON,EMP_000001,,NO,NO,NO,NO,NO
424803,F,36 a 45 años,Entre 2 y 2.5 SMLV,PI,LAMBDA,ETA,UPSILON,EMP_000001,BOGOTA D.C.,NO,NO,NO,NO,NO
424853,F,36 a 45 años,Entre 1 y 1.5 SMLV,SIGMA,RHO,TAU,ETA,EMP_000001,,NO,NO,NO,NO,NO
424903,M,20 a 35 años,Entre 1 y 1.5 SMLV,SIGMA,LAMBDA,TAU,UPSILON,EMP_000002,,NO,NO,NO,NO,NO
424953,M,20 a 35 años,Entre 1.5 y 2 SMLV,PI,RHO,PI,DELTA,EMP_000001,BOGOTA D.C.,NO,NO,NO,NO,NO
425003,M,36 a 45 años,Entre 10 y 20 SMLV,ZETA,LAMBDA,PI,UPSILON,EMP_000001,,NO,NO,NO,NO,NO
425053,F,36 a 45 años,Entre 1 y 1.5 SMLV,SIGMA,RHO,TAU,UPSILON,EMP_000001,,NO,NO,NO,NO,NO
425103,M,36 a 45 años,Entre 6 y 8 SMLV,ZETA,LAMBDA,PI,XI,EMP_000002,BOGOTA D.C.,NO,NO,NO,NO,NO
425153,M,20 a 35 años,Entre 2.5 y 3 SMLV,PI,LAMBDA,ETA,XI,EMP_000001,BOGOTA D.C.,NO,NO,NO,NO,NO
425203,F,46 a 55 años,Entre 1 y 1.5 SMLV,SIGMA,LAMBDA,PI,XI,EMP_000002,BOGOTA D.C.,NO,NO,NO,NO,NO
425253,F,36 a 45 años,Entre 1 y 1.5 SMLV,SIGMA,RHO,PI,UPSILON,EMP_000001,,NO,NO,NO,NO,NO
425303,M,46 a 55 años,Entre 1 y 1.5 SMLV,SIGMA,LAMBDA,PI,ETA,EMP_000001,SOACHA,NO,NO,NO,NO,NO
425353,M,20 a 35 años,Entre 1.5 y 2 SMLV,SIGMA,LAMBDA,ETA,XI,EMP_000002,,NO,NO,NO,NO,NO
425403,M,20 a 35 años,Entre 1 y 1.5 SMLV,SIGMA,LAMBDA,ETA,BETA,EMP_000001,,NO,NO,NO,NO,NO
425453,F,36 a 45 años,Entre 6 y 8 SMLV,ZETA,LAMBDA,PI,ETA,EMP_000001,,NO,NO,NO,NO,NO
425503,M,36 a 45 años,Entre 1 y 1.5 SMLV,SIGMA,RHO,PI,ETA,EMP_000001,,NO,NO,NO,NO,NO
425553,M,46 a 55 años,Entre 1 y 1.5 SMLV,SIGMA,IOTA,PI,XI,EMP_000002,BOGOTA D.C.,NO,NO,NO,NO,NO
425603,F,46 a 55 años,Entre 1 y 1.5 SMLV,SIGMA,LAMBDA,TAU,ETA,EMP_000001,,NO,NO,NO,NO,NO
425653,F,20 a 35 años,Entre 1 y 1.5 SMLV,SIGMA,LAMBDA,TAU,DELTA,EMP_000001,,NO,NO,NO,NO,NO
425703,F,Mayor de 55 años,Entre 1.5 y 2 SMLV,SIGMA,IOTA,PI,XI,EMP_000002,GAMA,NO,NO,NO,NO,NO
425753,F,20 a 35 años,Entre 1 y 1.5 SMLV,SIGMA,LAMBDA,ETA,XI,EMP_000002,,NO,NO,NO,NO,NO
425803,M,20 a 35 años,Entre 4 y 6 SMLV,ZETA,LAMBDA,ETA,DELTA,EMP_000001,,NO,NO,NO,NO,NO
425853,F,20 a 35 años,Entre 1 y 1.5 SMLV,SIGMA,LAMBDA,TAU,ETA,EMP_000001,,NO,NO,NO,NO,NO
425903,M,20 a 35 años,Entre 1 y 1.5 SMLV,SIGMA,LAMBDA,TAU,ETA,EMP_000001,,NO,NO,NO,NO,NO
425953,M,20 a 35 años,Entre 1 y 1.5 SMLV,SIGMA,LAMBDA,ETA,DELTA,EMP_000001,,NO,NO,NO,NO,NO
426003,M,20 a 35 años,Entre 1 y 1.5 SMLV,SIGMA,LAMBDA,ETA,ETA,EMP_000001,BOGOTA D.C.,NO,NO,NO,NO,NO
426053,M,20 a 35 años,Entre 1 y 1.5 SMLV,SIGMA,LAMBDA,ETA,BETA,EMP_000001,,NO,NO,NO,NO,NO
426103,M,46 a 55 años,Menor al SMLV,SIGMA,IOTA,TAU,ETA,EMP_000001,BOGOTA D.C.,NO,NO,NO,NO,NO
426153,M,36 a 45 años,Entre 1 y 1.5 SMLV,SIGMA,LAMBDA,ETA,UPSILON,EMP_000001,,NO,NO,NO,NO,NO
426203,M,46 a 55 años,Menor al SMLV,SIGMA,LAMBDA,TAU,ETA,EMP_000001,,NO,NO,NO,NO,NO
426253,F,20 a 35 años,Entre 1 y 1.5 SMLV,SIGMA,LAMBDA,ETA,XI,EMP_000002,,NO,NO,NO,NO,NO
426303,F,20 a 35 años,Entre 4 y 6 SMLV,ZETA,LAMBDA,ETA,XI,EMP_000002,BOGOTA D.C.,NO,NO,NO,NO,NO
426353,F,20 a 35 años,Entre 6 y 8 SMLV,ZETA,LAMBDA,ETA,DELTA,EMP_000001,,NO,NO,NO,NO,NO
426403,M,20 a 35 años,Entre 1 y 1.5 SMLV,SIGMA,RHO,TAU,ETA,EMP_000001,,NO,NO,NO,NO,NO
426453,F,20 a 35 años,Entre 3 y 4 SMLV,PI,LAMBDA,ETA,UPSILON,EMP_000001,,NO,NO,NO,NO,NO
426503,M,36 a 45 años,Menor al SMLV,SIGMA,RHO,PI,ETA,EMP_000001,BOGOTA D.C.,NO,NO,NO,NO,NO
426553,F,46 a 55 años,Entre 2.5 y 3 SMLV,PI,LAMBDA,PI,XI,EMP_000002,BOGOTA D.C.,NO,NO,NO,NO,NO
426603,M,36 a 45 años,Entre 4 y 6 SMLV,ZETA,LAMBDA,ETA,XI,EMP_000002,BOGOTA D.C.,NO,NO,NO,NO,NO
426653,M,20 a 35 años,Entre 1 y 1.5 SMLV,SIGMA,LAMBDA,TAU,ETA,EMP_000001,,NO,NO,NO,NO,NO
426703,M,20 a 35 años,Entre 1 y 1.5 SMLV,SIGMA,LAMBDA,ETA,BETA,EMP_000001,,NO,NO,NO,NO,NO
426753,M,20 a 35 años,Entre 1 y 1.5 SMLV,SIGMA,LAMBDA,TAU,XI,EMP_000002,,NO,NO,NO,NO,NO
426803,F,20 a 35 años,Entre 1 y 1.5 SMLV,SIGMA,LAMBDA,ETA,BETA,EMP_000001,,NO,NO,NO,NO,NO
426853,M,46 a 55 años,Menor al SMLV,SIGMA,RHO,TAU,ETA,EMP_000001,CHAPARRAL,NO,NO,NO,NO,NO
426903,F,20 a 35 años,Entre 1 y 1.5 SMLV,SIGMA,CHI,TAU,UPSILON,EMP_000001,,NO,NO,NO,NO,NO
426953,F,36 a 45 años,Entre 1 y 1.5 SMLV,SIGMA,RHO,TAU,ETA,EMP_000001,BOGOTA D.C.,NO,NO,NO,NO,NO
427003,M,20 a 35 años,Entre 1 y 1.5 SMLV,SIGMA,LAMBDA,TAU,DELTA,EMP_000001,,NO,NO,NO,NO,NO
427053,M,20 a 35 años,Entre 4 y 6 SMLV,ZETA,CHI,PI,DELTA,EMP_000001,,NO,NO,NO,NO,NO
427103,M,20 a 35 años,,MU,THETA,OMEGA,OMICRON,EMP_000001,,NO,NO,NO,NO,NO
427153,F,20 a 35 años,Entre 1 y 1.5 SMLV,SIGMA,LAMBDA,TAU,UPSILON,EMP_000001,,NO,NO,NO,NO,NO
427203,M,36 a 45 años,Menor al SMLV,SIGMA,RHO,TAU,ETA,EMP_000001,BOGOTA D.C.,NO,NO,NO,NO,NO
427253,M,46 a 55 años,Entre 1 y 1.5 SMLV,SIGMA,RHO,TAU,XI,EMP_000002,BOGOTA D.C.,NO,NO,NO,NO,NO
427303,M,46 a 55 años,Entre 1 y 1.5 SMLV,SIGMA,RHO,TAU,ETA,EMP_000001,BARRANQUILLA,NO,NO,NO,NO,NO
427353,F,36 a 45 años,Entre 1 y 1.5 SMLV,SIGMA,RHO,TAU,ETA,EMP_000001,,NO,NO,NO,NO,NO
427403,F,46 a 55 años,Entre 1 y 1.5 SMLV,SIGMA,LAMBDA,TAU,BETA,EMP_000001,,NO,NO,NO,NO,NO
427453,F,20 a 35 años,Entre 1 y 1.5 SMLV,SIGMA,LAMBDA,TAU,XI,EMP_000001,,NO,NO,NO,NO,NO
427503,F,46 a 55 años,Entre 2.5 y 3 SMLV,PI,EPSILON,PI,LAMBDA,EMP_000001,BOGOTA D.C.,NO,NO,NO,NO,NO
427553,F,20 a 35 años,Entre 1 y 1.5 SMLV,SIGMA,LAMBDA,TAU,XI,EMP_000002,,NO,NO,NO,NO,NO
427603,F,20 a 35 años,Entre 1 y 1.5 SMLV,SIGMA,LAMBDA,TAU,XI,EMP_000002,,NO,NO,NO,NO,NO
427653,M,46 a 55 años,Entre 2 y 2.5 SMLV,PI,LAMBDA,PI,ETA,EMP_000001,BOGOTA D.C.,NO,NO,NO,NO,NO
427703,M,36 a 45 años,Entre 1 y 1.5 SMLV,SIGMA,LAMBDA,TAU,ETA,EMP_000001,,NO,NO,NO,NO,NO
427753,F,36 a 45 años,Entre 2.5 y 3 SMLV,PI,LAMBDA,PI,XI,EMP_000002,BOGOTA D.C.,NO,NO,NO,NO,NO
427803,F,20 a 35 años,Entre 2.5 y 3 SMLV,PI,LAMBDA,ETA,XI,EMP_000002,BOGOTA D.C.,NO,NO,NO,NO,NO
427853,M,20 a 35 años,Entre 1.5 y 2 SMLV,SIGMA,LAMBDA,ETA,ETA,EMP_000001,,NO,NO,NO,NO,NO
427903,M,36 a 45 años,Entre 2 y 2.5 SMLV,PI,RHO,PI,ETA,EMP_000001,,NO,NO,NO,NO,NO
427953,M,36 a 45 años,Entre 3 y 4 SMLV,PI,RHO,PI,XI,EMP_000002,,NO,NO,NO,NO,NO
428003,M,Mayor de 55 años,Entre 1 y 1.5 SMLV,SIGMA,LAMBDA,TAU,ETA,EMP_000001,BOGOTA D.C.,NO,NO,NO,NO,NO
428053,M,20 a 35 años,Menor al SMLV,SIGMA,LAMBDA,TAU,DELTA,EMP_000001,,NO,NO,NO,NO,NO
428103,M,36 a 45 años,Entre 1 y 1.5 SMLV,SIGMA,RHO,TAU,UPSILON,EMP_000001,BOGOTA D.C.,NO,NO,NO,NO,NO
428153,F,20 a 35 años,Entre 1.5 y 2 SMLV,PI,LAMBDA,ETA,XI,EMP_000002,,NO,NO,NO,NO,NO
428203,M,20 a 35 años,Entre 1 y 1.5 SMLV,SIGMA,LAMBDA,ETA,BETA,EMP_000001,,NO,NO,NO,NO,NO
428253,F,20 a 35 años,Entre 4 y 6 SMLV,ZETA,RHO,PI,UPSILON,EMP_000001,,NO,NO,NO,NO,NO
428303,M,20 a 35 años,Menor al SMLV,SIGMA,LAMBDA,TAU,XI,EMP_000002,BOGOTA D.C.,NO,NO,NO,NO,NO
428353,F,46 a 55 años,Entre 1 y 1.5 SMLV,SIGMA,LAMBDA,TAU,ETA,EMP_000001,BOGOTA D.C.,NO,NO,NO,NO,NO
428403,M,36 a 45 años,Entre 1.5 y 2 SMLV,SIGMA,RHO,PI,DELTA,EMP_000001,BOGOTA D.C.,NO,NO,NO,NO,NO
428453,M,20 a 35 años,Entre 1 y 1.5 SMLV,SIGMA,RHO,TAU,XI,EMP_000002,,NO,NO,NO,NO,NO
428503,F,36 a 45 años,Entre 1 y 1.5 SMLV,SIGMA,CHI,TAU,XI,EMP_000001,,NO,NO,NO,NO,NO
428553,F,36 a 45 años,Entre 1 y 1.5 SMLV,SIGMA,RHO,TAU,OMEGA,EMP_000001,,NO,NO,NO,NO,NO
428603,F,20 a 35 años,Entre 2 y 2.5 SMLV,PI,RHO,PI,XI,EMP_000002,BOGOTA D.C.,NO,NO,NO,NO,NO
428653,M,Mayor de 55 años,Menor al SMLV,SIGMA,LAMBDA,TAU,ETA,EMP_000001,BOGOTA D.C.,NO,NO,NO,NO,NO
428703,M,20 a 35 años,Entre 3 y 4 SMLV,PI,LAMBDA,ETA,XI,EMP_000002,,NO,NO,NO,NO,NO
428753,F,46 a 55 años,Entre 1 y 1.5 SMLV,SIGMA,LAMBDA,TAU,ETA,EMP_000001,BOGOTA D.C.,NO,NO,NO,NO,NO
428803,F,20 a 35 años,Entre 1.5 y 2 SMLV,SIGMA,RHO,PI,ETA,EMP_000001,BOGOTA D.C.,NO,NO,NO,NO,NO
428853,M,20 a 35 años,Entre 1 y 1.5 SMLV,SIGMA,LAMBDA,ETA,BETA,EMP_000001,,NO,NO,NO,NO,NO
428903,F,46 a 55 años,Entre 1 y 1.5 SMLV,SIGMA,RHO,PI,XI,EMP_000002,,NO,NO,NO,NO,NO
428953,F,20 a 35 años,Entre 1 y 1.5 SMLV,SIGMA,RHO,TAU,XI,EMP_000002,,NO,NO,NO,NO,NO
429003,M,46 a 55 años,Entre 8 y 10 SMLV,ZETA,EPSILON,PI,UPSILON,EMP_000001,BOGOTA D.C.,NO,NO,NO,NO,NO
429053,M,20 a 35 años,Entre 1 y 1.5 SMLV,SIGMA,RHO,PI,ETA,EMP_000001,,NO,NO,NO,NO,NO
429103,F,46 a 55 años,Entre 1.5 y 2 SMLV,PI,CHI,PI,ETA,EMP_000001,BOGOTA D.C.,NO,NO,NO,NO,NO
429153,M,20 a 35 años,Entre 1 y 1.5 SMLV,SIGMA,LAMBDA,ETA,UPSILON,EMP_000001,,NO,NO,NO,NO,NO
429203,M,Mayor de 55 años,Entre 1 y 1.5 SMLV,SIGMA,LAMBDA,PI,UPSILON,EMP_000001,BOGOTA D.C.,NO,NO,NO,NO,NO
429253,M,20 a 35 años,Entre 1 y 1.5 SMLV,SIGMA,LAMBDA,TAU,UPSILON,EMP_000001,,NO,NO,NO,NO,NO
429303,F,20 a 35 años,Entre 1 y 1.5 SMLV,SIGMA,LAMBDA,TAU,ETA,EMP_000001,,NO,NO,NO,NO,NO
429353,F,20 a 35 años,,MU,THETA,OMEGA,OMICRON,EMP_000001,,NO,NO,NO,NO,NO
429403,F,46 a 55 años,Entre 1 y 1.5 SMLV,SIGMA,EPSILON,TAU,ETA,EMP_000001,BOGOTA D.C.,NO,NO,NO,NO,NO
429453,M,20 a 35 años,Entre 1 y 1.5 SMLV,SIGMA,LAMBDA,TAU,XI,EMP_000002,,NO,NO,NO,NO,NO
429503,M,20 a 35 años,Entre 1 y 1.5 SMLV,SIGMA,LAMBDA,TAU,DELTA,EMP_000001,BOGOTA D.C.,NO,NO,NO,NO,NO
429553,M,46 a 55 años,Entre 4 y 6 SMLV,ZETA,LAMBDA,PI,ETA,EMP_000001,,NO,NO,NO,NO,NO
429603,F,36 a 45 años,Entre 1 y 1.5 SMLV,SIGMA,LAMBDA,TAU,ETA,EMP_000001,NARIÑO,NO,NO,NO,NO,NO
429653,F,36 a 45 años,Entre 8 y 10 SMLV,ZETA,LAMBDA,PI,UPSILON,EMP_000001,BOGOTA D.C.,NO,NO,NO,NO,NO
429703,M,Menor de 19 años,Entre 1 y 1.5 SMLV,SIGMA,LAMBDA,TAU,XI,EMP_000002,,NO,NO,NO,NO,NO
429753,M,20 a 35 años,Entre 1 y 1.5 SMLV,SIGMA,LAMBDA,TAU,UPSILON,EMP_000001,,NO,NO,NO,NO,NO
429803,M,46 a 55 años,Entre 1.5 y 2 SMLV,SIGMA,EPSILON,PI,UPSILON,EMP_000001,,NO,NO,NO,NO,NO
429853,F,20 a 35 años,Entre 1 y 1.5 SMLV,SIGMA,LAMBDA,TAU,DELTA,EMP_000001,,NO,NO,NO,NO,NO
429903,F,20 a 35 años,Entre 1 y 1.5 SMLV,SIGMA,RHO,TAU,XI,EMP_000002,,NO,NO,NO,NO,NO
429953,M,46 a 55 años,Entre 1.5 y 2 SMLV,SIGMA,EPSILON,PI,ETA,EMP_000001,BOGOTA D.C.,NO,NO,NO,NO,NO
430003,F,20 a 35 años,Entre 1 y 1.5 SMLV,SIGMA,LAMBDA,ETA,ETA,EMP_000001,BOGOTA D.C.,NO,NO,NO,NO,NO
430053,M,Mayor de 55 años,Entre 1 y 1.5 SMLV,SIGMA,LAMBDA,PI,ETA,EMP_000001,,NO,NO,NO,NO,NO
430103,F,20 a 35 años,Entre 1 y 1.5 SMLV,SIGMA,LAMBDA,ETA,DELTA,EMP_000001,,NO,NO,NO,NO,NO
430153,M,36 a 45 años,Menor al SMLV,SIGMA,RHO,TAU,ETA,EMP_000001,,NO,NO,NO,NO,NO
430203,F,20 a 35 años,Entre 4 y 6 SMLV,ZETA,LAMBDA,ETA,ETA,EMP_000001,BOGOTA D.C.,NO,NO,NO,NO,NO
430253,M,46 a 55 años,Entre 4 y 6 SMLV,ZETA,EPSILON,PI,UPSILON,EMP_000001,BOGOTA D.C.,NO,NO,NO,NO,NO
430303,F,36 a 45 años,Entre 1.5 y 2 SMLV,SIGMA,RHO,PI,DELTA,EMP_000001,BOGOTA D.C.,NO,NO,NO,NO,NO
430353,F,46 a 55 años,Entre 1 y 1.5 SMLV,SIGMA,IOTA,TAU,OMEGA,EMP_000001,,NO,NO,NO,NO,NO
430403,M,36 a 45 años,Entre 1 y 1.5 SMLV,SIGMA,CHI,TAU,ETA,EMP_000001,BOGOTA D.C.,NO,NO,NO,NO,NO
430453,M,Mayor de 55 años,Entre 1 y 1.5 SMLV,SIGMA,LAMBDA,TAU,ETA,EMP_000001,GIRARDOT,NO,NO,NO,NO,NO
430503,F,36 a 45 años,Entre 4 y 6 SMLV,ZETA,LAMBDA,ETA,DELTA,EMP_000001,,NO,NO,NO,NO,NO
430553,F,20 a 35 años,Entre 1 y 1.5 SMLV,PI,LAMBDA,TAU,LAMBDA,EMP_000001,,NO,NO,NO,NO,NO
430603,F,20 a 35 años,Entre 1 y 1.5 SMLV,SIGMA,LAMBDA,TAU,DELTA,EMP_000001,,NO,NO,NO,NO,NO
430653,M,46 a 55 años,Entre 1 y 1.5 SMLV,SIGMA,LAMBDA,TAU,XI,EMP_000002,BOGOTA D.C.,NO,NO,NO,NO,NO
430703,M,36 a 45 años,Entre 1 y 1.5 SMLV,SIGMA,IOTA,TAU,ETA,EMP_000001,,NO,NO,NO,NO,NO
430753,M,20 a 35 años,Entre 1 y 1.5 SMLV,SIGMA,LAMBDA,TAU,DELTA,EMP_000001,,NO,NO,NO,NO,NO
430803,F,36 a 45 años,Entre 1.5 y 2 SMLV,SIGMA,EPSILON,PI,DELTA,EMP_000001,,NO,NO,NO,NO,NO
430853,M,36 a 45 años,Menor al SMLV,SIGMA,LAMBDA,TAU,ETA,EMP_000001,,NO,NO,NO,NO,NO
430903,M,46 a 55 años,Entre 10 y 20 SMLV,ZETA,LAMBDA,PI,XI,EMP_000002,,NO,NO,NO,NO,NO
430953,F,46 a 55 años,Entre 1.5 y 2 SMLV,SIGMA,LAMBDA,PI,ETA,EMP_000001,,NO,NO,NO,NO,NO
431003,F,20 a 35 años,Entre 1 y 1.5 SMLV,SIGMA,RHO,TAU,UPSILON,EMP_000001,,NO,NO,NO,NO,NO
431053,F,Menor de 19 años,Entre 1 y 1.5 SMLV,SIGMA,LAMBDA,TAU,DELTA,EMP_000001,,NO,NO,NO,NO,NO
431103,M,36 a 45 años,Entre 1 y 1.5 SMLV,SIGMA,RHO,TAU,DELTA,EMP_000001,GACHANCIPA,NO,NO,NO,NO,NO
431153,F,36 a 45 años,Entre 1.5 y 2 SMLV,SIGMA,EPSILON,PI,ETA,EMP_000001,BOGOTA D.C.,NO,NO,NO,NO,NO
431203,F,36 a 45 años,Entre 1 y 1.5 SMLV,SIGMA,RHO,TAU,ETA,EMP_000001,BOGOTA D.C.,NO,NO,NO,NO,NO
431253,M,20 a 35 años,Entre 1 y 1.5 SMLV,SIGMA,LAMBDA,ETA,ETA,EMP_000001,,NO,NO,NO,NO,NO
431303,F,20 a 35 años,Entre 1 y 1.5 SMLV,SIGMA,LAMBDA,ETA,UPSILON,EMP_000001,,NO,NO,NO,NO,NO
431353,M,46 a 55 años,Entre 1.5 y 2 SMLV,PI,EPSILON,PI,ETA,EMP_000001,BOGOTA D.C.,NO,NO,NO,NO,NO
431403,F,36 a 45 años,Entre 6 y 8 SMLV,ZETA,EPSILON,PI,XI,EMP_000001,BOGOTA D.C.,NO,NO,NO,NO,NO
431453,M,46 a 55 años,Entre 1 y 1.5 SMLV,SIGMA,IOTA,TAU,ETA,EMP_000001,BOGOTA D.C.,NO,NO,NO,NO,NO
431503,F,Mayor de 55 años,Entre 1 y 1.5 SMLV,SIGMA,LAMBDA,TAU,DELTA,EMP_000001,BOGOTA D.C.,NO,NO,NO,NO,NO
431553,F,Mayor de 55 años,Entre 1 y 1.5 SMLV,SIGMA,IOTA,TAU,ETA,EMP_000001,,NO,NO,NO,NO,NO
431603,M,20 a 35 años,Entre 1 y 1.5 SMLV,SIGMA,LAMBDA,TAU,UPSILON,EMP_000001,,NO,NO,NO,NO,NO
431653,M,20 a 35 años,Menor al SMLV,PI,LAMBDA,ETA,ETA,EMP_000001,,NO,NO,NO,NO,NO
431703,F,Mayor de 55 años,Entre 1 y 1.5 SMLV,SIGMA,IOTA,TAU,ETA,EMP_000001,BOGOTA D.C.,NO,NO,NO,NO,NO
431753,F,36 a 45 años,Entre 1 y 1.5 SMLV,SIGMA,RHO,TAU,ETA,EMP_000001,BOGOTA D.C.,NO,NO,NO,NO,NO
431803,F,46 a 55 años,Entre 1 y 1.5 SMLV,SIGMA,LAMBDA,TAU,XI,EMP_000002,,NO,NO,NO,NO,NO
431853,M,Mayor de 55 años,Entre 1 y 1.5 SMLV,SIGMA,EPSILON,PI,UPSILON,EMP_000001,,NO,NO,NO,NO,NO
431903,M,46 a 55 años,Entre 1 y 1.5 SMLV,SIGMA,LAMBDA,TAU,ETA,EMP_000001,,NO,NO,NO,NO,NO
431953,M,20 a 35 años,Entre 1 y 1.5 SMLV,SIGMA,RHO,TAU,DELTA,EMP_000001,,NO,NO,NO,NO,NO
432003,F,20 a 35 años,Entre 1 y 1.5 SMLV,SIGMA,LAMBDA,TAU,ETA,EMP_000001,,NO,NO,NO,NO,NO
432053,M,46 a 55 años,Entre 1 y 1.5 SMLV,SIGMA,RHO,TAU,DELTA,EMP_000001,TOCANCIPA,NO,NO,NO,NO,NO
432103,F,20 a 35 años,Entre 1 y 1.5 SMLV,SIGMA,RHO,TAU,DELTA,EMP_000001,,NO,NO,NO,NO,NO
432153,F,20 a 35 años,Entre 1 y 1.5 SMLV,SIGMA,LAMBDA,TAU,UPSILON,EMP_000001,,NO,NO,NO,NO,NO
432203,F,46 a 55 años,Entre 1 y 1.5 SMLV,SIGMA,IOTA,TAU,ETA,EMP_000001,MADRID,NO,NO,NO,NO,NO
432253,F,20 a 35 años,Entre 1 y 1.5 SMLV,SIGMA,LAMBDA,TAU,ETA,EMP_000001,,NO,NO,NO,NO,NO
432303,F,20 a 35 años,Entre 1 y 1.5 SMLV,SIGMA,RHO,TAU,UPSILON,EMP_000001,,NO,NO,NO,NO,NO
432353,M,36 a 45 años,Entre 1 y 1.5 SMLV,SIGMA,THETA,TAU,ETA,EMP_000001,,NO,NO,NO,NO,NO
432403,M,20 a 35 años,Entre 1 y 1.5 SMLV,SIGMA,LAMBDA,TAU,DELTA,EMP_000001,,NO,NO,NO,NO,NO
432453,M,20 a 35 años,Entre 1 y 1.5 SMLV,SIGMA,LAMBDA,TAU,DELTA,EMP_000001,,NO,NO,NO,NO,NO
432503,M,Mayor de 55 años,Entre 1 y 1.5 SMLV,SIGMA,LAMBDA,PI,ETA,EMP_000001,,NO,NO,NO,NO,NO
432553,M,20 a 35 años,Entre 1.5 y 2 SMLV,SIGMA,LAMBDA,ETA,DELTA,EMP_000001,,NO,NO,NO,NO,NO
432603,F,20 a 35 años,Entre 2 y 2.5 SMLV,PI,LAMBDA,ETA,XI,EMP_000002,,NO,NO,NO,NO,NO
432653,M,36 a 45 años,Entre 3 y 4 SMLV,PI,LAMBDA,PI,XI,EMP_000002,,NO,NO,NO,NO,NO
432703,F,46 a 55 años,Entre 1 y 1.5 SMLV,SIGMA,LAMBDA,PI,UPSILON,EMP_000001,,NO,NO,NO,NO,NO
432753,F,Mayor de 55 años,Entre 1 y 1.5 SMLV,SIGMA,IOTA,TAU,UPSILON,EMP_000001,BOGOTA D.C.,NO,NO,NO,NO,NO
432803,F,Mayor de 55 años,Entre 4 y 6 SMLV,ZETA,LAMBDA,PI,ETA,EMP_000001,BOGOTA D.C.,NO,NO,NO,NO,NO
432853,F,46 a 55 años,Entre 10 y 20 SMLV,ZETA,LAMBDA,PI,ETA,EMP_000001,BOGOTA D.C.,NO,NO,NO,NO,NO
432903,M,36 a 45 años,Entre 4 y 6 SMLV,ZETA,LAMBDA,PI,XI,EMP_000002,BOGOTA D.C.,NO,NO,NO,NO,NO
432953,F,20 a 35 años,Entre 4 y 6 SMLV,ZETA,LAMBDA,ETA,XI,EMP_000002,,NO,NO,NO,NO,NO
433003,F,36 a 45 años,Entre 1 y 1.5 SMLV,SIGMA,LAMBDA,PI,DELTA,EMP_000001,,NO,NO,NO,NO,NO
433053,F,36 a 45 años,Entre 1 y 1.5 SMLV,SIGMA,LAMBDA,TAU,ETA,EMP_000001,,NO,NO,NO,NO,NO
433103,M,36 a 45 años,Entre 2.5 y 3 SMLV,PI,RHO,PI,ETA,EMP_000001,BOGOTA D.C.,NO,NO,NO,NO,NO
433153,F,20 a 35 años,Entre 1 y 1.5 SMLV,SIGMA,IOTA,TAU,ETA,EMP_000001,,NO,NO,NO,NO,NO
433203,F,20 a 35 años,Entre 2 y 2.5 SMLV,PI,LAMBDA,ETA,ETA,EMP_000001,,NO,NO,NO,NO,NO
433253,M,Mayor de 55 años,Entre 1 y 1.5 SMLV,SIGMA,LAMBDA,TAU,UPSILON,EMP_000001,,NO,NO,NO,NO,NO
433303,M,36 a 45 años,Entre 1 y 1.5 SMLV,SIGMA,EPSILON,PI,ETA,EMP_000001,,NO,NO,NO,NO,NO
433353,F,46 a 55 años,Entre 2 y 2.5 SMLV,PI,IOTA,PI,XI,EMP_000002,,NO,NO,NO,NO,NO
433403,M,20 a 35 años,Entre 2.5 y 3 SMLV,PI,LAMBDA,ETA,XI,EMP_000002,,NO,NO,NO,NO,NO
433453,F,36 a 45 años,Entre 1 y 1.5 SMLV,SIGMA,LAMBDA,PI,XI,EMP_000002,,NO,NO,NO,NO,NO
433503,F,20 a 35 años,Entre 1 y 1.5 SMLV,SIGMA,LAMBDA,ETA,PSI,EMP_000001,,NO,NO,NO,NO,NO
433553,M,36 a 45 años,Menor al SMLV,SIGMA,LAMBDA,TAU,DELTA,EMP_000001,BOGOTA D.C.,NO,NO,NO,NO,NO
433603,M,20 a 35 años,Entre 1 y 1.5 SMLV,SIGMA,LAMBDA,ETA,BETA,EMP_000001,,NO,NO,NO,NO,NO
433653,F,46 a 55 años,Entre 1.5 y 2 SMLV,SIGMA,EPSILON,PI,ETA,EMP_000001,,NO,NO,NO,NO,NO
433703,M,36 a 45 años,Entre 1 y 1.5 SMLV,SIGMA,LAMBDA,ETA,BETA,EMP_000001,,NO,NO,NO,NO,NO
433753,M,Mayor de 55 años,Entre 2 y 2.5 SMLV,PI,EPSILON,PI,OMEGA,EMP_000001,BOGOTA D.C.,NO,NO,NO,NO,NO
433803,F,20 a 35 años,Entre 1 y 1.5 SMLV,SIGMA,LAMBDA,TAU,ETA,EMP_000001,,NO,NO,NO,NO,NO
433853,F,Mayor de 55 años,Menor al SMLV,SIGMA,EPSILON,TAU,ETA,EMP_000001,BOGOTA D.C.,NO,NO,NO,NO,NO
433903,F,Mayor de 55 años,Entre 4 y 6 SMLV,ZETA,LAMBDA,PI,XI,EMP_000002,,NO,NO,NO,NO,NO
433953,M,36 a 45 años,Entre 6 y 8 SMLV,ZETA,LAMBDA,PI,ETA,EMP_000001,,NO,NO,NO,NO,NO
434003,M,20 a 35 años,Entre 1 y 1.5 SMLV,SIGMA,LAMBDA,ETA,XI,EMP_000002,,NO,NO,NO,NO,NO
434053,F,36 a 45 años,Entre 2.5 y 3 SMLV,PI,RHO,PI,DELTA,EMP_000001,BOGOTA D.C.,NO,NO,NO,NO,NO
434103,F,Mayor de 55 años,Entre 1 y 1.5 SMLV,SIGMA,LAMBDA,PI,XI,EMP_000002,BOGOTA D.C.,NO,NO,NO,NO,NO
434153,F,20 a 35 años,Entre 1 y 1.5 SMLV,SIGMA,LAMBDA,TAU,UPSILON,EMP_000001,,NO,NO,NO,NO,NO
434203,F,20 a 35 años,Entre 2 y 2.5 SMLV,PI,LAMBDA,ETA,OMEGA,EMP_000001,,NO,NO,NO,NO,NO
434253,M,20 a 35 años,Menor al SMLV,SIGMA,LAMBDA,TAU,ETA,EMP_000001,,NO,NO,NO,NO,NO
434303,M,46 a 55 años,Entre 1 y 1.5 SMLV,SIGMA,LAMBDA,TAU,ETA,EMP_000001,MADRID,NO,NO,NO,NO,NO
434353,F,Mayor de 55 años,Entre 1 y 1.5 SMLV,SIGMA,LAMBDA,TAU,ETA,EMP_000001,,NO,NO,NO,NO,NO
434403,M,20 a 35 años,Entre 1.5 y 2 SMLV,SIGMA,RHO,PI,ETA,EMP_000001,,NO,NO,NO,NO,NO
434453,F,20 a 35 años,Entre 1.5 y 2 SMLV,SIGMA,LAMBDA,ETA,UPSILON,EMP_000001,,NO,NO,NO,NO,NO
434503,M,36 a 45 años,Entre 1 y 1.5 SMLV,SIGMA,RHO,TAU,DELTA,EMP_000001,BOGOTA D.C.,NO,NO,NO,NO,NO
434553,M,20 a 35 años,Menor al SMLV,SIGMA,LAMBDA,TAU,ETA,EMP_000001,,NO,NO,NO,NO,NO
434603,F,Mayor de 55 años,Entre 1 y 1.5 SMLV,SIGMA,LAMBDA,PI,ETA,EMP_000001,BOGOTA D.C.,NO,NO,NO,NO,NO
434653,F,36 a 45 años,Entre 8 y 10 SMLV,ZETA,LAMBDA,ETA,XI,EMP_000002,BOGOTA D.C.,NO,NO,NO,NO,NO
434703,F,46 a 55 años,Entre 1 y 1.5 SMLV,SIGMA,LAMBDA,PI,ETA,EMP_000001,BOGOTA D.C.,NO,NO,NO,NO,NO
434753,F,36 a 45 años,Entre 1 y 1.5 SMLV,SIGMA,EPSILON,TAU,UPSILON,EMP_000001,MADRID,NO,NO,NO,NO,NO
434803,F,20 a 35 años,Entre 1 y 1.5 SMLV,SIGMA,EPSILON,TAU,UPSILON,EMP_000001,,NO,NO,NO,NO,NO
434853,M,Mayor de 55 años,Entre 1 y 1.5 SMLV,SIGMA,IOTA,TAU,KAPPA,EMP_000001,,NO,NO,NO,NO,NO
434903,M,46 a 55 años,Entre 1 y 1.5 SMLV,SIGMA,LAMBDA,PI,ETA,EMP_000001,BOGOTA D.C.,NO,NO,NO,NO,NO
434953,F,46 a 55 años,Entre 1 y 1.5 SMLV,SIGMA,LAMBDA,PI,XI,EMP_000002,,NO,NO,NO,NO,NO
435003,M,20 a 35 años,Entre 1 y 1.5 SMLV,SIGMA,RHO,TAU,UPSILON,EMP_000001,,NO,NO,NO,NO,NO
435053,M,46 a 55 años,Entre 1.5 y 2 SMLV,SIGMA,LAMBDA,PI,XI,EMP_000002,BOGOTA D.C.,NO,NO,NO,NO,NO
435103,F,20 a 35 años,Menor al SMLV,SIGMA,LAMBDA,TAU,ETA,EMP_000001,,NO,NO,NO,NO,NO
435153,M,Mayor de 55 años,Entre 1 y 1.5 SMLV,SIGMA,RHO,TAU,ETA,EMP_000001,GIRARDOT,NO,NO,NO,NO,NO
435203,F,Mayor de 55 años,Menor al SMLV,SIGMA,IOTA,TAU,KAPPA,EMP_000001,,NO,NO,NO,NO,NO
435253,M,36 a 45 años,Entre 1 y 1.5 SMLV,ZETA,LAMBDA,PI,XI,EMP_000001,,NO,NO,NO,NO,NO
435303,F,36 a 45 años,Entre 1 y 1.5 SMLV,SIGMA,LAMBDA,PI,XI,EMP_000002,BOGOTA D.C.,NO,NO,NO,NO,NO
435353,F,36 a 45 años,Entre 1.5 y 2 SMLV,SIGMA,CHI,PI,DELTA,EMP_000001,BOGOTA D.C.,NO,NO,NO,NO,NO
435403,F,20 a 35 años,Entre 1 y 1.5 SMLV,SIGMA,LAMBDA,ETA,UPSILON,EMP_000001,,NO,NO,NO,NO,NO
435453,M,20 a 35 años,Entre 1 y 1.5 SMLV,SIGMA,LAMBDA,ETA,UPSILON,EMP_000001,,NO,NO,NO,NO,NO
435503,M,20 a 35 años,Menor al SMLV,SIGMA,LAMBDA,TAU,ETA,EMP_000001,BOGOTA D.C.,NO,NO,NO,NO,NO
435553,M,Mayor de 55 años,Entre 1 y 1.5 SMLV,SIGMA,EPSILON,TAU,ETA,EMP_000001,BOGOTA D.C.,NO,NO,NO,NO,NO
435603,F,20 a 35 años,Entre 1 y 1.5 SMLV,SIGMA,LAMBDA,TAU,XI,EMP_000001,,NO,NO,NO,NO,NO
435653,M,36 a 45 años,Menor al SMLV,SIGMA,LAMBDA,TAU,ETA,EMP_000001,,NO,NO,NO,NO,NO
435703,M,20 a 35 años,Entre 1 y 1.5 SMLV,SIGMA,LAMBDA,ETA,XI,EMP_000001,,NO,NO,NO,NO,NO
435753,M,36 a 45 años,Entre 1 y 1.5 SMLV,SIGMA,LAMBDA,TAU,DELTA,EMP_000001,,NO,NO,NO,NO,NO
435803,M,46 a 55 años,Entre 1 y 1.5 SMLV,SIGMA,LAMBDA,TAU,OMEGA,EMP_000001,BOGOTA D.C.,NO,NO,NO,NO,NO
435853,F,46 a 55 años,Entre 4 y 6 SMLV,ZETA,EPSILON,PI,XI,EMP_000002,BOGOTA D.C.,NO,NO,NO,NO,NO
435903,F,46 a 55 años,Entre 1 y 1.5 SMLV,SIGMA,LAMBDA,TAU,UPSILON,EMP_000001,FUSAGASUGA,NO,NO,NO,NO,NO
435953,F,Mayor de 55 años,Entre 3 y 4 SMLV,PI,LAMBDA,PI,XI,EMP_000002,GUACHETA,NO,NO,NO,NO,NO
436003,M,36 a 45 años,Entre 3 y 4 SMLV,PI,RHO,PI,UPSILON,EMP_000001,LA PALMA,NO,NO,NO,NO,NO
436053,M,46 a 55 años,Entre 1 y 1.5 SMLV,SIGMA,EPSILON,TAU,DELTA,EMP_000001,BOGOTA D.C.,NO,NO,NO,NO,NO
436103,F,20 a 35 años,Menor al SMLV,SIGMA,CHI,TAU,ETA,EMP_000001,,NO,NO,NO,NO,NO
436153,M,46 a 55 años,Menor al SMLV,SIGMA,LAMBDA,TAU,OMEGA,EMP_000001,,NO,NO,NO,NO,NO
436203,M,36 a 45 años,Entre 1 y 1.5 SMLV,SIGMA,LAMBDA,ETA,UPSILON,EMP_000001,BOGOTA D.C.,NO,NO,NO,NO,NO
436253,F,36 a 45 años,Entre 10 y 20 SMLV,ZETA,IOTA,PI,XI,EMP_000002,,NO,NO,NO,NO,NO
436303,F,36 a 45 años,Entre 1.5 y 2 SMLV,SIGMA,LAMBDA,PI,ETA,EMP_000001,BOGOTA D.C.,NO,NO,NO,NO,NO
436353,M,20 a 35 años,Entre 1 y 1.5 SMLV,SIGMA,LAMBDA,ETA,ETA,EMP_000001,,NO,NO,NO,NO,NO
436403,M,20 a 35 años,Entre 1 y 1.5 SMLV,SIGMA,LAMBDA,TAU,DELTA,EMP_000001,,NO,NO,NO,NO,NO
436453,F,46 a 55 años,Entre 1 y 1.5 SMLV,SIGMA,EPSILON,TAU,ETA,EMP_000001,BOGOTA D.C.,NO,NO,NO,NO,NO
436503,M,46 a 55 años,Entre 2 y 2.5 SMLV,PI,LAMBDA,PI,XI,EMP_000002,BOGOTA D.C.,NO,NO,NO,NO,NO
436553,M,36 a 45 años,Entre 1 y 1.5 SMLV,SIGMA,LAMBDA,TAU,UPSILON,EMP_000001,,NO,NO,NO,NO,NO
436603,M,Mayor de 55 años,Menor al SMLV,SIGMA,IOTA,TAU,ETA,EMP_000001,,NO,NO,NO,NO,NO
436653,F,20 a 35 años,Entre 1 y 1.5 SMLV,SIGMA,LAMBDA,TAU,UPSILON,EMP_000002,,NO,NO,NO,NO,NO
436703,F,Mayor de 55 años,Entre 1 y 1.5 SMLV,SIGMA,LAMBDA,TAU,UPSILON,EMP_000001,BOGOTA D.C.,NO,NO,NO,NO,NO
436753,M,20 a 35 años,Entre 1 y 1.5 SMLV,SIGMA,LAMBDA,TAU,UPSILON,EMP_000001,,NO,NO,NO,NO,NO
436803,M,Mayor de 55 años,Entre 1 y 1.5 SMLV,SIGMA,LAMBDA,PI,XI,EMP_000002,SOACHA,NO,NO,NO,NO,NO
436853,M,20 a 35 años,Entre 1.5 y 2 SMLV,SIGMA,CHI,PI,UPSILON,EMP_000001,BOGOTA D.C.,NO,NO,NO,NO,NO
436903,M,36 a 45 años,Entre 1 y 1.5 SMLV,SIGMA,EPSILON,TAU,UPSILON,EMP_000001,BOGOTA D.C.,NO,NO,NO,NO,NO
436953,M,Menor de 19 años,Entre 1 y 1.5 SMLV,SIGMA,LAMBDA,TAU,XI,EMP_000001,,NO,NO,NO,NO,NO
437003,M,20 a 35 años,Entre 1 y 1.5 SMLV,SIGMA,LAMBDA,ETA,BETA,EMP_000001,,NO,NO,NO,NO,NO
437053,M,20 a 35 años,Entre 1 y 1.5 SMLV,SIGMA,LAMBDA,ETA,UPSILON,EMP_000001,SOACHA,NO,NO,NO,NO,NO
437103,M,36 a 45 años,Entre 1 y 1.5 SMLV,SIGMA,LAMBDA,TAU,ETA,EMP_000001,,NO,NO,NO,NO,NO
437153,M,36 a 45 años,Entre 1.5 y 2 SMLV,PI,LAMBDA,PI,ETA,EMP_000001,BOGOTA D.C.,NO,NO,NO,NO,NO
437203,F,46 a 55 años,Entre 1 y 1.5 SMLV,SIGMA,EPSILON,PI,XI,EMP_000002,BOGOTA D.C.,NO,NO,NO,NO,NO
437253,M,20 a 35 años,Entre 1 y 1.5 SMLV,SIGMA,LAMBDA,TAU,DELTA,EMP_000001,,NO,NO,NO,NO,NO
437303,M,20 a 35 años,Entre 1 y 1.5 SMLV,SIGMA,EPSILON,TAU,DELTA,EMP_000001,BOGOTA D.C.,NO,NO,NO,NO,NO
437353,M,20 a 35 años,Entre 1 y 1.5 SMLV,SIGMA,LAMBDA,TAU,ETA,EMP_000001,,NO,NO,NO,NO,NO
437403,F,20 a 35 años,Entre 1 y 1.5 SMLV,SIGMA,RHO,TAU,DELTA,EMP_000001,,NO,NO,NO,NO,NO
437453,F,20 a 35 años,Entre 1 y 1.5 SMLV,SIGMA,RHO,TAU,DELTA,EMP_000001,,NO,NO,NO,NO,NO
437503,F,20 a 35 años,Entre 1 y 1.5 SMLV,SIGMA,LAMBDA,TAU,UPSILON,EMP_000001,,NO,NO,NO,NO,NO
437553,F,36 a 45 años,Entre 3 y 4 SMLV,PI,RHO,PI,UPSILON,EMP_000001,BOGOTA D.C.,NO,NO,NO,NO,NO
437603,F,Mayor de 55 años,Entre 1 y 1.5 SMLV,SIGMA,IOTA,TAU,KAPPA,EMP_000001,BOGOTA D.C.,NO,NO,NO,NO,NO
437653,M,46 a 55 años,Entre 6 y 8 SMLV,ZETA,EPSILON,PI,ETA,EMP_000001,,NO,NO,NO,NO,NO
437703,F,36 a 45 años,Entre 1.5 y 2 SMLV,SIGMA,RHO,PI,XI,EMP_000002,,NO,NO,NO,NO,NO
437753,M,36 a 45 años,Entre 1 y 1.5 SMLV,PI,RHO,TAU,LAMBDA,EMP_000001,,NO,NO,NO,NO,NO
437803,F,20 a 35 años,Entre 1 y 1.5 SMLV,SIGMA,LAMBDA,TAU,DELTA,EMP_000001,BOGOTA D.C.,NO,NO,NO,NO,NO
437853,M,20 a 35 años,Entre 1 y 1.5 SMLV,SIGMA,CHI,TAU,ETA,EMP_000001,,NO,NO,NO,NO,NO
437903,M,20 a 35 años,Entre 1 y 1.5 SMLV,SIGMA,LAMBDA,TAU,UPSILON,EMP_000001,,NO,NO,NO,NO,NO
437953,F,Mayor de 55 años,Entre 1 y 1.5 SMLV,SIGMA,LAMBDA,PI,ETA,EMP_000001,BOGOTA D.C.,NO,NO,NO,NO,NO
438003,F,20 a 35 años,Entre 1 y 1.5 SMLV,SIGMA,RHO,TAU,UPSILON,EMP_000001,BOGOTA D.C.,NO,NO,NO,NO,NO
438053,F,20 a 35 años,Entre 2.5 y 3 SMLV,PI,LAMBDA,ETA,UPSILON,EMP_000001,,NO,NO,NO,NO,NO
438103,M,Mayor de 55 años,Entre 1 y 1.5 SMLV,SIGMA,IOTA,PI,UPSILON,EMP_000001,BOGOTA D.C.,NO,NO,NO,NO,NO
438153,M,20 a 35 años,Entre 1 y 1.5 SMLV,SIGMA,LAMBDA,TAU,UPSILON,EMP_000001,,NO,NO,NO,NO,NO
438203,M,20 a 35 años,Entre 1 y 1.5 SMLV,SIGMA,LAMBDA,TAU,DELTA,EMP_000001,,NO,NO,NO,NO,NO
438253,F,20 a 35 años,Entre 1 y 1.5 SMLV,SIGMA,LAMBDA,TAU,OMEGA,EMP_000001,,NO,NO,NO,NO,NO
438303,M,46 a 55 años,Entre 1 y 1.5 SMLV,SIGMA,RHO,TAU,UPSILON,EMP_000001,BITUIMA,NO,NO,NO,NO,NO
438353,F,36 a 45 años,Entre 4 y 6 SMLV,ZETA,LAMBDA,PI,XI,EMP_000002,BOGOTA D.C.,NO,NO,NO,NO,NO
438403,F,36 a 45 años,Entre 3 y 4 SMLV,PI,RHO,PI,XI,EMP_000002,BOGOTA D.C.,NO,NO,NO,NO,NO
438453,F,Mayor de 55 años,Entre 1 y 1.5 SMLV,SIGMA,LAMBDA,TAU,OMEGA,EMP_000001,BOGOTA D.C.,NO,NO,NO,NO,NO
438503,M,20 a 35 años,Entre 1 y 1.5 SMLV,SIGMA,LAMBDA,ETA,BETA,EMP_000001,,NO,NO,NO,NO,NO
438553,F,46 a 55 años,Entre 1 y 1.5 SMLV,SIGMA,RHO,TAU,DELTA,EMP_000001,BOGOTA D.C.,NO,NO,NO,NO,NO
438603,M,20 a 35 años,Entre 1.5 y 2 SMLV,SIGMA,LAMBDA,ETA,XI,EMP_000002,,NO,NO,NO,NO,NO
438653,M,20 a 35 años,Entre 8 y 10 SMLV,ZETA,LAMBDA,ETA,XI,EMP_000002,,NO,NO,NO,NO,NO
438703,M,20 a 35 años,Entre 1 y 1.5 SMLV,PI,LAMBDA,TAU,LAMBDA,EMP_000001,,NO,NO,NO,NO,NO
438753,F,Mayor de 55 años,Entre 1 y 1.5 SMLV,SIGMA,EPSILON,TAU,ETA,EMP_000001,,NO,NO,NO,NO,NO
438803,M,36 a 45 años,Entre 1 y 1.5 SMLV,PI,RHO,TAU,LAMBDA,EMP_000001,,NO,NO,NO,NO,NO
438853,F,20 a 35 años,Entre 20 y 30 SMLV,ZETA,LAMBDA,XI,ETA,EMP_000001,,NO,NO,NO,NO,NO
438903,M,20 a 35 años,Entre 1 y 1.5 SMLV,SIGMA,RHO,PI,UPSILON,EMP_000001,,NO,NO,NO,NO,NO
438953,F,20 a 35 años,Entre 1 y 1.5 SMLV,SIGMA,LAMBDA,ETA,XI,EMP_000002,BOGOTA D.C.,NO,NO,NO,NO,NO
439003,F,46 a 55 años,Entre 3 y 4 SMLV,PI,RHO,PI,ETA,EMP_000001,,NO,NO,NO,NO,NO
439053,F,Mayor de 55 años,Entre 2.5 y 3 SMLV,PI,LAMBDA,PI,ETA,EMP_000001,BOGOTA D.C.,NO,NO,NO,NO,NO
439103,M,20 a 35 años,Entre 1.5 y 2 SMLV,SIGMA,LAMBDA,ETA,XI,EMP_000002,,NO,NO,NO,NO,NO
439153,M,20 a 35 años,Entre 1 y 1.5 SMLV,SIGMA,LAMBDA,TAU,XI,EMP_000002,,NO,NO,NO,NO,NO
439203,M,36 a 45 años,Entre 4 y 6 SMLV,ZETA,LAMBDA,PI,UPSILON,EMP_000001,,NO,NO,NO,NO,NO
439253,F,36 a 45 años,Entre 4 y 6 SMLV,ZETA,LAMBDA,PI,DELTA,EMP_000001,BOGOTA D.C.,NO,NO,NO,NO,NO
439303,F,36 a 45 años,Entre 1 y 1.5 SMLV,SIGMA,RHO,TAU,UPSILON,EMP_000001,,NO,NO,NO,NO,NO
439353,F,36 a 45 años,Entre 1.5 y 2 SMLV,SIGMA,EPSILON,PI,DELTA,EMP_000001,,NO,NO,NO,NO,NO
439403,F,46 a 55 años,Entre 1 y 1.5 SMLV,SIGMA,LAMBDA,TAU,ETA,EMP_000001,,NO,NO,NO,NO,NO
439453,F,Mayor de 55 años,Entre 4 y 6 SMLV,ZETA,LAMBDA,PI,XI,EMP_000002,CHIA,NO,NO,NO,NO,NO
439503,M,46 a 55 años,Entre 1.5 y 2 SMLV,SIGMA,RHO,PI,DELTA,EMP_000001,BOGOTA D.C.,NO,NO,NO,NO,NO
439553,M,36 a 45 años,Entre 4 y 6 SMLV,ZETA,LAMBDA,PI,DELTA,EMP_000001,CHIA,NO,NO,NO,NO,NO
439603,F,20 a 35 años,Entre 1 y 1.5 SMLV,SIGMA,LAMBDA,ETA,OMEGA,EMP_000001,,NO,NO,NO,NO,NO
439653,M,20 a 35 años,Entre 1 y 1.5 SMLV,SIGMA,RHO,TAU,DELTA,EMP_000001,,NO,NO,NO,NO,NO
439703,F,Mayor de 55 años,Entre 1 y 1.5 SMLV,SIGMA,IOTA,TAU,KAPPA,EMP_000001,BOGOTA D.C.,NO,NO,NO,NO,NO
439753,F,36 a 45 años,Entre 10 y 20 SMLV,ZETA,LAMBDA,ETA,UPSILON,EMP_000001,,NO,NO,NO,NO,NO
439803,M,20 a 35 años,Entre 1 y 1.5 SMLV,SIGMA,LAMBDA,TAU,ETA,EMP_000001,,NO,NO,NO,NO,NO
439853,F,20 a 35 años,Entre 1 y 1.5 SMLV,SIGMA,LAMBDA,TAU,OMEGA,EMP_000001,,NO,NO,NO,NO,NO
439903,M,46 a 55 años,Entre 1 y 1.5 SMLV,SIGMA,LAMBDA,PI,UPSILON,EMP_000001,SOACHA,NO,NO,NO,NO,NO
439953,F,20 a 35 años,Menor al SMLV,SIGMA,LAMBDA,TAU,ETA,EMP_000001,IBAGUE,NO,NO,NO,NO,NO
440003,M,36 a 45 años,Entre 1 y 1.5 SMLV,SIGMA,LAMBDA,TAU,ETA,EMP_000001,BOGOTA D.C.,NO,NO,NO,NO,NO
440053,M,20 a 35 años,Entre 1 y 1.5 SMLV,SIGMA,LAMBDA,TAU,ETA,EMP_000001,,NO,NO,NO,NO,NO
440103,F,20 a 35 años,Entre 1 y 1.5 SMLV,SIGMA,LAMBDA,ETA,OMEGA,EMP_000001,,NO,NO,NO,NO,NO
440153,M,46 a 55 años,Entre 3 y 4 SMLV,PI,EPSILON,PI,XI,EMP_000002,BOGOTA D.C.,NO,NO,NO,NO,NO
440203,M,20 a 35 años,,MU,THETA,OMEGA,OMICRON,EMP_000001,,NO,NO,NO,NO,NO
440253,M,Mayor de 55 años,Menor al SMLV,SIGMA,RHO,TAU,OMEGA,EMP_000001,BOGOTA D.C.,NO,NO,NO,NO,NO
440303,M,36 a 45 años,Entre 1 y 1.5 SMLV,SIGMA,RHO,TAU,XI,EMP_000002,EL ROSAL,NO,NO,NO,NO,NO
440353,M,36 a 45 años,Entre 3 y 4 SMLV,ZETA,IOTA,PI,UPSILON,EMP_000001,,NO,NO,NO,NO,NO
440403,F,36 a 45 años,Entre 1 y 1.5 SMLV,SIGMA,LAMBDA,TAU,BETA,EMP_000001,,NO,NO,NO,NO,NO
440453,M,36 a 45 años,Entre 1 y 1.5 SMLV,SIGMA,RHO,PI,ETA,EMP_000001,,NO,NO,NO,NO,NO
440503,M,46 a 55 años,Entre 8 y 10 SMLV,ZETA,LAMBDA,PI,XI,EMP_000002,,NO,NO,NO,NO,NO
440553,M,20 a 35 años,Entre 1 y 1.5 SMLV,SIGMA,LAMBDA,ETA,DELTA,EMP_000001,,NO,NO,NO,NO,NO
440603,F,20 a 35 años,Entre 1 y 1.5 SMLV,SIGMA,LAMBDA,ETA,XI,EMP_000001,BOGOTA D.C.,NO,NO,NO,NO,NO
440653,M,36 a 45 años,Menor al SMLV,SIGMA,RHO,TAU,OMEGA,EMP_000001,BOGOTA D.C.,NO,NO,NO,NO,NO
440703,M,46 a 55 años,Entre 1 y 1.5 SMLV,SIGMA,LAMBDA,TAU,ETA,EMP_000001,BOGOTA D.C.,NO,NO,NO,NO,NO
440753,F,20 a 35 años,Entre 8 y 10 SMLV,ZETA,LAMBDA,ETA,XI,EMP_000002,,NO,NO,NO,NO,NO
440803,M,46 a 55 años,Entre 3 y 4 SMLV,PI,EPSILON,PI,UPSILON,EMP_000001,,NO,NO,NO,NO,NO
440853,F,36 a 45 años,Entre 2.5 y 3 SMLV,PI,RHO,PI,UPSILON,EMP_000001,BOGOTA D.C.,NO,NO,NO,NO,NO
440903,F,46 a 55 años,Entre 1 y 1.5 SMLV,SIGMA,CHI,TAU,ETA,EMP_000001,BOGOTA D.C.,NO,NO,NO,NO,NO
440953,F,Mayor de 55 años,Entre 2.5 y 3 SMLV,PI,LAMBDA,PI,ETA,EMP_000001,,NO,NO,NO,NO,NO
441003,F,36 a 45 años,,MU,THETA,OMEGA,OMICRON,EMP_000001,,NO,NO,NO,NO,NO
441053,M,20 a 35 años,Entre 1 y 1.5 SMLV,SIGMA,LAMBDA,TAU,ETA,EMP_000001,,NO,NO,NO,NO,NO
441103,M,20 a 35 años,Entre 1 y 1.5 SMLV,SIGMA,LAMBDA,TAU,UPSILON,EMP_000001,,NO,NO,NO,NO,NO
441153,M,36 a 45 años,Entre 1 y 1.5 SMLV,SIGMA,LAMBDA,PI,UPSILON,EMP_000001,BOGOTA D.C.,NO,NO,NO,NO,NO
441203,M,20 a 35 años,Entre 1 y 1.5 SMLV,SIGMA,LAMBDA,ETA,BETA,EMP_000001,,NO,NO,NO,NO,NO
441253,F,20 a 35 años,Entre 1.5 y 2 SMLV,SIGMA,RHO,PI,ETA,EMP_000001,BOGOTA D.C.,NO,NO,NO,NO,NO
441303,F,20 a 35 años,Entre 1 y 1.5 SMLV,SIGMA,RHO,TAU,UPSILON,EMP_000001,,NO,NO,NO,NO,NO
441353,M,Mayor de 55 años,Entre 1 y 1.5 SMLV,SIGMA,EPSILON,TAU,DELTA,EMP_000001,,NO,NO,NO,NO,NO
441403,F,Mayor de 55 años,Entre 1 y 1.5 SMLV,SIGMA,LAMBDA,TAU,ETA,EMP_000001,,NO,NO,NO,NO,NO
441453,F,20 a 35 años,Entre 3 y 4 SMLV,PI,LAMBDA,ETA,XI,EMP_000002,,NO,NO,NO,NO,NO
441503,M,20 a 35 años,Entre 1 y 1.5 SMLV,SIGMA,LAMBDA,ETA,DELTA,EMP_000001,,NO,NO,NO,NO,NO
441553,M,36 a 45 años,Entre 1 y 1.5 SMLV,SIGMA,LAMBDA,TAU,ETA,EMP_000001,,NO,NO,NO,NO,NO
441603,M,46 a 55 años,Menor al SMLV,SIGMA,RHO,TAU,ETA,EMP_000001,GIRARDOT,NO,NO,NO,NO,NO
441653,F,46 a 55 años,Entre 1 y 1.5 SMLV,SIGMA,RHO,PI,UPSILON,EMP_000001,,NO,NO,NO,NO,NO
441703,F,Menor de 19 años,Entre 1 y 1.5 SMLV,SIGMA,LAMBDA,ETA,UPSILON,EMP_000001,,NO,NO,NO,NO,NO
441753,M,46 a 55 años,Entre 1 y 1.5 SMLV,SIGMA,LAMBDA,TAU,DELTA,EMP_000001,BOGOTA D.C.,NO,NO,NO,NO,NO
441803,M,36 a 45 años,Entre 1 y 1.5 SMLV,SIGMA,LAMBDA,PI,ETA,EMP_000001,,NO,NO,NO,NO,NO
441853,F,36 a 45 años,Entre 4 y 6 SMLV,PI,LAMBDA,PI,XI,EMP_000002,,NO,NO,NO,NO,NO
441903,M,20 a 35 años,Entre 1 y 1.5 SMLV,SIGMA,LAMBDA,TAU,ETA,EMP_000001,,NO,NO,NO,NO,NO
441953,F,20 a 35 años,Entre 1 y 1.5 SMLV,SIGMA,RHO,TAU,DELTA,EMP_000001,,NO,NO,NO,NO,NO
442003,F,20 a 35 años,Entre 1 y 1.5 SMLV,SIGMA,LAMBDA,ETA,OMEGA,EMP_000001,,NO,NO,NO,NO,NO
442053,M,20 a 35 años,Entre 1.5 y 2 SMLV,SIGMA,LAMBDA,ETA,XI,EMP_000002,,NO,NO,NO,NO,NO
442103,M,20 a 35 años,Entre 1 y 1.5 SMLV,SIGMA,LAMBDA,TAU,XI,EMP_000001,,NO,NO,NO,NO,NO
442153,F,36 a 45 años,Entre 1 y 1.5 SMLV,SIGMA,RHO,TAU,DELTA,EMP_000001,BOGOTA D.C.,NO,NO,NO,NO,NO
442203,M,20 a 35 años,Menor al SMLV,SIGMA,LAMBDA,TAU,UPSILON,EMP_000001,,NO,NO,NO,NO,NO
442253,F,20 a 35 años,Entre 1 y 1.5 SMLV,SIGMA,EPSILON,TAU,ETA,EMP_000001,,NO,NO,NO,NO,NO
442303,M,20 a 35 años,Entre 1 y 1.5 SMLV,SIGMA,LAMBDA,TAU,ETA,EMP_000001,,NO,NO,NO,NO,NO
442353,M,36 a 45 años,,MU,THETA,OMEGA,OMICRON,EMP_000001,,NO,NO,NO,NO,NO
442403,F,20 a 35 años,Entre 1 y 1.5 SMLV,SIGMA,RHO,TAU,UPSILON,EMP_000001,,NO,NO,NO,NO,NO
442453,F,20 a 35 años,Entre 2 y 2.5 SMLV,PI,LAMBDA,ETA,PSI,EMP_000001,,NO,NO,NO,NO,NO
442503,M,20 a 35 años,Entre 1 y 1.5 SMLV,SIGMA,EPSILON,TAU,ETA,EMP_000001,BOGOTA D.C.,NO,NO,NO,NO,NO
442553,F,36 a 45 años,Entre 1 y 1.5 SMLV,SIGMA,LAMBDA,TAU,ETA,EMP_000001,COTA,NO,NO,NO,NO,NO
442603,M,20 a 35 años,Entre 4 y 6 SMLV,ZETA,LAMBDA,ETA,XI,EMP_000002,,NO,NO,NO,NO,NO
442653,F,20 a 35 años,Entre 1 y 1.5 SMLV,SIGMA,LAMBDA,TAU,XI,EMP_000001,BOGOTA D.C.,NO,NO,NO,NO,NO
442703,F,36 a 45 años,Menor al SMLV,SIGMA,RHO,TAU,ETA,EMP_000001,,NO,NO,NO,NO,NO
442753,M,36 a 45 años,Entre 3 y 4 SMLV,PI,RHO,PI,UPSILON,EMP_000001,,NO,NO,NO,NO,NO
442803,M,Mayor de 55 años,Entre 1 y 1.5 SMLV,SIGMA,LAMBDA,PI,ETA,EMP_000001,,NO,NO,NO,NO,NO
442853,M,Mayor de 55 años,Entre 1 y 1.5 SMLV,SIGMA,IOTA,TAU,UPSILON,EMP_000001,BOGOTA D.C.,NO,NO,NO,NO,NO
442903,M,46 a 55 años,Entre 1 y 1.5 SMLV,SIGMA,EPSILON,TAU,ETA,EMP_000001,,NO,NO,NO,NO,NO
442953,M,20 a 35 años,Entre 1 y 1.5 SMLV,SIGMA,LAMBDA,ETA,UPSILON,EMP_000001,,NO,NO,NO,NO,NO
443003,M,20 a 35 años,Entre 1 y 1.5 SMLV,SIGMA,LAMBDA,ETA,BETA,EMP_000001,,NO,NO,NO,NO,NO
443053,M,20 a 35 años,Entre 1 y 1.5 SMLV,SIGMA,RHO,TAU,ETA,EMP_000001,,NO,NO,NO,NO,NO
443103,F,20 a 35 años,Entre 1 y 1.5 SMLV,SIGMA,RHO,PI,UPSILON,EMP_000001,BOGOTA D.C.,NO,NO,NO,NO,NO
443153,M,20 a 35 años,Entre 1 y 1.5 SMLV,SIGMA,LAMBDA,ETA,BETA,EMP_000001,,NO,NO,NO,NO,NO
443203,M,20 a 35 años,Menor al SMLV,SIGMA,EPSILON,TAU,ETA,EMP_000001,BOGOTA D.C.,NO,NO,NO,NO,NO
443253,M,46 a 55 años,Entre 1 y 1.5 SMLV,SIGMA,LAMBDA,TAU,OMEGA,EMP_000001,BOGOTA D.C.,NO,NO,NO,NO,NO
443303,M,20 a 35 años,Entre 1 y 1.5 SMLV,SIGMA,LAMBDA,TAU,DELTA,EMP_000001,,NO,NO,NO,NO,NO
443353,M,46 a 55 años,Entre 1.5 y 2 SMLV,SIGMA,RHO,PI,UPSILON,EMP_000001,,NO,NO,NO,NO,NO
443403,F,20 a 35 años,Entre 1 y 1.5 SMLV,SIGMA,LAMBDA,TAU,ETA,EMP_000001,,NO,NO,NO,NO,NO
443453,M,20 a 35 años,Entre 1 y 1.5 SMLV,SIGMA,LAMBDA,ETA,UPSILON,EMP_000001,,NO,NO,NO,NO,NO
443503,F,20 a 35 años,Entre 4 y 6 SMLV,ZETA,LAMBDA,ETA,XI,EMP_000001,BOGOTA D.C.,NO,NO,NO,NO,NO
443553,M,20 a 35 años,Entre 4 y 6 SMLV,ZETA,LAMBDA,ETA,XI,EMP_000002,,NO,NO,NO,NO,NO
443603,M,20 a 35 años,Entre 4 y 6 SMLV,ZETA,LAMBDA,ETA,UPSILON,EMP_000001,,NO,NO,NO,NO,NO
443653,F,46 a 55 años,Entre 1 y 1.5 SMLV,PI,IOTA,TAU,LAMBDA,EMP_000001,BOGOTA D.C.,NO,NO,NO,NO,NO
443703,F,36 a 45 años,Entre 1.5 y 2 SMLV,SIGMA,RHO,PI,DELTA,EMP_000001,BOGOTA D.C.,NO,NO,NO,NO,NO
443753,F,36 a 45 años,Entre 1 y 1.5 SMLV,SIGMA,LAMBDA,ETA,UPSILON,EMP_000001,,NO,NO,NO,NO,NO
443803,F,36 a 45 años,Entre 2.5 y 3 SMLV,PI,LAMBDA,PI,XI,EMP_000002,BOGOTA D.C.,NO,NO,NO,NO,NO
443853,M,36 a 45 años,Entre 6 y 8 SMLV,ZETA,LAMBDA,PI,UPSILON,EMP_000001,,NO,NO,NO,NO,NO
443903,M,36 a 45 años,Entre 1 y 1.5 SMLV,SIGMA,EPSILON,TAU,ETA,EMP_000001,BOGOTA D.C.,NO,NO,NO,NO,NO
443953,F,20 a 35 años,Entre 1 y 1.5 SMLV,SIGMA,LAMBDA,ETA,UPSILON,EMP_000001,BOGOTA D.C.,NO,NO,NO,NO,NO
444003,F,Mayor de 55 años,Menor al SMLV,SIGMA,LAMBDA,TAU,ETA,EMP_000001,BOGOTA D.C.,NO,NO,NO,NO,NO
444053,F,20 a 35 años,Entre 10 y 20 SMLV,ZETA,RHO,PI,DELTA,EMP_000001,,NO,NO,NO,NO,NO
444103,M,46 a 55 años,Entre 2 y 2.5 SMLV,PI,LAMBDA,PI,ETA,EMP_000001,BOGOTA D.C.,NO,NO,NO,NO,NO
444153,M,36 a 45 años,Entre 3 y 4 SMLV,ZETA,LAMBDA,ETA,ETA,EMP_000001,BOGOTA D.C.,NO,NO,NO,NO,NO
444203,M,36 a 45 años,Entre 3 y 4 SMLV,PI,EPSILON,PI,DELTA,EMP_000001,BOGOTA D.C.,NO,NO,NO,NO,NO
444253,M,36 a 45 años,Entre 10 y 20 SMLV,ZETA,LAMBDA,PI,ETA,EMP_000001,BOGOTA D.C.,NO,NO,NO,NO,NO
444303,F,Mayor de 55 años,Entre 1 y 1.5 SMLV,PI,LAMBDA,TAU,LAMBDA,EMP_000001,,NO,NO,NO,NO,NO
444353,M,20 a 35 años,Menor al SMLV,SIGMA,LAMBDA,TAU,ETA,EMP_000001,,NO,NO,NO,NO,NO
444403,M,20 a 35 años,Entre 1 y 1.5 SMLV,SIGMA,LAMBDA,TAU,UPSILON,EMP_000002,,NO,NO,NO,NO,NO
444453,F,36 a 45 años,Entre 1 y 1.5 SMLV,SIGMA,LAMBDA,TAU,XI,EMP_000001,,NO,NO,NO,NO,NO
444503,M,46 a 55 años,Entre 1 y 1.5 SMLV,SIGMA,LAMBDA,PI,DELTA,EMP_000001,,NO,NO,NO,NO,NO
444553,F,20 a 35 años,Entre 1 y 1.5 SMLV,SIGMA,LAMBDA,TAU,OMEGA,EMP_000001,,NO,NO,NO,NO,NO
444603,M,20 a 35 años,Entre 2.5 y 3 SMLV,PI,CHI,PI,ETA,EMP_000001,,NO,NO,NO,NO,NO
444653,M,20 a 35 años,Entre 1.5 y 2 SMLV,SIGMA,LAMBDA,ETA,XI,EMP_000002,,NO,NO,NO,NO,NO
444703,M,Mayor de 55 años,Entre 1 y 1.5 SMLV,SIGMA,LAMBDA,PI,DELTA,EMP_000001,BOGOTA D.C.,NO,NO,NO,NO,NO
444753,F,Mayor de 55 años,Entre 1.5 y 2 SMLV,SIGMA,LAMBDA,PI,KAPPA,EMP_000001,,NO,NO,NO,NO,NO
444803,M,20 a 35 años,Entre 1 y 1.5 SMLV,SIGMA,EPSILON,TAU,DELTA,EMP_000001,GUASCA,NO,NO,NO,NO,NO
444853,F,36 a 45 años,Entre 3 y 4 SMLV,PI,LAMBDA,PI,UPSILON,EMP_000001,BOGOTA D.C.,NO,NO,NO,NO,NO
444903,M,46 a 55 años,Entre 3 y 4 SMLV,PI,LAMBDA,PI,ETA,EMP_000001,BOGOTA D.C.,NO,NO,NO,NO,NO
444953,M,20 a 35 años,Entre 1 y 1.5 SMLV,SIGMA,LAMBDA,ETA,BETA,EMP_000001,,NO,NO,NO,NO,NO
445003,F,20 a 35 años,Entre 1 y 1.5 SMLV,SIGMA,RHO,TAU,ETA,EMP_000001,,NO,NO,NO,NO,NO
445053,F,20 a 35 años,Entre 1 y 1.5 SMLV,SIGMA,LAMBDA,ETA,XI,EMP_000002,,NO,NO,NO,NO,NO
445103,M,Mayor de 55 años,Menor al SMLV,SIGMA,LAMBDA,TAU,KAPPA,EMP_000001,,NO,NO,NO,NO,NO
445153,M,Mayor de 55 años,Entre 1 y 1.5 SMLV,SIGMA,IOTA,TAU,UPSILON,EMP_000001,BOGOTA D.C.,NO,NO,NO,NO,NO
445203,M,20 a 35 años,Entre 1 y 1.5 SMLV,SIGMA,LAMBDA,TAU,XI,EMP_000001,,NO,NO,NO,NO,NO
445253,F,Mayor de 55 años,Entre 4 y 6 SMLV,ZETA,IOTA,PI,XI,EMP_000002,MADRID,NO,NO,NO,NO,NO
445303,M,20 a 35 años,Entre 1 y 1.5 SMLV,SIGMA,RHO,PI,UPSILON,EMP_000001,BOGOTA D.C.,NO,NO,NO,NO,NO
445353,M,36 a 45 años,Entre 1.5 y 2 SMLV,SIGMA,EPSILON,PI,UPSILON,EMP_000001,,NO,NO,NO,NO,NO
445403,M,46 a 55 años,Entre 4 y 6 SMLV,ZETA,LAMBDA,PI,XI,EMP_000002,BOGOTA D.C.,NO,NO,NO,NO,NO
445453,M,20 a 35 años,Entre 1 y 1.5 SMLV,SIGMA,LAMBDA,ETA,ETA,EMP_000001,,NO,NO,NO,NO,NO
445503,M,20 a 35 años,Entre 1 y 1.5 SMLV,SIGMA,LAMBDA,ETA,UPSILON,EMP_000001,BOGOTA D.C.,NO,NO,NO,NO,NO
445553,M,20 a 35 años,Entre 1 y 1.5 SMLV,SIGMA,LAMBDA,ETA,BETA,EMP_000001,,NO,NO,NO,NO,NO
445603,M,36 a 45 años,Entre 2 y 2.5 SMLV,PI,LAMBDA,PI,ETA,EMP_000001,BOGOTA D.C.,NO,NO,NO,NO,NO
445653,F,20 a 35 años,Entre 1 y 1.5 SMLV,SIGMA,LAMBDA,TAU,XI,EMP_000001,,NO,NO,NO,NO,NO
445703,F,20 a 35 años,Entre 1 y 1.5 SMLV,SIGMA,LAMBDA,TAU,ETA,EMP_000001,,NO,NO,NO,NO,NO
445753,M,Menor de 19 años,Entre 1 y 1.5 SMLV,SIGMA,LAMBDA,TAU,ETA,EMP_000001,,NO,NO,NO,NO,NO
445803,M,36 a 45 años,Entre 1.5 y 2 SMLV,SIGMA,IOTA,PI,XI,EMP_000002,BOGOTA D.C.,NO,NO,NO,NO,NO
445853,M,20 a 35 años,Entre 1 y 1.5 SMLV,SIGMA,LAMBDA,ETA,UPSILON,EMP_000001,SOACHA,NO,NO,NO,NO,NO
445903,F,36 a 45 años,Entre 4 y 6 SMLV,ZETA,RHO,PI,XI,EMP_000002,,NO,NO,NO,NO,NO
445953,F,46 a 55 años,Entre 1.5 y 2 SMLV,SIGMA,EPSILON,PI,XI,EMP_000001,,NO,NO,NO,NO,NO
446003,F,46 a 55 años,Entre 1 y 1.5 SMLV,SIGMA,RHO,TAU,DELTA,EMP_000001,BOGOTA D.C.,NO,NO,NO,NO,NO
446053,M,20 a 35 años,Entre 1 y 1.5 SMLV,SIGMA,LAMBDA,TAU,UPSILON,EMP_000001,,NO,NO,NO,NO,NO
446103,M,20 a 35 años,Entre 1 y 1.5 SMLV,SIGMA,RHO,TAU,XI,EMP_000002,,NO,NO,NO,NO,NO
446153,M,Mayor de 55 años,Entre 3 y 4 SMLV,SIGMA,RHO,PI,KAPPA,EMP_000001,,NO,NO,NO,NO,NO
446203,F,36 a 45 años,Entre 1 y 1.5 SMLV,SIGMA,IOTA,PI,ETA,EMP_000001,MADRID,NO,NO,NO,NO,NO
446253,F,Mayor de 55 años,Entre 1 y 1.5 SMLV,SIGMA,RHO,TAU,ETA,EMP_000001,,NO,NO,NO,NO,NO
446303,M,Mayor de 55 años,Menor al SMLV,SIGMA,RHO,TAU,ETA,EMP_000001,BOGOTA D.C.,NO,NO,NO,NO,NO
446353,F,46 a 55 años,Entre 1 y 1.5 SMLV,SIGMA,LAMBDA,TAU,ETA,EMP_000001,,NO,NO,NO,NO,NO
446403,M,Mayor de 55 años,Entre 6 y 8 SMLV,SIGMA,IOTA,PI,KAPPA,EMP_000001,BOGOTA D.C.,NO,NO,NO,NO,NO
446453,M,36 a 45 años,Entre 1 y 1.5 SMLV,SIGMA,LAMBDA,ETA,ETA,EMP_000001,BOGOTA D.C.,NO,NO,NO,NO,NO
446503,M,20 a 35 años,Entre 1 y 1.5 SMLV,SIGMA,LAMBDA,TAU,DELTA,EMP_000001,,NO,NO,NO,NO,NO
446553,F,Mayor de 55 años,Entre 1 y 1.5 SMLV,PI,IOTA,PI,LAMBDA,EMP_000001,BOGOTA D.C.,NO,NO,NO,NO,NO
446603,M,20 a 35 años,Entre 1 y 1.5 SMLV,SIGMA,LAMBDA,TAU,UPSILON,EMP_000001,,NO,NO,NO,NO,NO
446653,M,20 a 35 años,Entre 1 y 1.5 SMLV,SIGMA,RHO,TAU,DELTA,EMP_000001,,NO,NO,NO,NO,NO
446703,F,36 a 45 años,Entre 1 y 1.5 SMLV,SIGMA,LAMBDA,TAU,ETA,EMP_000001,,NO,NO,NO,NO,NO
446753,F,20 a 35 años,Entre 1 y 1.5 SMLV,SIGMA,RHO,PI,OMEGA,EMP_000001,,NO,NO,NO,NO,NO
446803,M,36 a 45 años,Entre 1 y 1.5 SMLV,SIGMA,RHO,TAU,ETA,EMP_000001,,NO,NO,NO,NO,NO
446853,M,46 a 55 años,Entre 2.5 y 3 SMLV,PI,IOTA,PI,UPSILON,EMP_000001,BOGOTA D.C.,NO,NO,NO,NO,NO
446903,M,46 a 55 años,Entre 1 y 1.5 SMLV,SIGMA,RHO,PI,ETA,EMP_000001,BOGOTA D.C.,NO,NO,NO,NO,NO
446953,F,Mayor de 55 años,Entre 1.5 y 2 SMLV,SIGMA,IOTA,PI,KAPPA,EMP_000001,BOGOTA D.C.,NO,NO,NO,NO,NO
447003,M,20 a 35 años,Entre 1 y 1.5 SMLV,SIGMA,LAMBDA,ETA,XI,EMP_000002,,NO,NO,NO,NO,NO
447053,F,36 a 45 años,,MU,THETA,OMEGA,OMICRON,EMP_000001,,NO,NO,NO,NO,NO
447103,M,46 a 55 años,Entre 4 y 6 SMLV,ZETA,LAMBDA,PI,XI,EMP_000001,,NO,NO,NO,NO,NO
447153,M,20 a 35 años,Entre 1 y 1.5 SMLV,SIGMA,LAMBDA,TAU,UPSILON,EMP_000001,,NO,NO,NO,NO,NO
447203,M,36 a 45 años,Entre 1 y 1.5 SMLV,SIGMA,LAMBDA,TAU,ETA,EMP_000001,,NO,NO,NO,NO,NO
447253,F,20 a 35 años,Entre 1 y 1.5 SMLV,SIGMA,RHO,TAU,ETA,EMP_000001,,NO,NO,NO,NO,NO
447303,F,36 a 45 años,Entre 6 y 8 SMLV,ZETA,LAMBDA,ETA,XI,EMP_000002,,NO,NO,NO,NO,NO
447353,M,Mayor de 55 años,Entre 1 y 1.5 SMLV,SIGMA,THETA,TAU,OMICRON,EMP_000001,,NO,NO,NO,NO,NO
447403,M,20 a 35 años,Entre 1 y 1.5 SMLV,SIGMA,LAMBDA,ETA,BETA,EMP_000001,,NO,NO,NO,NO,NO
447453,M,20 a 35 años,Entre 1 y 1.5 SMLV,SIGMA,LAMBDA,TAU,ETA,EMP_000001,BOGOTA D.C.,NO,NO,NO,NO,NO
447503,M,36 a 45 años,Entre 1 y 1.5 SMLV,SIGMA,LAMBDA,ETA,BETA,EMP_000001,,NO,NO,NO,NO,NO
447553,M,36 a 45 años,Entre 1 y 1.5 SMLV,SIGMA,RHO,TAU,ETA,EMP_000001,CHIA,NO,NO,NO,NO,NO
447603,F,20 a 35 años,Menor al SMLV,SIGMA,LAMBDA,TAU,OMEGA,EMP_000001,,NO,NO,NO,NO,NO
447653,M,46 a 55 años,Entre 3 y 4 SMLV,PI,LAMBDA,PI,ETA,EMP_000001,,NO,NO,NO,NO,NO
447703,M,20 a 35 años,Entre 1 y 1.5 SMLV,SIGMA,LAMBDA,ETA,BETA,EMP_000001,,NO,NO,NO,NO,NO
447753,F,20 a 35 años,Entre 1 y 1.5 SMLV,SIGMA,LAMBDA,TAU,UPSILON,EMP_000001,,NO,NO,NO,NO,NO
447803,F,Mayor de 55 años,Entre 1 y 1.5 SMLV,SIGMA,LAMBDA,TAU,ETA,EMP_000001,,NO,NO,NO,NO,NO
447853,F,36 a 45 años,Entre 1.5 y 2 SMLV,SIGMA,LAMBDA,PI,UPSILON,EMP_000001,BOGOTA D.C.,NO,NO,NO,NO,NO
447903,M,20 a 35 años,Entre 10 y 20 SMLV,ZETA,LAMBDA,ETA,XI,EMP_000002,,NO,NO,NO,NO,NO
447953,M,20 a 35 años,Entre 4 y 6 SMLV,ZETA,LAMBDA,ETA,ETA,EMP_000001,,NO,NO,NO,NO,NO
448003,M,20 a 35 años,Entre 1 y 1.5 SMLV,SIGMA,LAMBDA,ETA,BETA,EMP_000001,,NO,NO,NO,NO,NO
448053,M,36 a 45 años,Entre 1 y 1.5 SMLV,SIGMA,RHO,TAU,UPSILON,EMP_000001,BOGOTA D.C.,NO,NO,NO,NO,NO
448103,M,Menor de 19 años,Entre 1 y 1.5 SMLV,SIGMA,LAMBDA,TAU,UPSILON,EMP_000001,,NO,NO,NO,NO,NO
448153,F,36 a 45 años,Entre 1 y 1.5 SMLV,SIGMA,LAMBDA,TAU,XI,EMP_000002,BOGOTA D.C.,NO,NO,NO,NO,NO
448203,M,20 a 35 años,Entre 2.5 y 3 SMLV,PI,LAMBDA,ETA,XI,EMP_000002,,NO,NO,NO,NO,NO
448253,M,20 a 35 años,Entre 1 y 1.5 SMLV,SIGMA,LAMBDA,TAU,OMEGA,EMP_000001,SOACHA,NO,NO,NO,NO,NO
448303,F,20 a 35 años,Entre 2.5 y 3 SMLV,PI,RHO,PI,UPSILON,EMP_000001,,NO,NO,NO,NO,NO
448353,M,Mayor de 55 años,Entre 1 y 1.5 SMLV,SIGMA,LAMBDA,TAU,UPSILON,EMP_000001,SOACHA,NO,NO,NO,NO,NO
448403,M,46 a 55 años,Entre 1 y 1.5 SMLV,SIGMA,EPSILON,TAU,XI,EMP_000002,BOGOTA D.C.,NO,NO,NO,NO,NO
448453,M,46 a 55 años,Entre 10 y 20 SMLV,ZETA,EPSILON,PI,XI,EMP_000001,BOGOTA D.C.,NO,NO,NO,NO,NO
448503,F,20 a 35 años,Entre 1 y 1.5 SMLV,SIGMA,RHO,PI,DELTA,EMP_000001,,NO,NO,NO,NO,NO
448553,M,46 a 55 años,Entre 1.5 y 2 SMLV,SIGMA,RHO,PI,XI,EMP_000002,,NO,NO,NO,NO,NO
448603,M,20 a 35 años,Entre 1 y 1.5 SMLV,SIGMA,LAMBDA,ETA,UPSILON,EMP_000001,,NO,NO,NO,NO,NO
448653,F,Mayor de 55 años,Entre 1 y 1.5 SMLV,SIGMA,LAMBDA,TAU,ETA,EMP_000001,BOGOTA D.C.,NO,NO,NO,NO,NO
448703,M,36 a 45 años,Entre 1 y 1.5 SMLV,SIGMA,EPSILON,TAU,ETA,EMP_000001,BOGOTA D.C.,NO,NO,NO,NO,NO
448753,M,36 a 45 años,Entre 1.5 y 2 SMLV,SIGMA,THETA,TAU,OMICRON,EMP_000001,,NO,NO,NO,NO,NO
448803,M,36 a 45 años,Entre 1.5 y 2 SMLV,SIGMA,EPSILON,PI,DELTA,EMP_000001,,NO,NO,NO,NO,NO
448853,M,20 a 35 años,Entre 1 y 1.5 SMLV,SIGMA,RHO,TAU,XI,EMP_000002,,NO,NO,NO,NO,NO
448903,F,36 a 45 años,Menor al SMLV,SIGMA,RHO,PI,DELTA,EMP_000001,,NO,NO,NO,NO,NO
448953,M,20 a 35 años,Entre 1 y 1.5 SMLV,SIGMA,LAMBDA,ETA,UPSILON,EMP_000001,,NO,NO,NO,NO,NO
449003,M,20 a 35 años,Entre 1 y 1.5 SMLV,SIGMA,LAMBDA,ETA,UPSILON,EMP_000001,CHOCONTA,NO,NO,NO,NO,NO
449053,F,Mayor de 55 años,Entre 1 y 1.5 SMLV,SIGMA,LAMBDA,TAU,DELTA,EMP_000001,BOGOTA D.C.,NO,NO,NO,NO,NO
449103,M,20 a 35 años,Entre 1 y 1.5 SMLV,SIGMA,LAMBDA,ETA,ETA,EMP_000001,BOGOTA D.C.,NO,NO,NO,NO,NO
449153,F,36 a 45 años,Entre 1 y 1.5 SMLV,SIGMA,LAMBDA,TAU,ETA,EMP_000001,,NO,NO,NO,NO,NO
449203,M,20 a 35 años,Entre 1.5 y 2 SMLV,PI,LAMBDA,ETA,XI,EMP_000002,,NO,NO,NO,NO,NO
449253,F,36 a 45 años,Entre 1.5 y 2 SMLV,SIGMA,RHO,PI,DELTA,EMP_000001,BOGOTA D.C.,NO,NO,NO,NO,NO
449303,M,36 a 45 años,Entre 1 y 1.5 SMLV,SIGMA,RHO,TAU,XI,EMP_000002,BOGOTA D.C.,NO,NO,NO,NO,NO
449353,F,20 a 35 años,Entre 1 y 1.5 SMLV,SIGMA,LAMBDA,TAU,UPSILON,EMP_000002,,NO,NO,NO,NO,NO
449403,M,36 a 45 años,Menor al SMLV,SIGMA,RHO,TAU,ETA,EMP_000001,,NO,NO,NO,NO,NO
449453,M,20 a 35 años,Entre 1.5 y 2 SMLV,SIGMA,LAMBDA,ETA,XI,EMP_000001,,NO,NO,NO,NO,NO
449503,F,20 a 35 años,Entre 1 y 1.5 SMLV,SIGMA,LAMBDA,ETA,UPSILON,EMP_000001,,NO,NO,NO,NO,NO
449553,F,20 a 35 años,Entre 1 y 1.5 SMLV,SIGMA,RHO,PI,UPSILON,EMP_000001,BOGOTA D.C.,NO,NO,NO,NO,NO
449603,F,20 a 35 años,Entre 1 y 1.5 SMLV,SIGMA,LAMBDA,TAU,DELTA,EMP_000001,,NO,NO,NO,NO,NO
449653,M,20 a 35 años,Entre 1 y 1.5 SMLV,SIGMA,LAMBDA,ETA,BETA,EMP_000001,,NO,NO,NO,NO,NO
449703,M,20 a 35 años,Entre 1 y 1.5 SMLV,SIGMA,LAMBDA,TAU,UPSILON,EMP_000001,,NO,NO,NO,NO,NO
449753,F,20 a 35 años,Entre 1 y 1.5 SMLV,SIGMA,RHO,TAU,OMEGA,EMP_000001,,NO,NO,NO,NO,NO
449803,M,46 a 55 años,Entre 1 y 1.5 SMLV,SIGMA,EPSILON,TAU,ETA,EMP_000001,BOGOTA D.C.,NO,NO,NO,NO,NO
449853,F,20 a 35 años,Entre 1 y 1.5 SMLV,SIGMA,LAMBDA,ETA,BETA,EMP_000001,,NO,NO,NO,NO,NO
449903,M,46 a 55 años,Entre 1 y 1.5 SMLV,SIGMA,CHI,TAU,UPSILON,EMP_000001,BOGOTA D.C.,NO,NO,NO,NO,NO
449953,F,20 a 35 años,Entre 10 y 20 SMLV,ZETA,LAMBDA,ETA,XI,EMP_000002,,NO,NO,NO,NO,NO
450003,F,Mayor de 55 años,Entre 1 y 1.5 SMLV,SIGMA,CHI,TAU,ETA,EMP_000001,,NO,NO,NO,NO,NO
450053,M,36 a 45 años,Entre 10 y 20 SMLV,ZETA,LAMBDA,PI,UPSILON,EMP_000001,,NO,NO,NO,NO,NO
450103,M,20 a 35 años,Entre 1 y 1.5 SMLV,SIGMA,LAMBDA,ETA,UPSILON,EMP_000001,,NO,NO,NO,NO,NO
450153,M,Mayor de 55 años,Entre 4 y 6 SMLV,ZETA,IOTA,PI,ETA,EMP_000001,BOGOTA D.C.,NO,NO,NO,NO,NO
450203,M,20 a 35 años,Menor al SMLV,SIGMA,LAMBDA,TAU,UPSILON,EMP_000001,,NO,NO,NO,NO,NO
450253,M,Mayor de 55 años,Entre 1.5 y 2 SMLV,PI,LAMBDA,PI,ETA,EMP_000001,BOGOTA D.C.,NO,NO,NO,NO,NO
450303,M,36 a 45 años,Entre 1 y 1.5 SMLV,SIGMA,LAMBDA,PI,DELTA,EMP_000001,,NO,NO,NO,NO,NO
450353,F,Menor de 19 años,Entre 1 y 1.5 SMLV,SIGMA,RHO,TAU,ETA,EMP_000001,,NO,NO,NO,NO,NO
450403,M,20 a 35 años,Entre 1 y 1.5 SMLV,SIGMA,THETA,ETA,OMICRON,EMP_000001,,NO,NO,NO,NO,NO
450453,M,46 a 55 años,Entre 1 y 1.5 SMLV,SIGMA,RHO,TAU,DELTA,EMP_000001,,NO,NO,NO,NO,NO
450503,F,46 a 55 años,Entre 1 y 1.5 SMLV,SIGMA,LAMBDA,TAU,DELTA,EMP_000001,,NO,NO,NO,NO,NO
450553,F,Menor de 19 años,Entre 1 y 1.5 SMLV,SIGMA,LAMBDA,TAU,UPSILON,EMP_000001,,NO,NO,NO,NO,NO
450603,M,36 a 45 años,Entre 1 y 1.5 SMLV,SIGMA,LAMBDA,TAU,ETA,EMP_000001,BOGOTA D.C.,NO,NO,NO,NO,NO
450653,M,36 a 45 años,Entre 1.5 y 2 SMLV,SIGMA,EPSILON,PI,UPSILON,EMP_000001,BOGOTA D.C.,NO,NO,NO,NO,NO
450703,M,36 a 45 años,Entre 1 y 1.5 SMLV,SIGMA,LAMBDA,TAU,OMEGA,EMP_000001,,NO,NO,NO,NO,NO
450753,F,20 a 35 años,Entre 1.5 y 2 SMLV,SIGMA,LAMBDA,ETA,XI,EMP_000002,BOGOTA D.C.,NO,NO,NO,NO,NO
450803,M,20 a 35 años,Entre 1 y 1.5 SMLV,SIGMA,LAMBDA,TAU,DELTA,EMP_000001,,NO,NO,NO,NO,NO
450853,M,20 a 35 años,Entre 1 y 1.5 SMLV,SIGMA,LAMBDA,TAU,XI,EMP_000001,,NO,NO,NO,NO,NO
450903,F,Mayor de 55 años,Menor al SMLV,SIGMA,LAMBDA,TAU,PSI,EMP_000001,,NO,NO,NO,NO,NO
450953,M,46 a 55 años,Entre 1 y 1.5 SMLV,SIGMA,RHO,TAU,ETA,EMP_000001,,NO,NO,NO,NO,NO
451003,F,36 a 45 años,Entre 1 y 1.5 SMLV,SIGMA,LAMBDA,TAU,ETA,EMP_000001,BOGOTA D.C.,NO,NO,NO,NO,NO
451053,F,20 a 35 años,Entre 1 y 1.5 SMLV,SIGMA,RHO,TAU,DELTA,EMP_000001,,NO,NO,NO,NO,NO
451103,M,20 a 35 años,Entre 1.5 y 2 SMLV,SIGMA,EPSILON,PI,UPSILON,EMP_000001,,NO,NO,NO,NO,NO
451153,M,46 a 55 años,Entre 1.5 y 2 SMLV,SIGMA,IOTA,PI,ETA,EMP_000001,BOGOTA D.C.,NO,NO,NO,NO,NO
451203,F,20 a 35 años,Entre 1 y 1.5 SMLV,SIGMA,LAMBDA,ETA,UPSILON,EMP_000001,,NO,NO,NO,NO,NO
451253,F,36 a 45 años,Entre 3 y 4 SMLV,PI,LAMBDA,ETA,UPSILON,EMP_000001,SOACHA,NO,NO,NO,NO,NO
451303,M,36 a 45 años,Entre 2 y 2.5 SMLV,PI,LAMBDA,ETA,OMEGA,EMP_000001,BOGOTA D.C.,NO,NO,NO,NO,NO
451353,M,20 a 35 años,Entre 1 y 1.5 SMLV,SIGMA,RHO,TAU,UPSILON,EMP_000001,,NO,NO,NO,NO,NO
451403,M,20 a 35 años,Entre 1 y 1.5 SMLV,SIGMA,LAMBDA,ETA,ETA,EMP_000001,,NO,NO,NO,NO,NO
451453,F,36 a 45 años,Entre 1 y 1.5 SMLV,SIGMA,IOTA,TAU,UPSILON,EMP_000001,BOGOTA D.C.,NO,NO,NO,NO,NO
451503,M,36 a 45 años,Entre 1 y 1.5 SMLV,PI,EPSILON,TAU,LAMBDA,EMP_000001,BOGOTA D.C.,NO,NO,NO,NO,NO
451553,M,36 a 45 años,Entre 1 y 1.5 SMLV,SIGMA,RHO,TAU,ETA,EMP_000001,,NO,NO,NO,NO,NO
451603,M,36 a 45 años,Entre 1 y 1.5 SMLV,SIGMA,LAMBDA,TAU,ETA,EMP_000001,,NO,NO,NO,NO,NO
451653,F,36 a 45 años,Entre 1 y 1.5 SMLV,SIGMA,RHO,TAU,ETA,EMP_000001,,NO,NO,NO,NO,NO
451703,F,20 a 35 años,Entre 1 y 1.5 SMLV,SIGMA,LAMBDA,TAU,ETA,EMP_000001,,NO,NO,NO,NO,NO
451753,F,46 a 55 años,Entre 3 y 4 SMLV,PI,RHO,PI,XI,EMP_000002,BOGOTA D.C.,NO,NO,NO,NO,NO
451803,M,Mayor de 55 años,Entre 1 y 1.5 SMLV,SIGMA,EPSILON,TAU,DELTA,EMP_000001,SOACHA,NO,NO,NO,NO,NO
451853,M,20 a 35 años,Entre 1 y 1.5 SMLV,SIGMA,LAMBDA,ETA,XI,EMP_000002,BOGOTA D.C.,NO,NO,NO,NO,NO
451903,M,20 a 35 años,Entre 2 y 2.5 SMLV,PI,LAMBDA,ETA,ETA,EMP_000001,,NO,NO,NO,NO,NO
451953,M,20 a 35 años,Entre 1 y 1.5 SMLV,SIGMA,LAMBDA,ETA,BETA,EMP_000001,,NO,NO,NO,NO,NO
452003,F,20 a 35 años,Entre 2 y 2.5 SMLV,PI,LAMBDA,ETA,ETA,EMP_000001,,NO,NO,NO,NO,NO
452053,F,20 a 35 años,Entre 1.5 y 2 SMLV,SIGMA,LAMBDA,ETA,UPSILON,EMP_000001,BOGOTA D.C.,NO,NO,NO,NO,NO
452103,F,46 a 55 años,Entre 1 y 1.5 SMLV,SIGMA,LAMBDA,PI,ETA,EMP_000001,BOGOTA D.C.,NO,NO,NO,NO,NO
452153,M,20 a 35 años,Entre 1 y 1.5 SMLV,SIGMA,LAMBDA,ETA,XI,EMP_000001,,NO,NO,NO,NO,NO
452203,F,Mayor de 55 años,,MU,THETA,OMEGA,OMICRON,EMP_000001,,NO,NO,NO,NO,NO
452253,F,36 a 45 años,Entre 1 y 1.5 SMLV,SIGMA,RHO,TAU,XI,EMP_000001,BOGOTA D.C.,NO,NO,NO,NO,NO
452303,M,20 a 35 años,Entre 1 y 1.5 SMLV,SIGMA,LAMBDA,TAU,ETA,EMP_000001,,NO,NO,NO,NO,NO
452353,M,20 a 35 años,Entre 10 y 20 SMLV,ZETA,CHI,PI,DELTA,EMP_000001,,NO,NO,NO,NO,NO
452403,F,20 a 35 años,Entre 1.5 y 2 SMLV,SIGMA,LAMBDA,ETA,UPSILON,EMP_000001,CHIA,NO,NO,NO,NO,NO
452453,M,Mayor de 55 años,Entre 1.5 y 2 SMLV,SIGMA,LAMBDA,PI,UPSILON,EMP_000001,,NO,NO,NO,NO,NO
452503,F,20 a 35 años,Entre 1 y 1.5 SMLV,SIGMA,RHO,TAU,UPSILON,EMP_000001,,NO,NO,NO,NO,NO
452553,M,36 a 45 años,Entre 1 y 1.5 SMLV,SIGMA,RHO,PI,DELTA,EMP_000001,BOGOTA D.C.,NO,NO,NO,NO,NO
452603,M,Mayor de 55 años,Entre 1.5 y 2 SMLV,SIGMA,IOTA,PI,UPSILON,EMP_000001,BOGOTA D.C.,NO,NO,NO,NO,NO
452653,M,20 a 35 años,Entre 1 y 1.5 SMLV,SIGMA,LAMBDA,TAU,XI,EMP_000002,,NO,NO,NO,NO,NO
452703,F,Mayor de 55 años,Entre 1 y 1.5 SMLV,SIGMA,LAMBDA,TAU,ETA,EMP_000001,,NO,NO,NO,NO,NO
452753,F,36 a 45 años,Entre 1 y 1.5 SMLV,SIGMA,RHO,PI,XI,EMP_000002,,NO,NO,NO,NO,NO
452803,M,Menor de 19 años,Entre 1 y 1.5 SMLV,SIGMA,LAMBDA,ETA,ETA,EMP_000001,,NO,NO,NO,NO,NO
452853,M,20 a 35 años,Entre 1 y 1.5 SMLV,SIGMA,LAMBDA,TAU,UPSILON,EMP_000001,BOGOTA D.C.,NO,NO,NO,NO,NO
452903,F,20 a 35 años,Entre 1 y 1.5 SMLV,SIGMA,LAMBDA,TAU,ETA,EMP_000001,,NO,NO,NO,NO,NO
452953,F,20 a 35 años,,MU,THETA,OMEGA,OMICRON,EMP_000001,,NO,NO,NO,NO,NO
453003,M,36 a 45 años,Entre 1 y 1.5 SMLV,SIGMA,LAMBDA,TAU,DELTA,EMP_000001,,NO,NO,NO,NO,NO
453053,M,20 a 35 años,Entre 1.5 y 2 SMLV,SIGMA,RHO,PI,UPSILON,EMP_000001,BOGOTA D.C.,NO,NO,NO,NO,NO
453103,M,46 a 55 años,Entre 1 y 1.5 SMLV,SIGMA,EPSILON,TAU,ETA,EMP_000001,,NO,NO,NO,NO,NO
453153,F,20 a 35 años,Entre 2 y 2.5 SMLV,PI,RHO,PI,XI,EMP_000001,BOGOTA D.C.,NO,NO,NO,NO,NO
453203,F,20 a 35 años,Entre 2 y 2.5 SMLV,PI,RHO,PI,XI,EMP_000002,,NO,NO,NO,NO,NO
453253,M,36 a 45 años,Entre 1 y 1.5 SMLV,SIGMA,EPSILON,TAU,UPSILON,EMP_000001,BOGOTA D.C.,NO,NO,NO,NO,NO
453303,M,36 a 45 años,Entre 1 y 1.5 SMLV,SIGMA,LAMBDA,PI,ETA,EMP_000001,,NO,NO,NO,NO,NO
453353,F,36 a 45 años,Entre 1.5 y 2 SMLV,SIGMA,LAMBDA,ETA,ETA,EMP_000001,FUNZA,NO,NO,NO,NO,NO
453403,M,20 a 35 años,Entre 1 y 1.5 SMLV,SIGMA,EPSILON,TAU,UPSILON,EMP_000001,,NO,NO,NO,NO,NO
453453,F,20 a 35 años,Entre 1.5 y 2 SMLV,SIGMA,RHO,PI,XI,EMP_000002,BOGOTA D.C.,NO,NO,NO,NO,NO
453503,F,46 a 55 años,Entre 1 y 1.5 SMLV,SIGMA,LAMBDA,PI,UPSILON,EMP_000001,BOGOTA D.C.,NO,NO,NO,NO,NO
453553,M,36 a 45 años,Entre 1 y 1.5 SMLV,SIGMA,LAMBDA,TAU,ETA,EMP_000001,BOGOTA D.C.,NO,NO,NO,NO,NO
453603,M,36 a 45 años,Entre 1 y 1.5 SMLV,SIGMA,RHO,TAU,ETA,EMP_000001,BOGOTA D.C.,NO,NO,NO,NO,NO
453653,M,20 a 35 años,Entre 1 y 1.5 SMLV,SIGMA,LAMBDA,ETA,BETA,EMP_000001,,NO,NO,NO,NO,NO
453703,M,20 a 35 años,Entre 1 y 1.5 SMLV,SIGMA,RHO,PI,ETA,EMP_000001,BOGOTA D.C.,NO,NO,NO,NO,NO
453753,M,36 a 45 años,Entre 1.5 y 2 SMLV,PI,EPSILON,PI,OMEGA,EMP_000001,FUNZA,NO,NO,NO,NO,NO
453803,F,20 a 35 años,Menor al SMLV,SIGMA,LAMBDA,TAU,ETA,EMP_000001,,NO,NO,NO,NO,NO
453853,M,20 a 35 años,Entre 2 y 2.5 SMLV,PI,LAMBDA,ETA,DELTA,EMP_000001,,NO,NO,NO,NO,NO
453903,F,46 a 55 años,Entre 1 y 1.5 SMLV,SIGMA,RHO,PI,XI,EMP_000002,BOGOTA D.C.,NO,NO,NO,NO,NO
453953,M,36 a 45 años,Entre 4 y 6 SMLV,ZETA,EPSILON,PI,UPSILON,EMP_000001,BOGOTA D.C.,NO,NO,NO,NO,NO
454003,M,36 a 45 años,Entre 1 y 1.5 SMLV,SIGMA,RHO,TAU,ETA,EMP_000001,,NO,NO,NO,NO,NO
454053,M,36 a 45 años,Entre 2 y 2.5 SMLV,PI,EPSILON,PI,UPSILON,EMP_000001,BOGOTA D.C.,NO,NO,NO,NO,NO
454103,M,46 a 55 años,Entre 1 y 1.5 SMLV,SIGMA,EPSILON,TAU,OMEGA,EMP_000001,FUNZA,NO,NO,NO,NO,NO
454153,M,20 a 35 años,Menor al SMLV,SIGMA,LAMBDA,ETA,UPSILON,EMP_000001,,NO,NO,NO,NO,NO
454203,M,20 a 35 años,Entre 1 y 1.5 SMLV,SIGMA,LAMBDA,ETA,BETA,EMP_000001,,NO,NO,NO,NO,NO
454253,F,36 a 45 años,Entre 1 y 1.5 SMLV,SIGMA,RHO,PI,ETA,EMP_000001,,NO,NO,NO,NO,NO
454303,M,20 a 35 años,Entre 1 y 1.5 SMLV,SIGMA,LAMBDA,TAU,OMEGA,EMP_000001,,NO,NO,NO,NO,NO
454353,M,46 a 55 años,Entre 3 y 4 SMLV,PI,LAMBDA,PI,XI,EMP_000002,,NO,NO,NO,NO,NO
454403,M,20 a 35 años,Entre 8 y 10 SMLV,ZETA,LAMBDA,ETA,XI,EMP_000002,,NO,NO,NO,NO,NO
454453,M,36 a 45 años,Entre 1 y 1.5 SMLV,SIGMA,RHO,TAU,ETA,EMP_000001,,NO,NO,NO,NO,NO
454503,M,Mayor de 55 años,Entre 4 y 6 SMLV,ZETA,IOTA,PI,XI,EMP_000002,BOGOTA D.C.,NO,NO,NO,NO,NO
454553,F,20 a 35 años,Entre 1 y 1.5 SMLV,SIGMA,EPSILON,TAU,ETA,EMP_000001,,NO,NO,NO,NO,NO
454603,F,20 a 35 años,Entre 1 y 1.5 SMLV,SIGMA,LAMBDA,TAU,DELTA,EMP_000001,,NO,NO,NO,NO,NO
454653,M,20 a 35 años,Entre 1 y 1.5 SMLV,SIGMA,RHO,TAU,UPSILON,EMP_000001,BOGOTA D.C.,NO,NO,NO,NO,NO
454703,F,20 a 35 años,,MU,THETA,OMEGA,OMICRON,EMP_000001,,NO,NO,NO,NO,NO
454753,M,46 a 55 años,Entre 1 y 1.5 SMLV,SIGMA,EPSILON,TAU,UPSILON,EMP_000001,BOGOTA D.C.,NO,NO,NO,NO,NO
454803,F,46 a 55 años,Entre 1 y 1.5 SMLV,SIGMA,RHO,PI,ETA,EMP_000001,,NO,NO,NO,NO,NO
454853,M,Mayor de 55 años,Entre 3 y 4 SMLV,ZETA,IOTA,PI,XI,EMP_000002,BOGOTA D.C.,NO,NO,NO,NO,NO
454903,M,36 a 45 años,Entre 3 y 4 SMLV,PI,RHO,PI,XI,EMP_000002,,NO,NO,NO,NO,NO
454953,F,46 a 55 años,Entre 4 y 6 SMLV,ZETA,LAMBDA,PI,UPSILON,EMP_000001,BOGOTA D.C.,NO,NO,NO,NO,NO
455003,M,46 a 55 años,Entre 3 y 4 SMLV,PI,LAMBDA,PI,ETA,EMP_000001,,NO,NO,NO,NO,NO
455053,M,36 a 45 años,Entre 1 y 1.5 SMLV,SIGMA,RHO,TAU,XI,EMP_000002,,NO,NO,NO,NO,NO
455103,F,20 a 35 años,Entre 1 y 1.5 SMLV,PI,LAMBDA,ETA,BETA,EMP_000001,,NO,NO,NO,NO,NO
455153,F,20 a 35 años,Menor al SMLV,SIGMA,RHO,PI,ETA,EMP_000001,,NO,NO,NO,NO,NO
455203,M,46 a 55 años,Entre 1 y 1.5 SMLV,SIGMA,RHO,TAU,ETA,EMP_000001,MOSQUERA,NO,NO,NO,NO,NO
455253,F,36 a 45 años,Menor al SMLV,SIGMA,LAMBDA,TAU,ETA,EMP_000001,,NO,NO,NO,NO,NO
455303,F,Mayor de 55 años,Entre 1 y 1.5 SMLV,SIGMA,LAMBDA,TAU,ETA,EMP_000001,BOGOTA D.C.,NO,NO,NO,NO,NO
455353,F,20 a 35 años,Entre 1 y 1.5 SMLV,SIGMA,LAMBDA,ETA,PSI,EMP_000001,,NO,NO,NO,NO,NO
455403,F,20 a 35 años,Entre 1 y 1.5 SMLV,SIGMA,RHO,TAU,UPSILON,EMP_000001,,NO,NO,NO,NO,NO
455453,F,36 a 45 años,Entre 10 y 20 SMLV,ZETA,RHO,PI,ETA,EMP_000001,,NO,NO,NO,NO,NO
455503,M,Mayor de 55 años,Entre 1 y 1.5 SMLV,SIGMA,LAMBDA,PI,UPSILON,EMP_000001,,NO,NO,NO,NO,NO
455553,M,46 a 55 años,Entre 2.5 y 3 SMLV,PI,LAMBDA,PI,XI,EMP_000002,,NO,NO,NO,NO,NO
455603,M,20 a 35 años,Entre 4 y 6 SMLV,ZETA,LAMBDA,ETA,DELTA,EMP_000001,,NO,NO,NO,NO,NO
455653,M,36 a 45 años,Menor al SMLV,SIGMA,EPSILON,TAU,ETA,EMP_000001,BOGOTA D.C.,NO,NO,NO,NO,NO
455703,M,20 a 35 años,Entre 1 y 1.5 SMLV,SIGMA,LAMBDA,ETA,BETA,EMP_000001,,NO,NO,NO,NO,NO
455753,M,20 a 35 años,Entre 1 y 1.5 SMLV,SIGMA,LAMBDA,ETA,BETA,EMP_000001,,NO,NO,NO,NO,NO
455803,F,Mayor de 55 años,Entre 4 y 6 SMLV,ZETA,IOTA,PI,XI,EMP_000002,BOGOTA D.C.,NO,NO,NO,NO,NO
455853,M,Mayor de 55 años,Entre 1 y 1.5 SMLV,SIGMA,LAMBDA,TAU,ETA,EMP_000001,BOGOTA D.C.,NO,NO,NO,NO,NO
455903,F,36 a 45 años,Entre 1.5 y 2 SMLV,SIGMA,RHO,PI,XI,EMP_000001,BOGOTA D.C.,NO,NO,NO,NO,NO
455953,M,20 a 35 años,Entre 1 y 1.5 SMLV,PI,LAMBDA,TAU,LAMBDA,EMP_000001,,NO,NO,NO,NO,NO
456003,F,46 a 55 años,Entre 3 y 4 SMLV,PI,IOTA,PI,XI,EMP_000002,BOGOTA D.C.,NO,NO,NO,NO,NO
456053,F,Mayor de 55 años,Entre 1 y 1.5 SMLV,SIGMA,LAMBDA,TAU,KAPPA,EMP_000001,FUSAGASUGA,NO,NO,NO,NO,NO
456103,F,36 a 45 años,Entre 1 y 1.5 SMLV,SIGMA,RHO,PI,ETA,EMP_000001,BOGOTA D.C.,NO,NO,NO,NO,NO
456153,F,36 a 45 años,Entre 1 y 1.5 SMLV,SIGMA,RHO,TAU,ETA,EMP_000001,BOGOTA D.C.,NO,NO,NO,NO,NO
456203,F,Mayor de 55 años,Entre 1 y 1.5 SMLV,SIGMA,EPSILON,TAU,ETA,EMP_000001,BOGOTA D.C.,NO,NO,NO,NO,NO
456253,F,36 a 45 años,Entre 1 y 1.5 SMLV,PI,THETA,PI,OMICRON,EMP_000001,,NO,NO,NO,NO,NO
456303,M,46 a 55 años,,MU,THETA,OMEGA,OMICRON,EMP_000001,,NO,NO,NO,NO,NO
456353,M,Mayor de 55 años,Entre 1 y 1.5 SMLV,SIGMA,IOTA,TAU,ETA,EMP_000001,,NO,NO,NO,NO,NO
456403,F,20 a 35 años,Menor al SMLV,SIGMA,LAMBDA,TAU,ETA,EMP_000001,BOGOTA D.C.,NO,NO,NO,NO,NO
456453,F,20 a 35 años,Entre 1 y 1.5 SMLV,SIGMA,LAMBDA,ETA,ETA,EMP_000001,,NO,NO,NO,NO,NO
456503,F,20 a 35 años,Entre 1.5 y 2 SMLV,SIGMA,LAMBDA,ETA,XI,EMP_000002,,NO,NO,NO,NO,NO
456553,M,20 a 35 años,Entre 1 y 1.5 SMLV,SIGMA,LAMBDA,TAU,DELTA,EMP_000001,,NO,NO,NO,NO,NO
456603,F,36 a 45 años,Entre 1 y 1.5 SMLV,SIGMA,RHO,TAU,DELTA,EMP_000001,,NO,NO,NO,NO,NO
456653,M,20 a 35 años,Entre 2.5 y 3 SMLV,PI,LAMBDA,ETA,XI,EMP_000002,,NO,NO,NO,NO,NO
456703,F,20 a 35 años,Entre 1 y 1.5 SMLV,SIGMA,LAMBDA,TAU,XI,EMP_000001,,NO,NO,NO,NO,NO
456753,F,46 a 55 años,Entre 1 y 1.5 SMLV,SIGMA,LAMBDA,TAU,ETA,EMP_000001,BOGOTA D.C.,NO,NO,NO,NO,NO
456803,M,20 a 35 años,Entre 1 y 1.5 SMLV,SIGMA,RHO,TAU,XI,EMP_000002,BOGOTA D.C.,NO,NO,NO,NO,NO
456853,M,36 a 45 años,Entre 2 y 2.5 SMLV,PI,LAMBDA,PI,XI,EMP_000002,BOGOTA D.C.,NO,NO,NO,NO,NO
456903,F,20 a 35 años,Entre 1 y 1.5 SMLV,SIGMA,RHO,TAU,ETA,EMP_000001,FUNZA,NO,NO,NO,NO,NO
456953,F,Mayor de 55 años,Entre 4 y 6 SMLV,ZETA,LAMBDA,PI,XI,EMP_000002,,NO,NO,NO,NO,NO
457003,F,20 a 35 años,Entre 1 y 1.5 SMLV,SIGMA,LAMBDA,TAU,UPSILON,EMP_000002,,NO,NO,NO,NO,NO
457053,F,20 a 35 años,Entre 1 y 1.5 SMLV,SIGMA,LAMBDA,TAU,ETA,EMP_000001,,NO,NO,NO,NO,NO
457103,M,20 a 35 años,Entre 1 y 1.5 SMLV,SIGMA,LAMBDA,TAU,OMEGA,EMP_000001,,NO,NO,NO,NO,NO
457153,M,20 a 35 años,Entre 1 y 1.5 SMLV,SIGMA,LAMBDA,ETA,BETA,EMP_000001,,NO,NO,NO,NO,NO
457203,M,46 a 55 años,Menor al SMLV,SIGMA,LAMBDA,TAU,ETA,EMP_000001,,NO,NO,NO,NO,NO
457253,F,36 a 45 años,Menor al SMLV,SIGMA,LAMBDA,TAU,OMEGA,EMP_000001,BOGOTA D.C.,NO,NO,NO,NO,NO
457303,M,46 a 55 años,Entre 1 y 1.5 SMLV,SIGMA,LAMBDA,PI,ETA,EMP_000001,,NO,NO,NO,NO,NO
457353,M,46 a 55 años,Entre 1 y 1.5 SMLV,SIGMA,LAMBDA,TAU,ETA,EMP_000001,,NO,NO,NO,NO,NO
457403,F,46 a 55 años,Entre 1 y 1.5 SMLV,SIGMA,LAMBDA,TAU,ETA,EMP_000001,,NO,NO,NO,NO,NO
457453,F,20 a 35 años,Entre 1.5 y 2 SMLV,PI,LAMBDA,ETA,XI,EMP_000002,,NO,NO,NO,NO,NO
457503,F,20 a 35 años,Menor al SMLV,SIGMA,IOTA,TAU,ETA,EMP_000001,,NO,NO,NO,NO,NO
457553,M,46 a 55 años,Menor al SMLV,SIGMA,LAMBDA,TAU,ETA,EMP_000001,,NO,NO,NO,NO,NO
457603,M,20 a 35 años,Entre 2 y 2.5 SMLV,PI,LAMBDA,ETA,ETA,EMP_000001,,NO,NO,NO,NO,NO
457653,M,20 a 35 años,Menor al SMLV,SIGMA,LAMBDA,ETA,ETA,EMP_000001,BOGOTA D.C.,NO,NO,NO,NO,NO
457703,M,36 a 45 años,Menor al SMLV,SIGMA,RHO,TAU,KAPPA,EMP_000001,,NO,NO,NO,NO,NO
457753,M,20 a 35 años,Entre 1 y 1.5 SMLV,SIGMA,THETA,TAU,OMICRON,EMP_000001,,NO,NO,NO,NO,NO
457803,M,36 a 45 años,Entre 1 y 1.5 SMLV,SIGMA,EPSILON,TAU,UPSILON,EMP_000001,BOGOTA D.C.,NO,NO,NO,NO,NO
457853,F,36 a 45 años,Entre 1 y 1.5 SMLV,SIGMA,RHO,TAU,DELTA,EMP_000001,BOGOTA D.C.,NO,NO,NO,NO,NO
457903,F,Mayor de 55 años,Entre 1 y 1.5 SMLV,SIGMA,LAMBDA,TAU,KAPPA,EMP_000001,SOACHA,NO,NO,NO,NO,NO
457953,F,20 a 35 años,Entre 1 y 1.5 SMLV,SIGMA,LAMBDA,TAU,UPSILON,EMP_000001,,NO,NO,NO,NO,NO
458003,F,36 a 45 años,Entre 1.5 y 2 SMLV,PI,RHO,PI,ETA,EMP_000001,,NO,NO,NO,NO,NO
458053,M,36 a 45 años,Entre 1 y 1.5 SMLV,SIGMA,RHO,TAU,ETA,EMP_000001,,NO,NO,NO,NO,NO
458103,F,20 a 35 años,Menor al SMLV,SIGMA,RHO,TAU,ETA,EMP_000001,BOGOTA D.C.,NO,NO,NO,NO,NO
458153,M,46 a 55 años,Entre 1 y 1.5 SMLV,SIGMA,EPSILON,TAU,ETA,EMP_000001,FUSAGASUGA,NO,NO,NO,NO,NO
458203,M,20 a 35 años,Entre 1 y 1.5 SMLV,SIGMA,LAMBDA,TAU,UPSILON,EMP_000001,,NO,NO,NO,NO,NO
458253,F,36 a 45 años,Entre 3 y 4 SMLV,PI,LAMBDA,ETA,XI,EMP_000002,BOGOTA D.C.,NO,NO,NO,NO,NO
458303,M,Mayor de 55 años,Entre 1 y 1.5 SMLV,SIGMA,LAMBDA,TAU,ETA,EMP_000001,BOGOTA D.C.,NO,NO,NO,NO,NO
458353,F,20 a 35 años,Entre 1.5 y 2 SMLV,SIGMA,LAMBDA,ETA,XI,EMP_000002,,NO,NO,NO,NO,NO
458403,F,Mayor de 55 años,Menor al SMLV,SIGMA,IOTA,TAU,KAPPA,EMP_000001,,NO,NO,NO,NO,NO
458453,M,20 a 35 años,Entre 1 y 1.5 SMLV,SIGMA,LAMBDA,ETA,BETA,EMP_000001,,NO,NO,NO,NO,NO
458503,M,20 a 35 años,Entre 1 y 1.5 SMLV,SIGMA,LAMBDA,TAU,DELTA,EMP_000001,BOGOTA D.C.,NO,NO,NO,NO,NO
458553,M,20 a 35 años,Entre 3 y 4 SMLV,PI,LAMBDA,ETA,UPSILON,EMP_000001,BOGOTA D.C.,NO,NO,NO,NO,NO
458603,M,Mayor de 55 años,Entre 1 y 1.5 SMLV,SIGMA,LAMBDA,PI,DELTA,EMP_000001,BOGOTA D.C.,NO,NO,NO,NO,NO
458653,M,Mayor de 55 años,Entre 1 y 1.5 SMLV,SIGMA,LAMBDA,TAU,ETA,EMP_000001,,NO,NO,NO,NO,NO
458703,F,46 a 55 años,Entre 1 y 1.5 SMLV,SIGMA,CHI,TAU,XI,EMP_000002,,NO,NO,NO,NO,NO
458753,M,20 a 35 años,Menor al SMLV,SIGMA,LAMBDA,TAU,ETA,EMP_000001,,NO,NO,NO,NO,NO
458803,F,20 a 35 años,Entre 1 y 1.5 SMLV,SIGMA,RHO,TAU,XI,EMP_000002,,NO,NO,NO,NO,NO
458853,M,36 a 45 años,Entre 1 y 1.5 SMLV,SIGMA,LAMBDA,ETA,XI,EMP_000002,,NO,NO,NO,NO,NO
458903,F,36 a 45 años,Entre 1 y 1.5 SMLV,SIGMA,LAMBDA,PI,UPSILON,EMP_000001,BOGOTA D.C.,NO,NO,NO,NO,NO
458953,F,20 a 35 años,Entre 1.5 y 2 SMLV,SIGMA,LAMBDA,ETA,DELTA,EMP_000001,BOGOTA D.C.,NO,NO,NO,NO,NO
459003,F,20 a 35 años,Entre 1.5 y 2 SMLV,SIGMA,LAMBDA,ETA,ETA,EMP_000001,,NO,NO,NO,NO,NO
459053,F,20 a 35 años,Entre 1 y 1.5 SMLV,SIGMA,LAMBDA,TAU,XI,EMP_000002,,NO,NO,NO,NO,NO
459103,M,36 a 45 años,Entre 1.5 y 2 SMLV,SIGMA,LAMBDA,PI,XI,EMP_000002,,NO,NO,NO,NO,NO
459153,M,36 a 45 años,Entre 10 y 20 SMLV,ZETA,EPSILON,PI,XI,EMP_000001,BOGOTA D.C.,NO,NO,NO,NO,NO
459203,M,36 a 45 años,Entre 4 y 6 SMLV,ZETA,LAMBDA,PI,ETA,EMP_000001,BOGOTA D.C.,NO,NO,NO,NO,NO
459253,M,46 a 55 años,Entre 1 y 1.5 SMLV,SIGMA,RHO,TAU,ETA,EMP_000001,BOGOTA D.C.,NO,NO,NO,NO,NO
459303,F,36 a 45 años,Entre 1 y 1.5 SMLV,SIGMA,LAMBDA,TAU,ETA,EMP_000001,,NO,NO,NO,NO,NO
459353,F,20 a 35 años,Entre 1 y 1.5 SMLV,PI,LAMBDA,ETA,BETA,EMP_000001,,NO,NO,NO,NO,NO
459403,M,Mayor de 55 años,Menor al SMLV,SIGMA,LAMBDA,TAU,ETA,EMP_000001,,NO,NO,NO,NO,NO
459453,M,20 a 35 años,Entre 1.5 y 2 SMLV,SIGMA,LAMBDA,ETA,DELTA,EMP_000001,BOGOTA D.C.,NO,NO,NO,NO,NO
459503,F,20 a 35 años,Entre 1 y 1.5 SMLV,SIGMA,RHO,TAU,XI,EMP_000002,,NO,NO,NO,NO,NO
459553,M,20 a 35 años,Entre 1 y 1.5 SMLV,SIGMA,LAMBDA,ETA,BETA,EMP_000001,,NO,NO,NO,NO,NO
459603,F,46 a 55 años,Entre 6 y 8 SMLV,ZETA,LAMBDA,PI,XI,EMP_000002,BOGOTA D.C.,NO,NO,NO,NO,NO
459653,M,20 a 35 años,Entre 1 y 1.5 SMLV,SIGMA,LAMBDA,TAU,ETA,EMP_000001,,NO,NO,NO,NO,NO
459703,M,20 a 35 años,Entre 1.5 y 2 SMLV,PI,LAMBDA,ETA,XI,EMP_000002,BOGOTA D.C.,NO,NO,NO,NO,NO
459753,F,36 a 45 años,Entre 1 y 1.5 SMLV,SIGMA,LAMBDA,TAU,UPSILON,EMP_000001,BOGOTA D.C.,NO,NO,NO,NO,NO
459803,F,Mayor de 55 años,Entre 1 y 1.5 SMLV,SIGMA,LAMBDA,TAU,OMEGA,EMP_000001,,NO,NO,NO,NO,NO
459853,M,36 a 45 años,Entre 1 y 1.5 SMLV,SIGMA,EPSILON,PI,ETA,EMP_000001,,NO,NO,NO,NO,NO
459903,F,20 a 35 años,Entre 2 y 2.5 SMLV,PI,LAMBDA,ETA,DELTA,EMP_000001,BOGOTA D.C.,NO,NO,NO,NO,NO
459953,M,36 a 45 años,Entre 1 y 1.5 SMLV,SIGMA,RHO,TAU,OMEGA,EMP_000001,,NO,NO,NO,NO,NO
460003,F,46 a 55 años,Entre 4 y 6 SMLV,ZETA,RHO,PI,XI,EMP_000002,,NO,NO,NO,NO,NO
460053,M,20 a 35 años,Entre 1 y 1.5 SMLV,SIGMA,RHO,PI,UPSILON,EMP_000001,BOGOTA D.C.,NO,NO,NO,NO,NO
460103,M,36 a 45 años,Entre 20 y 30 SMLV,ZETA,RHO,XI,XI,EMP_000002,,NO,NO,NO,NO,NO
460153,M,46 a 55 años,Entre 1 y 1.5 SMLV,SIGMA,LAMBDA,TAU,ETA,EMP_000001,,NO,NO,NO,NO,NO
460203,M,20 a 35 años,Entre 1 y 1.5 SMLV,SIGMA,LAMBDA,ETA,BETA,EMP_000001,,NO,NO,NO,NO,NO
460253,F,36 a 45 años,Entre 1 y 1.5 SMLV,SIGMA,LAMBDA,TAU,ETA,EMP_000001,BOGOTA D.C.,NO,NO,NO,NO,NO
460303,M,36 a 45 años,Menor al SMLV,SIGMA,RHO,TAU,ETA,EMP_000001,BOGOTA D.C.,NO,NO,NO,NO,NO
460353,F,46 a 55 años,Entre 6 y 8 SMLV,ZETA,IOTA,PI,UPSILON,EMP_000001,BOGOTA D.C.,NO,NO,NO,NO,NO
460403,F,Mayor de 55 años,Entre 6 y 8 SMLV,ZETA,IOTA,PI,XI,EMP_000002,,NO,NO,NO,NO,NO
460453,M,20 a 35 años,Entre 3 y 4 SMLV,PI,LAMBDA,ETA,DELTA,EMP_000001,,NO,NO,NO,NO,NO
460503,M,36 a 45 años,Menor al SMLV,SIGMA,EPSILON,TAU,ETA,EMP_000001,,NO,NO,NO,NO,NO
460553,F,20 a 35 años,Entre 1 y 1.5 SMLV,SIGMA,EPSILON,TAU,XI,EMP_000001,,NO,NO,NO,NO,NO
460603,F,46 a 55 años,Entre 1 y 1.5 SMLV,SIGMA,CHI,TAU,UPSILON,EMP_000001,,NO,NO,NO,NO,NO
460653,M,36 a 45 años,Entre 1 y 1.5 SMLV,SIGMA,LAMBDA,PI,UPSILON,EMP_000001,,NO,NO,NO,NO,NO
460703,M,20 a 35 años,Entre 1 y 1.5 SMLV,SIGMA,RHO,PI,UPSILON,EMP_000001,,NO,NO,NO,NO,NO
460753,F,20 a 35 años,Entre 2.5 y 3 SMLV,PI,RHO,PI,XI,EMP_000002,BOGOTA D.C.,NO,NO,NO,NO,NO
460803,M,20 a 35 años,Entre 1 y 1.5 SMLV,SIGMA,LAMBDA,ETA,BETA,EMP_000001,,NO,NO,NO,NO,NO
460853,M,Mayor de 55 años,Menor al SMLV,SIGMA,RHO,TAU,UPSILON,EMP_000001,BOGOTA D.C.,NO,NO,NO,NO,NO
460903,M,Mayor de 55 años,Menor al SMLV,SIGMA,LAMBDA,TAU,KAPPA,EMP_000001,BOGOTA D.C.,NO,NO,NO,NO,NO
460953,M,36 a 45 años,Entre 4 y 6 SMLV,ZETA,LAMBDA,ETA,XI,EMP_000002,BOGOTA D.C.,NO,NO,NO,NO,NO
461003,M,Mayor de 55 años,Entre 1 y 1.5 SMLV,SIGMA,IOTA,TAU,OMEGA,EMP_000001,BOGOTA D.C.,NO,NO,NO,NO,NO
461053,F,20 a 35 años,Entre 1.5 y 2 SMLV,SIGMA,LAMBDA,ETA,UPSILON,EMP_000001,,NO,NO,NO,NO,NO
461103,F,Mayor de 55 años,Entre 1 y 1.5 SMLV,SIGMA,LAMBDA,TAU,ETA,EMP_000001,,NO,NO,NO,NO,NO
461153,M,46 a 55 años,Entre 1 y 1.5 SMLV,SIGMA,RHO,PI,DELTA,EMP_000001,MOSQUERA,NO,NO,NO,NO,NO
461203,F,20 a 35 años,Entre 1 y 1.5 SMLV,SIGMA,LAMBDA,TAU,XI,EMP_000002,,NO,NO,NO,NO,NO
461253,M,36 a 45 años,Entre 1 y 1.5 SMLV,SIGMA,RHO,PI,UPSILON,EMP_000001,BOGOTA D.C.,NO,NO,NO,NO,NO
461303,M,36 a 45 años,Entre 1.5 y 2 SMLV,SIGMA,RHO,PI,DELTA,EMP_000001,,NO,NO,NO,NO,NO
461353,M,20 a 35 años,Entre 1 y 1.5 SMLV,SIGMA,RHO,TAU,ETA,EMP_000001,,NO,NO,NO,NO,NO
461403,M,20 a 35 años,Entre 1 y 1.5 SMLV,SIGMA,LAMBDA,ETA,BETA,EMP_000001,,NO,NO,NO,NO,NO
461453,F,36 a 45 años,Menor al SMLV,SIGMA,RHO,TAU,ETA,EMP_000001,,NO,NO,NO,NO,NO
461503,F,20 a 35 años,Entre 1 y 1.5 SMLV,SIGMA,RHO,TAU,XI,EMP_000002,,NO,NO,NO,NO,NO
461553,M,36 a 45 años,Entre 1 y 1.5 SMLV,SIGMA,LAMBDA,ETA,ETA,EMP_000001,,NO,NO,NO,NO,NO
461603,M,20 a 35 años,Entre 1 y 1.5 SMLV,SIGMA,LAMBDA,ETA,BETA,EMP_000001,,NO,NO,NO,NO,NO
461653,F,20 a 35 años,Entre 1 y 1.5 SMLV,SIGMA,CHI,PI,UPSILON,EMP_000001,BOGOTA D.C.,NO,NO,NO,NO,NO
461703,M,20 a 35 años,Entre 1 y 1.5 SMLV,SIGMA,LAMBDA,TAU,ETA,EMP_000001,,NO,NO,NO,NO,NO
461753,F,20 a 35 años,Entre 1.5 y 2 SMLV,PI,LAMBDA,ETA,UPSILON,EMP_000001,,NO,NO,NO,NO,NO
461803,M,36 a 45 años,Entre 1 y 1.5 SMLV,SIGMA,RHO,TAU,ETA,EMP_000001,MELGAR,NO,NO,NO,NO,NO
461853,M,20 a 35 años,Entre 2 y 2.5 SMLV,PI,LAMBDA,ETA,XI,EMP_000002,BOGOTA D.C.,NO,NO,NO,NO,NO
461903,M,36 a 45 años,Entre 1 y 1.5 SMLV,SIGMA,RHO,TAU,DELTA,EMP_000001,,NO,NO,NO,NO,NO
461953,F,Mayor de 55 años,Entre 2 y 2.5 SMLV,SIGMA,LAMBDA,PI,KAPPA,EMP_000001,,NO,NO,NO,NO,NO
462003,F,36 a 45 años,Entre 1 y 1.5 SMLV,SIGMA,LAMBDA,TAU,XI,EMP_000002,,NO,NO,NO,NO,NO
462053,F,36 a 45 años,Entre 1.5 y 2 SMLV,PI,RHO,PI,ETA,EMP_000001,,NO,NO,NO,NO,NO
462103,F,20 a 35 años,Menor al SMLV,SIGMA,RHO,TAU,ETA,EMP_000001,,NO,NO,NO,NO,NO
462153,F,20 a 35 años,Entre 1 y 1.5 SMLV,SIGMA,RHO,TAU,DELTA,EMP_000001,,NO,NO,NO,NO,NO
462203,M,20 a 35 años,Entre 2 y 2.5 SMLV,PI,LAMBDA,ETA,XI,EMP_000001,BOGOTA D.C.,NO,NO,NO,NO,NO
462253,M,Menor de 19 años,Entre 1 y 1.5 SMLV,SIGMA,LAMBDA,TAU,XI,EMP_000001,,NO,NO,NO,NO,NO
462303,M,20 a 35 años,Entre 1 y 1.5 SMLV,SIGMA,LAMBDA,ETA,BETA,EMP_000001,,NO,NO,NO,NO,NO
462353,F,20 a 35 años,Entre 1 y 1.5 SMLV,SIGMA,LAMBDA,ETA,ETA,EMP_000001,BOGOTA D.C.,NO,NO,NO,NO,NO
462403,M,Mayor de 55 años,Menor al SMLV,SIGMA,RHO,TAU,ETA,EMP_000001,BOGOTA D.C.,NO,NO,NO,NO,NO
462453,F,36 a 45 años,Entre 1 y 1.5 SMLV,SIGMA,EPSILON,TAU,OMEGA,EMP_000001,BOGOTA D.C.,NO,NO,NO,NO,NO
462503,M,36 a 45 años,Entre 1 y 1.5 SMLV,SIGMA,RHO,TAU,UPSILON,EMP_000001,SOACHA,NO,NO,NO,NO,NO
462553,F,36 a 45 años,Entre 1 y 1.5 SMLV,PI,IOTA,TAU,LAMBDA,EMP_000001,,NO,NO,NO,NO,NO
462603,F,36 a 45 años,Entre 1 y 1.5 SMLV,SIGMA,LAMBDA,PI,UPSILON,EMP_000001,BOGOTA D.C.,NO,NO,NO,NO,NO
462653,F,Mayor de 55 años,Entre 4 y 6 SMLV,ZETA,CHI,PI,UPSILON,EMP_000001,BOGOTA D.C.,NO,NO,NO,NO,NO
462703,M,20 a 35 años,Entre 1 y 1.5 SMLV,PI,LAMBDA,ETA,BETA,EMP_000001,,NO,NO,NO,NO,NO
462753,M,Menor de 19 años,,MU,THETA,OMEGA,OMICRON,EMP_000001,,NO,NO,NO,NO,NO
462803,F,46 a 55 años,Entre 1 y 1.5 SMLV,SIGMA,IOTA,TAU,ETA,EMP_000001,,NO,NO,NO,NO,NO
462853,M,20 a 35 años,Entre 1 y 1.5 SMLV,SIGMA,LAMBDA,ETA,XI,EMP_000001,,NO,NO,NO,NO,NO
462903,M,20 a 35 años,Entre 4 y 6 SMLV,ZETA,CHI,PI,XI,EMP_000001,BOGOTA D.C.,NO,NO,NO,NO,NO
462953,M,Mayor de 55 años,Entre 3 y 4 SMLV,SIGMA,IOTA,PI,KAPPA,EMP_000001,,NO,NO,NO,NO,NO
463003,F,36 a 45 años,Entre 1 y 1.5 SMLV,SIGMA,RHO,PI,ETA,EMP_000001,,NO,NO,NO,NO,NO
463053,F,20 a 35 años,,MU,THETA,OMEGA,OMICRON,EMP_000001,,NO,NO,NO,NO,NO
463103,M,46 a 55 años,Entre 1 y 1.5 SMLV,SIGMA,LAMBDA,PI,DELTA,EMP_000001,,NO,NO,NO,NO,NO
463153,F,20 a 35 años,Entre 2 y 2.5 SMLV,PI,LAMBDA,ETA,UPSILON,EMP_000001,BOGOTA D.C.,NO,NO,NO,NO,NO
463203,F,20 a 35 años,Entre 3 y 4 SMLV,ZETA,LAMBDA,ETA,XI,EMP_000002,,NO,NO,NO,NO,NO
463253,M,20 a 35 años,Entre 1 y 1.5 SMLV,SIGMA,RHO,TAU,ETA,EMP_000001,BOGOTA D.C.,NO,NO,NO,NO,NO
463303,M,36 a 45 años,Entre 3 y 4 SMLV,PI,RHO,PI,DELTA,EMP_000001,BOGOTA D.C.,NO,NO,NO,NO,NO
463353,F,20 a 35 años,Entre 1 y 1.5 SMLV,SIGMA,RHO,TAU,ETA,EMP_000001,,NO,NO,NO,NO,NO
463403,M,20 a 35 años,Entre 1 y 1.5 SMLV,SIGMA,LAMBDA,ETA,DELTA,EMP_000001,,NO,NO,NO,NO,NO
463453,M,20 a 35 años,Entre 1 y 1.5 SMLV,SIGMA,LAMBDA,ETA,ETA,EMP_000001,BOGOTA D.C.,NO,NO,NO,NO,NO
463503,M,36 a 45 años,Entre 1 y 1.5 SMLV,SIGMA,LAMBDA,ETA,XI,EMP_000002,,NO,NO,NO,NO,NO
463553,F,20 a 35 años,Entre 1 y 1.5 SMLV,SIGMA,LAMBDA,TAU,BETA,EMP_000001,BOGOTA D.C.,NO,NO,NO,NO,NO
463603,M,46 a 55 años,Entre 1.5 y 2 SMLV,SIGMA,LAMBDA,PI,ETA,EMP_000001,,NO,NO,NO,NO,NO
463653,M,36 a 45 años,Entre 8 y 10 SMLV,ZETA,IOTA,PI,XI,EMP_000002,,NO,NO,NO,NO,NO
463703,F,46 a 55 años,Entre 1 y 1.5 SMLV,SIGMA,RHO,TAU,ETA,EMP_000001,BOGOTA D.C.,NO,NO,NO,NO,NO
463753,M,20 a 35 años,Entre 1 y 1.5 SMLV,SIGMA,RHO,PI,DELTA,EMP_000001,ZIPAQUIRA,NO,NO,NO,NO,NO
463803,F,36 a 45 años,Menor al SMLV,SIGMA,RHO,TAU,ETA,EMP_000001,BOGOTA D.C.,NO,NO,NO,NO,NO
463853,M,20 a 35 años,Entre 1 y 1.5 SMLV,SIGMA,LAMBDA,TAU,UPSILON,EMP_000001,,NO,NO,NO,NO,NO
463903,F,36 a 45 años,Entre 10 y 20 SMLV,ZETA,LAMBDA,PI,XI,EMP_000001,BOGOTA D.C.,NO,NO,NO,NO,NO
463953,M,36 a 45 años,Entre 1 y 1.5 SMLV,SIGMA,LAMBDA,PI,DELTA,EMP_000001,,NO,NO,NO,NO,NO
464003,M,36 a 45 años,Entre 1 y 1.5 SMLV,SIGMA,RHO,TAU,XI,EMP_000002,BOGOTA D.C.,NO,NO,NO,NO,NO
464053,M,Mayor de 55 años,Entre 1 y 1.5 SMLV,SIGMA,LAMBDA,TAU,KAPPA,EMP_000001,BOGOTA D.C.,NO,NO,NO,NO,NO
464103,F,36 a 45 años,Entre 1 y 1.5 SMLV,SIGMA,RHO,PI,PSI,EMP_000001,BOGOTA D.C.,NO,NO,NO,NO,NO
464153,M,20 a 35 años,Entre 1 y 1.5 SMLV,SIGMA,CHI,PI,ETA,EMP_000001,BOGOTA D.C.,NO,NO,NO,NO,NO
464203,F,20 a 35 años,Entre 1 y 1.5 SMLV,SIGMA,LAMBDA,TAU,ETA,EMP_000001,COTA,NO,NO,NO,NO,NO
464253,M,20 a 35 años,Entre 2.5 y 3 SMLV,PI,LAMBDA,ETA,XI,EMP_000002,BOGOTA D.C.,NO,NO,NO,NO,NO
464303,F,20 a 35 años,Entre 1 y 1.5 SMLV,PI,LAMBDA,ETA,BETA,EMP_000001,,NO,NO,NO,NO,NO
464353,M,46 a 55 años,Entre 1 y 1.5 SMLV,SIGMA,EPSILON,TAU,XI,EMP_000002,BOGOTA D.C.,NO,NO,NO,NO,NO
464403,F,20 a 35 años,Entre 1 y 1.5 SMLV,SIGMA,CHI,TAU,ETA,EMP_000001,BOGOTA D.C.,NO,NO,NO,NO,NO
464453,M,20 a 35 años,Entre 1 y 1.5 SMLV,SIGMA,LAMBDA,ETA,UPSILON,EMP_000001,,NO,NO,NO,NO,NO
464503,M,20 a 35 años,Entre 1 y 1.5 SMLV,SIGMA,EPSILON,TAU,XI,EMP_000002,BOGOTA D.C.,NO,NO,NO,NO,NO
464553,M,20 a 35 años,Entre 1 y 1.5 SMLV,SIGMA,LAMBDA,ETA,BETA,EMP_000001,,NO,NO,NO,NO,NO
464603,M,20 a 35 años,Entre 1 y 1.5 SMLV,SIGMA,LAMBDA,ETA,ETA,EMP_000001,BOGOTA D.C.,NO,NO,NO,NO,NO
464653,M,36 a 45 años,Entre 1 y 1.5 SMLV,SIGMA,LAMBDA,TAU,ETA,EMP_000001,,NO,NO,NO,NO,NO
464703,M,36 a 45 años,Entre 1.5 y 2 SMLV,SIGMA,RHO,PI,ETA,EMP_000001,,NO,NO,NO,NO,NO
464753,M,20 a 35 años,Entre 1 y 1.5 SMLV,SIGMA,LAMBDA,TAU,UPSILON,EMP_000001,BOGOTA D.C.,NO,NO,NO,NO,NO
464803,M,20 a 35 años,Entre 1 y 1.5 SMLV,SIGMA,RHO,TAU,UPSILON,EMP_000001,GACHANCIPA,NO,NO,NO,NO,NO
464853,M,36 a 45 años,Entre 2 y 2.5 SMLV,PI,LAMBDA,ETA,DELTA,EMP_000001,BOGOTA D.C.,NO,NO,NO,NO,NO
464903,M,20 a 35 años,Entre 1.5 y 2 SMLV,SIGMA,EPSILON,PI,UPSILON,EMP_000001,,NO,NO,NO,NO,NO
464953,M,36 a 45 años,Entre 1 y 1.5 SMLV,SIGMA,EPSILON,PI,ETA,EMP_000001,,NO,NO,NO,NO,NO
465003,M,36 a 45 años,Entre 2 y 2.5 SMLV,PI,RHO,PI,UPSILON,EMP_000001,BOGOTA D.C.,NO,NO,NO,NO,NO
465053,M,36 a 45 años,Entre 1 y 1.5 SMLV,SIGMA,EPSILON,TAU,UPSILON,EMP_000001,BOGOTA D.C.,NO,NO,NO,NO,NO
465103,M,20 a 35 años,Entre 6 y 8 SMLV,ZETA,LAMBDA,ETA,UPSILON,EMP_000001,,NO,NO,NO,NO,NO
465153,M,20 a 35 años,Entre 1 y 1.5 SMLV,SIGMA,RHO,TAU,UPSILON,EMP_000001,,NO,NO,NO,NO,NO
465203,F,20 a 35 años,Entre 1 y 1.5 SMLV,SIGMA,RHO,TAU,DELTA,EMP_000001,,NO,NO,NO,NO,NO
465253,F,20 a 35 años,Entre 1 y 1.5 SMLV,SIGMA,LAMBDA,ETA,OMEGA,EMP_000001,BOGOTA D.C.,NO,NO,NO,NO,NO
465303,M,20 a 35 años,Entre 1 y 1.5 SMLV,SIGMA,LAMBDA,TAU,OMEGA,EMP_000001,,NO,NO,NO,NO,NO
465353,M,Mayor de 55 años,Entre 1 y 1.5 SMLV,SIGMA,EPSILON,PI,OMEGA,EMP_000001,,NO,NO,NO,NO,NO
465403,M,Mayor de 55 años,Entre 1 y 1.5 SMLV,SIGMA,EPSILON,PI,DELTA,EMP_000001,,NO,NO,NO,NO,NO
465453,M,36 a 45 años,Entre 1 y 1.5 SMLV,SIGMA,LAMBDA,ETA,BETA,EMP_000001,,NO,NO,NO,NO,NO
465503,M,20 a 35 años,Entre 1 y 1.5 SMLV,SIGMA,LAMBDA,ETA,BETA,EMP_000001,,NO,NO,NO,NO,NO
465553,F,46 a 55 años,Entre 1 y 1.5 SMLV,SIGMA,RHO,TAU,ETA,EMP_000001,,NO,NO,NO,NO,NO
465603,F,20 a 35 años,Entre 6 y 8 SMLV,ZETA,LAMBDA,ETA,XI,EMP_000001,,NO,NO,NO,NO,NO
465653,F,20 a 35 años,Entre 1 y 1.5 SMLV,SIGMA,RHO,PI,XI,EMP_000001,,NO,NO,NO,NO,NO
465703,M,20 a 35 años,Entre 1 y 1.5 SMLV,SIGMA,LAMBDA,ETA,ETA,EMP_000001,MOSQUERA,NO,NO,NO,NO,NO
465753,F,36 a 45 años,Entre 1 y 1.5 SMLV,SIGMA,RHO,TAU,DELTA,EMP_000001,,NO,NO,NO,NO,NO
465803,F,46 a 55 años,Entre 1 y 1.5 SMLV,SIGMA,EPSILON,TAU,UPSILON,EMP_000001,BOGOTA D.C.,NO,NO,NO,NO,NO
465853,M,46 a 55 años,Entre 1 y 1.5 SMLV,SIGMA,RHO,TAU,OMEGA,EMP_000001,BOGOTA D.C.,NO,NO,NO,NO,NO
465903,F,Mayor de 55 años,Entre 1 y 1.5 SMLV,SIGMA,LAMBDA,TAU,UPSILON,EMP_000001,,NO,NO,NO,NO,NO
465953,F,Mayor de 55 años,Menor al SMLV,SIGMA,LAMBDA,TAU,ETA,EMP_000001,,NO,NO,NO,NO,NO
466003,F,20 a 35 años,Entre 1 y 1.5 SMLV,SIGMA,RHO,TAU,XI,EMP_000001,,NO,NO,NO,NO,NO
466053,M,20 a 35 años,Entre 1 y 1.5 SMLV,SIGMA,LAMBDA,ETA,UPSILON,EMP_000001,,NO,NO,NO,NO,NO
466103,M,20 a 35 años,,MU,THETA,OMEGA,OMICRON,EMP_000001,,NO,NO,NO,NO,NO
466153,M,20 a 35 años,Menor al SMLV,SIGMA,LAMBDA,TAU,ETA,EMP_000001,,NO,NO,NO,NO,NO
466203,M,20 a 35 años,Entre 1 y 1.5 SMLV,SIGMA,RHO,PI,DELTA,EMP_000001,BOGOTA D.C.,NO,NO,NO,NO,NO
466253,F,20 a 35 años,Entre 1 y 1.5 SMLV,SIGMA,LAMBDA,TAU,XI,EMP_000002,BOGOTA D.C.,NO,NO,NO,NO,NO
466303,M,36 a 45 años,Entre 1 y 1.5 SMLV,SIGMA,LAMBDA,TAU,ETA,EMP_000001,,NO,NO,NO,NO,NO
466353,F,20 a 35 años,Entre 3 y 4 SMLV,PI,LAMBDA,ETA,UPSILON,EMP_000001,,NO,NO,NO,NO,NO
466403,M,20 a 35 años,Entre 1 y 1.5 SMLV,SIGMA,LAMBDA,TAU,ETA,EMP_000001,,NO,NO,NO,NO,NO
466453,F,20 a 35 años,Entre 1 y 1.5 SMLV,SIGMA,LAMBDA,TAU,XI,EMP_000002,,NO,NO,NO,NO,NO
466503,F,46 a 55 años,Entre 1 y 1.5 SMLV,SIGMA,CHI,TAU,DELTA,EMP_000001,,NO,NO,NO,NO,NO
466553,M,46 a 55 años,Entre 10 y 20 SMLV,ZETA,LAMBDA,PI,XI,EMP_000002,,NO,NO,NO,NO,NO
466603,M,46 a 55 años,Entre 8 y 10 SMLV,ZETA,IOTA,PI,XI,EMP_000002,BOGOTA D.C.,NO,NO,NO,NO,NO
466653,M,Mayor de 55 años,Entre 1 y 1.5 SMLV,SIGMA,IOTA,TAU,KAPPA,EMP_000001,BOGOTA D.C.,NO,NO,NO,NO,NO
466703,F,46 a 55 años,Menor al SMLV,SIGMA,LAMBDA,TAU,ETA,EMP_000001,COTA,NO,NO,NO,NO,NO
466753,M,36 a 45 años,Entre 4 y 6 SMLV,ZETA,LAMBDA,PI,XI,EMP_000002,GIRARDOT,NO,NO,NO,NO,NO
466803,F,20 a 35 años,Entre 1 y 1.5 SMLV,SIGMA,LAMBDA,TAU,UPSILON,EMP_000001,,NO,NO,NO,NO,NO
466853,M,46 a 55 años,Menor al SMLV,SIGMA,EPSILON,TAU,ETA,EMP_000001,,NO,NO,NO,NO,NO
466903,F,Mayor de 55 años,Entre 1 y 1.5 SMLV,SIGMA,LAMBDA,TAU,ETA,EMP_000001,BOGOTA D.C.,NO,NO,NO,NO,NO
466953,F,20 a 35 años,Menor al SMLV,SIGMA,LAMBDA,TAU,ETA,EMP_000001,,NO,NO,NO,NO,NO
467003,F,20 a 35 años,Entre 1 y 1.5 SMLV,SIGMA,LAMBDA,ETA,ETA,EMP_000001,,NO,NO,NO,NO,NO
467053,M,20 a 35 años,Entre 1 y 1.5 SMLV,SIGMA,LAMBDA,ETA,UPSILON,EMP_000001,,NO,NO,NO,NO,NO
467103,F,20 a 35 años,Entre 1.5 y 2 SMLV,SIGMA,EPSILON,PI,UPSILON,EMP_000001,BOGOTA D.C.,NO,NO,NO,NO,NO
467153,F,Mayor de 55 años,Entre 1 y 1.5 SMLV,SIGMA,LAMBDA,TAU,DELTA,EMP_000001,BOGOTA D.C.,NO,NO,NO,NO,NO
467203,F,Menor de 19 años,Entre 1 y 1.5 SMLV,SIGMA,LAMBDA,TAU,XI,EMP_000001,,NO,NO,NO,NO,NO
467253,M,20 a 35 años,Entre 1 y 1.5 SMLV,SIGMA,LAMBDA,ETA,BETA,EMP_000001,,NO,NO,NO,NO,NO
467303,M,20 a 35 años,Entre 1 y 1.5 SMLV,SIGMA,LAMBDA,ETA,BETA,EMP_000001,,NO,NO,NO,NO,NO
467353,M,20 a 35 años,Entre 1 y 1.5 SMLV,PI,LAMBDA,ETA,ETA,EMP_000001,SOACHA,NO,NO,NO,NO,NO
467403,F,36 a 45 años,Entre 1.5 y 2 SMLV,SIGMA,RHO,PI,ETA,EMP_000001,SOACHA,NO,NO,NO,NO,NO
467453,M,Mayor de 55 años,Menor al SMLV,SIGMA,IOTA,TAU,KAPPA,EMP_000001,,NO,NO,NO,NO,NO
467503,M,20 a 35 años,Entre 1 y 1.5 SMLV,SIGMA,LAMBDA,ETA,DELTA,EMP_000001,,NO,NO,NO,NO,NO
467553,M,20 a 35 años,Entre 1 y 1.5 SMLV,SIGMA,LAMBDA,TAU,XI,EMP_000001,,NO,NO,NO,NO,NO
467603,M,20 a 35 años,Entre 2 y 2.5 SMLV,PI,LAMBDA,ETA,UPSILON,EMP_000001,,NO,NO,NO,NO,NO
467653,M,36 a 45 años,Entre 1 y 1.5 SMLV,SIGMA,EPSILON,TAU,DELTA,EMP_000001,SOACHA,NO,NO,NO,NO,NO
467703,M,Mayor de 55 años,Entre 1 y 1.5 SMLV,SIGMA,LAMBDA,TAU,ETA,EMP_000001,CHIA,NO,NO,NO,NO,NO
467753,M,Mayor de 55 años,Entre 1 y 1.5 SMLV,SIGMA,LAMBDA,PI,KAPPA,EMP_000001,,NO,NO,NO,NO,NO
467803,M,46 a 55 años,Entre 3 y 4 SMLV,PI,EPSILON,PI,ETA,EMP_000001,BOGOTA D.C.,NO,NO,NO,NO,NO
467853,M,46 a 55 años,Menor al SMLV,SIGMA,LAMBDA,TAU,ETA,EMP_000001,VILLA DE SAN DIEGO DE UBATE,NO,NO,NO,NO,NO
467903,M,20 a 35 años,Entre 2 y 2.5 SMLV,PI,LAMBDA,ETA,ETA,EMP_000001,,NO,NO,NO,NO,NO
467953,M,36 a 45 años,Entre 1 y 1.5 SMLV,SIGMA,CHI,PI,OMEGA,EMP_000001,BOGOTA D.C.,NO,NO,NO,NO,NO
468003,F,46 a 55 años,Entre 1 y 1.5 SMLV,SIGMA,LAMBDA,TAU,OMEGA,EMP_000001,BOGOTA D.C.,NO,NO,NO,NO,NO
468053,M,46 a 55 años,Entre 1 y 1.5 SMLV,SIGMA,EPSILON,TAU,UPSILON,EMP_000001,BOGOTA D.C.,NO,NO,NO,NO,NO
468103,M,Mayor de 55 años,Entre 6 y 8 SMLV,ZETA,RHO,PI,XI,EMP_000002,BOGOTA D.C.,NO,NO,NO,NO,NO
468153,M,36 a 45 años,Menor al SMLV,SIGMA,LAMBDA,TAU,ETA,EMP_000001,,NO,NO,NO,NO,NO
468203,F,20 a 35 años,Entre 1 y 1.5 SMLV,SIGMA,RHO,TAU,ETA,EMP_000001,BOGOTA D.C.,NO,NO,NO,NO,NO
468253,F,20 a 35 años,Menor al SMLV,SIGMA,RHO,TAU,DELTA,EMP_000001,BOGOTA D.C.,NO,NO,NO,NO,NO
468303,F,20 a 35 años,Entre 1 y 1.5 SMLV,SIGMA,RHO,TAU,ETA,EMP_000001,BOGOTA D.C.,NO,NO,NO,NO,NO
468353,F,36 a 45 años,Entre 1 y 1.5 SMLV,SIGMA,EPSILON,PI,DELTA,EMP_000001,,NO,NO,NO,NO,NO
468403,F,Mayor de 55 años,Entre 1 y 1.5 SMLV,SIGMA,LAMBDA,TAU,KAPPA,EMP_000001,BOGOTA D.C.,NO,NO,NO,NO,NO
468453,F,46 a 55 años,Entre 4 y 6 SMLV,ZETA,LAMBDA,PI,XI,EMP_000002,BOGOTA D.C.,NO,NO,NO,NO,NO
468503,M,20 a 35 años,Entre 1 y 1.5 SMLV,SIGMA,THETA,TAU,ETA,EMP_000001,BOGOTA D.C.,NO,NO,NO,NO,NO
468553,M,20 a 35 años,Entre 4 y 6 SMLV,ZETA,RHO,PI,UPSILON,EMP_000001,,NO,NO,NO,NO,NO
468603,M,20 a 35 años,Entre 1 y 1.5 SMLV,SIGMA,LAMBDA,TAU,UPSILON,EMP_000001,,NO,NO,NO,NO,NO
468653,M,20 a 35 años,Entre 1 y 1.5 SMLV,SIGMA,LAMBDA,ETA,BETA,EMP_000001,,NO,NO,NO,NO,NO
468703,F,36 a 45 años,Entre 1 y 1.5 SMLV,SIGMA,RHO,TAU,DELTA,EMP_000001,,NO,NO,NO,NO,NO
468753,F,20 a 35 años,Entre 1 y 1.5 SMLV,SIGMA,RHO,TAU,DELTA,EMP_000001,GIRARDOT,NO,NO,NO,NO,NO
468803,M,20 a 35 años,Entre 1 y 1.5 SMLV,SIGMA,LAMBDA,ETA,ETA,EMP_000001,MOSQUERA,NO,NO,NO,NO,NO
468853,M,20 a 35 años,Entre 4 y 6 SMLV,ZETA,RHO,PI,XI,EMP_000002,BOGOTA D.C.,NO,NO,NO,NO,NO
468903,M,46 a 55 años,Entre 1 y 1.5 SMLV,SIGMA,EPSILON,TAU,XI,EMP_000002,,NO,NO,NO,NO,NO
468953,M,20 a 35 años,Entre 4 y 6 SMLV,ZETA,LAMBDA,ETA,XI,EMP_000002,,NO,NO,NO,NO,NO
469003,F,20 a 35 años,Entre 2 y 2.5 SMLV,PI,RHO,PI,XI,EMP_000002,BOGOTA D.C.,NO,NO,NO,NO,NO
469053,F,20 a 35 años,Entre 1 y 1.5 SMLV,SIGMA,RHO,TAU,UPSILON,EMP_000001,,NO,NO,NO,NO,NO
469103,M,20 a 35 años,Entre 1 y 1.5 SMLV,SIGMA,RHO,TAU,ETA,EMP_000001,BOGOTA D.C.,NO,NO,NO,NO,NO
469153,M,46 a 55 años,Entre 1 y 1.5 SMLV,SIGMA,RHO,TAU,UPSILON,EMP_000001,SOACHA,NO,NO,NO,NO,NO
469203,M,20 a 35 años,Menor al SMLV,SIGMA,LAMBDA,TAU,ETA,EMP_000001,,NO,NO,NO,NO,NO
469253,M,Mayor de 55 años,Entre 1 y 1.5 SMLV,SIGMA,EPSILON,TAU,ETA,EMP_000001,SOACHA,NO,NO,NO,NO,NO
469303,M,46 a 55 años,Entre 1 y 1.5 SMLV,SIGMA,LAMBDA,TAU,ETA,EMP_000001,,NO,NO,NO,NO,NO
469353,M,20 a 35 años,Entre 1 y 1.5 SMLV,SIGMA,LAMBDA,ETA,BETA,EMP_000001,,NO,NO,NO,NO,NO
469403,M,20 a 35 años,Entre 1 y 1.5 SMLV,SIGMA,LAMBDA,TAU,UPSILON,EMP_000001,,NO,NO,NO,NO,NO
469453,M,36 a 45 años,Entre 10 y 20 SMLV,ZETA,IOTA,PI,XI,EMP_000001,BOGOTA D.C.,NO,NO,NO,NO,NO
469503,M,46 a 55 años,Entre 1 y 1.5 SMLV,SIGMA,LAMBDA,PI,DELTA,EMP_000001,SOACHA,NO,NO,NO,NO,NO
469553,M,20 a 35 años,Entre 1 y 1.5 SMLV,SIGMA,LAMBDA,TAU,ETA,EMP_000001,BOGOTA D.C.,NO,NO,NO,NO,NO
469603,F,36 a 45 años,Entre 1 y 1.5 SMLV,SIGMA,RHO,TAU,ETA,EMP_000001,BOGOTA D.C.,NO,NO,NO,NO,NO
469653,F,Mayor de 55 años,Entre 1 y 1.5 SMLV,SIGMA,LAMBDA,TAU,KAPPA,EMP_000001,,NO,NO,NO,NO,NO
469703,F,20 a 35 años,Entre 1 y 1.5 SMLV,SIGMA,LAMBDA,ETA,DELTA,EMP_000001,,NO,NO,NO,NO,NO
469753,F,20 a 35 años,Entre 1 y 1.5 SMLV,SIGMA,LAMBDA,TAU,XI,EMP_000002,,NO,NO,NO,NO,NO
469803,M,Mayor de 55 años,Menor al SMLV,SIGMA,LAMBDA,TAU,OMEGA,EMP_000001,GIRARDOT,NO,NO,NO,NO,NO
469853,F,20 a 35 años,Entre 1 y 1.5 SMLV,SIGMA,LAMBDA,ETA,UPSILON,EMP_000001,,NO,NO,NO,NO,NO
469903,M,20 a 35 años,Entre 1 y 1.5 SMLV,SIGMA,LAMBDA,ETA,ETA,EMP_000001,,NO,NO,NO,NO,NO
469953,M,36 a 45 años,Entre 1 y 1.5 SMLV,SIGMA,RHO,TAU,ETA,EMP_000001,BOGOTA D.C.,NO,NO,NO,NO,NO
470003,F,36 a 45 años,Menor al SMLV,SIGMA,RHO,TAU,OMEGA,EMP_000001,,NO,NO,NO,NO,NO
470053,M,36 a 45 años,Entre 1 y 1.5 SMLV,SIGMA,RHO,TAU,ETA,EMP_000001,BOGOTA D.C.,NO,NO,NO,NO,NO
470103,F,20 a 35 años,Entre 1 y 1.5 SMLV,SIGMA,LAMBDA,ETA,XI,EMP_000001,TOCANCIPA,NO,NO,NO,NO,NO
470153,M,20 a 35 años,Entre 1 y 1.5 SMLV,SIGMA,LAMBDA,TAU,ETA,EMP_000001,,NO,NO,NO,NO,NO
470203,M,20 a 35 años,Entre 1 y 1.5 SMLV,SIGMA,LAMBDA,ETA,UPSILON,EMP_000001,,NO,NO,NO,NO,NO
470253,M,36 a 45 años,Entre 1 y 1.5 SMLV,SIGMA,LAMBDA,TAU,XI,EMP_000001,BOGOTA D.C.,NO,NO,NO,NO,NO
470303,F,Mayor de 55 años,Menor al SMLV,SIGMA,LAMBDA,TAU,KAPPA,EMP_000001,BOGOTA D.C.,NO,NO,NO,NO,NO
470353,F,36 a 45 años,Entre 1 y 1.5 SMLV,SIGMA,LAMBDA,PI,ETA,EMP_000001,BOGOTA D.C.,NO,NO,NO,NO,NO
470403,M,20 a 35 años,Entre 1 y 1.5 SMLV,SIGMA,RHO,PI,OMEGA,EMP_000001,,NO,NO,NO,NO,NO
470453,M,Mayor de 55 años,Entre 1 y 1.5 SMLV,SIGMA,EPSILON,TAU,UPSILON,EMP_000001,BOGOTA D.C.,NO,NO,NO,NO,NO
470503,M,20 a 35 años,Entre 1.5 y 2 SMLV,SIGMA,LAMBDA,ETA,XI,EMP_000002,,NO,NO,NO,NO,NO
470553,F,36 a 45 años,Menor al SMLV,SIGMA,LAMBDA,TAU,ETA,EMP_000001,BOGOTA D.C.,NO,NO,NO,NO,NO
470603,M,36 a 45 años,Entre 8 y 10 SMLV,ZETA,LAMBDA,PI,UPSILON,EMP_000001,,NO,NO,NO,NO,NO
470653,F,36 a 45 años,Entre 1.5 y 2 SMLV,SIGMA,RHO,PI,ETA,EMP_000001,FUNZA,NO,NO,NO,NO,NO
470703,M,36 a 45 años,Entre 1 y 1.5 SMLV,SIGMA,LAMBDA,TAU,BETA,EMP_000001,,NO,NO,NO,NO,NO
470753,F,36 a 45 años,Entre 1 y 1.5 SMLV,SIGMA,RHO,TAU,ETA,EMP_000001,,NO,NO,NO,NO,NO
470803,F,20 a 35 años,Entre 1.5 y 2 SMLV,PI,LAMBDA,ETA,ETA,EMP_000001,,NO,NO,NO,NO,NO
470853,F,36 a 45 años,Entre 1 y 1.5 SMLV,SIGMA,LAMBDA,TAU,ETA,EMP_000001,,NO,NO,NO,NO,NO
470903,M,20 a 35 años,Entre 1 y 1.5 SMLV,SIGMA,LAMBDA,ETA,UPSILON,EMP_000001,,NO,NO,NO,NO,NO
470953,M,20 a 35 años,Entre 1.5 y 2 SMLV,PI,LAMBDA,ETA,ETA,EMP_000001,,NO,NO,NO,NO,NO
471003,M,20 a 35 años,Entre 1 y 1.5 SMLV,SIGMA,LAMBDA,ETA,ETA,EMP_000001,,NO,NO,NO,NO,NO
471053,M,20 a 35 años,Entre 1 y 1.5 SMLV,SIGMA,RHO,TAU,ETA,EMP_000001,BOGOTA D.C.,NO,NO,NO,NO,NO
471103,M,20 a 35 años,Entre 1 y 1.5 SMLV,SIGMA,EPSILON,PI,ETA,EMP_000001,,NO,NO,NO,NO,NO
471153,F,36 a 45 años,Entre 10 y 20 SMLV,ZETA,LAMBDA,PI,XI,EMP_000002,,NO,NO,NO,NO,NO
471203,M,36 a 45 años,Entre 1 y 1.5 SMLV,SIGMA,THETA,ETA,OMICRON,EMP_000001,,NO,NO,NO,NO,NO
471253,F,46 a 55 años,Entre 1 y 1.5 SMLV,SIGMA,LAMBDA,TAU,ETA,EMP_000001,,NO,NO,NO,NO,NO
471303,M,36 a 45 años,Entre 1 y 1.5 SMLV,SIGMA,LAMBDA,TAU,ETA,EMP_000001,,NO,NO,NO,NO,NO
471353,F,20 a 35 años,Entre 1 y 1.5 SMLV,SIGMA,LAMBDA,ETA,XI,EMP_000001,,NO,NO,NO,NO,NO
471403,F,Mayor de 55 años,Menor al SMLV,SIGMA,IOTA,TAU,KAPPA,EMP_000001,BOGOTA D.C.,NO,NO,NO,NO,NO
471453,F,20 a 35 años,Entre 1 y 1.5 SMLV,SIGMA,RHO,TAU,ETA,EMP_000001,,NO,NO,NO,NO,NO
471503,M,20 a 35 años,Entre 1 y 1.5 SMLV,SIGMA,RHO,TAU,UPSILON,EMP_000001,,NO,NO,NO,NO,NO
471553,M,Menor de 19 años,Entre 1 y 1.5 SMLV,SIGMA,LAMBDA,TAU,ETA,EMP_000001,,NO,NO,NO,NO,NO
471603,M,20 a 35 años,Entre 1 y 1.5 SMLV,SIGMA,RHO,TAU,XI,EMP_000002,,NO,NO,NO,NO,NO
471653,F,Mayor de 55 años,Entre 4 y 6 SMLV,ZETA,IOTA,PI,XI,EMP_000002,,NO,NO,NO,NO,NO
471703,M,20 a 35 años,Entre 2.5 y 3 SMLV,PI,LAMBDA,ETA,UPSILON,EMP_000001,LA MESA,NO,NO,NO,NO,NO
471753,F,20 a 35 años,Entre 1 y 1.5 SMLV,SIGMA,RHO,TAU,ETA,EMP_000001,,NO,NO,NO,NO,NO
471803,F,Menor de 19 años,Entre 1 y 1.5 SMLV,SIGMA,LAMBDA,TAU,XI,EMP_000002,,NO,NO,NO,NO,NO
471853,F,36 a 45 años,Entre 1 y 1.5 SMLV,SIGMA,RHO,PI,ETA,EMP_000001,,NO,NO,NO,NO,NO
471903,M,36 a 45 años,Entre 1.5 y 2 SMLV,SIGMA,EPSILON,PI,UPSILON,EMP_000001,,NO,NO,NO,NO,NO
471953,F,46 a 55 años,Menor al SMLV,SIGMA,LAMBDA,TAU,ETA,EMP_000001,,NO,NO,NO,NO,NO
472003,M,20 a 35 años,Entre 1 y 1.5 SMLV,SIGMA,LAMBDA,TAU,ETA,EMP_000001,,NO,NO,NO,NO,NO
472053,M,20 a 35 años,Entre 1.5 y 2 SMLV,SIGMA,LAMBDA,ETA,OMEGA,EMP_000001,,NO,NO,NO,NO,NO
472103,M,36 a 45 años,Menor al SMLV,SIGMA,LAMBDA,TAU,ETA,EMP_000001,BOGOTA D.C.,NO,NO,NO,NO,NO
472153,M,20 a 35 años,Entre 1 y 1.5 SMLV,SIGMA,LAMBDA,ETA,BETA,EMP_000001,,NO,NO,NO,NO,NO
472203,M,20 a 35 años,Menor al SMLV,SIGMA,LAMBDA,TAU,ETA,EMP_000001,,NO,NO,NO,NO,NO
472253,M,20 a 35 años,Entre 1 y 1.5 SMLV,SIGMA,LAMBDA,TAU,ETA,EMP_000001,,NO,NO,NO,NO,NO
472303,F,20 a 35 años,Entre 1 y 1.5 SMLV,SIGMA,LAMBDA,TAU,ETA,EMP_000001,,NO,NO,NO,NO,NO
472353,M,20 a 35 años,Entre 1 y 1.5 SMLV,SIGMA,RHO,TAU,XI,EMP_000002,BOGOTA D.C.,NO,NO,NO,NO,NO
472403,M,36 a 45 años,Entre 1 y 1.5 SMLV,SIGMA,RHO,TAU,ETA,EMP_000001,,NO,NO,NO,NO,NO
472453,M,46 a 55 años,Entre 1 y 1.5 SMLV,SIGMA,EPSILON,TAU,UPSILON,EMP_000001,,NO,NO,NO,NO,NO
472503,F,36 a 45 años,Entre 1 y 1.5 SMLV,SIGMA,LAMBDA,TAU,ETA,EMP_000001,MADRID,NO,NO,NO,NO,NO
472553,M,36 a 45 años,Entre 1 y 1.5 SMLV,SIGMA,EPSILON,TAU,ETA,EMP_000001,MADRID,NO,NO,NO,NO,NO
472603,F,20 a 35 años,Entre 1 y 1.5 SMLV,SIGMA,RHO,TAU,ETA,EMP_000001,,NO,NO,NO,NO,NO
472653,F,46 a 55 años,Entre 1 y 1.5 SMLV,SIGMA,RHO,TAU,ETA,EMP_000001,,NO,NO,NO,NO,NO
472703,F,36 a 45 años,Entre 4 y 6 SMLV,ZETA,RHO,PI,XI,EMP_000002,GACHANCIPA,NO,NO,NO,NO,NO
472753,F,46 a 55 años,Entre 1 y 1.5 SMLV,SIGMA,RHO,TAU,UPSILON,EMP_000001,BOGOTA D.C.,NO,NO,NO,NO,NO
472803,F,20 a 35 años,Entre 2 y 2.5 SMLV,PI,LAMBDA,ETA,ETA,EMP_000001,,NO,NO,NO,NO,NO
472853,M,36 a 45 años,Entre 1 y 1.5 SMLV,SIGMA,RHO,TAU,DELTA,EMP_000001,,NO,NO,NO,NO,NO
472903,M,36 a 45 años,Entre 1 y 1.5 SMLV,SIGMA,LAMBDA,TAU,UPSILON,EMP_000001,BOGOTA D.C.,NO,NO,NO,NO,NO
472953,M,Mayor de 55 años,Entre 3 y 4 SMLV,PI,LAMBDA,PI,ETA,EMP_000001,,NO,NO,NO,NO,NO
473003,M,20 a 35 años,Entre 1 y 1.5 SMLV,SIGMA,LAMBDA,ETA,UPSILON,EMP_000001,,NO,NO,NO,NO,NO
473053,F,20 a 35 años,Entre 1 y 1.5 SMLV,SIGMA,LAMBDA,ETA,XI,EMP_000002,BOGOTA D.C.,NO,NO,NO,NO,NO
473103,F,Mayor de 55 años,Menor al SMLV,SIGMA,IOTA,TAU,KAPPA,EMP_000001,,NO,NO,NO,NO,NO
473153,M,46 a 55 años,Menor al SMLV,SIGMA,EPSILON,TAU,ETA,EMP_000001,,NO,NO,NO,NO,NO
473203,M,20 a 35 años,Menor al SMLV,SIGMA,LAMBDA,TAU,OMEGA,EMP_000001,,NO,NO,NO,NO,NO
473253,M,46 a 55 años,Entre 1 y 1.5 SMLV,SIGMA,IOTA,TAU,ETA,EMP_000001,,NO,NO,NO,NO,NO
473303,M,36 a 45 años,Entre 1 y 1.5 SMLV,SIGMA,RHO,PI,UPSILON,EMP_000001,BOGOTA D.C.,NO,NO,NO,NO,NO
473353,M,36 a 45 años,Entre 1 y 1.5 SMLV,SIGMA,RHO,TAU,XI,EMP_000001,,NO,NO,NO,NO,NO
473403,M,20 a 35 años,Entre 1 y 1.5 SMLV,SIGMA,RHO,TAU,UPSILON,EMP_000001,,NO,NO,NO,NO,NO
473453,M,Mayor de 55 años,Entre 1.5 y 2 SMLV,SIGMA,IOTA,PI,ETA,EMP_000001,BOGOTA D.C.,NO,NO,NO,NO,NO
473503,M,20 a 35 años,Entre 1 y 1.5 SMLV,SIGMA,LAMBDA,TAU,ETA,EMP_000001,,NO,NO,NO,NO,NO
473553,M,20 a 35 años,Entre 8 y 10 SMLV,ZETA,LAMBDA,ETA,XI,EMP_000002,,NO,NO,NO,NO,NO
473603,F,20 a 35 años,Entre 1 y 1.5 SMLV,SIGMA,CHI,TAU,UPSILON,EMP_000001,BOGOTA D.C.,NO,NO,NO,NO,NO
473653,M,20 a 35 años,Entre 6 y 8 SMLV,ZETA,LAMBDA,ETA,UPSILON,EMP_000001,BOGOTA D.C.,NO,NO,NO,NO,NO
473703,M,46 a 55 años,Entre 1 y 1.5 SMLV,SIGMA,EPSILON,TAU,XI,EMP_000002,ARBELAEZ,NO,NO,NO,NO,NO
473753,F,36 a 45 años,Menor al SMLV,SIGMA,THETA,TAU,ETA,EMP_000001,,NO,NO,NO,NO,NO
473803,F,36 a 45 años,Entre 1 y 1.5 SMLV,PI,RHO,PI,XI,EMP_000002,BOGOTA D.C.,NO,NO,NO,NO,NO
473853,M,Mayor de 55 años,Entre 1 y 1.5 SMLV,SIGMA,LAMBDA,PI,KAPPA,EMP_000001,BOGOTA D.C.,NO,NO,NO,NO,NO
473903,M,46 a 55 años,Menor al SMLV,SIGMA,LAMBDA,TAU,ETA,EMP_000001,,NO,NO,NO,NO,NO
473953,M,36 a 45 años,Entre 4 y 6 SMLV,ZETA,CHI,PI,XI,EMP_000002,BOGOTA D.C.,NO,NO,NO,NO,NO
474003,F,36 a 45 años,Entre 1 y 1.5 SMLV,SIGMA,LAMBDA,TAU,UPSILON,EMP_000002,BOGOTA D.C.,NO,NO,NO,NO,NO
474053,F,36 a 45 años,Entre 1.5 y 2 SMLV,SIGMA,LAMBDA,ETA,XI,EMP_000002,,NO,NO,NO,NO,NO
474103,M,20 a 35 años,Menor al SMLV,SIGMA,EPSILON,TAU,ETA,EMP_000001,,NO,NO,NO,NO,NO
474153,M,46 a 55 años,Entre 1 y 1.5 SMLV,SIGMA,RHO,TAU,ETA,EMP_000001,BOGOTA D.C.,NO,NO,NO,NO,NO
474203,M,46 a 55 años,Entre 1 y 1.5 SMLV,SIGMA,LAMBDA,TAU,XI,EMP_000002,BOGOTA D.C.,NO,NO,NO,NO,NO
474253,M,20 a 35 años,Entre 1 y 1.5 SMLV,SIGMA,RHO,TAU,ETA,EMP_000001,BARRANQUILLA,NO,NO,NO,NO,NO
474303,F,36 a 45 años,Entre 1 y 1.5 SMLV,SIGMA,EPSILON,TAU,ETA,EMP_000001,BOGOTA D.C.,NO,NO,NO,NO,NO
474353,M,20 a 35 años,Menor al SMLV,SIGMA,LAMBDA,TAU,ETA,EMP_000001,BOGOTA D.C.,NO,NO,NO,NO,NO
474403,F,36 a 45 años,Entre 1 y 1.5 SMLV,SIGMA,RHO,TAU,ETA,EMP_000001,,NO,NO,NO,NO,NO
474453,M,36 a 45 años,Entre 10 y 20 SMLV,ZETA,LAMBDA,ETA,ETA,EMP_000001,BOGOTA D.C.,NO,NO,NO,NO,NO
474503,F,20 a 35 años,Entre 1 y 1.5 SMLV,SIGMA,RHO,TAU,UPSILON,EMP_000002,,NO,NO,NO,NO,NO
474553,M,20 a 35 años,Entre 1 y 1.5 SMLV,SIGMA,LAMBDA,TAU,ETA,EMP_000001,,NO,NO,NO,NO,NO
474603,F,46 a 55 años,Entre 3 y 4 SMLV,PI,LAMBDA,PI,ETA,EMP_000001,BOGOTA D.C.,NO,NO,NO,NO,NO
474653,M,46 a 55 años,Entre 1 y 1.5 SMLV,SIGMA,LAMBDA,TAU,ETA,EMP_000001,,NO,NO,NO,NO,NO
474703,F,46 a 55 años,Entre 1 y 1.5 SMLV,PI,LAMBDA,PI,LAMBDA,EMP_000001,,NO,NO,NO,NO,NO
474753,F,Mayor de 55 años,Menor al SMLV,SIGMA,LAMBDA,TAU,ETA,EMP_000001,,NO,NO,NO,NO,NO
474803,F,36 a 45 años,Entre 1 y 1.5 SMLV,PI,RHO,TAU,LAMBDA,EMP_000001,BOGOTA D.C.,NO,NO,NO,NO,NO
474853,F,20 a 35 años,Entre 1 y 1.5 SMLV,SIGMA,RHO,TAU,ETA,EMP_000001,,NO,NO,NO,NO,NO
474903,M,20 a 35 años,Entre 2 y 2.5 SMLV,PI,LAMBDA,ETA,XI,EMP_000001,,NO,NO,NO,NO,NO
474953,M,20 a 35 años,Entre 1 y 1.5 SMLV,SIGMA,LAMBDA,TAU,ETA,EMP_000001,,NO,NO,NO,NO,NO
475003,M,46 a 55 años,Entre 1 y 1.5 SMLV,SIGMA,EPSILON,TAU,ETA,EMP_000001,BOGOTA D.C.,NO,NO,NO,NO,NO
475053,F,Mayor de 55 años,Entre 1 y 1.5 SMLV,SIGMA,LAMBDA,PI,ETA,EMP_000001,,NO,NO,NO,NO,NO
475103,M,20 a 35 años,Entre 1 y 1.5 SMLV,SIGMA,LAMBDA,ETA,XI,EMP_000002,BOGOTA D.C.,NO,NO,NO,NO,NO
475153,F,20 a 35 años,Entre 1 y 1.5 SMLV,SIGMA,LAMBDA,TAU,ETA,EMP_000001,,NO,NO,NO,NO,NO
475203,F,46 a 55 años,Entre 3 y 4 SMLV,PI,LAMBDA,PI,XI,EMP_000002,FUNZA,NO,NO,NO,NO,NO
475253,M,36 a 45 años,Entre 2.5 y 3 SMLV,PI,RHO,PI,XI,EMP_000002,,NO,NO,NO,NO,NO
475303,M,20 a 35 años,Entre 1 y 1.5 SMLV,SIGMA,LAMBDA,ETA,BETA,EMP_000001,,NO,NO,NO,NO,NO
475353,F,20 a 35 años,Entre 1 y 1.5 SMLV,PI,LAMBDA,ETA,BETA,EMP_000001,,NO,NO,NO,NO,NO
475403,M,Menor de 19 años,Menor al SMLV,SIGMA,LAMBDA,TAU,XI,EMP_000002,,NO,NO,NO,NO,NO
475453,M,46 a 55 años,Entre 2 y 2.5 SMLV,PI,CHI,PI,UPSILON,EMP_000001,BOGOTA D.C.,NO,NO,NO,NO,NO
475503,M,46 a 55 años,Entre 1 y 1.5 SMLV,SIGMA,EPSILON,TAU,ETA,EMP_000001,BOGOTA D.C.,NO,NO,NO,NO,NO
475553,F,20 a 35 años,Entre 2 y 2.5 SMLV,PI,LAMBDA,ETA,ETA,EMP_000001,BOGOTA D.C.,NO,NO,NO,NO,NO
475603,F,20 a 35 años,Entre 1 y 1.5 SMLV,SIGMA,RHO,TAU,UPSILON,EMP_000001,,NO,NO,NO,NO,NO
475653,F,46 a 55 años,Entre 4 y 6 SMLV,ZETA,EPSILON,PI,DELTA,EMP_000001,,NO,NO,NO,NO,NO
475703,F,20 a 35 años,Menor al SMLV,SIGMA,LAMBDA,TAU,ETA,EMP_000001,,NO,NO,NO,NO,NO
475753,M,Menor de 19 años,Entre 1 y 1.5 SMLV,SIGMA,LAMBDA,TAU,ETA,EMP_000001,,NO,NO,NO,NO,NO
475803,M,20 a 35 años,Entre 1 y 1.5 SMLV,SIGMA,LAMBDA,ETA,ETA,EMP_000001,BOGOTA D.C.,NO,NO,NO,NO,NO
475853,M,20 a 35 años,Entre 1 y 1.5 SMLV,SIGMA,LAMBDA,ETA,ETA,EMP_000001,,NO,NO,NO,NO,NO
475903,M,36 a 45 años,Entre 1 y 1.5 SMLV,SIGMA,RHO,TAU,DELTA,EMP_000001,,NO,NO,NO,NO,NO
475953,M,36 a 45 años,Entre 1.5 y 2 SMLV,SIGMA,IOTA,PI,UPSILON,EMP_000001,BOGOTA D.C.,NO,NO,NO,NO,NO
476003,F,36 a 45 años,Entre 3 y 4 SMLV,PI,LAMBDA,PI,UPSILON,EMP_000001,,NO,NO,NO,NO,NO
476053,M,20 a 35 años,Entre 1 y 1.5 SMLV,SIGMA,LAMBDA,ETA,XI,EMP_000001,,NO,NO,NO,NO,NO
476103,F,20 a 35 años,Entre 2 y 2.5 SMLV,PI,RHO,PI,XI,EMP_000002,,NO,NO,NO,NO,NO
476153,M,20 a 35 años,Entre 1 y 1.5 SMLV,SIGMA,LAMBDA,ETA,BETA,EMP_000001,,NO,NO,NO,NO,NO
476203,M,36 a 45 años,Entre 1 y 1.5 SMLV,SIGMA,LAMBDA,ETA,UPSILON,EMP_000001,BOGOTA D.C.,NO,NO,NO,NO,NO
476253,F,20 a 35 años,Entre 3 y 4 SMLV,PI,LAMBDA,ETA,XI,EMP_000002,,NO,NO,NO,NO,NO
476303,F,36 a 45 años,Entre 2.5 y 3 SMLV,PI,RHO,PI,UPSILON,EMP_000001,FUNZA,NO,NO,NO,NO,NO
476353,M,20 a 35 años,Entre 1 y 1.5 SMLV,SIGMA,LAMBDA,TAU,ETA,EMP_000001,,NO,NO,NO,NO,NO
476403,M,36 a 45 años,Entre 1 y 1.5 SMLV,SIGMA,IOTA,PI,ETA,EMP_000001,,NO,NO,NO,NO,NO
476453,M,20 a 35 años,Entre 2.5 y 3 SMLV,PI,LAMBDA,ETA,XI,EMP_000002,,NO,NO,NO,NO,NO
476503,M,46 a 55 años,Entre 1 y 1.5 SMLV,SIGMA,IOTA,TAU,DELTA,EMP_000001,GACHANCIPA,NO,NO,NO,NO,NO
476553,M,20 a 35 años,Entre 1 y 1.5 SMLV,SIGMA,RHO,TAU,DELTA,EMP_000001,,NO,NO,NO,NO,NO
476603,F,20 a 35 años,Entre 1 y 1.5 SMLV,SIGMA,LAMBDA,TAU,UPSILON,EMP_000001,,NO,NO,NO,NO,NO
476653,M,20 a 35 años,Entre 1 y 1.5 SMLV,SIGMA,LAMBDA,TAU,XI,EMP_000002,,NO,NO,NO,NO,NO
476703,F,36 a 45 años,Entre 1.5 y 2 SMLV,SIGMA,LAMBDA,ETA,UPSILON,EMP_000001,BOGOTA D.C.,NO,NO,NO,NO,NO
476753,F,Mayor de 55 años,Entre 1 y 1.5 SMLV,SIGMA,LAMBDA,TAU,KAPPA,EMP_000001,BOGOTA D.C.,NO,NO,NO,NO,NO
476803,M,20 a 35 años,Entre 1 y 1.5 SMLV,SIGMA,LAMBDA,TAU,UPSILON,EMP_000001,BOGOTA D.C.,NO,NO,NO,NO,NO
476853,F,36 a 45 años,Entre 1 y 1.5 SMLV,SIGMA,RHO,TAU,UPSILON,EMP_000001,,NO,NO,NO,NO,NO
476903,M,36 a 45 años,Entre 1 y 1.5 SMLV,SIGMA,RHO,TAU,ETA,EMP_000001,,NO,NO,NO,NO,NO
476953,M,20 a 35 años,Entre 1 y 1.5 SMLV,SIGMA,LAMBDA,TAU,ETA,EMP_000001,,NO,NO,NO,NO,NO
477003,F,20 a 35 años,Entre 1 y 1.5 SMLV,SIGMA,THETA,TAU,XI,EMP_000002,BOGOTA D.C.,NO,NO,NO,NO,NO
477053,M,20 a 35 años,Entre 1 y 1.5 SMLV,SIGMA,LAMBDA,TAU,ETA,EMP_000001,,NO,NO,NO,NO,NO
477103,F,36 a 45 años,Entre 10 y 20 SMLV,ZETA,LAMBDA,PI,XI,EMP_000002,BOGOTA D.C.,NO,NO,NO,NO,NO
477153,F,20 a 35 años,Entre 3 y 4 SMLV,PI,LAMBDA,ETA,UPSILON,EMP_000001,,NO,NO,NO,NO,NO
477203,M,20 a 35 años,Entre 1 y 1.5 SMLV,SIGMA,RHO,TAU,XI,EMP_000001,,NO,NO,NO,NO,NO
477253,M,36 a 45 años,Menor al SMLV,SIGMA,LAMBDA,TAU,ETA,EMP_000001,BOGOTA D.C.,NO,NO,NO,NO,NO
477303,M,20 a 35 años,Menor al SMLV,SIGMA,LAMBDA,TAU,ETA,EMP_000001,,NO,NO,NO,NO,NO
477353,F,20 a 35 años,Entre 1 y 1.5 SMLV,SIGMA,RHO,TAU,DELTA,EMP_000001,,NO,NO,NO,NO,NO
477403,F,36 a 45 años,Entre 1 y 1.5 SMLV,SIGMA,CHI,TAU,DELTA,EMP_000001,,NO,NO,NO,NO,NO
477453,F,20 a 35 años,Entre 1 y 1.5 SMLV,SIGMA,LAMBDA,TAU,XI,EMP_000002,,NO,NO,NO,NO,NO
477503,M,36 a 45 años,Entre 1 y 1.5 SMLV,SIGMA,LAMBDA,TAU,ETA,EMP_000001,BOGOTA D.C.,NO,NO,NO,NO,NO
477553,M,20 a 35 años,Entre 1 y 1.5 SMLV,SIGMA,RHO,TAU,ETA,EMP_000001,,NO,NO,NO,NO,NO
477603,F,46 a 55 años,Entre 1 y 1.5 SMLV,SIGMA,LAMBDA,TAU,UPSILON,EMP_000001,BOGOTA D.C.,NO,NO,NO,NO,NO
477653,M,20 a 35 años,Entre 1 y 1.5 SMLV,SIGMA,LAMBDA,ETA,BETA,EMP_000001,,NO,NO,NO,NO,NO
477703,F,20 a 35 años,Entre 1 y 1.5 SMLV,SIGMA,RHO,PI,ETA,EMP_000001,BOGOTA D.C.,NO,NO,NO,NO,NO
477753,M,46 a 55 años,Entre 1 y 1.5 SMLV,SIGMA,EPSILON,PI,ETA,EMP_000001,,NO,NO,NO,NO,NO
477803,F,20 a 35 años,Entre 2.5 y 3 SMLV,PI,LAMBDA,ETA,XI,EMP_000002,GACHETA,NO,NO,NO,NO,NO
477853,F,36 a 45 años,Entre 2 y 2.5 SMLV,PI,LAMBDA,PI,DELTA,EMP_000001,,NO,NO,NO,NO,NO
477903,M,Mayor de 55 años,Entre 20 y 30 SMLV,ZETA,EPSILON,XI,XI,EMP_000002,BOGOTA D.C.,NO,NO,NO,NO,NO
477953,M,20 a 35 años,Entre 1.5 y 2 SMLV,SIGMA,LAMBDA,ETA,UPSILON,EMP_000001,,NO,NO,NO,NO,NO
478003,M,20 a 35 años,Entre 1 y 1.5 SMLV,SIGMA,LAMBDA,TAU,ETA,EMP_000001,,NO,NO,NO,NO,NO
478053,M,20 a 35 años,Entre 1 y 1.5 SMLV,SIGMA,LAMBDA,ETA,UPSILON,EMP_000001,,NO,NO,NO,NO,NO
478103,M,Mayor de 55 años,Menor al SMLV,SIGMA,LAMBDA,TAU,ETA,EMP_000001,,NO,NO,NO,NO,NO
478153,M,46 a 55 años,Entre 1 y 1.5 SMLV,SIGMA,RHO,PI,ETA,EMP_000001,BOGOTA D.C.,NO,NO,NO,NO,NO
478203,M,36 a 45 años,Entre 1 y 1.5 SMLV,SIGMA,CHI,TAU,ETA,EMP_000001,BOGOTA D.C.,NO,NO,NO,NO,NO
478253,F,20 a 35 años,Entre 1 y 1.5 SMLV,SIGMA,LAMBDA,TAU,ETA,EMP_000001,BOGOTA D.C.,NO,NO,NO,NO,NO
478303,F,20 a 35 años,Entre 1 y 1.5 SMLV,SIGMA,LAMBDA,TAU,XI,EMP_000002,,NO,NO,NO,NO,NO
478353,F,20 a 35 años,Entre 1.5 y 2 SMLV,SIGMA,LAMBDA,ETA,ETA,EMP_000001,BOGOTA D.C.,NO,NO,NO,NO,NO
478403,F,36 a 45 años,Entre 1 y 1.5 SMLV,SIGMA,LAMBDA,TAU,XI,EMP_000001,BOGOTA D.C.,NO,NO,NO,NO,NO
478453,M,20 a 35 años,Entre 1 y 1.5 SMLV,SIGMA,LAMBDA,TAU,UPSILON,EMP_000001,,NO,NO,NO,NO,NO
478503,M,20 a 35 años,Entre 1 y 1.5 SMLV,SIGMA,LAMBDA,TAU,UPSILON,EMP_000001,BOGOTA D.C.,NO,NO,NO,NO,NO
478553,M,20 a 35 años,Entre 1 y 1.5 SMLV,SIGMA,LAMBDA,TAU,UPSILON,EMP_000001,,NO,NO,NO,NO,NO
478603,F,46 a 55 años,Entre 1 y 1.5 SMLV,SIGMA,RHO,TAU,BETA,EMP_000001,BOGOTA D.C.,NO,NO,NO,NO,NO
478653,M,20 a 35 años,Entre 1 y 1.5 SMLV,SIGMA,LAMBDA,TAU,ETA,EMP_000001,,NO,NO,NO,NO,NO
478703,F,36 a 45 años,Entre 2 y 2.5 SMLV,PI,RHO,PI,UPSILON,EMP_000001,BOGOTA D.C.,NO,NO,NO,NO,NO
478753,M,Mayor de 55 años,Entre 10 y 20 SMLV,ZETA,LAMBDA,PI,XI,EMP_000002,,NO,NO,NO,NO,NO
478803,M,36 a 45 años,Entre 1 y 1.5 SMLV,SIGMA,RHO,PI,ETA,EMP_000001,BOGOTA D.C.,NO,NO,NO,NO,NO
478853,M,20 a 35 años,Entre 1 y 1.5 SMLV,SIGMA,LAMBDA,ETA,XI,EMP_000002,,NO,NO,NO,NO,NO
478903,M,20 a 35 años,Entre 2 y 2.5 SMLV,PI,LAMBDA,ETA,XI,EMP_000001,BOGOTA D.C.,NO,NO,NO,NO,NO
478953,M,36 a 45 años,Entre 2 y 2.5 SMLV,PI,RHO,PI,UPSILON,EMP_000001,BOGOTA D.C.,NO,NO,NO,NO,NO
479003,F,Mayor de 55 años,Entre 1 y 1.5 SMLV,SIGMA,LAMBDA,PI,ETA,EMP_000001,BOGOTA D.C.,NO,NO,NO,NO,NO
479053,F,36 a 45 años,Entre 1 y 1.5 SMLV,SIGMA,LAMBDA,TAU,UPSILON,EMP_000002,,NO,NO,NO,NO,NO
479103,F,36 a 45 años,Entre 3 y 4 SMLV,PI,LAMBDA,ETA,XI,EMP_000002,,NO,NO,NO,NO,NO
479153,M,20 a 35 años,Entre 1 y 1.5 SMLV,SIGMA,LAMBDA,TAU,OMEGA,EMP_000001,,NO,NO,NO,NO,NO
479203,F,20 a 35 años,Entre 1 y 1.5 SMLV,SIGMA,LAMBDA,TAU,ETA,EMP_000001,,NO,NO,NO,NO,NO
479253,F,36 a 45 años,Entre 1 y 1.5 SMLV,SIGMA,LAMBDA,PI,UPSILON,EMP_000001,,NO,NO,NO,NO,NO
479303,F,Mayor de 55 años,Entre 2.5 y 3 SMLV,PI,IOTA,PI,DELTA,EMP_000001,BOGOTA D.C.,NO,NO,NO,NO,NO
479353,M,36 a 45 años,Entre 3 y 4 SMLV,PI,LAMBDA,ETA,UPSILON,EMP_000001,,NO,NO,NO,NO,NO
479403,F,46 a 55 años,Entre 1 y 1.5 SMLV,SIGMA,LAMBDA,PI,XI,EMP_000002,,NO,NO,NO,NO,NO
479453,M,46 a 55 años,Entre 1 y 1.5 SMLV,SIGMA,RHO,TAU,ETA,EMP_000001,MADRID,NO,NO,NO,NO,NO
479503,F,46 a 55 años,Entre 1 y 1.5 SMLV,SIGMA,IOTA,TAU,UPSILON,EMP_000001,BOGOTA D.C.,NO,NO,NO,NO,NO
479553,M,20 a 35 años,Menor al SMLV,SIGMA,LAMBDA,TAU,ETA,EMP_000001,,NO,NO,NO,NO,NO
479603,M,20 a 35 años,Menor a 2 SMLV,SIGMA,THETA,TAU,UPSILON,EMP_000001,BOGOTA D.C.,NO,NO,NO,NO,NO
479653,M,20 a 35 años,Entre 1 y 1.5 SMLV,SIGMA,LAMBDA,ETA,BETA,EMP_000001,,NO,NO,NO,NO,NO
479703,F,20 a 35 años,Entre 1 y 1.5 SMLV,SIGMA,LAMBDA,TAU,ETA,EMP_000001,,NO,NO,NO,NO,NO
479753,M,46 a 55 años,Entre 1.5 y 2 SMLV,SIGMA,LAMBDA,PI,ETA,EMP_000001,BOGOTA D.C.,NO,NO,NO,NO,NO
479803,M,46 a 55 años,Entre 8 y 10 SMLV,ZETA,EPSILON,PI,XI,EMP_000002,BOGOTA D.C.,NO,NO,NO,NO,NO
479853,F,20 a 35 años,Entre 1 y 1.5 SMLV,SIGMA,EPSILON,TAU,ETA,EMP_000001,BOGOTA D.C.,NO,NO,NO,NO,NO
479903,M,Mayor de 55 años,Entre 1.5 y 2 SMLV,SIGMA,LAMBDA,PI,XI,EMP_000002,BOGOTA D.C.,NO,NO,NO,NO,NO
479953,M,Mayor de 55 años,Entre 1.5 y 2 SMLV,SIGMA,LAMBDA,PI,DELTA,EMP_000001,,NO,NO,NO,NO,NO
480003,F,Mayor de 55 años,Menor al SMLV,SIGMA,LAMBDA,TAU,KAPPA,EMP_000001,BOGOTA D.C.,NO,NO,NO,NO,NO
480053,F,Mayor de 55 años,Entre 4 y 6 SMLV,ZETA,LAMBDA,PI,PSI,EMP_000001,,NO,NO,NO,NO,NO
480103,M,46 a 55 años,Entre 1 y 1.5 SMLV,SIGMA,EPSILON,TAU,UPSILON,EMP_000001,BOGOTA D.C.,NO,NO,NO,NO,NO
480153,M,46 a 55 años,Entre 1 y 1.5 SMLV,SIGMA,LAMBDA,PI,DELTA,EMP_000001,,NO,NO,NO,NO,NO
480203,M,20 a 35 años,,MU,THETA,OMEGA,OMICRON,EMP_000001,,NO,NO,NO,NO,NO
480253,F,20 a 35 años,Entre 4 y 6 SMLV,ZETA,LAMBDA,ETA,UPSILON,EMP_000001,,NO,NO,NO,NO,NO
480303,F,20 a 35 años,Entre 1 y 1.5 SMLV,SIGMA,LAMBDA,TAU,XI,EMP_000002,BOGOTA D.C.,NO,NO,NO,NO,NO
480353,F,46 a 55 años,Entre 1 y 1.5 SMLV,SIGMA,LAMBDA,PI,XI,EMP_000002,VIANI,NO,NO,NO,NO,NO
480403,M,20 a 35 años,Menor al SMLV,SIGMA,RHO,TAU,ETA,EMP_000001,BOGOTA D.C.,NO,NO,NO,NO,NO
480453,M,20 a 35 años,Menor al SMLV,SIGMA,RHO,TAU,OMEGA,EMP_000001,,NO,NO,NO,NO,NO
480503,M,20 a 35 años,Entre 1.5 y 2 SMLV,SIGMA,LAMBDA,ETA,UPSILON,EMP_000002,BOGOTA D.C.,NO,NO,NO,NO,NO
480553,M,46 a 55 años,Entre 2 y 2.5 SMLV,PI,RHO,PI,ETA,EMP_000001,,NO,NO,NO,NO,NO
480603,M,Mayor de 55 años,Entre 1 y 1.5 SMLV,SIGMA,EPSILON,TAU,OMEGA,EMP_000001,BOGOTA D.C.,NO,NO,NO,NO,NO
480653,M,Menor de 19 años,Entre 1 y 1.5 SMLV,SIGMA,LAMBDA,TAU,XI,EMP_000002,,NO,NO,NO,NO,NO
480703,M,Mayor de 55 años,Entre 1 y 1.5 SMLV,SIGMA,IOTA,PI,ETA,EMP_000001,BOGOTA D.C.,NO,NO,NO,NO,NO
480753,M,20 a 35 años,Entre 1 y 1.5 SMLV,SIGMA,RHO,PI,XI,EMP_000001,FUNZA,NO,NO,NO,NO,NO
480803,F,Mayor de 55 años,Entre 1 y 1.5 SMLV,SIGMA,LAMBDA,TAU,KAPPA,EMP_000001,BOGOTA D.C.,NO,NO,NO,NO,NO
480853,M,Mayor de 55 años,Entre 1.5 y 2 SMLV,PI,LAMBDA,PI,XI,EMP_000002,,NO,NO,NO,NO,NO
480903,M,36 a 45 años,Entre 1 y 1.5 SMLV,SIGMA,LAMBDA,TAU,ETA,EMP_000001,BOGOTA D.C.,NO,NO,NO,NO,NO
480953,F,Mayor de 55 años,Menor al SMLV,SIGMA,LAMBDA,TAU,KAPPA,EMP_000001,BOGOTA D.C.,NO,NO,NO,NO,NO
481003,M,36 a 45 años,Entre 8 y 10 SMLV,ZETA,LAMBDA,ETA,DELTA,EMP_000001,BOGOTA D.C.,NO,NO,NO,NO,NO
481053,F,46 a 55 años,Entre 1 y 1.5 SMLV,SIGMA,LAMBDA,TAU,ETA,EMP_000001,,NO,NO,NO,NO,NO
481103,M,Mayor de 55 años,Entre 4 y 6 SMLV,SIGMA,IOTA,PI,KAPPA,EMP_000001,,NO,NO,NO,NO,NO
481153,F,36 a 45 años,Entre 1 y 1.5 SMLV,SIGMA,LAMBDA,PI,XI,EMP_000002,BOGOTA D.C.,NO,NO,NO,NO,NO
481203,M,36 a 45 años,Entre 1 y 1.5 SMLV,SIGMA,LAMBDA,TAU,DELTA,EMP_000001,,NO,NO,NO,NO,NO
481253,M,46 a 55 años,Menor al SMLV,SIGMA,RHO,TAU,ETA,EMP_000001,BOGOTA D.C.,NO,NO,NO,NO,NO
481303,F,Mayor de 55 años,Entre 1 y 1.5 SMLV,SIGMA,LAMBDA,PI,UPSILON,EMP_000001,,NO,NO,NO,NO,NO
481353,M,36 a 45 años,Entre 1 y 1.5 SMLV,SIGMA,LAMBDA,TAU,UPSILON,EMP_000001,BOGOTA D.C.,NO,NO,NO,NO,NO
481403,F,Menor de 19 años,Entre 1 y 1.5 SMLV,SIGMA,LAMBDA,TAU,DELTA,EMP_000001,,NO,NO,NO,NO,NO
481453,M,Mayor de 55 años,Menor al SMLV,SIGMA,LAMBDA,TAU,KAPPA,EMP_000001,BOGOTA D.C.,NO,NO,NO,NO,NO
481503,M,Mayor de 55 años,Entre 1 y 1.5 SMLV,SIGMA,IOTA,PI,ETA,EMP_000001,BOGOTA D.C.,NO,NO,NO,NO,NO
481553,M,46 a 55 años,Entre 2 y 2.5 SMLV,PI,RHO,PI,DELTA,EMP_000001,BOGOTA D.C.,NO,NO,NO,NO,NO
481603,M,20 a 35 años,Entre 1 y 1.5 SMLV,SIGMA,LAMBDA,TAU,UPSILON,EMP_000001,,NO,NO,NO,NO,NO
481653,M,46 a 55 años,Menor al SMLV,SIGMA,LAMBDA,TAU,ETA,EMP_000001,ZIPAQUIRA,NO,NO,NO,NO,NO
481703,M,20 a 35 años,Entre 1 y 1.5 SMLV,SIGMA,LAMBDA,ETA,BETA,EMP_000001,,NO,NO,NO,NO,NO
481753,F,46 a 55 años,Entre 1.5 y 2 SMLV,SIGMA,LAMBDA,PI,ETA,EMP_000001,,NO,NO,NO,NO,NO
481803,M,36 a 45 años,Entre 8 y 10 SMLV,ZETA,RHO,PI,UPSILON,EMP_000001,BOGOTA D.C.,NO,NO,NO,NO,NO
481853,M,20 a 35 años,Entre 1 y 1.5 SMLV,SIGMA,LAMBDA,TAU,DELTA,EMP_000001,,NO,NO,NO,NO,NO
481903,M,20 a 35 años,Entre 1 y 1.5 SMLV,SIGMA,RHO,TAU,DELTA,EMP_000001,BOGOTA D.C.,NO,NO,NO,NO,NO
481953,M,20 a 35 años,Entre 1 y 1.5 SMLV,SIGMA,LAMBDA,TAU,ETA,EMP_000001,,NO,NO,NO,NO,NO
482003,M,Mayor de 55 años,Entre 1.5 y 2 SMLV,PI,IOTA,PI,ETA,EMP_000001,,NO,NO,NO,NO,NO
482053,F,46 a 55 años,Entre 1 y 1.5 SMLV,SIGMA,RHO,TAU,DELTA,EMP_000001,BOGOTA D.C.,NO,NO,NO,NO,NO
482103,F,20 a 35 años,Entre 1 y 1.5 SMLV,SIGMA,LAMBDA,ETA,ETA,EMP_000001,,NO,NO,NO,NO,NO
482153,F,20 a 35 años,Entre 1 y 1.5 SMLV,SIGMA,RHO,TAU,XI,EMP_000001,,NO,NO,NO,NO,NO
482203,F,20 a 35 años,Entre 8 y 10 SMLV,ZETA,LAMBDA,ETA,XI,EMP_000001,,NO,NO,NO,NO,NO
482253,F,36 a 45 años,Entre 2.5 y 3 SMLV,PI,EPSILON,PI,UPSILON,EMP_000001,BOGOTA D.C.,NO,NO,NO,NO,NO
482303,F,20 a 35 años,Entre 1 y 1.5 SMLV,SIGMA,LAMBDA,TAU,UPSILON,EMP_000001,,NO,NO,NO,NO,NO
482353,F,36 a 45 años,Entre 1 y 1.5 SMLV,SIGMA,RHO,TAU,OMEGA,EMP_000001,,NO,NO,NO,NO,NO
482403,F,36 a 45 años,Entre 1.5 y 2 SMLV,SIGMA,RHO,PI,DELTA,EMP_000001,,NO,NO,NO,NO,NO
482453,M,46 a 55 años,Menor al SMLV,SIGMA,LAMBDA,TAU,ETA,EMP_000001,,NO,NO,NO,NO,NO
482503,F,20 a 35 años,Entre 1 y 1.5 SMLV,SIGMA,LAMBDA,TAU,DELTA,EMP_000001,BOGOTA D.C.,NO,NO,NO,NO,NO
482553,M,46 a 55 años,Entre 1 y 1.5 SMLV,SIGMA,EPSILON,TAU,ETA,EMP_000001,,NO,NO,NO,NO,NO
482603,M,46 a 55 años,Entre 2.5 y 3 SMLV,PI,RHO,PI,XI,EMP_000002,,NO,NO,NO,NO,NO
482653,M,20 a 35 años,Entre 1 y 1.5 SMLV,SIGMA,LAMBDA,TAU,OMEGA,EMP_000001,,NO,NO,NO,NO,NO
482703,F,Mayor de 55 años,Entre 6 y 8 SMLV,ZETA,LAMBDA,PI,DELTA,EMP_000001,BOGOTA D.C.,NO,NO,NO,NO,NO
482753,F,Mayor de 55 años,Entre 1 y 1.5 SMLV,SIGMA,CHI,TAU,XI,EMP_000001,BOGOTA D.C.,NO,NO,NO,NO,NO
482803,F,20 a 35 años,Entre 1 y 1.5 SMLV,SIGMA,LAMBDA,TAU,ETA,EMP_000001,CHIA,NO,NO,NO,NO,NO
482853,M,36 a 45 años,Entre 2.5 y 3 SMLV,PI,LAMBDA,PI,XI,EMP_000002,BOGOTA D.C.,NO,NO,NO,NO,NO
482903,M,20 a 35 años,Entre 1 y 1.5 SMLV,SIGMA,LAMBDA,TAU,UPSILON,EMP_000001,,NO,NO,NO,NO,NO
482953,M,20 a 35 años,Entre 1 y 1.5 SMLV,SIGMA,LAMBDA,TAU,XI,EMP_000001,BOGOTA D.C.,NO,NO,NO,NO,NO
483003,F,36 a 45 años,Entre 1 y 1.5 SMLV,SIGMA,EPSILON,TAU,ETA,EMP_000001,BOGOTA D.C.,NO,NO,NO,NO,NO
483053,M,20 a 35 años,Entre 3 y 4 SMLV,PI,LAMBDA,ETA,XI,EMP_000001,BOGOTA D.C.,NO,NO,NO,NO,NO
483103,M,46 a 55 años,Entre 1 y 1.5 SMLV,SIGMA,RHO,TAU,ETA,EMP_000001,MADRID,NO,NO,NO,NO,NO
483153,M,36 a 45 años,Entre 6 y 8 SMLV,ZETA,LAMBDA,PI,XI,EMP_000002,,NO,NO,NO,NO,NO
483203,M,20 a 35 años,Entre 2.5 y 3 SMLV,PI,LAMBDA,ETA,UPSILON,EMP_000001,,NO,NO,NO,NO,NO
483253,M,36 a 45 años,Entre 4 y 6 SMLV,ZETA,LAMBDA,ETA,XI,EMP_000001,,NO,NO,NO,NO,NO
483303,F,Menor de 19 años,Entre 1 y 1.5 SMLV,SIGMA,LAMBDA,TAU,ETA,EMP_000001,,NO,NO,NO,NO,NO
483353,M,20 a 35 años,Entre 1 y 1.5 SMLV,SIGMA,LAMBDA,TAU,ETA,EMP_000001,,NO,NO,NO,NO,NO
483403,M,46 a 55 años,Entre 1 y 1.5 SMLV,SIGMA,IOTA,TAU,ETA,EMP_000001,,NO,NO,NO,NO,NO
483453,F,Mayor de 55 años,Entre 4 y 6 SMLV,ZETA,LAMBDA,PI,XI,EMP_000002,CAJICA,NO,NO,NO,NO,NO
483503,M,46 a 55 años,Entre 20 y 30 SMLV,ZETA,CHI,XI,ETA,EMP_000001,BOGOTA D.C.,NO,NO,NO,NO,NO
483553,F,36 a 45 años,Entre 1 y 1.5 SMLV,SIGMA,EPSILON,TAU,ETA,EMP_000001,,NO,NO,NO,NO,NO
483603,F,46 a 55 años,Entre 1.5 y 2 SMLV,PI,LAMBDA,PI,XI,EMP_000002,BOGOTA D.C.,NO,NO,NO,NO,NO
483653,F,46 a 55 años,Entre 1 y 1.5 SMLV,SIGMA,RHO,TAU,ETA,EMP_000001,BOGOTA D.C.,NO,NO,NO,NO,NO
483703,M,Mayor de 55 años,Entre 1 y 1.5 SMLV,PI,EPSILON,TAU,LAMBDA,EMP_000001,BOGOTA D.C.,NO,NO,NO,NO,NO
483753,F,20 a 35 años,Entre 1 y 1.5 SMLV,SIGMA,RHO,TAU,UPSILON,EMP_000001,BOGOTA D.C.,NO,NO,NO,NO,NO
483803,F,20 a 35 años,Entre 1 y 1.5 SMLV,SIGMA,RHO,TAU,XI,EMP_000002,,NO,NO,NO,NO,NO
483853,M,Mayor de 55 años,Entre 1 y 1.5 SMLV,PI,IOTA,TAU,LAMBDA,EMP_000001,,NO,NO,NO,NO,NO
483903,F,Mayor de 55 años,Entre 1 y 1.5 SMLV,SIGMA,LAMBDA,TAU,ETA,EMP_000001,BOGOTA D.C.,NO,NO,NO,NO,NO
483953,F,Mayor de 55 años,Entre 3 y 4 SMLV,PI,IOTA,PI,UPSILON,EMP_000001,ZIPAQUIRA,NO,NO,NO,NO,NO
484003,M,20 a 35 años,Entre 1 y 1.5 SMLV,SIGMA,RHO,TAU,ETA,EMP_000001,MOSQUERA,NO,NO,NO,NO,NO
484053,M,Mayor de 55 años,Menor al SMLV,SIGMA,LAMBDA,TAU,ETA,EMP_000001,BOGOTA D.C.,NO,NO,NO,NO,NO
484103,F,36 a 45 años,Entre 3 y 4 SMLV,PI,CHI,PI,XI,EMP_000002,BOGOTA D.C.,NO,NO,NO,NO,NO
484153,F,36 a 45 años,Entre 2.5 y 3 SMLV,PI,RHO,PI,XI,EMP_000002,,NO,NO,NO,NO,NO
484203,F,46 a 55 años,Entre 4 y 6 SMLV,ZETA,RHO,PI,XI,EMP_000002,BOGOTA D.C.,NO,NO,NO,NO,NO
484253,M,46 a 55 años,Entre 1 y 1.5 SMLV,SIGMA,RHO,TAU,ETA,EMP_000001,BOGOTA D.C.,NO,NO,NO,NO,NO
484303,F,36 a 45 años,Menor al SMLV,PI,IOTA,TAU,LAMBDA,EMP_000001,,NO,NO,NO,NO,NO
484353,M,46 a 55 años,Entre 1 y 1.5 SMLV,SIGMA,RHO,TAU,DELTA,EMP_000001,FUSAGASUGA,NO,NO,NO,NO,NO
484403,M,46 a 55 años,Entre 1 y 1.5 SMLV,SIGMA,LAMBDA,TAU,UPSILON,EMP_000001,BOGOTA D.C.,NO,NO,NO,NO,NO
484453,F,20 a 35 años,Entre 1 y 1.5 SMLV,SIGMA,RHO,TAU,ETA,EMP_000001,,NO,NO,NO,NO,NO
484503,F,Menor de 19 años,Entre 1 y 1.5 SMLV,SIGMA,LAMBDA,TAU,ETA,EMP_000001,,NO,NO,NO,NO,NO
484553,F,36 a 45 años,Menor al SMLV,SIGMA,RHO,TAU,ETA,EMP_000001,,NO,NO,NO,NO,NO
484603,F,36 a 45 años,Entre 2 y 2.5 SMLV,PI,EPSILON,PI,XI,EMP_000001,BOGOTA D.C.,NO,NO,NO,NO,NO
484653,F,36 a 45 años,Entre 1 y 1.5 SMLV,SIGMA,LAMBDA,TAU,BETA,EMP_000001,,NO,NO,NO,NO,NO
484703,M,36 a 45 años,Entre 1.5 y 2 SMLV,SIGMA,RHO,PI,UPSILON,EMP_000001,BOGOTA D.C.,NO,NO,NO,NO,NO
484753,F,46 a 55 años,Entre 1 y 1.5 SMLV,SIGMA,LAMBDA,PI,BETA,EMP_000001,,NO,NO,NO,NO,NO
484803,M,20 a 35 años,Entre 10 y 20 SMLV,ZETA,LAMBDA,ETA,UPSILON,EMP_000001,,NO,NO,NO,NO,NO
484853,F,20 a 35 años,Entre 1 y 1.5 SMLV,SIGMA,LAMBDA,TAU,UPSILON,EMP_000001,,NO,NO,NO,NO,NO
484903,M,20 a 35 años,Entre 1 y 1.5 SMLV,SIGMA,LAMBDA,TAU,DELTA,EMP_000001,,NO,NO,NO,NO,NO
484953,M,20 a 35 años,Entre 1.5 y 2 SMLV,SIGMA,CHI,PI,ETA,EMP_000001,,NO,NO,NO,NO,NO
485003,M,46 a 55 años,Entre 1.5 y 2 SMLV,SIGMA,EPSILON,PI,BETA,EMP_000001,,NO,NO,NO,NO,NO
485053,F,36 a 45 años,Entre 10 y 20 SMLV,ZETA,LAMBDA,PI,XI,EMP_000002,,NO,NO,NO,NO,NO
485103,M,20 a 35 años,Entre 1 y 1.5 SMLV,SIGMA,LAMBDA,TAU,ETA,EMP_000001,,NO,NO,NO,NO,NO
485153,M,20 a 35 años,Entre 6 y 8 SMLV,ZETA,LAMBDA,ETA,UPSILON,EMP_000001,,NO,NO,NO,NO,NO
485203,F,46 a 55 años,Entre 1 y 1.5 SMLV,SIGMA,RHO,PI,UPSILON,EMP_000001,BOGOTA D.C.,NO,NO,NO,NO,NO
485253,M,20 a 35 años,Entre 3 y 4 SMLV,PI,RHO,PI,UPSILON,EMP_000001,,NO,NO,NO,NO,NO
485303,F,46 a 55 años,Entre 1 y 1.5 SMLV,SIGMA,RHO,TAU,ETA,EMP_000001,BOGOTA D.C.,NO,NO,NO,NO,NO
485353,F,20 a 35 años,Menor al SMLV,SIGMA,RHO,TAU,PSI,EMP_000001,,NO,NO,NO,NO,NO
485403,M,36 a 45 años,Entre 1 y 1.5 SMLV,SIGMA,RHO,PI,UPSILON,EMP_000001,,NO,NO,NO,NO,NO
485453,M,46 a 55 años,Entre 2.5 y 3 SMLV,PI,IOTA,PI,ETA,EMP_000001,,NO,NO,NO,NO,NO
485503,M,20 a 35 años,Entre 1 y 1.5 SMLV,SIGMA,RHO,TAU,ETA,EMP_000001,,NO,NO,NO,NO,NO
485553,M,46 a 55 años,Entre 1 y 1.5 SMLV,SIGMA,LAMBDA,PI,UPSILON,EMP_000001,BOGOTA D.C.,NO,NO,NO,NO,NO
485603,M,20 a 35 años,Entre 4 y 6 SMLV,ZETA,LAMBDA,ETA,DELTA,EMP_000001,BOGOTA D.C.,NO,NO,NO,NO,NO
485653,M,20 a 35 años,Entre 1 y 1.5 SMLV,SIGMA,LAMBDA,TAU,XI,EMP_000001,,NO,NO,NO,NO,NO
485703,M,20 a 35 años,Entre 1 y 1.5 SMLV,SIGMA,LAMBDA,ETA,BETA,EMP_000001,,NO,NO,NO,NO,NO
485753,M,20 a 35 años,Entre 1 y 1.5 SMLV,SIGMA,RHO,TAU,ETA,EMP_000001,BOGOTA D.C.,NO,NO,NO,NO,NO
485803,F,20 a 35 años,Entre 1 y 1.5 SMLV,SIGMA,LAMBDA,ETA,ETA,EMP_000001,,NO,NO,NO,NO,NO
485853,F,20 a 35 años,Entre 1 y 1.5 SMLV,SIGMA,LAMBDA,TAU,OMEGA,EMP_000001,,NO,NO,NO,NO,NO
485903,F,46 a 55 años,Entre 1 y 1.5 SMLV,SIGMA,IOTA,TAU,OMEGA,EMP_000001,BOGOTA D.C.,NO,NO,NO,NO,NO
485953,M,36 a 45 años,Entre 1 y 1.5 SMLV,SIGMA,LAMBDA,TAU,ETA,EMP_000001,BOGOTA D.C.,NO,NO,NO,NO,NO
486003,F,Mayor de 55 años,Entre 1 y 1.5 SMLV,SIGMA,IOTA,PI,KAPPA,EMP_000001,BOGOTA D.C.,NO,NO,NO,NO,NO
486053,M,20 a 35 años,Entre 1 y 1.5 SMLV,SIGMA,LAMBDA,ETA,BETA,EMP_000001,,NO,NO,NO,NO,NO
486103,M,36 a 45 años,Entre 1 y 1.5 SMLV,SIGMA,IOTA,PI,DELTA,EMP_000001,BOGOTA D.C.,NO,NO,NO,NO,NO
486153,M,20 a 35 años,Entre 1 y 1.5 SMLV,SIGMA,LAMBDA,TAU,UPSILON,EMP_000001,,NO,NO,NO,NO,NO
486203,M,20 a 35 años,Entre 1.5 y 2 SMLV,SIGMA,RHO,PI,DELTA,EMP_000001,,NO,NO,NO,NO,NO
486253,F,20 a 35 años,Entre 1.5 y 2 SMLV,SIGMA,RHO,PI,XI,EMP_000002,BOGOTA D.C.,NO,NO,NO,NO,NO
486303,F,46 a 55 años,Entre 3 y 4 SMLV,PI,LAMBDA,PI,XI,EMP_000002,,NO,NO,NO,NO,NO
486353,F,20 a 35 años,Entre 1 y 1.5 SMLV,SIGMA,RHO,TAU,UPSILON,EMP_000001,BOGOTA D.C.,NO,NO,NO,NO,NO
486403,F,20 a 35 años,Entre 2 y 2.5 SMLV,PI,LAMBDA,ETA,UPSILON,EMP_000001,,NO,NO,NO,NO,NO
486453,M,46 a 55 años,Entre 1 y 1.5 SMLV,SIGMA,LAMBDA,TAU,XI,EMP_000001,BOGOTA D.C.,NO,NO,NO,NO,NO
486503,M,20 a 35 años,Entre 1 y 1.5 SMLV,SIGMA,LAMBDA,ETA,BETA,EMP_000001,,NO,NO,NO,NO,NO
486553,F,46 a 55 años,Entre 1 y 1.5 SMLV,SIGMA,RHO,TAU,ETA,EMP_000001,BOGOTA D.C.,NO,NO,NO,NO,NO
486603,M,20 a 35 años,Entre 1 y 1.5 SMLV,SIGMA,RHO,PI,XI,EMP_000002,,NO,NO,NO,NO,NO
486653,M,20 a 35 años,Entre 1 y 1.5 SMLV,SIGMA,LAMBDA,ETA,DELTA,EMP_000001,,NO,NO,NO,NO,NO
486703,F,36 a 45 años,Entre 1 y 1.5 SMLV,SIGMA,RHO,TAU,ETA,EMP_000001,BOGOTA D.C.,NO,NO,NO,NO,NO
486753,M,36 a 45 años,Entre 1 y 1.5 SMLV,SIGMA,LAMBDA,TAU,ETA,EMP_000001,,NO,NO,NO,NO,NO
486803,F,Mayor de 55 años,Entre 1 y 1.5 SMLV,SIGMA,LAMBDA,TAU,ETA,EMP_000001,,NO,NO,NO,NO,NO
486853,M,36 a 45 años,Entre 1 y 1.5 SMLV,SIGMA,CHI,TAU,DELTA,EMP_000001,BOGOTA D.C.,NO,NO,NO,NO,NO
486903,F,46 a 55 años,Entre 1 y 1.5 SMLV,SIGMA,RHO,TAU,ETA,EMP_000001,BOGOTA D.C.,NO,NO,NO,NO,NO
486953,M,Mayor de 55 años,Menor al SMLV,SIGMA,EPSILON,TAU,ETA,EMP_000001,BOGOTA D.C.,NO,NO,NO,NO,NO
487003,F,20 a 35 años,Entre 1 y 1.5 SMLV,SIGMA,LAMBDA,ETA,DELTA,EMP_000001,BOGOTA D.C.,NO,NO,NO,NO,NO
487053,M,20 a 35 años,Entre 10 y 20 SMLV,SIGMA,LAMBDA,ETA,ETA,EMP_000001,BOGOTA D.C.,NO,NO,NO,NO,NO
487103,M,Menor de 19 años,Entre 1 y 1.5 SMLV,SIGMA,LAMBDA,TAU,ETA,EMP_000001,,NO,NO,NO,NO,NO
487153,F,36 a 45 años,Entre 1 y 1.5 SMLV,SIGMA,LAMBDA,TAU,XI,EMP_000002,,NO,NO,NO,NO,NO
487203,F,36 a 45 años,Entre 1 y 1.5 SMLV,SIGMA,RHO,TAU,ETA,EMP_000001,BOGOTA D.C.,NO,NO,NO,NO,NO
487253,M,36 a 45 años,Entre 1 y 1.5 SMLV,SIGMA,LAMBDA,PI,XI,EMP_000001,,NO,NO,NO,NO,NO
487303,F,Mayor de 55 años,Menor al SMLV,SIGMA,LAMBDA,TAU,KAPPA,EMP_000001,BOGOTA D.C.,NO,NO,NO,NO,NO
487353,M,20 a 35 años,Entre 1 y 1.5 SMLV,SIGMA,LAMBDA,TAU,UPSILON,EMP_000001,,NO,NO,NO,NO,NO
487403,F,36 a 45 años,Entre 1 y 1.5 SMLV,SIGMA,RHO,TAU,DELTA,EMP_000001,,NO,NO,NO,NO,NO
487453,M,36 a 45 años,Entre 1 y 1.5 SMLV,SIGMA,LAMBDA,TAU,UPSILON,EMP_000001,,NO,NO,NO,NO,NO
487503,M,20 a 35 años,Entre 1 y 1.5 SMLV,SIGMA,RHO,PI,ETA,EMP_000001,BOGOTA D.C.,NO,NO,NO,NO,NO
487553,M,20 a 35 años,Entre 3 y 4 SMLV,ZETA,LAMBDA,ETA,UPSILON,EMP_000001,,NO,NO,NO,NO,NO
487603,F,20 a 35 años,Entre 1 y 1.5 SMLV,SIGMA,LAMBDA,ETA,PSI,EMP_000001,,NO,NO,NO,NO,NO
487653,F,36 a 45 años,Entre 1 y 1.5 SMLV,SIGMA,LAMBDA,TAU,UPSILON,EMP_000001,BOGOTA D.C.,NO,NO,NO,NO,NO
487703,F,20 a 35 años,Entre 1 y 1.5 SMLV,SIGMA,EPSILON,TAU,XI,EMP_000002,,NO,NO,NO,NO,NO
487753,F,36 a 45 años,Entre 1 y 1.5 SMLV,SIGMA,EPSILON,TAU,OMEGA,EMP_000001,,NO,NO,NO,NO,NO
487803,M,20 a 35 años,Entre 1 y 1.5 SMLV,SIGMA,LAMBDA,ETA,BETA,EMP_000001,,NO,NO,NO,NO,NO
487853,M,46 a 55 años,Entre 1 y 1.5 SMLV,SIGMA,LAMBDA,PI,ETA,EMP_000001,FUSAGASUGA,NO,NO,NO,NO,NO
487903,F,20 a 35 años,Menor al SMLV,PI,LAMBDA,ETA,XI,EMP_000002,,NO,NO,NO,NO,NO
487953,M,20 a 35 años,Entre 1 y 1.5 SMLV,SIGMA,RHO,PI,ETA,EMP_000001,BOGOTA D.C.,NO,NO,NO,NO,NO
488003,M,20 a 35 años,Entre 1 y 1.5 SMLV,SIGMA,LAMBDA,ETA,ETA,EMP_000001,,NO,NO,NO,NO,NO
488053,M,36 a 45 años,Entre 1 y 1.5 SMLV,SIGMA,RHO,PI,ETA,EMP_000001,BOGOTA D.C.,NO,NO,NO,NO,NO
488103,F,36 a 45 años,Entre 1 y 1.5 SMLV,SIGMA,LAMBDA,PI,DELTA,EMP_000001,PACHO,NO,NO,NO,NO,NO
488153,F,36 a 45 años,Entre 1 y 1.5 SMLV,SIGMA,CHI,TAU,ETA,EMP_000001,SOACHA,NO,NO,NO,NO,NO
488203,M,46 a 55 años,Entre 1 y 1.5 SMLV,SIGMA,LAMBDA,TAU,ETA,EMP_000001,,NO,NO,NO,NO,NO
488253,M,36 a 45 años,Menor al SMLV,SIGMA,LAMBDA,TAU,ETA,EMP_000001,BOGOTA D.C.,NO,NO,NO,NO,NO
488303,M,46 a 55 años,Entre 1 y 1.5 SMLV,SIGMA,LAMBDA,PI,OMEGA,EMP_000001,BOGOTA D.C.,NO,NO,NO,NO,NO
488353,F,20 a 35 años,Entre 1 y 1.5 SMLV,SIGMA,LAMBDA,TAU,UPSILON,EMP_000001,,NO,NO,NO,NO,NO
488403,M,20 a 35 años,Entre 1.5 y 2 SMLV,SIGMA,LAMBDA,ETA,UPSILON,EMP_000001,,NO,NO,NO,NO,NO
488453,F,36 a 45 años,Entre 1 y 1.5 SMLV,SIGMA,LAMBDA,TAU,ETA,EMP_000001,,NO,NO,NO,NO,NO
488503,F,46 a 55 años,Entre 1 y 1.5 SMLV,SIGMA,LAMBDA,TAU,ETA,EMP_000001,BOGOTA D.C.,NO,NO,NO,NO,NO
488553,M,36 a 45 años,Menor al SMLV,SIGMA,LAMBDA,TAU,ETA,EMP_000001,,NO,NO,NO,NO,NO
488603,M,20 a 35 años,Entre 2 y 2.5 SMLV,PI,LAMBDA,ETA,OMEGA,EMP_000001,BOGOTA D.C.,NO,NO,NO,NO,NO
488653,M,20 a 35 años,Entre 1 y 1.5 SMLV,SIGMA,RHO,TAU,UPSILON,EMP_000001,BOGOTA D.C.,NO,NO,NO,NO,NO
488703,F,36 a 45 años,Entre 4 y 6 SMLV,ZETA,RHO,PI,XI,EMP_000002,,NO,NO,NO,NO,NO
488753,M,Mayor de 55 años,Entre 10 y 20 SMLV,ZETA,RHO,PI,XI,EMP_000001,BOGOTA D.C.,NO,NO,NO,NO,NO
488803,F,36 a 45 años,Entre 1 y 1.5 SMLV,SIGMA,RHO,PI,XI,EMP_000002,BOGOTA D.C.,NO,NO,NO,NO,NO
488853,M,20 a 35 años,,MU,THETA,OMEGA,OMICRON,EMP_000001,,NO,NO,NO,NO,NO
488903,F,20 a 35 años,Entre 1 y 1.5 SMLV,SIGMA,RHO,TAU,ETA,EMP_000001,,NO,NO,NO,NO,NO
488953,M,46 a 55 años,Entre 1 y 1.5 SMLV,SIGMA,RHO,TAU,ETA,EMP_000001,,NO,NO,NO,NO,NO
489003,F,46 a 55 años,Entre 1 y 1.5 SMLV,SIGMA,RHO,TAU,UPSILON,EMP_000001,,NO,NO,NO,NO,NO
489053,F,20 a 35 años,Entre 1.5 y 2 SMLV,SIGMA,LAMBDA,ETA,XI,EMP_000002,,NO,NO,NO,NO,NO
489103,F,36 a 45 años,Entre 1 y 1.5 SMLV,SIGMA,RHO,TAU,OMEGA,EMP_000001,,NO,NO,NO,NO,NO
489153,F,20 a 35 años,Entre 2 y 2.5 SMLV,PI,LAMBDA,ETA,DELTA,EMP_000001,,NO,NO,NO,NO,NO
489203,F,20 a 35 años,Entre 1.5 y 2 SMLV,SIGMA,LAMBDA,ETA,ETA,EMP_000001,,NO,NO,NO,NO,NO
489253,M,20 a 35 años,Entre 1 y 1.5 SMLV,SIGMA,LAMBDA,TAU,ETA,EMP_000001,,NO,NO,NO,NO,NO
489303,F,20 a 35 años,Entre 1.5 y 2 SMLV,SIGMA,LAMBDA,ETA,XI,EMP_000002,,NO,NO,NO,NO,NO
489353,F,20 a 35 años,Entre 1 y 1.5 SMLV,SIGMA,LAMBDA,TAU,DELTA,EMP_000001,BOGOTA D.C.,NO,NO,NO,NO,NO
489403,M,36 a 45 años,Entre 1 y 1.5 SMLV,SIGMA,RHO,TAU,ETA,EMP_000001,BOGOTA D.C.,NO,NO,NO,NO,NO
489453,F,46 a 55 años,Entre 1 y 1.5 SMLV,SIGMA,CHI,TAU,ETA,EMP_000001,BOGOTA D.C.,NO,NO,NO,NO,NO
489503,F,36 a 45 años,Entre 3 y 4 SMLV,PI,EPSILON,PI,XI,EMP_000002,GUADUAS,NO,NO,NO,NO,NO
489553,F,20 a 35 años,Entre 1 y 1.5 SMLV,SIGMA,LAMBDA,ETA,ETA,EMP_000001,,NO,NO,NO,NO,NO
489603,M,Mayor de 55 años,Entre 4 y 6 SMLV,ZETA,RHO,PI,XI,EMP_000002,BOGOTA D.C.,NO,NO,NO,NO,NO
489653,M,20 a 35 años,,MU,THETA,OMEGA,OMICRON,EMP_000001,,NO,NO,NO,NO,NO
489703,M,20 a 35 años,Entre 1 y 1.5 SMLV,SIGMA,LAMBDA,ETA,BETA,EMP_000001,,NO,NO,NO,NO,NO
489753,M,20 a 35 años,Entre 1 y 1.5 SMLV,SIGMA,THETA,TAU,OMICRON,EMP_000001,,NO,NO,NO,NO,NO
489803,M,36 a 45 años,Entre 1 y 1.5 SMLV,SIGMA,EPSILON,TAU,ETA,EMP_000001,BOGOTA D.C.,NO,NO,NO,NO,NO
489853,F,20 a 35 años,Entre 3 y 4 SMLV,PI,LAMBDA,ETA,UPSILON,EMP_000001,BOGOTA D.C.,NO,NO,NO,NO,NO
489903,M,20 a 35 años,,MU,THETA,OMEGA,OMICRON,EMP_000001,,NO,NO,NO,NO,NO
489953,M,Mayor de 55 años,Entre 1 y 1.5 SMLV,SIGMA,LAMBDA,TAU,KAPPA,EMP_000001,,NO,NO,NO,NO,NO
490003,F,36 a 45 años,Entre 1 y 1.5 SMLV,SIGMA,LAMBDA,TAU,UPSILON,EMP_000001,,NO,NO,NO,NO,NO
490053,F,20 a 35 años,Entre 3 y 4 SMLV,ZETA,LAMBDA,ETA,XI,EMP_000002,,NO,NO,NO,NO,NO
490103,M,36 a 45 años,Entre 3 y 4 SMLV,PI,RHO,PI,UPSILON,EMP_000001,BOGOTA D.C.,NO,NO,NO,NO,NO
490153,M,20 a 35 años,Entre 1 y 1.5 SMLV,SIGMA,LAMBDA,ETA,BETA,EMP_000001,,NO,NO,NO,NO,NO
490203,F,36 a 45 años,Entre 1 y 1.5 SMLV,SIGMA,RHO,TAU,ETA,EMP_000001,,NO,NO,NO,NO,NO
490253,M,20 a 35 años,Entre 1 y 1.5 SMLV,SIGMA,RHO,TAU,UPSILON,EMP_000001,,NO,NO,NO,NO,NO
490303,F,20 a 35 años,Entre 2.5 y 3 SMLV,PI,LAMBDA,ETA,ETA,EMP_000001,BOGOTA D.C.,NO,NO,NO,NO,NO
490353,M,36 a 45 años,Entre 1 y 1.5 SMLV,SIGMA,LAMBDA,ETA,BETA,EMP_000001,,NO,NO,NO,NO,NO
490403,M,20 a 35 años,Entre 2 y 2.5 SMLV,PI,RHO,PI,UPSILON,EMP_000001,,NO,NO,NO,NO,NO
490453,M,46 a 55 años,Entre 1 y 1.5 SMLV,SIGMA,RHO,TAU,ETA,EMP_000001,BOGOTA D.C.,NO,NO,NO,NO,NO
490503,M,20 a 35 años,Entre 1 y 1.5 SMLV,SIGMA,IOTA,TAU,UPSILON,EMP_000001,,NO,NO,NO,NO,NO
490553,M,36 a 45 años,Entre 1 y 1.5 SMLV,SIGMA,LAMBDA,ETA,BETA,EMP_000001,,NO,NO,NO,NO,NO
490603,M,36 a 45 años,Entre 1 y 1.5 SMLV,SIGMA,LAMBDA,ETA,BETA,EMP_000001,,NO,NO,NO,NO,NO
490653,M,20 a 35 años,Entre 1 y 1.5 SMLV,SIGMA,LAMBDA,ETA,XI,EMP_000001,,NO,NO,NO,NO,NO
490703,F,20 a 35 años,Entre 1 y 1.5 SMLV,SIGMA,LAMBDA,TAU,ETA,EMP_000001,BOGOTA D.C.,NO,NO,NO,NO,NO
490753,F,36 a 45 años,Entre 10 y 20 SMLV,ZETA,IOTA,PI,ETA,EMP_000001,BOGOTA D.C.,NO,NO,NO,NO,NO
490803,M,20 a 35 años,Entre 1 y 1.5 SMLV,SIGMA,LAMBDA,TAU,UPSILON,EMP_000001,,NO,NO,NO,NO,NO
490853,F,20 a 35 años,Entre 1 y 1.5 SMLV,SIGMA,RHO,TAU,ETA,EMP_000001,,NO,NO,NO,NO,NO
490903,M,20 a 35 años,Menor al SMLV,SIGMA,LAMBDA,TAU,OMEGA,EMP_000001,,NO,NO,NO,NO,NO
490953,M,46 a 55 años,Entre 2.5 y 3 SMLV,PI,LAMBDA,PI,UPSILON,EMP_000001,,NO,NO,NO,NO,NO
491003,M,36 a 45 años,Entre 1 y 1.5 SMLV,SIGMA,CHI,PI,ETA,EMP_000001,BOGOTA D.C.,NO,NO,NO,NO,NO
491053,F,36 a 45 años,Entre 1 y 1.5 SMLV,SIGMA,EPSILON,PI,UPSILON,EMP_000001,FACATATIVA,NO,NO,NO,NO,NO
491103,M,20 a 35 años,Entre 1 y 1.5 SMLV,SIGMA,RHO,TAU,ETA,EMP_000001,,NO,NO,NO,NO,NO
491153,M,20 a 35 años,Entre 6 y 8 SMLV,ZETA,LAMBDA,ETA,XI,EMP_000002,,NO,NO,NO,NO,NO
491203,F,46 a 55 años,Entre 4 y 6 SMLV,ZETA,IOTA,PI,XI,EMP_000002,,NO,NO,NO,NO,NO
491253,F,36 a 45 años,Entre 1 y 1.5 SMLV,SIGMA,RHO,TAU,XI,EMP_000002,BOGOTA D.C.,NO,NO,NO,NO,NO
491303,M,20 a 35 años,Entre 1 y 1.5 SMLV,SIGMA,LAMBDA,TAU,UPSILON,EMP_000001,BOGOTA D.C.,NO,NO,NO,NO,NO
491353,F,46 a 55 años,Entre 1 y 1.5 SMLV,SIGMA,RHO,TAU,ETA,EMP_000001,,NO,NO,NO,NO,NO
491403,M,Menor de 19 años,Entre 1 y 1.5 SMLV,SIGMA,LAMBDA,TAU,ETA,EMP_000001,,NO,NO,NO,NO,NO
491453,M,20 a 35 años,Entre 1 y 1.5 SMLV,SIGMA,RHO,TAU,XI,EMP_000001,,NO,NO,NO,NO,NO
491503,M,36 a 45 años,Entre 1 y 1.5 SMLV,SIGMA,CHI,PI,UPSILON,EMP_000001,MOSQUERA,NO,NO,NO,NO,NO
491553,M,20 a 35 años,Entre 1 y 1.5 SMLV,SIGMA,LAMBDA,ETA,XI,EMP_000002,,NO,NO,NO,NO,NO
491603,F,46 a 55 años,Entre 1 y 1.5 SMLV,SIGMA,LAMBDA,PI,DELTA,EMP_000001,BOGOTA D.C.,NO,NO,NO,NO,NO
491653,M,Mayor de 55 años,Entre 1 y 1.5 SMLV,SIGMA,IOTA,PI,ETA,EMP_000001,,NO,NO,NO,NO,NO
491703,M,46 a 55 años,Entre 2.5 y 3 SMLV,PI,RHO,PI,XI,EMP_000002,BOGOTA D.C.,NO,NO,NO,NO,NO
491753,M,20 a 35 años,Entre 1 y 1.5 SMLV,SIGMA,EPSILON,PI,DELTA,EMP_000001,BOGOTA D.C.,NO,NO,NO,NO,NO
491803,M,Mayor de 55 años,Entre 1.5 y 2 SMLV,PI,LAMBDA,PI,DELTA,EMP_000001,BOGOTA D.C.,NO,NO,NO,NO,NO
491853,M,20 a 35 años,Entre 1 y 1.5 SMLV,SIGMA,LAMBDA,TAU,ETA,EMP_000001,,NO,NO,NO,NO,NO
491903,M,20 a 35 años,Entre 1 y 1.5 SMLV,SIGMA,LAMBDA,ETA,UPSILON,EMP_000002,,NO,NO,NO,NO,NO
491953,M,20 a 35 años,Entre 1 y 1.5 SMLV,SIGMA,LAMBDA,TAU,ETA,EMP_000001,,NO,NO,NO,NO,NO
492003,M,Menor de 19 años,Entre 1 y 1.5 SMLV,SIGMA,LAMBDA,TAU,ETA,EMP_000001,,NO,NO,NO,NO,NO
492053,F,20 a 35 años,Menor al SMLV,SIGMA,LAMBDA,TAU,XI,EMP_000001,,NO,NO,NO,NO,NO
492103,M,20 a 35 años,Entre 1 y 1.5 SMLV,SIGMA,LAMBDA,TAU,ETA,EMP_000001,,NO,NO,NO,NO,NO
492153,F,36 a 45 años,Entre 2 y 2.5 SMLV,SIGMA,LAMBDA,ETA,UPSILON,EMP_000001,,NO,NO,NO,NO,NO
492203,F,20 a 35 años,Entre 2 y 2.5 SMLV,PI,LAMBDA,ETA,UPSILON,EMP_000001,,NO,NO,NO,NO,NO
492253,F,20 a 35 años,Entre 1.5 y 2 SMLV,PI,LAMBDA,ETA,ETA,EMP_000001,BOGOTA D.C.,NO,NO,NO,NO,NO
492303,F,20 a 35 años,Entre 3 y 4 SMLV,PI,LAMBDA,ETA,XI,EMP_000002,,NO,NO,NO,NO,NO
492353,F,46 a 55 años,Menor al SMLV,SIGMA,LAMBDA,TAU,ETA,EMP_000001,,NO,NO,NO,NO,NO
492403,F,46 a 55 años,Entre 1.5 y 2 SMLV,SIGMA,RHO,PI,XI,EMP_000001,BOGOTA D.C.,NO,NO,NO,NO,NO
492453,M,20 a 35 años,Entre 1 y 1.5 SMLV,SIGMA,LAMBDA,ETA,UPSILON,EMP_000001,,NO,NO,NO,NO,NO
492503,M,20 a 35 años,Entre 1 y 1.5 SMLV,SIGMA,LAMBDA,TAU,ETA,EMP_000001,,NO,NO,NO,NO,NO
492553,F,20 a 35 años,Menor al SMLV,SIGMA,LAMBDA,TAU,OMEGA,EMP_000001,,NO,NO,NO,NO,NO
492603,M,46 a 55 años,Entre 1 y 1.5 SMLV,SIGMA,LAMBDA,TAU,ETA,EMP_000001,,NO,NO,NO,NO,NO
492653,F,20 a 35 años,Entre 3 y 4 SMLV,ZETA,LAMBDA,ETA,DELTA,EMP_000001,,NO,NO,NO,NO,NO
492703,M,36 a 45 años,Entre 1 y 1.5 SMLV,SIGMA,LAMBDA,PI,ETA,EMP_000001,,NO,NO,NO,NO,NO
492753,F,20 a 35 años,Entre 1 y 1.5 SMLV,SIGMA,LAMBDA,ETA,UPSILON,EMP_000001,,NO,NO,NO,NO,NO
492803,F,20 a 35 años,Entre 1 y 1.5 SMLV,SIGMA,LAMBDA,TAU,UPSILON,EMP_000001,,NO,NO,NO,NO,NO
492853,F,20 a 35 años,Entre 1.5 y 2 SMLV,SIGMA,EPSILON,PI,UPSILON,EMP_000001,,NO,NO,NO,NO,NO
492903,M,36 a 45 años,Entre 2 y 2.5 SMLV,PI,LAMBDA,PI,DELTA,EMP_000001,BOGOTA D.C.,NO,NO,NO,NO,NO
492953,F,Menor de 19 años,Entre 1 y 1.5 SMLV,SIGMA,LAMBDA,TAU,UPSILON,EMP_000001,,NO,NO,NO,NO,NO
493003,M,Menor de 19 años,Entre 1 y 1.5 SMLV,SIGMA,LAMBDA,TAU,DELTA,EMP_000001,,NO,NO,NO,NO,NO
493053,M,20 a 35 años,Entre 2 y 2.5 SMLV,PI,LAMBDA,ETA,ETA,EMP_000001,,NO,NO,NO,NO,NO
493103,F,20 a 35 años,Entre 1 y 1.5 SMLV,SIGMA,LAMBDA,TAU,UPSILON,EMP_000001,,NO,NO,NO,NO,NO
493153,F,46 a 55 años,Entre 3 y 4 SMLV,PI,LAMBDA,PI,PSI,EMP_000001,,NO,NO,NO,NO,NO
493203,M,Mayor de 55 años,Entre 2 y 2.5 SMLV,PI,IOTA,PI,UPSILON,EMP_000001,BOGOTA D.C.,NO,NO,NO,NO,NO
493253,F,36 a 45 años,Entre 1 y 1.5 SMLV,SIGMA,EPSILON,TAU,ETA,EMP_000001,,NO,NO,NO,NO,NO
493303,F,36 a 45 años,Menor al SMLV,SIGMA,RHO,TAU,OMICRON,EMP_000001,BOGOTA D.C.,NO,NO,NO,NO,NO
493353,M,20 a 35 años,Entre 1 y 1.5 SMLV,SIGMA,RHO,TAU,UPSILON,EMP_000001,MOSQUERA,NO,NO,NO,NO,NO
493403,M,Mayor de 55 años,Entre 1 y 1.5 SMLV,SIGMA,EPSILON,PI,ETA,EMP_000001,,NO,NO,NO,NO,NO
493453,F,36 a 45 años,Entre 1 y 1.5 SMLV,SIGMA,LAMBDA,TAU,ETA,EMP_000001,,NO,NO,NO,NO,NO
493503,F,20 a 35 años,Entre 1.5 y 2 SMLV,SIGMA,LAMBDA,ETA,ETA,EMP_000001,,NO,NO,NO,NO,NO
493553,F,20 a 35 años,Entre 2.5 y 3 SMLV,PI,LAMBDA,ETA,UPSILON,EMP_000002,,NO,NO,NO,NO,NO
493603,F,36 a 45 años,Entre 1 y 1.5 SMLV,SIGMA,LAMBDA,TAU,ETA,EMP_000001,,NO,NO,NO,NO,NO
493653,M,46 a 55 años,Menor al SMLV,SIGMA,LAMBDA,PI,ETA,EMP_000001,,NO,NO,NO,NO,NO
493703,M,36 a 45 años,Entre 6 y 8 SMLV,ZETA,CHI,PI,XI,EMP_000002,,NO,NO,NO,NO,NO
493753,M,20 a 35 años,Entre 1 y 1.5 SMLV,SIGMA,IOTA,PI,UPSILON,EMP_000001,BOGOTA D.C.,NO,NO,NO,NO,NO
493803,M,20 a 35 años,Entre 10 y 20 SMLV,ZETA,LAMBDA,ETA,XI,EMP_000002,,NO,NO,NO,NO,NO
493853,M,46 a 55 años,Entre 1 y 1.5 SMLV,SIGMA,EPSILON,PI,XI,EMP_000002,,NO,NO,NO,NO,NO
493903,F,Mayor de 55 años,,MU,THETA,OMEGA,OMICRON,EMP_000001,,NO,NO,NO,NO,NO
493953,F,20 a 35 años,Entre 1 y 1.5 SMLV,SIGMA,CHI,TAU,ETA,EMP_000001,,NO,NO,NO,NO,NO
494003,M,20 a 35 años,Entre 1 y 1.5 SMLV,SIGMA,LAMBDA,TAU,ETA,EMP_000001,,NO,NO,NO,NO,NO
494053,F,20 a 35 años,Entre 1 y 1.5 SMLV,SIGMA,RHO,TAU,UPSILON,EMP_000001,,NO,NO,NO,NO,NO
494103,F,46 a 55 años,Entre 1 y 1.5 SMLV,SIGMA,CHI,PI,ETA,EMP_000001,,NO,NO,NO,NO,NO
494153,M,20 a 35 años,Menor al SMLV,SIGMA,LAMBDA,TAU,ETA,EMP_000001,,NO,NO,NO,NO,NO
494203,F,36 a 45 años,Entre 2 y 2.5 SMLV,PI,CHI,PI,UPSILON,EMP_000001,BOGOTA D.C.,NO,NO,NO,NO,NO
494253,M,46 a 55 años,Entre 1 y 1.5 SMLV,SIGMA,RHO,TAU,ETA,EMP_000001,BOGOTA D.C.,NO,NO,NO,NO,NO
494303,M,20 a 35 años,Menor al SMLV,SIGMA,LAMBDA,ETA,ETA,EMP_000001,,NO,NO,NO,NO,NO
494353,M,20 a 35 años,Entre 1 y 1.5 SMLV,SIGMA,CHI,TAU,UPSILON,EMP_000001,,NO,NO,NO,NO,NO
494403,F,46 a 55 años,Entre 1 y 1.5 SMLV,SIGMA,IOTA,TAU,UPSILON,EMP_000001,ZIPAQUIRA,NO,NO,NO,NO,NO
494453,F,20 a 35 años,Entre 2.5 y 3 SMLV,PI,LAMBDA,ETA,DELTA,EMP_000001,BOGOTA D.C.,NO,NO,NO,NO,NO
494503,F,20 a 35 años,Entre 1 y 1.5 SMLV,SIGMA,RHO,TAU,ETA,EMP_000001,,NO,NO,NO,NO,NO
494553,M,Mayor de 55 años,,MU,THETA,OMEGA,OMICRON,EMP_000001,,NO,NO,NO,NO,NO
494603,M,36 a 45 años,Entre 1 y 1.5 SMLV,SIGMA,LAMBDA,ETA,ETA,EMP_000001,BOGOTA D.C.,NO,NO,NO,NO,NO
494653,F,20 a 35 años,Entre 3 y 4 SMLV,PI,EPSILON,PI,XI,EMP_000002,BOGOTA D.C.,NO,NO,NO,NO,NO
494703,F,46 a 55 años,Entre 1 y 1.5 SMLV,SIGMA,EPSILON,TAU,UPSILON,EMP_000001,,NO,NO,NO,NO,NO
494753,F,20 a 35 años,Entre 10 y 20 SMLV,ZETA,LAMBDA,ETA,XI,EMP_000002,,NO,NO,NO,NO,NO
494803,M,46 a 55 años,Entre 1 y 1.5 SMLV,SIGMA,RHO,TAU,UPSILON,EMP_000001,BOGOTA D.C.,NO,NO,NO,NO,NO
494853,F,36 a 45 años,Entre 1 y 1.5 SMLV,SIGMA,THETA,TAU,OMICRON,EMP_000001,,NO,NO,NO,NO,NO
494903,M,20 a 35 años,Entre 3 y 4 SMLV,PI,RHO,PI,XI,EMP_000002,BOGOTA D.C.,NO,NO,NO,NO,NO
494953,M,20 a 35 años,Entre 1 y 1.5 SMLV,SIGMA,LAMBDA,TAU,UPSILON,EMP_000001,,NO,NO,NO,NO,NO
495003,M,46 a 55 años,Entre 1 y 1.5 SMLV,SIGMA,RHO,TAU,DELTA,EMP_000001,,NO,NO,NO,NO,NO
495053,M,36 a 45 años,Entre 2.5 y 3 SMLV,PI,LAMBDA,PI,XI,EMP_000002,COGUA,NO,NO,NO,NO,NO
495103,M,36 a 45 años,Entre 1 y 1.5 SMLV,SIGMA,RHO,TAU,XI,EMP_000002,,NO,NO,NO,NO,NO
495153,M,20 a 35 años,Entre 1 y 1.5 SMLV,SIGMA,LAMBDA,TAU,ETA,EMP_000001,,NO,NO,NO,NO,NO
495203,M,20 a 35 años,Entre 1 y 1.5 SMLV,SIGMA,LAMBDA,ETA,BETA,EMP_000001,,NO,NO,NO,NO,NO
495253,F,20 a 35 años,Entre 1 y 1.5 SMLV,SIGMA,LAMBDA,ETA,UPSILON,EMP_000001,,NO,NO,NO,NO,NO
495303,F,20 a 35 años,Entre 1 y 1.5 SMLV,SIGMA,LAMBDA,TAU,XI,EMP_000001,BOGOTA D.C.,NO,NO,NO,NO,NO
495353,F,20 a 35 años,Entre 1 y 1.5 SMLV,SIGMA,RHO,TAU,DELTA,EMP_000001,,NO,NO,NO,NO,NO
495403,F,20 a 35 años,Entre 1 y 1.5 SMLV,SIGMA,RHO,TAU,DELTA,EMP_000001,BOGOTA D.C.,NO,NO,NO,NO,NO
495453,M,Mayor de 55 años,Entre 10 y 20 SMLV,ZETA,LAMBDA,PI,ETA,EMP_000001,CAJICA,NO,NO,NO,NO,NO
495503,M,36 a 45 años,Entre 1 y 1.5 SMLV,SIGMA,RHO,TAU,XI,EMP_000002,BOGOTA D.C.,NO,NO,NO,NO,NO
495553,M,46 a 55 años,Entre 1 y 1.5 SMLV,SIGMA,LAMBDA,TAU,ETA,EMP_000001,,NO,NO,NO,NO,NO
495603,F,Mayor de 55 años,Menor al SMLV,SIGMA,LAMBDA,TAU,KAPPA,EMP_000001,ARBELAEZ,NO,NO,NO,NO,NO
495653,F,20 a 35 años,Entre 4 y 6 SMLV,ZETA,LAMBDA,ETA,UPSILON,EMP_000001,,NO,NO,NO,NO,NO
495703,F,36 a 45 años,Entre 1 y 1.5 SMLV,SIGMA,LAMBDA,TAU,ETA,EMP_000001,,NO,NO,NO,NO,NO
495753,M,20 a 35 años,Entre 1 y 1.5 SMLV,SIGMA,LAMBDA,TAU,ETA,EMP_000001,,NO,NO,NO,NO,NO
495803,M,46 a 55 años,Entre 1 y 1.5 SMLV,SIGMA,CHI,TAU,UPSILON,EMP_000001,BOGOTA D.C.,NO,NO,NO,NO,NO
495853,M,20 a 35 años,Entre 1 y 1.5 SMLV,SIGMA,LAMBDA,ETA,BETA,EMP_000001,,NO,NO,NO,NO,NO
495903,M,20 a 35 años,Entre 1 y 1.5 SMLV,SIGMA,LAMBDA,TAU,ETA,EMP_000001,,NO,NO,NO,NO,NO
495953,M,20 a 35 años,Entre 1 y 1.5 SMLV,SIGMA,LAMBDA,ETA,BETA,EMP_000001,,NO,NO,NO,NO,NO
496003,M,36 a 45 años,Entre 1 y 1.5 SMLV,SIGMA,RHO,TAU,XI,EMP_000002,,NO,NO,NO,NO,NO
496053,M,20 a 35 años,Entre 1.5 y 2 SMLV,SIGMA,LAMBDA,ETA,XI,EMP_000002,,NO,NO,NO,NO,NO
496103,F,36 a 45 años,Entre 1.5 y 2 SMLV,SIGMA,LAMBDA,ETA,XI,EMP_000001,,NO,NO,NO,NO,NO
496153,M,20 a 35 años,Entre 1 y 1.5 SMLV,SIGMA,LAMBDA,ETA,DELTA,EMP_000001,,NO,NO,NO,NO,NO
496203,M,20 a 35 años,Entre 1 y 1.5 SMLV,SIGMA,RHO,TAU,UPSILON,EMP_000001,,NO,NO,NO,NO,NO
496253,F,20 a 35 años,Entre 1 y 1.5 SMLV,SIGMA,LAMBDA,TAU,DELTA,EMP_000001,,NO,NO,NO,NO,NO
496303,F,46 a 55 años,Entre 1 y 1.5 SMLV,SIGMA,RHO,TAU,ETA,EMP_000001,ZIPAQUIRA,NO,NO,NO,NO,NO
496353,F,46 a 55 años,Entre 1 y 1.5 SMLV,SIGMA,RHO,TAU,UPSILON,EMP_000001,,NO,NO,NO,NO,NO
496403,F,20 a 35 años,Entre 1 y 1.5 SMLV,SIGMA,LAMBDA,TAU,ETA,EMP_000001,,NO,NO,NO,NO,NO
496453,M,Mayor de 55 años,Entre 1 y 1.5 SMLV,SIGMA,LAMBDA,PI,ETA,EMP_000001,,NO,NO,NO,NO,NO
496503,F,36 a 45 años,Menor al SMLV,SIGMA,EPSILON,TAU,ETA,EMP_000001,BOGOTA D.C.,NO,NO,NO,NO,NO
496553,M,20 a 35 años,Entre 1 y 1.5 SMLV,SIGMA,LAMBDA,ETA,BETA,EMP_000001,,NO,NO,NO,NO,NO
496603,M,Mayor de 55 años,Entre 1 y 1.5 SMLV,SIGMA,LAMBDA,TAU,ETA,EMP_000001,,NO,NO,NO,NO,NO
496653,F,20 a 35 años,Entre 1 y 1.5 SMLV,SIGMA,RHO,TAU,ETA,EMP_000001,,NO,NO,NO,NO,NO
496703,F,46 a 55 años,Entre 10 y 20 SMLV,ZETA,LAMBDA,PI,XI,EMP_000002,,NO,NO,NO,NO,NO
496753,F,20 a 35 años,,MU,THETA,OMEGA,OMICRON,EMP_000001,,NO,NO,NO,NO,NO
496803,F,20 a 35 años,Entre 1 y 1.5 SMLV,PI,LAMBDA,TAU,LAMBDA,EMP_000001,FUSAGASUGA,NO,NO,NO,NO,NO
496853,F,36 a 45 años,Menor al SMLV,SIGMA,LAMBDA,TAU,ETA,EMP_000001,,NO,NO,NO,NO,NO
496903,M,36 a 45 años,,MU,THETA,OMEGA,OMICRON,EMP_000001,,NO,NO,NO,NO,NO
496953,M,46 a 55 años,Entre 1 y 1.5 SMLV,SIGMA,EPSILON,TAU,ETA,EMP_000001,SOACHA,NO,NO,NO,NO,NO
497003,F,20 a 35 años,Entre 1 y 1.5 SMLV,SIGMA,LAMBDA,TAU,ETA,EMP_000001,,NO,NO,NO,NO,NO
497053,M,36 a 45 años,Entre 1 y 1.5 SMLV,SIGMA,LAMBDA,ETA,BETA,EMP_000001,,NO,NO,NO,NO,NO
497103,M,46 a 55 años,Entre 1 y 1.5 SMLV,SIGMA,LAMBDA,TAU,ETA,EMP_000001,ZIPAQUIRA,NO,NO,NO,NO,NO
497153,M,20 a 35 años,Entre 4 y 6 SMLV,ZETA,LAMBDA,ETA,ETA,EMP_000001,,NO,NO,NO,NO,NO
497203,F,46 a 55 años,Entre 1 y 1.5 SMLV,SIGMA,LAMBDA,TAU,ETA,EMP_000001,,NO,NO,NO,NO,NO
497253,M,36 a 45 años,Entre 1 y 1.5 SMLV,SIGMA,EPSILON,TAU,XI,EMP_000002,BOGOTA D.C.,NO,NO,NO,NO,NO
497303,M,Mayor de 55 años,Entre 1 y 1.5 SMLV,SIGMA,IOTA,TAU,ETA,EMP_000001,,NO,NO,NO,NO,NO
497353,M,20 a 35 años,Entre 1 y 1.5 SMLV,SIGMA,LAMBDA,ETA,XI,EMP_000002,,NO,NO,NO,NO,NO
497403,F,20 a 35 años,Entre 1.5 y 2 SMLV,SIGMA,RHO,PI,ETA,EMP_000001,,NO,NO,NO,NO,NO
497453,F,20 a 35 años,Entre 1 y 1.5 SMLV,SIGMA,RHO,TAU,DELTA,EMP_000001,BOGOTA D.C.,NO,NO,NO,NO,NO
497503,M,20 a 35 años,Entre 1 y 1.5 SMLV,SIGMA,LAMBDA,ETA,BETA,EMP_000001,,NO,NO,NO,NO,NO
497553,M,Menor de 19 años,Entre 1.5 y 2 SMLV,SIGMA,LAMBDA,ETA,XI,EMP_000002,,NO,NO,NO,NO,NO
497603,F,Mayor de 55 años,Entre 4 y 6 SMLV,SIGMA,LAMBDA,PI,KAPPA,EMP_000001,BOGOTA D.C.,NO,NO,NO,NO,NO
497653,F,20 a 35 años,Entre 1.5 y 2 SMLV,SIGMA,LAMBDA,ETA,XI,EMP_000002,SOACHA,NO,NO,NO,NO,NO
497703,F,Mayor de 55 años,Menor al SMLV,SIGMA,LAMBDA,TAU,ETA,EMP_000001,,NO,NO,NO,NO,NO
497753,M,36 a 45 años,Entre 4 y 6 SMLV,ZETA,LAMBDA,ETA,DELTA,EMP_000001,BOGOTA D.C.,NO,NO,NO,NO,NO
497803,M,Mayor de 55 años,Entre 1 y 1.5 SMLV,SIGMA,RHO,PI,UPSILON,EMP_000001,BOGOTA D.C.,NO,NO,NO,NO,NO
497853,M,20 a 35 años,Entre 1 y 1.5 SMLV,SIGMA,LAMBDA,ETA,BETA,EMP_000001,,NO,NO,NO,NO,NO
497903,F,46 a 55 años,Entre 3 y 4 SMLV,PI,LAMBDA,PI,UPSILON,EMP_000001,BOGOTA D.C.,NO,NO,NO,NO,NO
497953,M,Mayor de 55 años,Entre 6 y 8 SMLV,ZETA,EPSILON,PI,UPSILON,EMP_000001,BOGOTA D.C.,NO,NO,NO,NO,NO
498003,F,36 a 45 años,Entre 6 y 8 SMLV,ZETA,LAMBDA,PI,XI,EMP_000002,,NO,NO,NO,NO,NO
498053,M,20 a 35 años,Entre 1 y 1.5 SMLV,SIGMA,LAMBDA,ETA,BETA,EMP_000001,,NO,NO,NO,NO,NO
498103,F,Mayor de 55 años,Entre 1 y 1.5 SMLV,SIGMA,LAMBDA,TAU,KAPPA,EMP_000001,,NO,NO,NO,NO,NO
498153,M,20 a 35 años,Entre 1 y 1.5 SMLV,SIGMA,RHO,PI,DELTA,EMP_000001,BOGOTA D.C.,NO,NO,NO,NO,NO
498203,F,46 a 55 años,Entre 4 y 6 SMLV,ZETA,LAMBDA,PI,UPSILON,EMP_000001,,NO,NO,NO,NO,NO
498253,M,20 a 35 años,Entre 1 y 1.5 SMLV,SIGMA,LAMBDA,ETA,UPSILON,EMP_000001,,NO,NO,NO,NO,NO
498303,M,20 a 35 años,Entre 1 y 1.5 SMLV,SIGMA,LAMBDA,TAU,XI,EMP_000001,,NO,NO,NO,NO,NO
498353,F,20 a 35 años,Entre 1.5 y 2 SMLV,SIGMA,RHO,PI,ETA,EMP_000001,,NO,NO,NO,NO,NO
498403,F,46 a 55 años,Entre 1 y 1.5 SMLV,PI,IOTA,TAU,LAMBDA,EMP_000001,BOGOTA D.C.,NO,NO,NO,NO,NO
498453,F,36 a 45 años,Entre 6 y 8 SMLV,ZETA,LAMBDA,PI,XI,EMP_000002,BOGOTA D.C.,NO,NO,NO,NO,NO
498503,F,46 a 55 años,Entre 1 y 1.5 SMLV,SIGMA,RHO,TAU,UPSILON,EMP_000001,BOGOTA D.C.,NO,NO,NO,NO,NO
498553,M,20 a 35 años,Entre 2.5 y 3 SMLV,PI,CHI,PI,XI,EMP_000001,,NO,NO,NO,NO,NO
498603,F,36 a 45 años,Entre 1 y 1.5 SMLV,SIGMA,RHO,TAU,XI,EMP_000001,BOGOTA D.C.,NO,NO,NO,NO,NO
498653,M,20 a 35 años,Entre 1 y 1.5 SMLV,SIGMA,LAMBDA,TAU,UPSILON,EMP_000001,,NO,NO,NO,NO,NO
498703,M,36 a 45 años,Entre 2.5 y 3 SMLV,PI,EPSILON,PI,UPSILON,EMP_000001,,NO,NO,NO,NO,NO
498753,F,20 a 35 años,Entre 1 y 1.5 SMLV,SIGMA,THETA,TAU,OMICRON,EMP_000001,,NO,NO,NO,NO,NO
498803,M,Mayor de 55 años,Entre 1 y 1.5 SMLV,SIGMA,IOTA,TAU,DELTA,EMP_000001,,NO,NO,NO,NO,NO
498853,M,20 a 35 años,Entre 4 y 6 SMLV,ZETA,LAMBDA,ETA,XI,EMP_000002,,NO,NO,NO,NO,NO
498903,F,46 a 55 años,Entre 10 y 20 SMLV,ZETA,CHI,PI,XI,EMP_000002,BOGOTA D.C.,NO,NO,NO,NO,NO
498953,M,36 a 45 años,Menor al SMLV,SIGMA,RHO,TAU,ETA,EMP_000001,,NO,NO,NO,NO,NO
499003,M,Mayor de 55 años,Menor al SMLV,SIGMA,LAMBDA,TAU,KAPPA,EMP_000001,BOGOTA D.C.,NO,NO,NO,NO,NO
499053,M,20 a 35 años,Entre 1 y 1.5 SMLV,SIGMA,CHI,PI,XI,EMP_000002,MOSQUERA,NO,NO,NO,NO,NO
499103,M,20 a 35 años,Entre 1.5 y 2 SMLV,SIGMA,RHO,PI,XI,EMP_000002,BOGOTA D.C.,NO,NO,NO,NO,NO
499153,M,36 a 45 años,Entre 1 y 1.5 SMLV,SIGMA,LAMBDA,ETA,ETA,EMP_000001,BOGOTA D.C.,NO,NO,NO,NO,NO
499203,M,36 a 45 años,Entre 1.5 y 2 SMLV,SIGMA,LAMBDA,PI,UPSILON,EMP_000001,BOGOTA D.C.,NO,NO,NO,NO,NO
499253,M,46 a 55 años,Entre 1 y 1.5 SMLV,SIGMA,LAMBDA,TAU,DELTA,EMP_000001,,NO,NO,NO,NO,NO
499303,F,20 a 35 años,Entre 1 y 1.5 SMLV,SIGMA,RHO,TAU,DELTA,EMP_000001,BOGOTA D.C.,NO,NO,NO,NO,NO
499353,F,36 a 45 años,Entre 1 y 1.5 SMLV,SIGMA,IOTA,TAU,OMEGA,EMP_000001,BOGOTA D.C.,NO,NO,NO,NO,NO
499403,M,20 a 35 años,Entre 1 y 1.5 SMLV,SIGMA,LAMBDA,TAU,XI,EMP_000001,,NO,NO,NO,NO,NO
499453,F,46 a 55 años,Entre 4 y 6 SMLV,ZETA,EPSILON,PI,UPSILON,EMP_000001,BOGOTA D.C.,NO,NO,NO,NO,NO
499503,F,36 a 45 años,Entre 1.5 y 2 SMLV,SIGMA,RHO,PI,XI,EMP_000002,,NO,NO,NO,NO,NO
499553,F,46 a 55 años,Entre 1 y 1.5 SMLV,SIGMA,LAMBDA,TAU,ETA,EMP_000001,,NO,NO,NO,NO,NO
499603,M,20 a 35 años,Entre 1 y 1.5 SMLV,SIGMA,LAMBDA,TAU,UPSILON,EMP_000001,,NO,NO,NO,NO,NO
499653,F,Mayor de 55 años,Entre 10 y 20 SMLV,ZETA,IOTA,PI,ETA,EMP_000001,BOGOTA D.C.,NO,NO,NO,NO,NO
499703,M,Mayor de 55 años,Entre 1 y 1.5 SMLV,SIGMA,LAMBDA,TAU,DELTA,EMP_000001,BOGOTA D.C.,NO,NO,NO,NO,NO
499753,F,36 a 45 años,,MU,THETA,OMEGA,OMICRON,EMP_000001,,NO,NO,NO,NO,NO
499803,M,46 a 55 años,Entre 2 y 2.5 SMLV,SIGMA,THETA,PI,OMICRON,EMP_000001,,NO,NO,NO,NO,NO
499853,M,20 a 35 años,Menor al SMLV,SIGMA,EPSILON,PI,ETA,EMP_000001,,NO,NO,NO,NO,NO
499903,M,20 a 35 años,Entre 1 y 1.5 SMLV,SIGMA,LAMBDA,ETA,ETA,EMP_000001,,NO,NO,NO,NO,NO
499953,F,20 a 35 años,Entre 1 y 1.5 SMLV,SIGMA,LAMBDA,TAU,ETA,EMP_000001,,NO,NO,NO,NO,NO
